layer_idx,layer_name,filter_idx,sample_idx,iterations,learning_rate,tv_reg,l2_reg,activation_mode,final_activation,final_target_loss,final_suppression_loss,final_tv_loss,final_l2_loss,loss_reduction,grad_variation,loss_slope_lastk,loss_std_lastk,grad_mean_lastk,converged
8,wave_feature_stage1.0.wave_feature_conv1,21,15,1000,0.002,15.0,10.0,post_relu_mean,619.5162963867188,-619.5162963867188,29.592998504638672,2.6036620140075684,3.300140857696533,375.89279556274414,0.21726490523966202,-0.331873423102057,19.160663149418532,1.900091109275818,False
8,wave_feature_stage1.0.wave_feature_conv1,21,15,1000,0.002,15.0,10.0,post_relu_mean,571.2882690429688,-571.2882690429688,25.253141403198242,2.549069404602051,3.0136120319366455,353.0595893859863,0.27464156895322545,-0.3006273643626979,17.35671788396,1.7810737210512162,False
8,wave_feature_stage1.0.wave_feature_conv1,21,15,1000,0.002,15.0,10.0,post_relu_mean,525.9127807617188,-525.9127807617188,21.656288146972656,2.489438056945801,2.766019344329834,334.7578430175781,0.3337840030700379,-0.27380413962100764,15.808363653635356,1.6871558195352554,False
8,wave_feature_stage1.0.wave_feature_conv1,21,15,1000,0.002,15.0,20.0,post_relu_mean,586.608642578125,-586.608642578125,27.5762939453125,2.4754836559295654,2.847407341003418,346.16082763671875,0.2789511357670849,-0.2776369647926807,16.029915914366782,1.719820449948311,False
8,wave_feature_stage1.0.wave_feature_conv1,21,15,1000,0.002,15.0,20.0,post_relu_mean,544.2784423828125,-544.2784423828125,23.64961814880371,2.419215679168701,2.617255926132202,329.69956970214844,0.331509695003472,-0.2563741548830469,14.8020825559844,1.628381918668747,False
8,wave_feature_stage1.0.wave_feature_conv1,21,15,1000,0.002,15.0,20.0,post_relu_mean,496.6258239746094,-496.6258239746094,20.139270782470703,2.3388051986694336,2.368382453918457,312.7588806152344,0.39011986808213206,-0.2320416845031111,13.397217153356003,1.5403286284208297,False
8,wave_feature_stage1.0.wave_feature_conv1,21,15,1000,0.002,15.0,25.0,post_relu_mean,573.6673583984375,-573.6673583984375,26.825332641601562,2.405355453491211,2.6522552967071533,335.7113571166992,0.3047476538248407,-0.25839320901006535,14.919103449986483,1.6552761030197143,False
8,wave_feature_stage1.0.wave_feature_conv1,21,15,1000,0.002,15.0,25.0,post_relu_mean,527.9472045898438,-527.9472045898438,22.69584083557129,2.349259853363037,2.4340310096740723,319.0836868286133,0.3596218452842891,-0.2352708236040862,13.583937798138242,1.5553790777921677,False
8,wave_feature_stage1.0.wave_feature_conv1,21,15,1000,0.002,15.0,25.0,post_relu_mean,484.8096008300781,-484.8096008300781,19.419292449951172,2.270052909851074,2.202476739883423,306.30089569091797,0.4129014051193618,-0.21614665178564887,12.479756380895306,1.490625536441803,False
8,wave_feature_stage1.0.wave_feature_conv1,21,15,1000,0.002,25.0,10.0,post_relu_mean,606.2613525390625,-606.2613525390625,29.297521591186523,2.3729419708251953,3.14668869972229,350.5850524902344,0.23581080617842035,-0.30415445359659987,17.56035290177509,1.7970195412635803,False
8,wave_feature_stage1.0.wave_feature_conv1,21,15,1000,0.002,25.0,10.0,post_relu_mean,557.5474243164062,-557.5474243164062,24.991395950317383,2.310379981994629,2.863213062286377,328.00621032714844,0.29696168437501724,-0.2731100967992034,15.76810730238793,1.6757564181089402,False
8,wave_feature_stage1.0.wave_feature_conv1,21,15,1000,0.002,25.0,10.0,post_relu_mean,512.7333984375,-512.7333984375,21.408567428588867,2.242206573486328,2.6009182929992676,311.3582763671875,0.35454767348701616,-0.24978533253919724,14.42147021529509,1.5901920974254609,False
8,wave_feature_stage1.0.wave_feature_conv1,21,15,1000,0.002,25.0,20.0,post_relu_mean,579.3885498046875,-579.3885498046875,27.72470474243164,2.24267315864563,2.716005802154541,326.20824432373047,0.29301246862942426,-0.25911097292584284,14.960274217952506,1.6372859609127044,False
8,wave_feature_stage1.0.wave_feature_conv1,21,15,1000,0.002,25.0,20.0,post_relu_mean,527.4569091796875,-527.4569091796875,23.136249542236328,2.1803200244903564,2.4545044898986816,306.63321685791016,0.3492160048655638,-0.232584184878212,13.429030337634417,1.535396260023117,False
8,wave_feature_stage1.0.wave_feature_conv1,21,15,1000,0.002,25.0,20.0,post_relu_mean,484.3647766113281,-484.3647766113281,19.886999130249023,2.1119275093078613,2.2115492820739746,292.8017807006836,0.40860780721463014,-0.21042437176957257,12.149043624362507,1.4546588057279586,False
8,wave_feature_stage1.0.wave_feature_conv1,21,15,1000,0.002,25.0,25.0,post_relu_mean,562.455810546875,-562.455810546875,26.667787551879883,2.184752941131592,2.5191640853881836,315.00438690185547,0.3222673033832365,-0.23484208419068509,13.560294567773282,1.5636590749025345,False
8,wave_feature_stage1.0.wave_feature_conv1,21,15,1000,0.002,25.0,25.0,post_relu_mean,514.193603515625,-514.193603515625,22.47700309753418,2.110896110534668,2.2720112800598145,298.21068572998047,0.3765322661614346,-0.21398422495276123,12.355349954306234,1.4704663950204848,False
8,wave_feature_stage1.0.wave_feature_conv1,21,15,1000,0.002,25.0,25.0,post_relu_mean,470.15252685546875,-470.15252685546875,19.026033401489258,2.0424082279205322,2.045212745666504,286.7182846069336,0.4321915098026968,-0.19593270734630913,11.313020717479647,1.4055037373304367,False
8,wave_feature_stage1.0.wave_feature_conv1,21,15,1000,0.002,35.0,10.0,post_relu_mean,594.3496704101562,-594.3496704101562,29.202070236206055,2.1493358612060547,3.013277530670166,329.38537216186523,0.25136746501909063,-0.2819129555196582,16.27623456120264,1.7118093544244766,False
8,wave_feature_stage1.0.wave_feature_conv1,21,15,1000,0.002,35.0,10.0,post_relu_mean,542.2294311523438,-542.2294311523438,24.564573287963867,2.0841851234436035,2.71563458442688,307.0045280456543,0.31366981047227493,-0.2496105771174553,14.41119732565472,1.5865413337945937,False
8,wave_feature_stage1.0.wave_feature_conv1,21,15,1000,0.002,35.0,10.0,post_relu_mean,499.2027587890625,-499.2027587890625,21.125654220581055,2.013824462890625,2.438844919204712,292.17887115478516,0.3713088906072744,-0.233105189747511,13.458305631919167,1.5101201730966567,False
8,wave_feature_stage1.0.wave_feature_conv1,21,15,1000,0.002,35.0,20.0,post_relu_mean,561.26611328125,-561.26611328125,27.137222290039062,2.027395725250244,2.5744097232818604,304.7510299682617,0.31259716521126946,-0.23325735843057332,13.46763169730674,1.5429182928800582,False
8,wave_feature_stage1.0.wave_feature_conv1,21,15,1000,0.002,35.0,20.0,post_relu_mean,512.0980224609375,-512.0980224609375,22.845829010009766,1.9698190689086914,2.304918050765991,286.7667007446289,0.37085277461996596,-0.21086404062109607,12.174656035827923,1.446369936466217,False
8,wave_feature_stage1.0.wave_feature_conv1,21,15,1000,0.002,35.0,20.0,post_relu_mean,468.4004821777344,-468.4004821777344,19.457420349121094,1.894675612449646,2.0573878288269043,274.8844223022461,0.42336167763317795,-0.1913688291159,11.04911280446422,1.376161071062088,False
8,wave_feature_stage1.0.wave_feature_conv1,21,15,1000,0.002,35.0,25.0,post_relu_mean,548.5397338867188,-548.5397338867188,26.396535873413086,1.9717628955841064,2.3899292945861816,296.43797302246094,0.33922914042132274,-0.21468246768959137,12.395636592112893,1.480214986205101,False
8,wave_feature_stage1.0.wave_feature_conv1,21,15,1000,0.002,35.0,25.0,post_relu_mean,496.5535888671875,-496.5535888671875,21.98178482055664,1.9079065322875977,2.124765157699585,278.8221893310547,0.3943295219359188,-0.1939651293101175,11.199673222832963,1.388990877866745,False
8,wave_feature_stage1.0.wave_feature_conv1,21,15,1000,0.002,35.0,25.0,post_relu_mean,454.9945068359375,-454.9945068359375,18.738412857055664,1.8365671634674072,1.897822618484497,269.22691345214844,0.44671114367453496,-0.17802344696221165,10.278844698763162,1.329059287905693,False
8,wave_feature_stage1.0.wave_feature_conv1,15,15,1000,0.002,15.0,10.0,post_relu_mean,313.2576904296875,-313.2576904296875,14.487719535827637,2.5513367652893066,2.1090269088745117,209.45763778686523,0.1656849006953354,-0.19576049856187197,11.302104847389588,1.193057753443718,False
8,wave_feature_stage1.0.wave_feature_conv1,15,15,1000,0.002,15.0,10.0,post_relu_mean,282.9855651855469,-282.9855651855469,12.1666259765625,2.402815341949463,1.8423619270324707,205.30870056152344,0.21894474260384145,-0.17889103330908157,10.328176610966935,1.166963472366333,False
8,wave_feature_stage1.0.wave_feature_conv1,15,15,1000,0.002,15.0,10.0,post_relu_mean,257.67413330078125,-257.67413330078125,10.435525894165039,2.2686312198638916,1.6247446537017822,204.74718475341797,0.2768969624569697,-0.168837910915882,9.747776228247204,1.1530473124980927,False
8,wave_feature_stage1.0.wave_feature_conv1,15,15,1000,0.002,15.0,20.0,post_relu_mean,289.6839599609375,-289.6839599609375,12.772103309631348,2.325706958770752,1.7109218835830688,199.2323226928711,0.20484608565298917,-0.16974943986865662,9.800403226963022,1.1094224917888642,False
8,wave_feature_stage1.0.wave_feature_conv1,15,15,1000,0.002,15.0,20.0,post_relu_mean,263.16119384765625,-263.16119384765625,10.867914199829102,2.192230224609375,1.5070850849151611,198.39754486083984,0.2590345381665197,-0.15945471979695,9.206088499221776,1.099402220249176,False
8,wave_feature_stage1.0.wave_feature_conv1,15,15,1000,0.002,15.0,20.0,post_relu_mean,238.80813598632812,-238.80813598632812,9.360771179199219,2.0682268142700195,1.3334519863128662,199.2212677001953,0.31625063022505107,-0.14513879576153524,8.379896680037884,1.085751838684082,False
8,wave_feature_stage1.0.wave_feature_conv1,15,15,1000,0.002,15.0,25.0,post_relu_mean,279.114501953125,-279.114501953125,12.069612503051758,2.214374542236328,1.5530163049697876,196.18470764160156,0.22274241677856862,-0.15922482372590932,9.193139362960405,1.0816296738386155,False
8,wave_feature_stage1.0.wave_feature_conv1,15,15,1000,0.002,15.0,25.0,post_relu_mean,253.79808044433594,-253.79808044433594,10.30820369720459,2.0995912551879883,1.3734323978424072,196.2490005493164,0.27741758079078355,-0.14854771783952192,8.576618172267715,1.070018241405487,False
8,wave_feature_stage1.0.wave_feature_conv1,15,15,1000,0.002,15.0,25.0,post_relu_mean,230.41796875,-230.41796875,8.82830810546875,1.97477388381958,1.217039942741394,198.80951690673828,0.3326524854510294,-0.14101826859693556,8.141865882948144,1.0738137567043304,False
8,wave_feature_stage1.0.wave_feature_conv1,15,15,1000,0.002,25.0,10.0,post_relu_mean,288.97540283203125,-288.97540283203125,13.756373405456543,2.1576757431030273,1.8097214698791504,182.22891998291016,0.19317066324815477,-0.16277813681906686,9.398087617136046,1.0836149168014526,False
8,wave_feature_stage1.0.wave_feature_conv1,15,15,1000,0.002,25.0,10.0,post_relu_mean,260.9678039550781,-260.9678039550781,11.607483863830566,2.0252327919006348,1.5712943077087402,180.49910736083984,0.24685346119397036,-0.14792207507748117,8.540201347010536,1.0609975737333297,False
8,wave_feature_stage1.0.wave_feature_conv1,15,15,1000,0.002,25.0,10.0,post_relu_mean,236.75076293945312,-236.75076293945312,9.862730026245117,1.9092975854873657,1.3698911666870117,182.4374771118164,0.3000290482409549,-0.14015479034112543,8.091751014502801,1.0622086656093597,False
8,wave_feature_stage1.0.wave_feature_conv1,15,15,1000,0.002,25.0,20.0,post_relu_mean,266.6065673828125,-266.6065673828125,12.205729484558105,1.9605779647827148,1.4507501125335693,175.80706787109375,0.22874648796299482,-0.1422029094256867,8.210029565917917,1.0200112330913544,False
8,wave_feature_stage1.0.wave_feature_conv1,15,15,1000,0.002,25.0,20.0,post_relu_mean,241.61793518066406,-241.61793518066406,10.269160270690918,1.8536953926086426,1.2704188823699951,177.53165435791016,0.28089586470660943,-0.13212942251733173,7.628452505749524,1.01175299346447,False
8,wave_feature_stage1.0.wave_feature_conv1,15,15,1000,0.002,25.0,20.0,post_relu_mean,218.961669921875,-218.961669921875,8.801496505737305,1.7469546794891357,1.1133449077606201,180.77289581298828,0.334888261724659,-0.12685395025843968,7.323993726909304,1.023705616593361,False
8,wave_feature_stage1.0.wave_feature_conv1,15,15,1000,0.002,25.0,25.0,post_relu_mean,257.5947570800781,-257.5947570800781,11.517635345458984,1.8783471584320068,1.3184956312179565,175.26171875,0.24519588425141914,-0.13471444380790307,7.777659759983557,0.998751163482666,False
8,wave_feature_stage1.0.wave_feature_conv1,15,15,1000,0.002,25.0,25.0,post_relu_mean,232.31289672851562,-232.31289672851562,9.711909294128418,1.771552562713623,1.1524314880371094,176.87716674804688,0.2979115764316286,-0.12641511870335362,7.298625399025417,0.9982659563422203,False
8,wave_feature_stage1.0.wave_feature_conv1,15,15,1000,0.002,25.0,25.0,post_relu_mean,210.3125457763672,-210.3125457763672,8.307991981506348,1.6703040599822998,1.012916922569275,180.9669647216797,0.35057869886578286,-0.11927500735736167,6.886457596819182,1.007223613858223,False
8,wave_feature_stage1.0.wave_feature_conv1,15,15,1000,0.002,35.0,10.0,post_relu_mean,261.67333984375,-261.67333984375,13.05800724029541,1.779600977897644,1.520221471786499,158.97921752929688,0.21885700660690768,-0.13451643692367946,7.766500671664464,0.98951823502779,False
8,wave_feature_stage1.0.wave_feature_conv1,15,15,1000,0.002,35.0,10.0,post_relu_mean,234.35179138183594,-234.35179138183594,10.926752090454102,1.6666933298110962,1.3016873598098755,158.93450927734375,0.2733745815359286,-0.12256984666346392,7.076860094056502,0.9719279208779334,False
8,wave_feature_stage1.0.wave_feature_conv1,15,15,1000,0.002,35.0,10.0,post_relu_mean,209.74261474609375,-209.74261474609375,9.247096061706543,1.5586930513381958,1.1161547899246216,161.29852676391602,0.32740916887968935,-0.11329254700292984,6.541176651876265,0.9705769822001458,False
8,wave_feature_stage1.0.wave_feature_conv1,15,15,1000,0.002,35.0,20.0,post_relu_mean,242.25283813476562,-242.25283813476562,11.560748100280762,1.6294941902160645,1.2219504117965698,157.1393051147461,0.2501015830348861,-0.12096852537089488,6.984086357252821,0.9474099519848823,False
8,wave_feature_stage1.0.wave_feature_conv1,15,15,1000,0.002,35.0,20.0,post_relu_mean,216.07786560058594,-216.07786560058594,9.6367769241333,1.5310661792755127,1.043083906173706,158.9653549194336,0.30413585658683134,-0.11302093904123724,6.525260459329265,0.9410415875911713,False
8,wave_feature_stage1.0.wave_feature_conv1,15,15,1000,0.002,35.0,20.0,post_relu_mean,193.6490478515625,-193.6490478515625,8.235419273376465,1.4313923120498657,0.9035441875457764,162.9390640258789,0.3549238625615889,-0.10465676504879158,6.042351498093718,0.9548163682222366,False
8,wave_feature_stage1.0.wave_feature_conv1,15,15,1000,0.002,35.0,25.0,post_relu_mean,232.51559448242188,-232.51559448242188,10.8964204788208,1.560016393661499,1.1006686687469482,156.94778442382812,0.26761904972877804,-0.11298308760819605,6.523028791188339,0.9218243473768234,False
8,wave_feature_stage1.0.wave_feature_conv1,15,15,1000,0.002,35.0,25.0,post_relu_mean,207.10935974121094,-207.10935974121094,9.086734771728516,1.459460735321045,0.9448840022087097,159.68435668945312,0.32043090968428706,-0.10775544413978085,6.22140255298863,0.9282806673645974,False
8,wave_feature_stage1.0.wave_feature_conv1,15,15,1000,0.002,35.0,25.0,post_relu_mean,186.5162811279297,-186.5162811279297,7.823208332061768,1.3663681745529175,0.8269184827804565,164.73136520385742,0.3701589368191085,-0.09962693925899171,5.7522705857699075,0.9444661092758179,False
8,wave_feature_stage1.0.wave_feature_conv1,24,15,1000,0.002,15.0,10.0,post_relu_mean,308.9112854003906,-308.9112854003906,18.779264450073242,2.31204891204834,2.0285587310791016,187.3253631591797,0.2612376470434548,-0.14022594459629253,8.096187404231813,1.0057305893301964,False
8,wave_feature_stage1.0.wave_feature_conv1,24,15,1000,0.002,15.0,10.0,post_relu_mean,275.2923278808594,-275.2923278808594,15.887310981750488,2.1516411304473877,1.7322759628295898,180.78629302978516,0.31325342193166134,-0.12336451248424155,7.122408132820686,0.9748415404558182,False
8,wave_feature_stage1.0.wave_feature_conv1,24,15,1000,0.002,15.0,10.0,post_relu_mean,244.04205322265625,-244.04205322265625,13.519425392150879,1.9889898300170898,1.470703363418579,177.36973571777344,0.3684193064128153,-0.11126851534115655,6.424128495266831,0.9566551539301872,False
8,wave_feature_stage1.0.wave_feature_conv1,24,15,1000,0.002,15.0,20.0,post_relu_mean,282.0194396972656,-282.0194396972656,16.731441497802734,2.1012988090515137,1.6145647764205933,177.00665283203125,0.3035832247927738,-0.1137053739873465,6.565263267970279,0.9224944898486137,False
8,wave_feature_stage1.0.wave_feature_conv1,24,15,1000,0.002,15.0,20.0,post_relu_mean,249.3817596435547,-249.3817596435547,14.1337251663208,1.9391365051269531,1.3688347339630127,173.120849609375,0.3550680483626895,-0.1018111418733573,5.878539110363771,0.9028099003434181,False
8,wave_feature_stage1.0.wave_feature_conv1,24,15,1000,0.002,15.0,20.0,post_relu_mean,221.33856201171875,-221.33856201171875,12.072216033935547,1.7933804988861084,1.1671301126480103,173.07251358032227,0.40637772424250873,-0.09210557139233656,5.318402603760732,0.9003801476955414,False
8,wave_feature_stage1.0.wave_feature_conv1,24,15,1000,0.002,15.0,25.0,post_relu_mean,269.2991027832031,-269.2991027832031,15.772123336791992,2.0100884437561035,1.4494471549987793,173.96622467041016,0.32397003701030946,-0.10430563240963957,6.023379912200061,0.8906017458438873,False
8,wave_feature_stage1.0.wave_feature_conv1,24,15,1000,0.002,15.0,25.0,post_relu_mean,237.77870178222656,-237.77870178222656,13.398770332336426,1.8422060012817383,1.2257230281829834,171.1264190673828,0.37511129168664137,-0.09260139224427875,5.347797587607754,0.8742644819617271,False
8,wave_feature_stage1.0.wave_feature_conv1,24,15,1000,0.002,15.0,25.0,post_relu_mean,211.11004638671875,-211.11004638671875,11.411869049072266,1.709105372428894,1.045956015586853,172.78636169433594,0.4208461211035833,-0.08668965275500601,5.00653928627715,0.891614351272583,False
8,wave_feature_stage1.0.wave_feature_conv1,24,15,1000,0.002,25.0,10.0,post_relu_mean,284.2388000488281,-284.2388000488281,17.68826675415039,1.9502406120300293,1.7444499731063843,163.66860961914062,0.28389418404436745,-0.11383692809559617,6.572661292362956,0.912994875907898,False
8,wave_feature_stage1.0.wave_feature_conv1,24,15,1000,0.002,25.0,10.0,post_relu_mean,251.128662109375,-251.128662109375,14.85876750946045,1.786729097366333,1.4618558883666992,159.77448272705078,0.3347266936675126,-0.09937297258839857,5.737686130052761,0.8885468369722367,False
8,wave_feature_stage1.0.wave_feature_conv1,24,15,1000,0.002,25.0,10.0,post_relu_mean,219.25222778320312,-219.25222778320312,12.511651992797852,1.6344553232192993,1.2161198854446411,157.78210830688477,0.3892277075809315,-0.086818767313856,5.01283284202975,0.8727798777818679,False
8,wave_feature_stage1.0.wave_feature_conv1,24,15,1000,0.002,25.0,20.0,post_relu_mean,256.5937194824219,-256.5937194824219,15.619685173034668,1.7579715251922607,1.3610199689865112,156.61724853515625,0.322958275418164,-0.09405165430039072,5.4307211005543685,0.8401045897603034,False
8,wave_feature_stage1.0.wave_feature_conv1,24,15,1000,0.002,25.0,20.0,post_relu_mean,225.45175170898438,-225.45175170898438,13.09912109375,1.6043888330459595,1.1314611434936523,155.80541610717773,0.37051416626103123,-0.08311259735572063,4.798857952743093,0.8375297495722771,False
8,wave_feature_stage1.0.wave_feature_conv1,24,15,1000,0.002,25.0,20.0,post_relu_mean,196.59645080566406,-196.59645080566406,11.062020301818848,1.458214521408081,0.9455857276916504,156.91133880615234,0.419682179262379,-0.07376486585493036,4.259688421409049,0.8476303711533546,False
8,wave_feature_stage1.0.wave_feature_conv1,24,15,1000,0.002,25.0,25.0,post_relu_mean,245.010498046875,-245.010498046875,14.840324401855469,1.6644549369812012,1.215830683708191,155.19351959228516,0.3414608436003879,-0.08644012220853768,4.991495703314736,0.819323962032795,False
8,wave_feature_stage1.0.wave_feature_conv1,24,15,1000,0.002,25.0,25.0,post_relu_mean,214.4840545654297,-214.4840545654297,12.401583671569824,1.517870545387268,1.013606071472168,155.41145706176758,0.38756843695837256,-0.07722838761505538,4.459914234313846,0.8225176087021828,False
8,wave_feature_stage1.0.wave_feature_conv1,24,15,1000,0.002,25.0,25.0,post_relu_mean,188.2989044189453,-188.2989044189453,10.52086067199707,1.387422800064087,0.846815288066864,158.5367660522461,0.43264024759676206,-0.07078002674620927,4.088099294780407,0.8470653533935547,False
8,wave_feature_stage1.0.wave_feature_conv1,24,15,1000,0.002,35.0,10.0,post_relu_mean,259.1055908203125,-259.1055908203125,16.64690589904785,1.6188735961914062,1.4865620136260986,145.11217498779297,0.30036131249942916,-0.09069822334147068,5.236813477748067,0.8368933492898941,False
8,wave_feature_stage1.0.wave_feature_conv1,24,15,1000,0.002,35.0,10.0,post_relu_mean,223.02294921875,-223.02294921875,13.692434310913086,1.4548816680908203,1.2032147645950317,141.94617080688477,0.35230737919173677,-0.08038867406545395,4.641627990907723,0.8220228061079979,False
8,wave_feature_stage1.0.wave_feature_conv1,24,15,1000,0.002,35.0,10.0,post_relu_mean,190.63607788085938,-190.63607788085938,11.40496826171875,1.2990471124649048,0.9731907844543457,141.56307983398438,0.40350714399115933,-0.06688977272201353,3.862704431931963,0.8186110061407089,False
8,wave_feature_stage1.0.wave_feature_conv1,24,15,1000,0.002,35.0,20.0,post_relu_mean,231.7546844482422,-231.7546844482422,14.625153541564941,1.446335792541504,1.1403398513793945,141.09401321411133,0.3361455099149195,-0.07596970284002126,4.386644929221196,0.7861693987250328,False
8,wave_feature_stage1.0.wave_feature_conv1,24,15,1000,0.002,35.0,20.0,post_relu_mean,199.00596618652344,-199.00596618652344,12.028597831726074,1.2922427654266357,0.9243316054344177,141.56058502197266,0.3830201857550011,-0.06798321487110894,3.9257586433798557,0.7952081018686294,False
8,wave_feature_stage1.0.wave_feature_conv1,24,15,1000,0.002,35.0,20.0,post_relu_mean,170.5224609375,-170.5224609375,10.040998458862305,1.1558022499084473,0.7512075304985046,144.52933883666992,0.4265526382741354,-0.06129775417456345,3.5407037954658884,0.8185958728194237,False
8,wave_feature_stage1.0.wave_feature_conv1,24,15,1000,0.002,35.0,25.0,post_relu_mean,219.448486328125,-219.448486328125,13.786766052246094,1.3629380464553833,1.006784439086914,140.7540512084961,0.3539270730990687,-0.0723317687119653,4.177213306399908,0.7717208424210549,False
8,wave_feature_stage1.0.wave_feature_conv1,24,15,1000,0.002,35.0,25.0,post_relu_mean,188.36180114746094,-188.36180114746094,11.307137489318848,1.2291396856307983,0.8188608288764954,142.4532241821289,0.39759994897054723,-0.06272745163775273,3.6231087281318315,0.7824814882874489,False
8,wave_feature_stage1.0.wave_feature_conv1,24,15,1000,0.002,35.0,25.0,post_relu_mean,161.76382446289062,-161.76382446289062,9.49267292022705,1.0958467721939087,0.6656786203384399,146.72766304016113,0.44017714942215236,-0.058079691103462665,3.3558118319011268,0.8171546947956085,False
10,wave_feature_stage1.0.wave_feature_conv2,5,15,1000,0.002,15.0,10.0,post_relu_mean,229.7819061279297,-229.7819061279297,16.378671646118164,1.7051066160202026,1.9778531789779663,86.15326309204102,0.1209028994954337,-0.06333293378625815,3.656663173449142,0.5065583401918411,False
10,wave_feature_stage1.0.wave_feature_conv2,5,15,1000,0.002,15.0,10.0,post_relu_mean,190.61170959472656,-190.61170959472656,12.987785339355469,1.5124229192733765,1.589220404624939,74.1195182800293,0.16594992139141307,-0.045555555795251695,2.630199551576662,0.42565308392047885,False
10,wave_feature_stage1.0.wave_feature_conv2,5,15,1000,0.002,15.0,10.0,post_relu_mean,152.956787109375,-152.956787109375,9.9920072555542,1.3104500770568848,1.2316515445709229,66.6555347442627,0.20691728156039643,-0.03152317921183503,1.8203802999826992,0.37255821138620376,False
10,wave_feature_stage1.0.wave_feature_conv2,5,15,1000,0.002,15.0,20.0,post_relu_mean,200.0132598876953,-200.0132598876953,14.10704517364502,1.437032699584961,1.327247977256775,80.62351036071777,0.15558528529835716,-0.04636340831750012,2.677384737154958,0.4397313849627972,False
10,wave_feature_stage1.0.wave_feature_conv2,5,15,1000,0.002,15.0,20.0,post_relu_mean,161.81520080566406,-161.81520080566406,10.909205436706543,1.2435500621795654,1.0294854640960693,72.37005233764648,0.1970946750605684,-0.03482206597382189,2.0114348943614417,0.38019920498132703,False
10,wave_feature_stage1.0.wave_feature_conv2,5,15,1000,0.002,15.0,20.0,post_relu_mean,125.27437591552734,-125.27437591552734,8.096193313598633,1.052262306213379,0.7667847871780396,67.9719066619873,0.23310768023843617,-0.02396502482437778,1.3845417575454055,0.3487937231361866,False
10,wave_feature_stage1.0.wave_feature_conv2,5,15,1000,0.002,15.0,25.0,post_relu_mean,186.66937255859375,-186.66937255859375,13.143654823303223,1.3241668939590454,1.114682912826538,79.93563079833984,0.17344332835334922,-0.04071441480155504,2.352890266507791,0.4154689481854439,False
10,wave_feature_stage1.0.wave_feature_conv2,5,15,1000,0.002,15.0,25.0,post_relu_mean,147.3508758544922,-147.3508758544922,9.923013687133789,1.125145435333252,0.8434273600578308,72.61676216125488,0.21222049125169926,-0.03128741209052611,1.8068611638206444,0.37235045835375785,False
10,wave_feature_stage1.0.wave_feature_conv2,5,15,1000,0.002,15.0,25.0,post_relu_mean,111.10497283935547,-111.10497283935547,7.177791595458984,0.9427627325057983,0.6164131164550781,69.1773796081543,0.24819174179142137,-0.021013559844840234,1.2136583364183309,0.34629125267267225,False
10,wave_feature_stage1.0.wave_feature_conv2,5,15,1000,0.002,25.0,10.0,post_relu_mean,207.75250244140625,-207.75250244140625,15.168925285339355,1.2941877841949463,1.631075382232666,73.89471244812012,0.12903031067528412,-0.04917612030743426,2.8391780467728034,0.46674906864762306,False
10,wave_feature_stage1.0.wave_feature_conv2,5,15,1000,0.002,25.0,10.0,post_relu_mean,166.9086456298828,-166.9086456298828,11.74804973602295,1.0899409055709839,1.2555363178253174,63.72194290161133,0.17329091299611243,-0.03279221134819523,1.8936528925642087,0.3903281445801258,False
10,wave_feature_stage1.0.wave_feature_conv2,5,15,1000,0.002,25.0,10.0,post_relu_mean,130.49038696289062,-130.49038696289062,8.830784797668457,0.9164824485778809,0.9258784055709839,59.05549621582031,0.210299548473097,-0.02372773597918706,1.3706513002613616,0.35717159062623977,False
10,wave_feature_stage1.0.wave_feature_conv2,5,15,1000,0.002,25.0,20.0,post_relu_mean,178.99925231933594,-178.99925231933594,12.934063911437988,1.0943948030471802,1.075578212738037,71.66232299804688,0.16198746450508458,-0.03724004130205031,2.1508893147982002,0.4152310311794281,False
10,wave_feature_stage1.0.wave_feature_conv2,5,15,1000,0.002,25.0,20.0,post_relu_mean,138.06263732910156,-138.06263732910156,9.592869758605957,0.8911786079406738,0.7913321852684021,64.89796447753906,0.2009155690463473,-0.025515791338596785,1.47342168567464,0.3665349495410919,False
10,wave_feature_stage1.0.wave_feature_conv2,5,15,1000,0.002,25.0,20.0,post_relu_mean,102.4634780883789,-102.4634780883789,6.903945446014404,0.7112655639648438,0.55720454454422,62.698076248168945,0.23490671520290674,-0.01878823510652578,1.085709366842821,0.3539041192829609,False
10,wave_feature_stage1.0.wave_feature_conv2,5,15,1000,0.002,25.0,25.0,post_relu_mean,168.0406036376953,-168.0406036376953,12.113377571105957,1.0097343921661377,0.9045232534408569,73.00487899780273,0.17731710005175996,-0.03391945909668783,1.9591353172267192,0.4052719411253929,False
10,wave_feature_stage1.0.wave_feature_conv2,5,15,1000,0.002,25.0,25.0,post_relu_mean,125.13432312011719,-125.13432312011719,8.678872108459473,0.8080757856369019,0.6453262567520142,66.59410095214844,0.21532142185047765,-0.02402055692147003,1.3869725755545295,0.3652008855342865,False
10,wave_feature_stage1.0.wave_feature_conv2,5,15,1000,0.002,25.0,25.0,post_relu_mean,93.9300308227539,-93.9300308227539,6.311745643615723,0.6481886506080627,0.4598643183708191,66.26024723052979,0.24544492677815996,-0.017999780080971674,1.040219747871585,0.35892614364624026,False
10,wave_feature_stage1.0.wave_feature_conv2,5,15,1000,0.002,35.0,10.0,post_relu_mean,184.7456512451172,-184.7456512451172,13.808040618896484,0.9977250695228577,1.337337613105774,65.3986930847168,0.12920003719275877,-0.03941754857910678,2.2761005944366697,0.4672887347638607,False
10,wave_feature_stage1.0.wave_feature_conv2,5,15,1000,0.002,35.0,10.0,post_relu_mean,143.3223876953125,-143.3223876953125,10.344074249267578,0.8106689453125,0.9946130514144897,57.464765548706055,0.16802592203831673,-0.025365767911325776,1.4646613266797257,0.41508799403905866,False
10,wave_feature_stage1.0.wave_feature_conv2,5,15,1000,0.002,35.0,10.0,post_relu_mean,109.81570434570312,-109.81570434570312,7.702986717224121,0.6552797555923462,0.7110535502433777,55.26945781707764,0.20095003758892477,-0.019197426036481946,1.1088720908987473,0.39827977016568183,False
10,wave_feature_stage1.0.wave_feature_conv2,5,15,1000,0.002,35.0,20.0,post_relu_mean,160.08580017089844,-160.08580017089844,11.826104164123535,0.8465385437011719,0.8832904100418091,66.69430732727051,0.15831073275569169,-0.032022675301284234,1.8492665409431301,0.43709680438041687,False
10,wave_feature_stage1.0.wave_feature_conv2,5,15,1000,0.002,35.0,20.0,post_relu_mean,118.23168182373047,-118.23168182373047,8.473511695861816,0.6589452624320984,0.6200722455978394,61.27639579772949,0.19367252433982682,-0.02078587862428342,1.200547833829034,0.4036886262893677,False
10,wave_feature_stage1.0.wave_feature_conv2,5,15,1000,0.002,35.0,20.0,post_relu_mean,87.11080169677734,-87.11080169677734,6.075289249420166,0.5146757960319519,0.43390363454818726,61.650254249572754,0.22258545883564934,-0.017596164249313446,1.0168343437530434,0.4059426222741604,False
10,wave_feature_stage1.0.wave_feature_conv2,5,15,1000,0.002,35.0,25.0,post_relu_mean,147.28309631347656,-147.28309631347656,10.870884895324707,0.7728222608566284,0.7276026606559753,68.17536163330078,0.17275973513251974,-0.030251757529423308,1.7468248249206768,0.4346297913789749,False
10,wave_feature_stage1.0.wave_feature_conv2,5,15,1000,0.002,35.0,25.0,post_relu_mean,107.45348358154297,-107.45348358154297,7.679584503173828,0.5974429845809937,0.5090197324752808,64.21955394744873,0.20603569210296904,-0.020648899379499337,1.1928723738239813,0.4103647728264332,False
10,wave_feature_stage1.0.wave_feature_conv2,5,15,1000,0.002,35.0,25.0,post_relu_mean,77.50877380371094,-77.50877380371094,5.4067702293396,0.4600489139556885,0.3536565899848938,65.354905128479,0.23346705958039254,-0.017714213551025114,1.0243626431642943,0.41713898077607153,False
10,wave_feature_stage1.0.wave_feature_conv2,8,15,1000,0.002,15.0,10.0,post_relu_mean,112.98036193847656,-112.98036193847656,5.7487568855285645,1.4330949783325195,1.2580283880233765,100.64742660522461,0.2514648565170651,-0.04970979866652122,2.8703947709007833,0.5311736413836479,False
10,wave_feature_stage1.0.wave_feature_conv2,8,15,1000,0.002,15.0,10.0,post_relu_mean,102.85383605957031,-102.85383605957031,4.979721546173096,1.3434762954711914,1.1155130863189697,104.5055103302002,0.2933932445184597,-0.046258855785512074,2.6711445898405377,0.5366375833749771,False
10,wave_feature_stage1.0.wave_feature_conv2,8,15,1000,0.002,15.0,10.0,post_relu_mean,93.97860717773438,-93.97860717773438,4.407305717468262,1.2602492570877075,0.9902639389038086,109.11484718322754,0.333952854355324,-0.04356746023686374,2.5162814261651194,0.5502191132307053,False
10,wave_feature_stage1.0.wave_feature_conv2,8,15,1000,0.002,15.0,20.0,post_relu_mean,95.21987915039062,-95.21987915039062,4.7668352127075195,1.2027398347854614,0.8442854881286621,99.99312019348145,0.28145825238083017,-0.03887066199739633,2.2454729145498464,0.5126353925466538,False
10,wave_feature_stage1.0.wave_feature_conv2,8,15,1000,0.002,15.0,20.0,post_relu_mean,86.63347625732422,-86.63347625732422,4.159134864807129,1.1281530857086182,0.7498400807380676,105.32084083557129,0.3214983492146495,-0.03808982844185706,2.1998373372725286,0.5294418103992939,False
10,wave_feature_stage1.0.wave_feature_conv2,8,15,1000,0.002,15.0,20.0,post_relu_mean,78.94852447509766,-78.94852447509766,3.6897196769714355,1.0560898780822754,0.6702093482017517,111.18670272827148,0.3591996437512644,-0.03624521403840913,2.0936802737346927,0.5482488149404525,False
10,wave_feature_stage1.0.wave_feature_conv2,8,15,1000,0.002,15.0,25.0,post_relu_mean,86.27837371826172,-86.27837371826172,4.358774662017822,1.0906813144683838,0.6955147981643677,100.62816619873047,0.29705430087824075,-0.035557551998034564,2.053501370063884,0.5123861350119114,False
10,wave_feature_stage1.0.wave_feature_conv2,8,15,1000,0.002,15.0,25.0,post_relu_mean,79.7736587524414,-79.7736587524414,3.8205742835998535,1.0362727642059326,0.6311993598937988,107.30594253540039,0.3330375351745268,-0.035613596081545955,2.0570478477689766,0.5363811086118221,False
10,wave_feature_stage1.0.wave_feature_conv2,8,15,1000,0.002,15.0,25.0,post_relu_mean,72.61615753173828,-72.61615753173828,3.3885321617126465,0.9725227355957031,0.564621090888977,113.64859867095947,0.37018667930971766,-0.03548237511341493,2.049479932183549,0.5625180697441101,False
10,wave_feature_stage1.0.wave_feature_conv2,8,15,1000,0.002,25.0,10.0,post_relu_mean,93.77576446533203,-93.77576446533203,5.129563331604004,1.0235404968261719,0.9628901481628418,89.24942016601562,0.2644162931396846,-0.035201518574417605,2.032914931118996,0.4921309001743793,False
10,wave_feature_stage1.0.wave_feature_conv2,8,15,1000,0.002,25.0,10.0,post_relu_mean,84.23143768310547,-84.23143768310547,4.394426345825195,0.9533682465553284,0.838581919670105,94.26566314697266,0.304860280063495,-0.03329170672880828,1.9229579560753312,0.5042340633273125,False
10,wave_feature_stage1.0.wave_feature_conv2,8,15,1000,0.002,25.0,10.0,post_relu_mean,76.9703369140625,-76.9703369140625,3.895935297012329,0.8946787118911743,0.7435142993927002,100.32611274719238,0.34387485136059814,-0.03188138631156762,1.8418219747105853,0.520740437656641,False
10,wave_feature_stage1.0.wave_feature_conv2,8,15,1000,0.002,25.0,20.0,post_relu_mean,76.93287658691406,-76.93287658691406,4.171910762786865,0.8414217233657837,0.6220479011535645,91.933837890625,0.29038697049339035,-0.029272124525004526,1.6915586561648006,0.49400036498904226,False
10,wave_feature_stage1.0.wave_feature_conv2,8,15,1000,0.002,25.0,20.0,post_relu_mean,70.05707550048828,-70.05707550048828,3.6624114513397217,0.7897171974182129,0.554142951965332,98.42447853088379,0.32764900234801553,-0.028819537997147437,1.6658835953515778,0.5137872652709484,False
10,wave_feature_stage1.0.wave_feature_conv2,8,15,1000,0.002,25.0,20.0,post_relu_mean,64.0128402709961,-64.0128402709961,3.243513345718384,0.7444491386413574,0.4944522976875305,105.62507629394531,0.3643007371445495,-0.03039803350444746,1.756929951146522,0.5416411891579628,False
10,wave_feature_stage1.0.wave_feature_conv2,8,15,1000,0.002,25.0,25.0,post_relu_mean,69.83425903320312,-69.83425903320312,3.8050928115844727,0.765860915184021,0.5141944289207458,94.41946983337402,0.3028355692477941,-0.028529790011956494,1.6487971539232247,0.5037374749779702,False
10,wave_feature_stage1.0.wave_feature_conv2,8,15,1000,0.002,25.0,25.0,post_relu_mean,64.48651123046875,-64.48651123046875,3.374096393585205,0.726807713508606,0.464437872171402,101.74649047851562,0.33893389318221934,-0.028994266520309703,1.6757543401576562,0.5274244502186776,False
10,wave_feature_stage1.0.wave_feature_conv2,8,15,1000,0.002,25.0,25.0,post_relu_mean,58.23985290527344,-58.23985290527344,2.985887289047241,0.6784340143203735,0.41416600346565247,108.8974027633667,0.3742599296095359,-0.029809465210909675,1.7232015523306858,0.5590171438455581,False
10,wave_feature_stage1.0.wave_feature_conv2,8,15,1000,0.002,35.0,10.0,post_relu_mean,74.43953704833984,-74.43953704833984,4.411246299743652,0.7175048589706421,0.7316836714744568,82.34225845336914,0.2694553615217066,-0.026261234666476292,1.517626861965841,0.4950015187263489,False
10,wave_feature_stage1.0.wave_feature_conv2,8,15,1000,0.002,35.0,10.0,post_relu_mean,66.91400146484375,-66.91400146484375,3.851759195327759,0.6584236025810242,0.6368781328201294,88.7089204788208,0.30664137680437115,-0.02599980086153002,1.5026853174059003,0.5140580274164677,False
10,wave_feature_stage1.0.wave_feature_conv2,8,15,1000,0.002,35.0,10.0,post_relu_mean,59.91923904418945,-59.91923904418945,3.3600306510925293,0.6111271977424622,0.558463990688324,95.53912210464478,0.343394634954793,-0.025673100977123508,1.484649149835854,0.5365720239281654,False
10,wave_feature_stage1.0.wave_feature_conv2,8,15,1000,0.002,35.0,20.0,post_relu_mean,60.247108459472656,-60.247108459472656,3.593998670578003,0.5827741622924805,0.46077287197113037,87.77034378051758,0.28934728752136635,-0.024562076253740062,1.4202530231483468,0.5167310921847821,False
10,wave_feature_stage1.0.wave_feature_conv2,8,15,1000,0.002,35.0,20.0,post_relu_mean,54.07991027832031,-54.07991027832031,3.130967855453491,0.539564847946167,0.40573403239250183,95.13814067840576,0.3253790965711562,-0.025797772915733642,1.4916592541244535,0.5438375946879387,False
10,wave_feature_stage1.0.wave_feature_conv2,8,15,1000,0.002,35.0,20.0,post_relu_mean,48.90805435180664,-48.90805435180664,2.781386375427246,0.5034898519515991,0.3657929599285126,102.85464811325073,0.36105028125691174,-0.026764862750714394,1.5471083104926457,0.5742860189080239,False
10,wave_feature_stage1.0.wave_feature_conv2,8,15,1000,0.002,35.0,25.0,post_relu_mean,54.625736236572266,-54.625736236572266,3.2872631549835205,0.5309097766876221,0.3783697485923767,91.40899085998535,0.3000241529406275,-0.025396383889642552,1.4689133120585272,0.5341419267654419,False
10,wave_feature_stage1.0.wave_feature_conv2,8,15,1000,0.002,35.0,25.0,post_relu_mean,49.07551956176758,-49.07551956176758,2.8855326175689697,0.48986637592315674,0.3367663025856018,99.07360553741455,0.33467808085239403,-0.026651081077909294,1.5411656359605326,0.5646963888406753,False
10,wave_feature_stage1.0.wave_feature_conv2,8,15,1000,0.002,35.0,25.0,post_relu_mean,45.187625885009766,-45.187625885009766,2.577453374862671,0.4672341048717499,0.3084981441497803,107.38337898254395,0.3696942800828574,-0.028369548794102573,1.6404108001160134,0.5952654242515564,False
10,wave_feature_stage1.0.wave_feature_conv2,19,15,1000,0.002,15.0,10.0,post_relu_mean,36.12554168701172,-36.12554168701172,4.267482757568359,0.4750860333442688,0.29960665106773376,58.50177335739136,0.24774711116144427,-0.015221594951430505,0.8797386987235992,0.345403895676136,False
10,wave_feature_stage1.0.wave_feature_conv2,19,15,1000,0.002,15.0,10.0,post_relu_mean,25.749610900878906,-25.749610900878906,3.1012823581695557,0.3758876323699951,0.22854264080524445,66.20838356018066,0.27137382236950064,-0.01849394289826558,1.0687982965106517,0.39182635217905043,False
10,wave_feature_stage1.0.wave_feature_conv2,19,15,1000,0.002,15.0,10.0,post_relu_mean,20.609176635742188,-20.609176635742188,2.54187273979187,0.3298577666282654,0.19732221961021423,74.82581329345703,0.29822414281901616,-0.021913149906708645,1.2666913240158266,0.4426215723156929,False
10,wave_feature_stage1.0.wave_feature_conv2,19,15,1000,0.002,15.0,20.0,post_relu_mean,29.951677322387695,-29.951677322387695,3.531442880630493,0.38662147521972656,0.2013954371213913,68.85813474655151,0.26158423807455883,-0.018159560937279925,1.0505037071009735,0.3845959095656872,False
10,wave_feature_stage1.0.wave_feature_conv2,19,15,1000,0.002,15.0,20.0,post_relu_mean,22.505123138427734,-22.505123138427734,2.7098288536071777,0.31840044260025024,0.16628232598304749,77.0004358291626,0.28401322806881524,-0.021682007361592082,1.2536556085785442,0.43749219089746477,False
10,wave_feature_stage1.0.wave_feature_conv2,19,15,1000,0.002,15.0,20.0,post_relu_mean,18.03361701965332,-18.03361701965332,2.2418758869171143,0.2807562053203583,0.14901719987392426,85.76245021820068,0.3071727188196124,-0.02549552209001948,1.4738038410783019,0.49316695749759676,False
10,wave_feature_stage1.0.wave_feature_conv2,19,15,1000,0.002,15.0,25.0,post_relu_mean,27.193405151367188,-27.193405151367188,3.262881278991699,0.3524540662765503,0.17521460354328156,73.68125486373901,0.27345130439526466,-0.019456259158763985,1.1253491881671867,0.40908934265375135,False
10,wave_feature_stage1.0.wave_feature_conv2,19,15,1000,0.002,15.0,25.0,post_relu_mean,20.419506072998047,-20.419506072998047,2.5237808227539062,0.29250580072402954,0.14715181291103363,81.97987842559814,0.29363405723287755,-0.023182077399968914,1.3403334844650183,0.46547912538051606,False
10,wave_feature_stage1.0.wave_feature_conv2,19,15,1000,0.002,15.0,25.0,post_relu_mean,16.904756546020508,-16.904756546020508,2.136310338973999,0.26242029666900635,0.13481906056404114,91.00999164581299,0.3146144533045619,-0.027153019107202612,1.569837680822065,0.5204238203167916,False
10,wave_feature_stage1.0.wave_feature_conv2,19,15,1000,0.002,25.0,10.0,post_relu_mean,25.507274627685547,-25.507274627685547,3.320075273513794,0.2728363871574402,0.21955330669879913,60.23421573638916,0.2404123279234127,-0.016974849291075948,0.9813094670508822,0.39718214109539984,False
10,wave_feature_stage1.0.wave_feature_conv2,19,15,1000,0.002,25.0,10.0,post_relu_mean,19.177207946777344,-19.177207946777344,2.576568603515625,0.22820019721984863,0.17905426025390625,68.87482166290283,0.26209743788646844,-0.021406750511999723,1.237198314574355,0.4504574178159237,False
10,wave_feature_stage1.0.wave_feature_conv2,19,15,1000,0.002,25.0,10.0,post_relu_mean,16.136886596679688,-16.136886596679688,2.2143750190734863,0.2097512185573578,0.16128027439117432,77.97844696044922,0.2868945815243778,-0.025284851996635604,1.4611423645904407,0.501626327931881,False
10,wave_feature_stage1.0.wave_feature_conv2,19,15,1000,0.002,25.0,20.0,post_relu_mean,21.43811798095703,-21.43811798095703,2.811877965927124,0.23074665665626526,0.15582910180091858,70.93645095825195,0.2544445929013193,-0.02082558422178748,1.2040232872447576,0.44436293333768845,False
10,wave_feature_stage1.0.wave_feature_conv2,19,15,1000,0.002,25.0,20.0,post_relu_mean,17.380170822143555,-17.380170822143555,2.328613758087158,0.203199565410614,0.13808533549308777,79.79809951782227,0.2758238250160441,-0.024552312190182377,1.4194238062234772,0.4985219131410122,False
10,wave_feature_stage1.0.wave_feature_conv2,19,15,1000,0.002,25.0,20.0,post_relu_mean,14.329556465148926,-14.329556465148926,1.9882150888442993,0.1874266415834427,0.12668463587760925,88.92660331726074,0.2968720434584292,-0.029341549703474572,1.6961524649698072,0.5564664661884308,False
10,wave_feature_stage1.0.wave_feature_conv2,19,15,1000,0.002,25.0,25.0,post_relu_mean,20.108272552490234,-20.108272552490234,2.659540891647339,0.21692538261413574,0.13958610594272614,76.1868371963501,0.2639414719983409,-0.022145087921922515,1.2806278897701462,0.4657462012767792,False
10,wave_feature_stage1.0.wave_feature_conv2,19,15,1000,0.002,25.0,25.0,post_relu_mean,16.258901596069336,-16.258901596069336,2.2151002883911133,0.19248753786087036,0.12463866919279099,85.03988265991211,0.28336063507242165,-0.02627052209494057,1.5186550794443672,0.5234114469587803,False
10,wave_feature_stage1.0.wave_feature_conv2,19,15,1000,0.002,25.0,25.0,post_relu_mean,13.758140563964844,-13.758140563964844,1.9303786754608154,0.1796434223651886,0.11602652817964554,94.24473190307617,0.30474995676543454,-0.030584706893196464,1.7681658376722689,0.5782772397994995,False
10,wave_feature_stage1.0.wave_feature_conv2,19,15,1000,0.002,35.0,10.0,post_relu_mean,20.562419891357422,-20.562419891357422,2.8957066535949707,0.19494585692882538,0.1895683854818344,63.170531272888184,0.22368485149647055,-0.019570205759717824,1.1306470264443464,0.4800978420674801,False
10,wave_feature_stage1.0.wave_feature_conv2,19,15,1000,0.002,35.0,10.0,post_relu_mean,16.260360717773438,-16.260360717773438,2.367912530899048,0.16963106393814087,0.16193027794361115,72.17932605743408,0.24735055428301733,-0.024385681153774305,1.4092719275974714,0.527715260386467,False
10,wave_feature_stage1.0.wave_feature_conv2,19,15,1000,0.002,35.0,10.0,post_relu_mean,13.828608512878418,-13.828608512878418,2.068958044052124,0.157368004322052,0.14723458886146545,81.46822357177734,0.27225117588989034,-0.028648474909382503,1.6549381737985436,0.5768785634636879,False
10,wave_feature_stage1.0.wave_feature_conv2,19,15,1000,0.002,35.0,20.0,post_relu_mean,17.898622512817383,-17.898622512817383,2.531546115875244,0.170085608959198,0.13941194117069244,74.11623668670654,0.23995324433382093,-0.022900567851920985,1.3238812256201613,0.5235637965798378,False
10,wave_feature_stage1.0.wave_feature_conv2,19,15,1000,0.002,35.0,20.0,post_relu_mean,14.48355484008789,-14.48355484008789,2.1237692832946777,0.15107616782188416,0.12476430088281631,83.21192932128906,0.26253410954826273,-0.02771804899909371,1.6021641342132198,0.5730547380447387,False
10,wave_feature_stage1.0.wave_feature_conv2,19,15,1000,0.002,35.0,20.0,post_relu_mean,12.398482322692871,-12.398482322692871,1.8888440132141113,0.14059114456176758,0.1171327531337738,92.45882987976074,0.28675399915786726,-0.03223013069466408,1.8629224146848256,0.6283600404858589,False
10,wave_feature_stage1.0.wave_feature_conv2,19,15,1000,0.002,35.0,25.0,post_relu_mean,16.90542221069336,-16.90542221069336,2.411405324935913,0.1620924174785614,0.12521149218082428,79.44314002990723,0.24926625484651635,-0.024637651707417423,1.424375169245193,0.5462895035743713,False
10,wave_feature_stage1.0.wave_feature_conv2,19,15,1000,0.002,35.0,25.0,post_relu_mean,13.904643058776855,-13.904643058776855,2.054436206817627,0.14608323574066162,0.11478979140520096,88.52938079833984,0.2727593022906615,-0.028975386182893324,1.6751511867562323,0.59672871530056,False
10,wave_feature_stage1.0.wave_feature_conv2,19,15,1000,0.002,35.0,25.0,post_relu_mean,11.955842018127441,-11.955842018127441,1.838133454322815,0.13720327615737915,0.1082523837685585,97.7689094543457,0.29565702269671157,-0.03368697609769461,1.9472031864285149,0.651516438126564,False
14,wave_feature_stage1.1.wave_feature_conv1,18,15,1000,0.002,15.0,10.0,post_relu_mean,295.2915344238281,-295.2915344238281,15.730427742004395,2.0918068885803223,2.1615896224975586,155.4970817565918,0.17376555891120474,-0.13134594467461785,7.583564914258782,1.2822081905603409,False
14,wave_feature_stage1.1.wave_feature_conv1,18,15,1000,0.002,15.0,10.0,post_relu_mean,274.9396057128906,-274.9396057128906,13.635420799255371,2.028745174407959,1.9586564302444458,152.37859725952148,0.21128027954447656,-0.1237429907076412,7.144333158485164,1.2324362534284592,False
14,wave_feature_stage1.1.wave_feature_conv1,18,15,1000,0.002,15.0,10.0,post_relu_mean,254.28460693359375,-254.28460693359375,11.720282554626465,1.972822904586792,1.777266263961792,151.20574569702148,0.2492933631183778,-0.11629354026735496,6.7142802347154085,1.1862760776281356,False
14,wave_feature_stage1.1.wave_feature_conv1,18,15,1000,0.002,15.0,20.0,post_relu_mean,274.714111328125,-274.714111328125,14.160601615905762,1.9280588626861572,1.7191250324249268,146.68087768554688,0.19736716495316714,-0.11676614275395641,6.742046743916529,1.2326784831285478,False
14,wave_feature_stage1.1.wave_feature_conv1,18,15,1000,0.002,15.0,20.0,post_relu_mean,254.05526733398438,-254.05526733398438,12.175261497497559,1.8703327178955078,1.5535798072814941,145.1495132446289,0.23599714067145244,-0.10782764840231537,6.22550772358918,1.17534843146801,False
14,wave_feature_stage1.1.wave_feature_conv1,18,15,1000,0.002,15.0,20.0,post_relu_mean,236.53594970703125,-236.53594970703125,10.466523170471191,1.8190011978149414,1.4189090728759766,147.5255584716797,0.27593168489124464,-0.10386941569748959,5.9968663720886815,1.130164868235588,False
14,wave_feature_stage1.1.wave_feature_conv1,18,15,1000,0.002,15.0,25.0,post_relu_mean,264.0830078125,-264.0830078125,13.432125091552734,1.8502103090286255,1.5385514497756958,143.77694702148438,0.20913040949790018,-0.10918362735298243,6.303667122809068,1.20671824157238,False
14,wave_feature_stage1.1.wave_feature_conv1,18,15,1000,0.002,15.0,25.0,post_relu_mean,244.81011962890625,-244.81011962890625,11.53633975982666,1.7956384420394897,1.3947888612747192,143.87944793701172,0.2467151807964451,-0.10244689815518092,5.9147094383422925,1.1554457050561906,False
14,wave_feature_stage1.1.wave_feature_conv1,18,15,1000,0.002,15.0,25.0,post_relu_mean,226.21038818359375,-226.21038818359375,9.880426406860352,1.7362289428710938,1.268644094467163,145.91993713378906,0.2877795134184059,-0.09923053425018029,5.7290809143353725,1.1166788053512573,False
14,wave_feature_stage1.1.wave_feature_conv1,18,15,1000,0.002,25.0,10.0,post_relu_mean,273.0296630859375,-273.0296630859375,15.285932540893555,1.6849229335784912,1.933197259902954,132.49756622314453,0.19539110454750527,-0.09939078601438606,5.738434297927935,1.2027340817451477,False
14,wave_feature_stage1.1.wave_feature_conv1,18,15,1000,0.002,25.0,10.0,post_relu_mean,252.93490600585938,-252.93490600585938,13.087072372436523,1.6396141052246094,1.7321569919586182,131.07945251464844,0.2350873166625391,-0.09490345532525948,5.47919875222838,1.1400065129995347,False
14,wave_feature_stage1.1.wave_feature_conv1,18,15,1000,0.002,25.0,10.0,post_relu_mean,231.1482391357422,-231.1482391357422,11.205501556396484,1.5756094455718994,1.5432751178741455,129.85736846923828,0.2746021002562875,-0.08888633970362048,5.131834369194773,1.09420450091362,False
14,wave_feature_stage1.1.wave_feature_conv1,18,15,1000,0.002,25.0,20.0,post_relu_mean,250.6582794189453,-250.6582794189453,13.579855918884277,1.5460031032562256,1.4985475540161133,125.98554992675781,0.21704156409262962,-0.08963448911509654,5.17526130923066,1.1589071708917618,False
14,wave_feature_stage1.1.wave_feature_conv1,18,15,1000,0.002,25.0,20.0,post_relu_mean,230.60342407226562,-230.60342407226562,11.580606460571289,1.4854328632354736,1.3364839553833008,126.32894897460938,0.2565373665108405,-0.08478630564034516,4.895309730568383,1.1058169716596604,False
14,wave_feature_stage1.1.wave_feature_conv1,18,15,1000,0.002,25.0,20.0,post_relu_mean,208.48085021972656,-208.48085021972656,9.803369522094727,1.4227266311645508,1.1883517503738403,126.37976837158203,0.2993752417082465,-0.07643422096943109,4.413016505962192,1.0482701557874678,False
14,wave_feature_stage1.1.wave_feature_conv1,18,15,1000,0.002,25.0,25.0,post_relu_mean,241.00173950195312,-241.00173950195312,12.850126266479492,1.4785916805267334,1.332597255706787,125.31983947753906,0.2287625518475767,-0.08679124537889751,5.010903249032652,1.139130672812462,False
14,wave_feature_stage1.1.wave_feature_conv1,18,15,1000,0.002,25.0,25.0,post_relu_mean,220.44700622558594,-220.44700622558594,10.934447288513184,1.4237786531448364,1.1890649795532227,125.42762756347656,0.2676946738152473,-0.07958313701838213,4.5947073622856385,1.0887613999843597,False
14,wave_feature_stage1.1.wave_feature_conv1,18,15,1000,0.002,25.0,25.0,post_relu_mean,201.90274047851562,-201.90274047851562,9.353201866149902,1.3711557388305664,1.0621428489685059,127.8973159790039,0.3081175540200169,-0.07573997757345971,4.372807868538158,1.0472603011131287,False
14,wave_feature_stage1.1.wave_feature_conv1,18,15,1000,0.002,35.0,10.0,post_relu_mean,248.958984375,-248.958984375,14.71473503112793,1.3313648700714111,1.722627878189087,114.66920471191406,0.21564463243120066,-0.07584267436237602,4.378747761273861,1.1343484485149384,False
14,wave_feature_stage1.1.wave_feature_conv1,18,15,1000,0.002,35.0,10.0,post_relu_mean,228.53738403320312,-228.53738403320312,12.507171630859375,1.302156925201416,1.5181738138198853,113.48877334594727,0.25157441056745344,-0.06948676134277014,4.011867757570369,1.0866596275568008,False
14,wave_feature_stage1.1.wave_feature_conv1,18,15,1000,0.002,35.0,10.0,post_relu_mean,207.23558044433594,-207.23558044433594,10.683770179748535,1.2417328357696533,1.332582950592041,113.28974533081055,0.29080742107648944,-0.062277290720758306,3.595670063692668,1.038134028315544,False
14,wave_feature_stage1.1.wave_feature_conv1,18,15,1000,0.002,35.0,20.0,post_relu_mean,227.82003784179688,-227.82003784179688,13.013567924499512,1.222544550895691,1.3156583309173584,111.24306869506836,0.23295576169112725,-0.06771202537452504,3.9093357154367903,1.1099364149570465,False
14,wave_feature_stage1.1.wave_feature_conv1,18,15,1000,0.002,35.0,20.0,post_relu_mean,206.68038940429688,-206.68038940429688,10.947257041931152,1.1716423034667969,1.1558330059051514,111.8270034790039,0.27072133995826114,-0.06348141568872778,3.665064991896595,1.0598160153627396,False
14,wave_feature_stage1.1.wave_feature_conv1,18,15,1000,0.002,35.0,20.0,post_relu_mean,185.9326629638672,-185.9326629638672,9.334710121154785,1.1132456064224243,1.0114712715148926,112.80464172363281,0.3114616144953899,-0.0564843464033607,3.2611258819818287,1.0161232161521911,False
14,wave_feature_stage1.1.wave_feature_conv1,18,15,1000,0.002,35.0,25.0,post_relu_mean,217.41758728027344,-217.41758728027344,12.28239631652832,1.16843581199646,1.1605238914489746,110.69410705566406,0.24349478386852863,-0.06601435013063436,3.8113358789627565,1.0951934462785722,False
14,wave_feature_stage1.1.wave_feature_conv1,18,15,1000,0.002,35.0,25.0,post_relu_mean,197.56349182128906,-197.56349182128906,10.321813583374023,1.1183302402496338,1.0187342166900635,112.76929473876953,0.2805456294888595,-0.0634817514467479,3.665257891942662,1.056886071562767,False
14,wave_feature_stage1.1.wave_feature_conv1,18,15,1000,0.002,35.0,25.0,post_relu_mean,176.51161193847656,-176.51161193847656,8.778656959533691,1.0555938482284546,0.8890724182128906,113.94990158081055,0.3240361868745674,-0.05562971627391271,3.2119267707243537,0.9987893131375313,False
14,wave_feature_stage1.1.wave_feature_conv1,2,15,1000,0.002,15.0,10.0,post_relu_mean,339.5496520996094,-339.5496520996094,16.222578048706055,2.2151479721069336,2.348292827606201,202.27785110473633,0.16580774781386537,-0.15995270224010238,9.234895404328398,1.419905417561531,False
14,wave_feature_stage1.1.wave_feature_conv1,2,15,1000,0.002,15.0,10.0,post_relu_mean,321.77423095703125,-321.77423095703125,14.823019981384277,2.1228458881378174,2.1705214977264404,196.12199783325195,0.21400963894994027,-0.14531741007300816,8.39011196233666,1.3449847221374511,False
14,wave_feature_stage1.1.wave_feature_conv1,2,15,1000,0.002,15.0,10.0,post_relu_mean,299.3764953613281,-299.3764953613281,13.318714141845703,2.023944854736328,1.9818873405456543,189.29329299926758,0.26534360048323247,-0.12639074804651795,7.297298442441845,1.2785040092468263,False
14,wave_feature_stage1.1.wave_feature_conv1,2,15,1000,0.002,15.0,20.0,post_relu_mean,318.11480712890625,-318.11480712890625,15.011319160461426,2.0584092140197754,1.9289394617080688,187.6598663330078,0.19890737712567916,-0.13040281123109315,7.529568098383788,1.3289047384262085,False
14,wave_feature_stage1.1.wave_feature_conv1,2,15,1000,0.002,15.0,20.0,post_relu_mean,294.8019104003906,-294.8019104003906,13.429615020751953,1.944997787475586,1.7518806457519531,180.71505737304688,0.25350026400888737,-0.11396024944454479,6.579909135785862,1.2496089607477188,False
14,wave_feature_stage1.1.wave_feature_conv1,2,15,1000,0.002,15.0,20.0,post_relu_mean,274.6234436035156,-274.6234436035156,12.029759407043457,1.8492389917373657,1.599795937538147,177.66719818115234,0.30128321870623587,-0.10414199607080628,6.013883680035233,1.2044075852632523,False
14,wave_feature_stage1.1.wave_feature_conv1,2,15,1000,0.002,15.0,25.0,post_relu_mean,306.1819763183594,-306.1819763183594,14.409751892089844,1.970908761024475,1.7445909976959229,181.75592803955078,0.21362274414841076,-0.1187683317819182,6.857519111942748,1.3032371872663497,False
14,wave_feature_stage1.1.wave_feature_conv1,2,15,1000,0.002,15.0,25.0,post_relu_mean,283.6528015136719,-283.6528015136719,12.837007522583008,1.8618301153182983,1.5871118307113647,176.45555877685547,0.26789986643855473,-0.10246419443834179,5.917058194550304,1.223648351430893,False
14,wave_feature_stage1.1.wave_feature_conv1,2,15,1000,0.002,15.0,25.0,post_relu_mean,264.1573791503906,-264.1573791503906,11.522988319396973,1.7686975002288818,1.4438984394073486,174.41007232666016,0.31763149236345756,-0.09424575556176625,5.443725113689074,1.1760686659812927,False
14,wave_feature_stage1.1.wave_feature_conv1,2,15,1000,0.002,25.0,10.0,post_relu_mean,322.39398193359375,-322.39398193359375,15.55523681640625,1.893012285232544,2.150397300720215,182.28738403320312,0.1815101003816875,-0.1364053300665707,7.875502892609198,1.3370525652170182,False
14,wave_feature_stage1.1.wave_feature_conv1,2,15,1000,0.002,25.0,10.0,post_relu_mean,301.50537109375,-301.50537109375,14.062592506408691,1.7977664470672607,1.9657238721847534,175.4960174560547,0.2337154079739341,-0.11954921794797799,6.902650837921728,1.2553699171543122,False
14,wave_feature_stage1.1.wave_feature_conv1,2,15,1000,0.002,25.0,10.0,post_relu_mean,279.7481689453125,-279.7481689453125,12.614901542663574,1.6962084770202637,1.782886266708374,170.55619049072266,0.28719484380783833,-0.1076656167197637,6.216822718984742,1.194575958251953,False
14,wave_feature_stage1.1.wave_feature_conv1,2,15,1000,0.002,25.0,20.0,post_relu_mean,295.870361328125,-295.870361328125,14.192374229431152,1.7339286804199219,1.7284702062606812,167.2982635498047,0.21866205651348283,-0.10597242055647034,6.119367893427265,1.2426733285188676,False
14,wave_feature_stage1.1.wave_feature_conv1,2,15,1000,0.002,25.0,20.0,post_relu_mean,276.4054260253906,-276.4054260253906,12.75721549987793,1.6381862163543701,1.573784351348877,164.09295654296875,0.2702140930547168,-0.09535835791410226,5.506847511418294,1.1800324380397798,False
14,wave_feature_stage1.1.wave_feature_conv1,2,15,1000,0.002,25.0,20.0,post_relu_mean,254.44140625,-254.44140625,11.31013011932373,1.5477845668792725,1.4168890714645386,161.2768783569336,0.3189479437374748,-0.08573804392564649,4.95122515919833,1.1352640974521637,False
14,wave_feature_stage1.1.wave_feature_conv1,2,15,1000,0.002,25.0,25.0,post_relu_mean,284.49005126953125,-284.49005126953125,13.555289268493652,1.6604101657867432,1.5618047714233398,163.28121185302734,0.23704520211331953,-0.09571948081279545,5.527137312447323,1.2096131962537766,False
14,wave_feature_stage1.1.wave_feature_conv1,2,15,1000,0.002,25.0,25.0,post_relu_mean,263.1181945800781,-263.1181945800781,12.113763809204102,1.5573108196258545,1.4090858697891235,159.76517486572266,0.28703339311588416,-0.08688078175121798,5.01719485672043,1.1502172511816025,False
14,wave_feature_stage1.1.wave_feature_conv1,2,15,1000,0.002,25.0,25.0,post_relu_mean,243.41201782226562,-243.41201782226562,10.80501651763916,1.474133014678955,1.2715762853622437,158.7245864868164,0.33230087038914435,-0.07763744012061147,4.483734403377819,1.1201877015829087,False
14,wave_feature_stage1.1.wave_feature_conv1,2,15,1000,0.002,35.0,10.0,post_relu_mean,299.5985412597656,-299.5985412597656,14.723174095153809,1.5995488166809082,1.9645971059799194,163.12840270996094,0.204089672035526,-0.11452686564165752,6.6122168230631795,1.2485833233594894,False
14,wave_feature_stage1.1.wave_feature_conv1,2,15,1000,0.002,35.0,10.0,post_relu_mean,277.8299865722656,-277.8299865722656,13.177753448486328,1.5079565048217773,1.7712844610214233,157.62235641479492,0.2513672590448235,-0.09929039616027938,5.733180904869928,1.183992663025856,False
14,wave_feature_stage1.1.wave_feature_conv1,2,15,1000,0.002,35.0,10.0,post_relu_mean,257.4559631347656,-257.4559631347656,11.842735290527344,1.4153950214385986,1.601251482963562,154.5091552734375,0.3045000629583809,-0.08825229038509469,5.096055186062626,1.125767172574997,False
14,wave_feature_stage1.1.wave_feature_conv1,2,15,1000,0.002,35.0,20.0,post_relu_mean,274.0571594238281,-274.0571594238281,13.338027000427246,1.4625589847564697,1.56029212474823,151.60066604614258,0.23911311171548957,-0.08874524759046405,5.124619472124098,1.1660764664411545,False
14,wave_feature_stage1.1.wave_feature_conv1,2,15,1000,0.002,35.0,20.0,post_relu_mean,254.51109313964844,-254.51109313964844,11.924001693725586,1.372774600982666,1.4066579341888428,149.72734832763672,0.28303213214017753,-0.07819739926328967,4.515921255353191,1.1227310520410538,False
14,wave_feature_stage1.1.wave_feature_conv1,2,15,1000,0.002,35.0,20.0,post_relu_mean,234.6295623779297,-234.6295623779297,10.623394012451172,1.283555030822754,1.256168246269226,149.24320220947266,0.33262581810164665,-0.07412282109573491,4.280363950200373,1.081766145825386,False
14,wave_feature_stage1.1.wave_feature_conv1,2,15,1000,0.002,35.0,25.0,post_relu_mean,262.89129638671875,-262.89129638671875,12.734550476074219,1.4037848711013794,1.3968193531036377,148.54299926757812,0.25241334741266086,-0.08226567191622725,4.750743715701786,1.145586415529251,False
14,wave_feature_stage1.1.wave_feature_conv1,2,15,1000,0.002,35.0,25.0,post_relu_mean,243.63340759277344,-243.63340759277344,11.373517990112305,1.314816951751709,1.2586522102355957,147.4903106689453,0.2991180435614388,-0.07197898699088723,4.156862042954117,1.098101806640625,False
14,wave_feature_stage1.1.wave_feature_conv1,2,15,1000,0.002,35.0,25.0,post_relu_mean,223.638427734375,-223.638427734375,10.072132110595703,1.2299952507019043,1.1226859092712402,147.6856460571289,0.34712949251963016,-0.0664397911026572,3.837718191985927,1.0674259519577027,False
14,wave_feature_stage1.1.wave_feature_conv1,14,15,1000,0.002,15.0,10.0,post_relu_mean,246.31712341308594,-246.31712341308594,6.692768573760986,2.1129379272460938,2.2562499046325684,206.8372802734375,0.2991543336203617,-0.14926535155261206,8.618477151827069,1.1003249990940094,False
14,wave_feature_stage1.1.wave_feature_conv1,14,15,1000,0.002,15.0,10.0,post_relu_mean,237.20144653320312,-237.20144653320312,5.909235000610352,2.0703954696655273,2.111470937728882,213.61988067626953,0.34961173144536284,-0.14991788611358045,8.655940097397945,1.1245266216993333,False
14,wave_feature_stage1.1.wave_feature_conv1,14,15,1000,0.002,15.0,10.0,post_relu_mean,226.6549072265625,-226.6549072265625,5.2881317138671875,2.016840934753418,1.9667619466781616,219.24130249023438,0.40227626779287234,-0.14577478097383345,8.416839218877376,1.142811158299446,False
14,wave_feature_stage1.1.wave_feature_conv1,14,15,1000,0.002,15.0,20.0,post_relu_mean,229.82980346679688,-229.82980346679688,5.906033992767334,1.945589303970337,1.832092046737671,195.37079620361328,0.3440753996509278,-0.12324733547301388,7.116802969974182,1.008887659907341,False
14,wave_feature_stage1.1.wave_feature_conv1,14,15,1000,0.002,15.0,20.0,post_relu_mean,217.1407928466797,-217.1407928466797,5.219542503356934,1.8797357082366943,1.6947827339172363,200.23855590820312,0.3957973145704275,-0.12250248276623175,7.074181745779883,1.034474687576294,False
14,wave_feature_stage1.1.wave_feature_conv1,14,15,1000,0.002,15.0,20.0,post_relu_mean,207.35324096679688,-207.35324096679688,4.666655540466309,1.8448591232299805,1.5900812149047852,207.06146240234375,0.4476510286371677,-0.11928752144699309,6.888749985582887,1.0548831522464752,False
14,wave_feature_stage1.1.wave_feature_conv1,14,15,1000,0.002,15.0,25.0,post_relu_mean,219.5714569091797,-219.5714569091797,5.5516133308410645,1.8537015914916992,1.6434416770935059,190.06891632080078,0.36428032817858724,-0.11325197407965595,6.539449365591891,0.9744777745008468,False
14,wave_feature_stage1.1.wave_feature_conv1,14,15,1000,0.002,15.0,25.0,post_relu_mean,208.7452850341797,-208.7452850341797,4.91363525390625,1.8052775859832764,1.5311121940612793,196.56642150878906,0.41550706464753906,-0.1103589259729662,6.374348859077799,0.997183527648449,False
14,wave_feature_stage1.1.wave_feature_conv1,14,15,1000,0.002,15.0,25.0,post_relu_mean,197.70562744140625,-197.70562744140625,4.443505764007568,1.7514150142669678,1.426985740661621,202.49224853515625,0.468517373310762,-0.10669989404268493,6.162646440806993,1.0207653418183327,False
14,wave_feature_stage1.1.wave_feature_conv1,14,15,1000,0.002,25.0,10.0,post_relu_mean,234.971923828125,-234.971923828125,6.643294811248779,1.838669776916504,2.05657958984375,188.17534637451172,0.32045136666944596,-0.1296916013331546,7.488205922770659,1.0208422282338143,False
14,wave_feature_stage1.1.wave_feature_conv1,14,15,1000,0.002,25.0,10.0,post_relu_mean,223.5001983642578,-223.5001983642578,5.829655647277832,1.7937538623809814,1.8991765975952148,193.50322723388672,0.37226610925461945,-0.12840016815316013,7.413976990486717,1.041858040690422,False
14,wave_feature_stage1.1.wave_feature_conv1,14,15,1000,0.002,25.0,10.0,post_relu_mean,212.35726928710938,-212.35726928710938,5.161706924438477,1.7472203969955444,1.7589733600616455,199.34441375732422,0.42580604953230744,-0.12469100991631542,7.200039890621816,1.0612720841169356,False
14,wave_feature_stage1.1.wave_feature_conv1,14,15,1000,0.002,25.0,20.0,post_relu_mean,214.86903381347656,-214.86903381347656,5.755819797515869,1.678135871887207,1.6304751634597778,177.33724975585938,0.36323739328206933,-0.10536874462549124,6.084371718523351,0.9363254305720329,False
14,wave_feature_stage1.1.wave_feature_conv1,14,15,1000,0.002,25.0,20.0,post_relu_mean,204.05758666992188,-204.05758666992188,5.129626274108887,1.6295156478881836,1.5044959783554077,183.75147247314453,0.4147877795593486,-0.10550948216034808,6.092354744010907,0.962731947004795,False
14,wave_feature_stage1.1.wave_feature_conv1,14,15,1000,0.002,25.0,20.0,post_relu_mean,192.72470092773438,-192.72470092773438,4.555068492889404,1.5828251838684082,1.397603988647461,190.00193786621094,0.46864557971550097,-0.10069494351723414,5.815038537171167,0.9811043262481689,False
14,wave_feature_stage1.1.wave_feature_conv1,14,15,1000,0.002,25.0,25.0,post_relu_mean,205.8059539794922,-205.8059539794922,5.502359390258789,1.59236478805542,1.4538466930389404,173.99740600585938,0.38190109637429565,-0.09764002495066651,5.639593869227421,0.9098525971174241,False
14,wave_feature_stage1.1.wave_feature_conv1,14,15,1000,0.002,25.0,25.0,post_relu_mean,193.3260955810547,-193.3260955810547,4.817955493927002,1.5497772693634033,1.3386977910995483,179.6707000732422,0.4344195688124576,-0.09482138981708643,5.475983524261341,0.9319320330023766,False
14,wave_feature_stage1.1.wave_feature_conv1,14,15,1000,0.002,25.0,25.0,post_relu_mean,184.4009552001953,-184.4009552001953,4.311275959014893,1.5145199298858643,1.255112648010254,187.6956329345703,0.4849863483824274,-0.09106247280129148,5.259901501620253,0.9628211921453476,False
14,wave_feature_stage1.1.wave_feature_conv1,14,15,1000,0.002,35.0,10.0,post_relu_mean,222.10606384277344,-222.10606384277344,6.589131832122803,1.5972912311553955,1.8590503931045532,172.3384246826172,0.3379620100403215,-0.11374729844015144,6.567575621475716,0.9533229947090149,False
14,wave_feature_stage1.1.wave_feature_conv1,14,15,1000,0.002,35.0,10.0,post_relu_mean,209.0655517578125,-209.0655517578125,5.778144359588623,1.5488100051879883,1.6941919326782227,176.7789535522461,0.39299297143840034,-0.10897611112915763,6.2920077359672675,0.9673798313736915,False
14,wave_feature_stage1.1.wave_feature_conv1,14,15,1000,0.002,35.0,10.0,post_relu_mean,199.4192352294922,-199.4192352294922,5.09869384765625,1.5145806074142456,1.5678867101669312,184.16748809814453,0.44370164496257136,-0.10569011175810401,6.103069435012114,0.9941997557878495,False
14,wave_feature_stage1.1.wave_feature_conv1,14,15,1000,0.002,35.0,20.0,post_relu_mean,199.7470703125,-199.7470703125,5.7111496925354,1.4388236999511719,1.4394296407699585,162.55641174316406,0.3804848517615904,-0.09111538434899469,5.26192853103989,0.8789094069600105,False
14,wave_feature_stage1.1.wave_feature_conv1,14,15,1000,0.002,35.0,20.0,post_relu_mean,190.07289123535156,-190.07289123535156,5.028031349182129,1.4040422439575195,1.3292393684387207,170.2940216064453,0.429346299429855,-0.09097904191589014,5.253535786426643,0.9109679669141769,False
14,wave_feature_stage1.1.wave_feature_conv1,14,15,1000,0.002,35.0,20.0,post_relu_mean,180.8070831298828,-180.8070831298828,4.470111846923828,1.3682206869125366,1.2345166206359863,178.4065399169922,0.4805231555033175,-0.08890719857870716,5.1346185415577095,0.9443924370408058,False
14,wave_feature_stage1.1.wave_feature_conv1,14,15,1000,0.002,35.0,25.0,post_relu_mean,190.84246826171875,-190.84246826171875,5.325684070587158,1.370914101600647,1.2781076431274414,161.1042022705078,0.395927247621426,-0.0850978112784042,4.915363917040802,0.8601653704047203,False
14,wave_feature_stage1.1.wave_feature_conv1,14,15,1000,0.002,35.0,25.0,post_relu_mean,180.48471069335938,-180.48471069335938,4.7346906661987305,1.3295177221298218,1.1779314279556274,168.33882904052734,0.44594820163082793,-0.08348635399501625,4.821428755571398,0.8920785808563232,False
14,wave_feature_stage1.1.wave_feature_conv1,14,15,1000,0.002,35.0,25.0,post_relu_mean,172.18814086914062,-172.18814086914062,4.199756622314453,1.3023054599761963,1.102315068244934,177.20169067382812,0.4959404962999628,-0.08137966530523126,4.700484098150194,0.9243704962730408,False
16,wave_feature_stage1.1.wave_feature_conv2,11,15,1000,0.002,15.0,10.0,post_relu_mean,11.869953155517578,-11.869953155517578,1.9983773231506348,0.20229940116405487,0.12179471552371979,47.37883520126343,0.1355378239166107,-0.018451725455080767,1.0663299601837108,0.3290287908911705,False
16,wave_feature_stage1.1.wave_feature_conv2,11,15,1000,0.002,15.0,10.0,post_relu_mean,9.834508895874023,-9.834508895874023,1.6816576719284058,0.20886528491973877,0.11737249791622162,57.66581344604492,0.1638212190612601,-0.022865164333762095,1.3212823089796963,0.3877020750939846,False
16,wave_feature_stage1.1.wave_feature_conv2,11,15,1000,0.002,15.0,10.0,post_relu_mean,8.7418212890625,-8.7418212890625,1.5287190675735474,0.2234240174293518,0.11870162189006805,67.8775520324707,0.19468146658306965,-0.026763210941807666,1.5464537388188788,0.44599072232842446,False
16,wave_feature_stage1.1.wave_feature_conv2,11,15,1000,0.002,15.0,20.0,post_relu_mean,10.797623634338379,-10.797623634338379,1.8448470830917358,0.18475341796875,0.09763482213020325,57.9924750328064,0.1550389368302139,-0.02137206147672498,1.23536700617598,0.3821085199713707,False
16,wave_feature_stage1.1.wave_feature_conv2,11,15,1000,0.002,15.0,20.0,post_relu_mean,9.146183013916016,-9.146183013916016,1.6007752418518066,0.19044829905033112,0.09729139506816864,68.21151542663574,0.18307070119711685,-0.025541723258209404,1.4764927645844195,0.44176107391715047,False
16,wave_feature_stage1.1.wave_feature_conv2,11,15,1000,0.002,15.0,20.0,post_relu_mean,8.167112350463867,-8.167112350463867,1.4563453197479248,0.20486195385456085,0.09939105808734894,78.51465797424316,0.2117954884734213,-0.029665096477942555,1.7143771856845385,0.505426149815321,False
16,wave_feature_stage1.1.wave_feature_conv2,11,15,1000,0.002,15.0,25.0,post_relu_mean,10.703805923461914,-10.703805923461914,1.8454021215438843,0.17969846725463867,0.09167741239070892,63.17276954650879,0.16617473965426685,-0.023101847332183553,1.3357243501504186,0.4098296146094799,False
16,wave_feature_stage1.1.wave_feature_conv2,11,15,1000,0.002,15.0,25.0,post_relu_mean,9.055413246154785,-9.055413246154785,1.5975327491760254,0.18542875349521637,0.09152043610811234,73.42120933532715,0.19357942200015682,-0.0270748328232742,1.5647068481192137,0.46991479501128197,False
16,wave_feature_stage1.1.wave_feature_conv2,11,15,1000,0.002,15.0,25.0,post_relu_mean,8.127923965454102,-8.127923965454102,1.4546380043029785,0.1993068903684616,0.0929979607462883,83.77843856811523,0.2215381554779228,-0.031427643091494616,1.816611510728294,0.5331221537292004,False
16,wave_feature_stage1.1.wave_feature_conv2,11,15,1000,0.002,25.0,10.0,post_relu_mean,10.513836860656738,-10.513836860656738,1.9496533870697021,0.13295118510723114,0.10850635170936584,50.8203239440918,0.11985466537501893,-0.021375973477310295,1.2350030002342198,0.4143029338121414,False
16,wave_feature_stage1.1.wave_feature_conv2,11,15,1000,0.002,25.0,10.0,post_relu_mean,9.036040306091309,-9.036040306091309,1.6975667476654053,0.1396694779396057,0.10373340547084808,61.13064384460449,0.1491119377878047,-0.02568370397008835,1.4844484503418796,0.4650371107459068,False
16,wave_feature_stage1.1.wave_feature_conv2,11,15,1000,0.002,25.0,10.0,post_relu_mean,8.21458625793457,-8.21458625793457,1.5633901357650757,0.15046292543411255,0.10292622447013855,71.398756980896,0.17838924455924376,-0.03036872441972678,1.754594421787507,0.5250892941653729,False
16,wave_feature_stage1.1.wave_feature_conv2,11,15,1000,0.002,25.0,20.0,post_relu_mean,9.790904998779297,-9.790904998779297,1.835221529006958,0.12634824216365814,0.08809851109981537,61.46940231323242,0.14218664540143416,-0.02415071663562886,1.3958863459674338,0.4607007157802582,False
16,wave_feature_stage1.1.wave_feature_conv2,11,15,1000,0.002,25.0,20.0,post_relu_mean,8.549311637878418,-8.549311637878418,1.6300508975982666,0.13222774863243103,0.0871005654335022,71.7482328414917,0.16967409655091728,-0.028758020996108635,1.6620385530433532,0.517782217413187,False
16,wave_feature_stage1.1.wave_feature_conv2,11,15,1000,0.002,25.0,20.0,post_relu_mean,7.769649505615234,-7.769649505615234,1.5014392137527466,0.1418205201625824,0.08725952357053757,82.09433460235596,0.1984097373094769,-0.03314059839024777,1.9155126805461955,0.5770247983932495,False
16,wave_feature_stage1.1.wave_feature_conv2,11,15,1000,0.002,25.0,25.0,post_relu_mean,9.616206169128418,-9.616206169128418,1.8274487257003784,0.12400403618812561,0.08345438539981842,66.62473392486572,0.15599366677583176,-0.02522137200869025,1.4575500195139781,0.48159025132656097,False
16,wave_feature_stage1.1.wave_feature_conv2,11,15,1000,0.002,25.0,25.0,post_relu_mean,8.465655326843262,-8.465655326843262,1.6257116794586182,0.13016119599342346,0.08268243074417114,76.96730899810791,0.1823563409345119,-0.030080628238078014,1.7386028323570821,0.5407137361168861,False
16,wave_feature_stage1.1.wave_feature_conv2,11,15,1000,0.002,25.0,25.0,post_relu_mean,7.6945953369140625,-7.6945953369140625,1.4990556240081787,0.13967999815940857,0.08328908681869507,87.29861450195312,0.21005648626507603,-0.03416593801981508,1.974521487234618,0.601345085799694,False
16,wave_feature_stage1.1.wave_feature_conv2,11,15,1000,0.002,35.0,10.0,post_relu_mean,10.317450523376465,-10.317450523376465,2.0276870727539062,0.10652428865432739,0.11010868102312088,54.27004528045654,0.10554884882242979,-0.023947013364874987,1.3835677936534987,0.5126517805457115,False
16,wave_feature_stage1.1.wave_feature_conv2,11,15,1000,0.002,35.0,10.0,post_relu_mean,8.957026481628418,-8.957026481628418,1.782716989517212,0.10996964573860168,0.10246694833040237,64.63883018493652,0.1351153722507925,-0.02850167131849538,1.6470222279883922,0.5579396775364875,False
16,wave_feature_stage1.1.wave_feature_conv2,11,15,1000,0.002,35.0,10.0,post_relu_mean,8.063620567321777,-8.063620567321777,1.6254167556762695,0.11673872172832489,0.09880203008651733,75.01944923400879,0.16525218528433142,-0.033266777707211995,1.9221574647652473,0.6092575985193253,False
16,wave_feature_stage1.1.wave_feature_conv2,11,15,1000,0.002,35.0,20.0,post_relu_mean,9.394006729125977,-9.394006729125977,1.8779610395431519,0.10003675520420074,0.08673178404569626,65.07102012634277,0.1286155641693373,-0.026471117304761378,1.5296409358027956,0.5558801651000976,False
16,wave_feature_stage1.1.wave_feature_conv2,11,15,1000,0.002,35.0,20.0,post_relu_mean,8.356160163879395,-8.356160163879395,1.6898995637893677,0.1042274534702301,0.08478274196386337,75.39331912994385,0.15673527542271876,-0.031015046320038073,1.7924562390254912,0.6063477548956872,False
16,wave_feature_stage1.1.wave_feature_conv2,11,15,1000,0.002,35.0,20.0,post_relu_mean,7.6729912757873535,-7.6729912757873535,1.5658390522003174,0.11200210452079773,0.08423653244972229,85.71691513061523,0.1863867779895207,-0.03581828483948336,2.0699103519899205,0.6584301629662513,False
16,wave_feature_stage1.1.wave_feature_conv2,11,15,1000,0.002,35.0,25.0,post_relu_mean,9.220694541931152,-9.220694541931152,1.855714201927185,0.09905505180358887,0.08204121887683868,70.31280517578125,0.1425679511613169,-0.02775399835149229,1.6039396131056374,0.5752196100354194,False
16,wave_feature_stage1.1.wave_feature_conv2,11,15,1000,0.002,35.0,25.0,post_relu_mean,8.224061012268066,-8.224061012268066,1.6706581115722656,0.10414256155490875,0.08056855201721191,80.6409683227539,0.16990505478309093,-0.03253615982952904,1.8802835861310376,0.626404758989811,False
16,wave_feature_stage1.1.wave_feature_conv2,11,15,1000,0.002,35.0,25.0,post_relu_mean,7.5414862632751465,-7.5414862632751465,1.5547726154327393,0.11002971231937408,0.08000005781650543,90.98017501831055,0.19851109868575334,-0.037217526768811925,2.1507648196360183,0.6813992804288864,False
16,wave_feature_stage1.1.wave_feature_conv2,4,15,1000,0.002,15.0,10.0,post_relu_mean,21.51752281188965,-21.51752281188965,3.0455729961395264,0.346156507730484,0.23325249552726746,54.49879550933838,0.22208289400186776,-0.016954666861337633,0.9799777737044462,0.33230100825428965,False
16,wave_feature_stage1.1.wave_feature_conv2,4,15,1000,0.002,15.0,10.0,post_relu_mean,17.17689323425293,-17.17689323425293,2.465015172958374,0.33011871576309204,0.20694641768932343,64.3144941329956,0.25150873832311177,-0.021098391642263292,1.2193840622041254,0.3851112838089466,False
16,wave_feature_stage1.1.wave_feature_conv2,4,15,1000,0.002,15.0,10.0,post_relu_mean,14.672686576843262,-14.672686576843262,2.1356825828552246,0.3287748396396637,0.19521993398666382,74.50049114227295,0.28238055706982435,-0.02511240992427703,1.451205778530578,0.44040907725691797,False
16,wave_feature_stage1.1.wave_feature_conv2,4,15,1000,0.002,15.0,20.0,post_relu_mean,17.738182067871094,-17.738182067871094,2.5467941761016846,0.29149001836776733,0.15971513092517853,65.25194501876831,0.23273131591627347,-0.021097931692357595,1.2197292501355392,0.3907045854628086,False
16,wave_feature_stage1.1.wave_feature_conv2,4,15,1000,0.002,15.0,20.0,post_relu_mean,14.588664054870605,-14.588664054870605,2.1420273780822754,0.28007620573043823,0.14861376583576202,75.24081039428711,0.2607592381623315,-0.025426609484492938,1.4697720902187488,0.4519356799125671,False
16,wave_feature_stage1.1.wave_feature_conv2,4,15,1000,0.002,15.0,20.0,post_relu_mean,12.648893356323242,-12.648893356323242,1.8844513893127441,0.2850726246833801,0.14539676904678345,85.52040195465088,0.2907448613078915,-0.029361644494670342,1.6968417095497237,0.5095185108482838,False
16,wave_feature_stage1.1.wave_feature_conv2,4,15,1000,0.002,15.0,25.0,post_relu_mean,16.66428565979004,-16.66428565979004,2.4012558460235596,0.27759015560150146,0.14328519999980927,70.55889987945557,0.24031110981514434,-0.0229408973357526,1.3265820295353488,0.4205218717455864,False
16,wave_feature_stage1.1.wave_feature_conv2,4,15,1000,0.002,15.0,25.0,post_relu_mean,13.764163970947266,-13.764163970947266,2.036057472229004,0.2673266530036926,0.13479892909526825,80.59902763366699,0.26744681412080756,-0.026747977710902114,1.5459798643756772,0.48181529209017754,False
16,wave_feature_stage1.1.wave_feature_conv2,4,15,1000,0.002,15.0,25.0,post_relu_mean,12.055527687072754,-12.055527687072754,1.8207817077636719,0.2703690826892853,0.13138726353645325,90.88527393341064,0.2975706267817843,-0.03124188445330221,1.8059372823649156,0.5413516180217266,False
16,wave_feature_stage1.1.wave_feature_conv2,4,15,1000,0.002,25.0,10.0,post_relu_mean,17.35968017578125,-17.35968017578125,2.6936047077178955,0.22712643444538116,0.18677060306072235,57.3966760635376,0.20003234425474722,-0.021073757286217704,1.217588780781467,0.42381305381655693,False
16,wave_feature_stage1.1.wave_feature_conv2,4,15,1000,0.002,25.0,10.0,post_relu_mean,14.366374015808105,-14.366374015808105,2.255427122116089,0.22494974732398987,0.16886721551418304,67.50244617462158,0.22806659795470038,-0.02550660540996252,1.4737468039773522,0.4780504968762398,False
16,wave_feature_stage1.1.wave_feature_conv2,4,15,1000,0.002,25.0,10.0,post_relu_mean,12.710742950439453,-12.710742950439453,2.020538806915283,0.2290688455104828,0.15986549854278564,77.74622631072998,0.25815319563205014,-0.029833299119268835,1.7233989125876044,0.5329763534665107,False
16,wave_feature_stage1.1.wave_feature_conv2,4,15,1000,0.002,25.0,20.0,post_relu_mean,14.612627029418945,-14.612627029418945,2.325364828109741,0.1953224539756775,0.13416889309883118,68.28955459594727,0.2125750806953936,-0.024489251961990963,1.4157318120502835,0.47979416519403456,False
16,wave_feature_stage1.1.wave_feature_conv2,4,15,1000,0.002,25.0,20.0,post_relu_mean,12.44028091430664,-12.44028091430664,2.0048654079437256,0.19744694232940674,0.12634992599487305,78.51291561126709,0.2395556709072989,-0.02957182839511709,1.7090454865866813,0.5393909752368927,False
16,wave_feature_stage1.1.wave_feature_conv2,4,15,1000,0.002,25.0,20.0,post_relu_mean,11.163493156433105,-11.163493156433105,1.8098061084747314,0.20449115335941315,0.12466685473918915,88.89815330505371,0.2691707967475835,-0.033454788324311306,1.9334245570090425,0.5948377513885498,False
16,wave_feature_stage1.1.wave_feature_conv2,4,15,1000,0.002,25.0,25.0,post_relu_mean,13.797979354858398,-13.797979354858398,2.2184340953826904,0.18658524751663208,0.1208958551287651,73.64423751831055,0.22157315397265823,-0.026287154376725873,1.5199422675397676,0.5061835844814777,False
16,wave_feature_stage1.1.wave_feature_conv2,4,15,1000,0.002,25.0,25.0,post_relu_mean,11.928239822387695,-11.928239822387695,1.9295628070831299,0.1905708611011505,0.1167517900466919,83.92480564117432,0.24814193762282596,-0.030626288263579434,1.7702445486986333,0.5653346207737923,False
16,wave_feature_stage1.1.wave_feature_conv2,4,15,1000,0.002,25.0,25.0,post_relu_mean,10.684349060058594,-10.684349060058594,1.7697687149047852,0.19528502225875854,0.11359947919845581,94.20425605773926,0.27693376329792235,-0.03515524023249583,2.0316951991531753,0.6258251959085465,False
16,wave_feature_stage1.1.wave_feature_conv2,4,15,1000,0.002,35.0,10.0,post_relu_mean,15.424962043762207,-15.424962043762207,2.5864205360412598,0.17296579480171204,0.16747502982616425,60.642497062683105,0.18010926930154916,-0.024024762485727026,1.387884731475037,0.5229819738864898,False
16,wave_feature_stage1.1.wave_feature_conv2,4,15,1000,0.002,35.0,10.0,post_relu_mean,13.122283935546875,-13.122283935546875,2.2139813899993896,0.1725565791130066,0.15238913893699646,70.951904296875,0.20830100804476442,-0.028692772496285757,1.6574303121802199,0.5740629321336747,False
16,wave_feature_stage1.1.wave_feature_conv2,4,15,1000,0.002,35.0,10.0,post_relu_mean,11.5289945602417,-11.5289945602417,1.9861160516738892,0.17625173926353455,0.1425054371356964,81.2187385559082,0.23812281476864122,-0.03334914303305161,1.9264604838879784,0.6247372248768807,False
16,wave_feature_stage1.1.wave_feature_conv2,4,15,1000,0.002,35.0,20.0,post_relu_mean,13.143706321716309,-13.143706321716309,2.2604610919952393,0.1516193151473999,0.12246467918157578,71.69836616516113,0.1961240555193811,-0.027434296390170372,1.5851244294835296,0.5707918635010719,False
16,wave_feature_stage1.1.wave_feature_conv2,4,15,1000,0.002,35.0,20.0,post_relu_mean,11.425448417663574,-11.425448417663574,1.9899522066116333,0.15407061576843262,0.11670754849910736,81.96687602996826,0.222661764630703,-0.03201965128750489,1.8503489737516796,0.6275903141498566,False
16,wave_feature_stage1.1.wave_feature_conv2,4,15,1000,0.002,35.0,20.0,post_relu_mean,10.208234786987305,-10.208234786987305,1.804081916809082,0.15911069512367249,0.11288277059793472,92.38644695281982,0.2510972737651193,-0.037157796921826976,2.147214331073577,0.6837206736207009,False
16,wave_feature_stage1.1.wave_feature_conv2,4,15,1000,0.002,35.0,25.0,post_relu_mean,12.414440155029297,-12.414440155029297,2.180781364440918,0.14470426738262177,0.11124788224697113,76.97838592529297,0.20518240634744356,-0.028909319154697456,1.6706316793552924,0.5979179048538208,False
16,wave_feature_stage1.1.wave_feature_conv2,4,15,1000,0.002,35.0,25.0,post_relu_mean,10.877591133117676,-10.877591133117676,1.9125266075134277,0.14933784306049347,0.10732267796993256,87.39655876159668,0.2322583218016408,-0.03354953793764814,1.939190476713663,0.6518756511807442,False
16,wave_feature_stage1.1.wave_feature_conv2,4,15,1000,0.002,35.0,25.0,post_relu_mean,9.813072204589844,-9.813072204589844,1.7568269968032837,0.1541455090045929,0.10480783134698868,97.76922225952148,0.25949996237773343,-0.03854271287259324,2.226995068565713,0.7127558708190918,False
16,wave_feature_stage1.1.wave_feature_conv2,22,15,1000,0.002,15.0,10.0,post_relu_mean,11.252595901489258,-11.252595901489258,2.042746067047119,0.2437959611415863,0.14166995882987976,61.64981460571289,0.2062339461713043,-0.02155647602423199,1.245957234498749,0.38673421427607535,False
16,wave_feature_stage1.1.wave_feature_conv2,22,15,1000,0.002,15.0,10.0,post_relu_mean,9.469558715820312,-9.469558715820312,1.7738879919052124,0.24880844354629517,0.138344869017601,72.19584560394287,0.23876521053360478,-0.026107657846055832,1.5086814838648086,0.44768447503447534,False
16,wave_feature_stage1.1.wave_feature_conv2,22,15,1000,0.002,15.0,10.0,post_relu_mean,8.594103813171387,-8.594103813171387,1.6321409940719604,0.2665567994117737,0.14096835255622864,82.79265213012695,0.2750083691311189,-0.030155903124482034,1.742640797340502,0.5024448303878307,False
16,wave_feature_stage1.1.wave_feature_conv2,22,15,1000,0.002,15.0,20.0,post_relu_mean,10.115291595458984,-10.115291595458984,1.869852900505066,0.21756181120872498,0.11214466392993927,72.37290573120117,0.22358200913252566,-0.024703263968222585,1.4280172788850285,0.4424625055491924,False
16,wave_feature_stage1.1.wave_feature_conv2,22,15,1000,0.002,15.0,20.0,post_relu_mean,8.735320091247559,-8.735320091247559,1.6572421789169312,0.22400736808776855,0.11232856661081314,82.98649215698242,0.25591232743378706,-0.029006526089122305,1.676984949092919,0.5026127175986767,False
16,wave_feature_stage1.1.wave_feature_conv2,22,15,1000,0.002,15.0,20.0,post_relu_mean,7.961438179016113,-7.961438179016113,1.5332294702529907,0.23935282230377197,0.11524967849254608,93.64576435089111,0.28969719973971225,-0.03311326629463001,1.9144979585192323,0.5611719861626625,False
16,wave_feature_stage1.1.wave_feature_conv2,22,15,1000,0.002,15.0,25.0,post_relu_mean,9.766246795654297,-9.766246795654297,1.8268433809280396,0.20911866426467896,0.1040637418627739,77.63427925109863,0.23096678736516738,-0.02612645646775286,1.5106754398562277,0.4709539154171944,False
16,wave_feature_stage1.1.wave_feature_conv2,22,15,1000,0.002,15.0,25.0,post_relu_mean,8.560214042663574,-8.560214042663574,1.6341222524642944,0.2173715978860855,0.10563802719116211,88.24290752410889,0.2641067500883018,-0.03037153057117558,1.755658957288004,0.531575433909893,False
16,wave_feature_stage1.1.wave_feature_conv2,22,15,1000,0.002,15.0,25.0,post_relu_mean,7.753295421600342,-7.753295421600342,1.5104360580444336,0.22991162538528442,0.10798261314630508,98.93121337890625,0.29679695292197805,-0.03464435479686202,2.003282775979414,0.5942319229245185,False
16,wave_feature_stage1.1.wave_feature_conv2,22,15,1000,0.002,25.0,10.0,post_relu_mean,9.701079368591309,-9.701079368591309,1.949673056602478,0.16248026490211487,0.12009629607200623,65.17342472076416,0.18865898209933685,-0.02529513964835052,1.4618171784461889,0.46662770107388496,False
16,wave_feature_stage1.1.wave_feature_conv2,22,15,1000,0.002,25.0,10.0,post_relu_mean,8.562841415405273,-8.562841415405273,1.7379837036132812,0.17123079299926758,0.11755938827991486,75.84851264953613,0.22070492257236649,-0.03002055299046927,1.7348338162949415,0.524323518127203,False
16,wave_feature_stage1.1.wave_feature_conv2,22,15,1000,0.002,25.0,10.0,post_relu_mean,7.8042168617248535,-7.8042168617248535,1.6224383115768433,0.18138387799263,0.11729150265455246,86.40355110168457,0.25387732493340925,-0.034239785857384096,1.9786568025932052,0.583156681060791,False
16,wave_feature_stage1.1.wave_feature_conv2,22,15,1000,0.002,25.0,20.0,post_relu_mean,8.998689651489258,-8.998689651489258,1.8293825387954712,0.1503494381904602,0.09912894666194916,75.91754055023193,0.20746257417614491,-0.02810332094425829,1.6242372593957541,0.5224540989100933,False
16,wave_feature_stage1.1.wave_feature_conv2,22,15,1000,0.002,25.0,20.0,post_relu_mean,7.9619011878967285,-7.9619011878967285,1.6611595153808594,0.15741613507270813,0.09881257265806198,86.4896993637085,0.237541988237456,-0.03266779822133035,1.888246434909601,0.5822856751084328,False
16,wave_feature_stage1.1.wave_feature_conv2,22,15,1000,0.002,25.0,20.0,post_relu_mean,7.420900344848633,-7.420900344848633,1.5475783348083496,0.17003396153450012,0.10082517564296722,97.21695804595947,0.27211506397348184,-0.037033364500456196,2.1408973565623546,0.6399938976764679,False
16,wave_feature_stage1.1.wave_feature_conv2,22,15,1000,0.002,25.0,25.0,post_relu_mean,8.76528549194336,-8.76528549194336,1.804771900177002,0.14621907472610474,0.0924554094672203,81.17227554321289,0.21599434400575174,-0.029298503257449905,1.693295217143229,0.5470073676109314,False
16,wave_feature_stage1.1.wave_feature_conv2,22,15,1000,0.002,25.0,25.0,post_relu_mean,7.862220287322998,-7.862220287322998,1.636957049369812,0.15500515699386597,0.09357789903879166,91.8221206665039,0.24884922048545796,-0.03408476718661398,1.9701862928080303,0.6057048055529595,False
16,wave_feature_stage1.1.wave_feature_conv2,22,15,1000,0.002,25.0,25.0,post_relu_mean,7.251055717468262,-7.251055717468262,1.5307585000991821,0.1657351851463318,0.09555082768201828,102.47509765625,0.28112076505023814,-0.03818797492322906,2.2075428412316676,0.6665716734528542,False
16,wave_feature_stage1.1.wave_feature_conv2,22,15,1000,0.002,35.0,10.0,post_relu_mean,9.007628440856934,-9.007628440856934,1.958860158920288,0.12629006803035736,0.11150456219911575,68.75637435913086,0.17151335478538257,-0.028248738095254838,1.6321218860260898,0.558721744120121,False
16,wave_feature_stage1.1.wave_feature_conv2,22,15,1000,0.002,35.0,10.0,post_relu_mean,8.041322708129883,-8.041322708129883,1.7681275606155396,0.13278090953826904,0.10842791199684143,79.42354106903076,0.20389553548908862,-0.03308762581539933,1.9121489559881024,0.6117979118227959,False
16,wave_feature_stage1.1.wave_feature_conv2,22,15,1000,0.002,35.0,10.0,post_relu_mean,7.5123701095581055,-7.5123701095581055,1.6580570936203003,0.14214736223220825,0.10853204131126404,90.05111408233643,0.237501838761701,-0.037653481777365404,2.1755520964709216,0.6672117355465889,False
16,wave_feature_stage1.1.wave_feature_conv2,22,15,1000,0.002,35.0,20.0,post_relu_mean,8.507549285888672,-8.507549285888672,1.858597993850708,0.11825352907180786,0.09306204319000244,79.5760383605957,0.19402347036119005,-0.03082008735046181,1.7812362677743971,0.6043859097361565,False
16,wave_feature_stage1.1.wave_feature_conv2,22,15,1000,0.002,35.0,20.0,post_relu_mean,7.663539886474609,-7.663539886474609,1.6962858438491821,0.1253250539302826,0.09255734086036682,90.1974048614502,0.22490332739465452,-0.035391390436473345,2.045532147709894,0.6623985594511033,False
16,wave_feature_stage1.1.wave_feature_conv2,22,15,1000,0.002,35.0,20.0,post_relu_mean,7.071969032287598,-7.071969032287598,1.583787202835083,0.1339385211467743,0.09335583448410034,100.86748027801514,0.25685973217637564,-0.040275532232439196,2.3271689045589996,0.7201639416813851,False
16,wave_feature_stage1.1.wave_feature_conv2,22,15,1000,0.002,35.0,25.0,post_relu_mean,8.361108779907227,-8.361108779907227,1.8365596532821655,0.11569755524396896,0.08806928247213364,84.87423706054688,0.20454295079877374,-0.032128956388534885,1.856785345042895,0.6277401825785637,False
16,wave_feature_stage1.1.wave_feature_conv2,22,15,1000,0.002,35.0,25.0,post_relu_mean,7.498441696166992,-7.498441696166992,1.6754637956619263,0.12257634103298187,0.08804897218942642,95.4864149093628,0.23535487452666368,-0.03669557406111398,2.1207613572846333,0.6871521958708763,False
16,wave_feature_stage1.1.wave_feature_conv2,22,15,1000,0.002,35.0,25.0,post_relu_mean,6.932451248168945,-6.932451248168945,1.5711205005645752,0.13122662901878357,0.08906975388526917,106.11865615844727,0.26625313061149986,-0.0412392042264893,2.383007813289187,0.747191364467144,False
21,wave_pattern_stage2.0.wave_feature_conv1,22,15,1000,0.002,15.0,10.0,post_relu_mean,751.9201049804688,-751.9201049804688,41.89759063720703,2.500356674194336,3.5175108909606934,400.4654417037964,0.4153015020042712,-0.34380176388259814,19.849207331812995,2.0238154947757723,False
21,wave_pattern_stage2.0.wave_feature_conv1,22,15,1000,0.002,15.0,10.0,post_relu_mean,697.7088623046875,-697.7088623046875,37.645809173583984,2.400310516357422,3.1597492694854736,372.50114822387695,0.5565406084692319,-0.3012540314881163,17.392798508651158,1.8742107737064362,False
21,wave_pattern_stage2.0.wave_feature_conv1,22,15,1000,0.002,15.0,10.0,post_relu_mean,638.5509643554688,-638.5509643554688,33.46505355834961,2.2778851985931396,2.8059113025665283,347.7510223388672,0.7002058362008791,-0.25330214057887457,14.624332464192818,1.7229463261365892,False
21,wave_pattern_stage2.0.wave_feature_conv1,22,15,1000,0.002,15.0,20.0,post_relu_mean,722.666015625,-722.666015625,39.9620475769043,2.400641441345215,3.119349956512451,370.1268138885498,0.4716754248062926,-0.2882662218609298,16.643503329145865,1.8344713521003724,False
21,wave_pattern_stage2.0.wave_feature_conv1,22,15,1000,0.002,15.0,20.0,post_relu_mean,663.5547485351562,-663.5547485351562,35.56285095214844,2.271451950073242,2.773698091506958,344.1499481201172,0.6126936531947939,-0.250052401139893,14.437528494908753,1.6922391903400422,False
21,wave_pattern_stage2.0.wave_feature_conv1,22,15,1000,0.002,15.0,20.0,post_relu_mean,607.6004638671875,-607.6004638671875,31.663278579711914,2.1664419174194336,2.4511642456054688,324.8068084716797,0.7537459437938293,-0.21291045219016827,12.29278143298116,1.571740254163742,False
21,wave_pattern_stage2.0.wave_feature_conv1,22,15,1000,0.002,15.0,25.0,post_relu_mean,706.6417236328125,-706.6417236328125,38.98271179199219,2.3492984771728516,2.929408550262451,356.42124366760254,0.4983586456327801,-0.2636719909773257,15.223754424834643,1.7504198533296584,False
21,wave_pattern_stage2.0.wave_feature_conv1,22,15,1000,0.002,15.0,25.0,post_relu_mean,647.7108764648438,-647.7108764648438,34.631622314453125,2.22518253326416,2.6031200885772705,332.3873062133789,0.639627096469025,-0.22808101760771565,13.169286222954431,1.6062967139482498,False
21,wave_pattern_stage2.0.wave_feature_conv1,22,15,1000,0.002,15.0,25.0,post_relu_mean,592.2669067382812,-592.2669067382812,30.716754913330078,2.1086997985839844,2.292567491531372,316.1085891723633,0.7754006349046348,-0.19650772577679312,11.345766650066688,1.5123487687110901,False
21,wave_pattern_stage2.0.wave_feature_conv1,22,15,1000,0.002,25.0,10.0,post_relu_mean,740.659423828125,-740.659423828125,41.50232696533203,2.2941207885742188,3.4024224281311035,377.88773918151855,0.4286074087247193,-0.31788676401022575,18.353277920495053,1.9327943444252014,False
21,wave_pattern_stage2.0.wave_feature_conv1,22,15,1000,0.002,25.0,10.0,post_relu_mean,683.7503662109375,-683.7503662109375,37.11478805541992,2.1776351928710938,3.0416464805603027,350.14857482910156,0.5770109636558638,-0.2759627353682804,15.932589914745845,1.76695752620697,False
21,wave_pattern_stage2.0.wave_feature_conv1,22,15,1000,0.002,25.0,10.0,post_relu_mean,626.21044921875,-626.21044921875,33.078369140625,2.0643582344055176,2.6822116374969482,327.29993438720703,0.7202947896392198,-0.23319667053108206,13.46353278425208,1.637146961092949,False
21,wave_pattern_stage2.0.wave_feature_conv1,22,15,1000,0.002,25.0,20.0,post_relu_mean,710.0520629882812,-710.0520629882812,39.52842712402344,2.1918256282806396,2.991866111755371,348.92481231689453,0.4861977552521007,-0.2688438800630661,15.521753197456528,1.7569007456302643,False
21,wave_pattern_stage2.0.wave_feature_conv1,22,15,1000,0.002,25.0,20.0,post_relu_mean,652.3046264648438,-652.3046264648438,35.211997985839844,2.073464870452881,2.6538772583007812,324.95117950439453,0.6315542361224522,-0.23178718385501137,13.382312421832266,1.6083086693286897,False
21,wave_pattern_stage2.0.wave_feature_conv1,22,15,1000,0.002,25.0,20.0,post_relu_mean,592.2597045898438,-592.2597045898438,31.045654296875,1.9550728797912598,2.3240814208984375,305.7990493774414,0.7712913561608142,-0.1976593654801087,11.412013567599958,1.4938807851076126,False
21,wave_pattern_stage2.0.wave_feature_conv1,22,15,1000,0.002,25.0,25.0,post_relu_mean,699.64404296875,-699.64404296875,38.75624465942383,2.141566753387451,2.818375587463379,340.09787368774414,0.5076189369210425,-0.2498646806914191,14.426096926309013,1.6872374629974365,False
21,wave_pattern_stage2.0.wave_feature_conv1,22,15,1000,0.002,25.0,25.0,post_relu_mean,637.8204956054688,-637.8204956054688,34.381290435791016,2.0172886848449707,2.4779903888702393,315.18628692626953,0.6542915441936695,-0.21329882317416204,12.315401477351912,1.5402476704120636,False
21,wave_pattern_stage2.0.wave_feature_conv1,22,15,1000,0.002,25.0,25.0,post_relu_mean,576.2296752929688,-576.2296752929688,30.12974739074707,1.8998727798461914,2.165874481201172,297.2683563232422,0.7932714250585858,-0.1792563505150556,10.349630783586187,1.4297141963243485,False
21,wave_pattern_stage2.0.wave_feature_conv1,22,15,1000,0.002,35.0,10.0,post_relu_mean,731.0474853515625,-731.0474853515625,41.26547622680664,2.099712610244751,3.2816812992095947,359.61722564697266,0.4410504887830592,-0.30117499846828444,17.388182182141225,1.8647112137079238,False
21,wave_pattern_stage2.0.wave_feature_conv1,22,15,1000,0.002,35.0,10.0,post_relu_mean,670.731201171875,-670.731201171875,36.75109100341797,1.9801087379455566,2.901207685470581,331.1934013366699,0.5903644404821006,-0.25657219700451006,14.813101457813877,1.6993318897485734,False
21,wave_pattern_stage2.0.wave_feature_conv1,22,15,1000,0.002,35.0,10.0,post_relu_mean,609.28466796875,-609.28466796875,32.442874908447266,1.8731191158294678,2.551530122756958,308.0631332397461,0.7392657993397757,-0.21366382251826196,12.336070036041336,1.5541783368587494,False
21,wave_pattern_stage2.0.wave_feature_conv1,22,15,1000,0.002,35.0,20.0,post_relu_mean,698.6368408203125,-698.6368408203125,39.11774444580078,2.0087270736694336,2.8760030269622803,331.8047523498535,0.4963302469055554,-0.25242377175686115,14.574055524662318,1.6916145831346512,False
21,wave_pattern_stage2.0.wave_feature_conv1,22,15,1000,0.002,35.0,20.0,post_relu_mean,639.9856567382812,-639.9856567382812,34.759586334228516,1.889859914779663,2.5305023193359375,309.02344512939453,0.6420684077083123,-0.21554237521938416,12.445001331046251,1.539659338593483,False
21,wave_pattern_stage2.0.wave_feature_conv1,22,15,1000,0.002,35.0,20.0,post_relu_mean,578.1505737304688,-578.1505737304688,30.58306121826172,1.7727869749069214,2.2034177780151367,289.70874786376953,0.786236301966671,-0.17857964766532494,10.31098132603229,1.422547265291214,False
21,wave_pattern_stage2.0.wave_feature_conv1,22,15,1000,0.002,35.0,25.0,post_relu_mean,679.5849609375,-679.5849609375,37.93149948120117,1.9518004655838013,2.6746561527252197,319.24407958984375,0.5227158567009951,-0.23173475807537275,13.379892235098936,1.6185647767782212,False
21,wave_pattern_stage2.0.wave_feature_conv1,22,15,1000,0.002,35.0,25.0,post_relu_mean,621.3345947265625,-621.3345947265625,33.67601013183594,1.8358697891235352,2.350531578063965,298.31883239746094,0.6655236322139726,-0.19407206796914916,11.2057566836211,1.4710914129018784,False
21,wave_pattern_stage2.0.wave_feature_conv1,22,15,1000,0.002,35.0,25.0,post_relu_mean,563.9180297851562,-563.9180297851562,29.769678115844727,1.7219269275665283,2.0458545684814453,283.04017639160156,0.8055175972689117,-0.16463997003367462,9.506545408049696,1.3675145608186723,False
21,wave_pattern_stage2.0.wave_feature_conv1,24,15,1000,0.002,15.0,10.0,post_relu_mean,471.62188720703125,-471.62188720703125,33.63310623168945,2.0195975303649902,2.2440502643585205,265.7861022949219,0.5853355393550633,-0.1796775273919812,10.373666592671155,1.496910104751587,False
21,wave_pattern_stage2.0.wave_feature_conv1,24,15,1000,0.002,15.0,10.0,post_relu_mean,421.2838439941406,-421.2838439941406,28.981937408447266,1.911012887954712,1.918888807296753,253.92556762695312,0.7162476068707795,-0.1493101680454914,8.620830755007791,1.407841728925705,False
21,wave_pattern_stage2.0.wave_feature_conv1,24,15,1000,0.002,15.0,10.0,post_relu_mean,372.81085205078125,-372.81085205078125,25.028913497924805,1.7835862636566162,1.6229228973388672,246.9397735595703,0.8538218479279301,-0.12100178945094046,6.986619521679924,1.332315514087677,False
21,wave_pattern_stage2.0.wave_feature_conv1,24,15,1000,0.002,15.0,20.0,post_relu_mean,443.93359375,-443.93359375,31.35991096496582,1.9005341529846191,1.9114669561386108,251.09011840820312,0.6275680490585431,-0.15044848884474374,8.686462688048854,1.38853741645813,False
21,wave_pattern_stage2.0.wave_feature_conv1,24,15,1000,0.002,15.0,20.0,post_relu_mean,394.5340270996094,-394.5340270996094,26.992151260375977,1.7854831218719482,1.6228587627410889,242.7915267944336,0.7613244275326673,-0.12518686545044486,7.228003088688551,1.3149987095594406,False
21,wave_pattern_stage2.0.wave_feature_conv1,24,15,1000,0.002,15.0,20.0,post_relu_mean,345.3370666503906,-345.3370666503906,23.09254264831543,1.647339940071106,1.3566184043884277,239.11668395996094,0.8877345208644435,-0.10259852472950616,5.924117969841327,1.2768578439950944,False
21,wave_pattern_stage2.0.wave_feature_conv1,24,15,1000,0.002,15.0,25.0,post_relu_mean,431.2873229980469,-431.2873229980469,30.34915542602539,1.8391363620758057,1.7699308395385742,245.96256256103516,0.6462701595844701,-0.13859057942665606,8.002106185051078,1.3438020396232604,False
21,wave_pattern_stage2.0.wave_feature_conv1,24,15,1000,0.002,15.0,25.0,post_relu_mean,381.9500732421875,-381.9500732421875,26.073806762695312,1.72219979763031,1.4936046600341797,239.16204833984375,0.7783537924295565,-0.11524585631463602,6.654186602466086,1.2789293295145034,False
21,wave_pattern_stage2.0.wave_feature_conv1,24,15,1000,0.002,15.0,25.0,post_relu_mean,332.3807067871094,-332.3807067871094,22.170499801635742,1.5852313041687012,1.2444114685058594,236.95382690429688,0.9013546501474463,-0.09524940273851693,5.5003362624264,1.2507333958148956,False
21,wave_pattern_stage2.0.wave_feature_conv1,24,15,1000,0.002,25.0,10.0,post_relu_mean,454.64569091796875,-454.64569091796875,32.87546157836914,1.7750520706176758,2.0849828720092773,246.23470306396484,0.6045001009052352,-0.1571159148783102,9.071146509893946,1.4079560732841492,False
21,wave_pattern_stage2.0.wave_feature_conv1,24,15,1000,0.002,25.0,10.0,post_relu_mean,404.09918212890625,-404.09918212890625,28.32994842529297,1.6650843620300293,1.757914423942566,235.21758270263672,0.7356659326659876,-0.12608704339999247,7.279964601404574,1.3247211325168609,False
21,wave_pattern_stage2.0.wave_feature_conv1,24,15,1000,0.002,25.0,10.0,post_relu_mean,355.1608581542969,-355.1608581542969,24.265779495239258,1.5382306575775146,1.4641599655151367,230.65658569335938,0.8669840893247737,-0.10310127637968017,5.953134574128626,1.276361899971962,False
21,wave_pattern_stage2.0.wave_feature_conv1,24,15,1000,0.002,25.0,20.0,post_relu_mean,427.8830261230469,-427.8830261230469,30.650522232055664,1.6635644435882568,1.7626581192016602,234.51329803466797,0.6434973436994008,-0.13370218146368576,7.7201241124996,1.317870357632637,False
21,wave_pattern_stage2.0.wave_feature_conv1,24,15,1000,0.002,25.0,20.0,post_relu_mean,375.2828063964844,-375.2828063964844,26.188796997070312,1.5370718240737915,1.4696193933486938,226.00030517578125,0.7783716121394422,-0.10706357654516314,6.18188242558262,1.2467819190025329,False
21,wave_pattern_stage2.0.wave_feature_conv1,24,15,1000,0.002,25.0,20.0,post_relu_mean,326.23883056640625,-326.23883056640625,22.205101013183594,1.4148685932159424,1.209234356880188,224.90442657470703,0.8981668769643006,-0.08714533400501609,5.031974253156907,1.2246679347753524,False
21,wave_pattern_stage2.0.wave_feature_conv1,24,15,1000,0.002,25.0,25.0,post_relu_mean,416.3922119140625,-416.3922119140625,29.710189819335938,1.617805004119873,1.629794955253601,230.79847717285156,0.6606269444219114,-0.12553001758584306,7.248458203538036,1.2803250050544739,False
21,wave_pattern_stage2.0.wave_feature_conv1,24,15,1000,0.002,25.0,25.0,post_relu_mean,366.36236572265625,-366.36236572265625,25.440494537353516,1.4872097969055176,1.3589627742767334,225.27256774902344,0.7910532132227525,-0.10081884543947399,5.82152158416415,1.2257274770736695,False
21,wave_pattern_stage2.0.wave_feature_conv1,24,15,1000,0.002,25.0,25.0,post_relu_mean,313.72735595703125,-313.72735595703125,21.323200225830078,1.3566194772720337,1.1058965921401978,223.864990234375,0.9110812522930086,-0.08172654878562972,4.719583298227309,1.209975078701973,False
21,wave_pattern_stage2.0.wave_feature_conv1,24,15,1000,0.002,35.0,10.0,post_relu_mean,435.7554931640625,-435.7554931640625,31.979976654052734,1.5640009641647339,1.9340707063674927,229.37122344970703,0.6203202102343917,-0.1383342274501534,7.986864645737451,1.3421684914827348,False
21,wave_pattern_stage2.0.wave_feature_conv1,24,15,1000,0.002,35.0,10.0,post_relu_mean,385.13360595703125,-385.13360595703125,27.524940490722656,1.4426350593566895,1.6070849895477295,219.94818878173828,0.751263022233242,-0.10839257855073087,6.2583507675195,1.2600261354446411,False
21,wave_pattern_stage2.0.wave_feature_conv1,24,15,1000,0.002,35.0,10.0,post_relu_mean,334.6357727050781,-334.6357727050781,23.309104919433594,1.330473780632019,1.3219202756881714,216.6660919189453,0.8801477145915383,-0.08589367066482569,4.959693506565769,1.2159774315357208,False
21,wave_pattern_stage2.0.wave_feature_conv1,24,15,1000,0.002,35.0,20.0,post_relu_mean,407.42938232421875,-407.42938232421875,29.731035232543945,1.455194115638733,1.6186195611953735,218.64708709716797,0.6554935134289029,-0.11648945721934066,6.725808083343087,1.259266769886017,False
21,wave_pattern_stage2.0.wave_feature_conv1,24,15,1000,0.002,35.0,20.0,post_relu_mean,359.47406005859375,-359.47406005859375,25.501110076904297,1.3352580070495605,1.34660005569458,214.4591522216797,0.7836210293204661,-0.09317164616279712,5.379738469407134,1.206221006512642,False
21,wave_pattern_stage2.0.wave_feature_conv1,24,15,1000,0.002,35.0,20.0,post_relu_mean,307.13427734375,-307.13427734375,21.31920051574707,1.2164220809936523,1.082458257675171,213.71840286254883,0.9066716899673215,-0.07474335240377164,4.316207609365654,1.1874775904417039,False
21,wave_pattern_stage2.0.wave_feature_conv1,24,15,1000,0.002,35.0,25.0,post_relu_mean,394.74273681640625,-394.74273681640625,28.717252731323242,1.4042840003967285,1.491584062576294,215.4629669189453,0.6746409294326813,-0.10708993206054214,6.183298611791408,1.2194754129648209,False
21,wave_pattern_stage2.0.wave_feature_conv1,24,15,1000,0.002,35.0,25.0,post_relu_mean,346.53204345703125,-346.53204345703125,24.532451629638672,1.2804672718048096,1.2255878448486328,213.0177993774414,0.7989575617236445,-0.08911874510043293,5.146099173235911,1.18196493268013,False
21,wave_pattern_stage2.0.wave_feature_conv1,24,15,1000,0.002,35.0,25.0,post_relu_mean,296.6616516113281,-296.6616516113281,20.5039005279541,1.1688717603683472,0.9925776720046997,214.6238670349121,0.9163289840410282,-0.07389601355043184,4.268251427088094,1.1849501883983613,False
21,wave_pattern_stage2.0.wave_feature_conv1,2,15,1000,0.002,15.0,10.0,post_relu_mean,243.38568115234375,-243.38568115234375,24.176502227783203,1.5459002256393433,1.0828379392623901,137.26407623291016,0.3122194778502671,-0.06943374958523285,4.00962818852212,1.023261085152626,False
21,wave_pattern_stage2.0.wave_feature_conv1,2,15,1000,0.002,15.0,10.0,post_relu_mean,179.9906768798828,-179.9906768798828,17.245229721069336,1.2768752574920654,0.7537792921066284,142.7010145187378,0.3995140461032225,-0.05529437612845286,3.1946710348380987,1.042252665758133,False
21,wave_pattern_stage2.0.wave_feature_conv1,2,15,1000,0.002,15.0,10.0,post_relu_mean,135.39450073242188,-135.39450073242188,12.81364631652832,1.0636813640594482,0.5452624559402466,156.25923919677734,0.4824611763446815,-0.05201149898182288,3.005862968908833,1.1184803229570388,False
21,wave_pattern_stage2.0.wave_feature_conv1,2,15,1000,0.002,15.0,20.0,post_relu_mean,214.52383422851562,-214.52383422851562,21.164554595947266,1.3559818267822266,0.8150432109832764,137.94497680664062,0.339685655231527,-0.05949997451222595,3.435928460182581,1.0066537928581238,False
21,wave_pattern_stage2.0.wave_feature_conv1,2,15,1000,0.002,15.0,20.0,post_relu_mean,158.05101013183594,-158.05101013183594,15.108036041259766,1.1166927814483643,0.5709654092788696,147.46294593811035,0.4188836613163122,-0.05318865799379933,3.0726019364207318,1.0549256277084351,False
21,wave_pattern_stage2.0.wave_feature_conv1,2,15,1000,0.002,15.0,20.0,post_relu_mean,119.62884521484375,-119.62884521484375,11.324166297912598,0.9323861598968506,0.42290693521499634,163.9456262588501,0.501134000876048,-0.053040875754817376,3.066188094317761,1.1359611946344375,False
21,wave_pattern_stage2.0.wave_feature_conv1,2,15,1000,0.002,15.0,25.0,post_relu_mean,201.60328674316406,-201.60328674316406,19.88006019592285,1.2751474380493164,0.7157328128814697,139.17736625671387,0.3525153871921903,-0.05591409348193376,3.2293866959104127,1.0027282148599626,False
21,wave_pattern_stage2.0.wave_feature_conv1,2,15,1000,0.002,15.0,25.0,post_relu_mean,150.51702880859375,-150.51702880859375,14.32672119140625,1.0589569807052612,0.5107729434967041,151.23691749572754,0.4297867968847783,-0.052255399643610395,3.02071698590588,1.0629884696006775,False
21,wave_pattern_stage2.0.wave_feature_conv1,2,15,1000,0.002,15.0,25.0,post_relu_mean,113.1463851928711,-113.1463851928711,10.75355339050293,0.8756135702133179,0.3767312467098236,168.03153705596924,0.5096447274805823,-0.05382038803475388,3.1102883344527976,1.1525377225875855,False
21,wave_pattern_stage2.0.wave_feature_conv1,2,15,1000,0.002,25.0,10.0,post_relu_mean,214.15750122070312,-214.15750122070312,21.66639518737793,1.2355756759643555,0.865741491317749,124.68966484069824,0.3225531194064798,-0.05425337965898107,3.133099760296434,0.9818331208825112,False
21,wave_pattern_stage2.0.wave_feature_conv1,2,15,1000,0.002,25.0,10.0,post_relu_mean,153.08302307128906,-153.08302307128906,15.090923309326172,0.9771261811256409,0.580829381942749,134.09523248672485,0.399616999114854,-0.04711062055423398,2.721596543321301,1.034832577109337,False
21,wave_pattern_stage2.0.wave_feature_conv1,2,15,1000,0.002,25.0,10.0,post_relu_mean,112.10958099365234,-112.10958099365234,11.081957817077637,0.7877374887466431,0.4101560413837433,150.78530883789062,0.48034524784268234,-0.04825999070615802,2.789045974360231,1.118667452931404,False
21,wave_pattern_stage2.0.wave_feature_conv1,2,15,1000,0.002,25.0,20.0,post_relu_mean,185.51844787597656,-185.51844787597656,18.735265731811523,1.0687456130981445,0.6393451690673828,127.69260025024414,0.34753856835459596,-0.04846047157090754,2.7996068241935994,0.9770862403512001,False
21,wave_pattern_stage2.0.wave_feature_conv1,2,15,1000,0.002,25.0,20.0,post_relu_mean,135.0861358642578,-135.0861358642578,13.330799102783203,0.853249192237854,0.44136327505111694,141.3401002883911,0.41888402844088585,-0.0456920945909924,2.641519799989192,1.0518208700418472,False
21,wave_pattern_stage2.0.wave_feature_conv1,2,15,1000,0.002,25.0,20.0,post_relu_mean,99.53999328613281,-99.53999328613281,9.86274528503418,0.6972590684890747,0.322520911693573,160.1845417022705,0.4961980585436022,-0.04984093592331951,2.8806987123771246,1.1501541405916214,False
21,wave_pattern_stage2.0.wave_feature_conv1,2,15,1000,0.002,25.0,25.0,post_relu_mean,176.5067138671875,-176.5067138671875,17.746105194091797,1.0080825090408325,0.5668506026268005,131.27861976623535,0.3561121371838108,-0.048254634097843266,2.788003822068746,0.9887317252159119,False
21,wave_pattern_stage2.0.wave_feature_conv1,2,15,1000,0.002,25.0,25.0,post_relu_mean,126.26603698730469,-126.26603698730469,12.535090446472168,0.7973918914794922,0.38794219493865967,144.95222663879395,0.42812081816144926,-0.04527032186467693,2.6180016834647297,1.0638654059171677,False
21,wave_pattern_stage2.0.wave_feature_conv1,2,15,1000,0.002,25.0,25.0,post_relu_mean,94.00755310058594,-94.00755310058594,9.364558219909668,0.653509259223938,0.29053232073783875,164.95805740356445,0.5017510237074768,-0.05099035342528422,2.9472349027497926,1.1757757848501205,False
21,wave_pattern_stage2.0.wave_feature_conv1,2,15,1000,0.002,35.0,10.0,post_relu_mean,182.72010803222656,-182.72010803222656,19.06431007385254,0.9543077945709229,0.6813758611679077,115.41209411621094,0.33198323519957,-0.043779640841142525,2.5290495997068048,0.9511845487356186,False
21,wave_pattern_stage2.0.wave_feature_conv1,2,15,1000,0.002,35.0,10.0,post_relu_mean,129.3470916748047,-129.3470916748047,13.243071556091309,0.7446548938751221,0.45268577337265015,129.40172910690308,0.39744818736556115,-0.041883093648953595,2.4201280360590713,1.0418303126096726,False
21,wave_pattern_stage2.0.wave_feature_conv1,2,15,1000,0.002,35.0,10.0,post_relu_mean,94.24343872070312,-94.24343872070312,9.770872116088867,0.5908674597740173,0.3242378830909729,149.20413780212402,0.47217477599761326,-0.04687056138243135,2.7087276554381043,1.1439444279670716,False
21,wave_pattern_stage2.0.wave_feature_conv1,2,15,1000,0.002,35.0,20.0,post_relu_mean,160.50270080566406,-160.50270080566406,16.6707763671875,0.8315193057060242,0.5080941319465637,121.98171424865723,0.3511915534094373,-0.04244169412402769,2.4522091661720826,0.9691961506009101,False
21,wave_pattern_stage2.0.wave_feature_conv1,2,15,1000,0.002,35.0,20.0,post_relu_mean,113.02644348144531,-113.02644348144531,11.607524871826172,0.644831657409668,0.3435404896736145,138.39812660217285,0.414905576436366,-0.0442934462608029,2.561283216560086,1.070471955537796,False
21,wave_pattern_stage2.0.wave_feature_conv1,2,15,1000,0.002,35.0,20.0,post_relu_mean,83.64630889892578,-83.64630889892578,8.735960006713867,0.5218542814254761,0.2569493055343628,159.5228786468506,0.48763191606825806,-0.05038302379726316,2.9118268342028286,1.181160432100296,False
21,wave_pattern_stage2.0.wave_feature_conv1,2,15,1000,0.002,35.0,25.0,post_relu_mean,149.8938751220703,-149.8938751220703,15.621633529663086,0.7768884301185608,0.4450327157974243,125.20643997192383,0.3624459938446161,-0.040844494998388006,2.3603117213477995,0.9725692683458328,False
21,wave_pattern_stage2.0.wave_feature_conv1,2,15,1000,0.002,35.0,25.0,post_relu_mean,105.66726684570312,-105.66726684570312,10.926054954528809,0.5987458229064941,0.30456188321113586,142.90188694000244,0.4265064371340935,-0.045095740288042266,2.607268711421328,1.0798791581392289,False
21,wave_pattern_stage2.0.wave_feature_conv1,2,15,1000,0.002,35.0,25.0,post_relu_mean,79.274658203125,-79.274658203125,8.330976486206055,0.49296241998672485,0.23330146074295044,164.6551570892334,0.49447184042608827,-0.051979272028855,3.0042667695379555,1.2047257936000824,False
23,wave_pattern_stage2.0.wave_feature_conv2,37,15,1000,0.002,15.0,10.0,post_relu_mean,493.1707763671875,-493.1707763671875,44.92441940307617,1.8790925741195679,2.650010585784912,122.6506986618042,0.08771039978879287,-0.10633368724804974,6.139198699682868,0.8192825701832771,False
23,wave_pattern_stage2.0.wave_feature_conv2,37,15,1000,0.002,15.0,10.0,post_relu_mean,391.05828857421875,-391.05828857421875,34.25754928588867,1.6011978387832642,2.001101493835449,90.82549667358398,0.1666702172991889,-0.06290573816221473,3.6319878056131785,0.6136039641499519,False
23,wave_pattern_stage2.0.wave_feature_conv2,37,15,1000,0.002,15.0,10.0,post_relu_mean,280.578125,-280.578125,23.7708740234375,1.27915620803833,1.3321412801742554,71.20730972290039,0.2464815310467403,-0.03344724454588645,1.9310667861485302,0.4967305500805378,False
23,wave_pattern_stage2.0.wave_feature_conv2,37,15,1000,0.002,15.0,20.0,post_relu_mean,446.34722900390625,-446.34722900390625,40.55205154418945,1.678823471069336,1.9401659965515137,108.21738243103027,0.12227011243748405,-0.07840148005653265,4.527033523695509,0.7159468388557434,False
23,wave_pattern_stage2.0.wave_feature_conv2,37,15,1000,0.002,15.0,20.0,post_relu_mean,342.4939270019531,-342.4939270019531,29.867467880249023,1.388266682624817,1.3791687488555908,84.08621788024902,0.1990167087326661,-0.048053782300062874,2.7749114942811177,0.5513494896888733,False
23,wave_pattern_stage2.0.wave_feature_conv2,37,15,1000,0.002,15.0,20.0,post_relu_mean,233.0221405029297,-233.0221405029297,19.642244338989258,1.053467869758606,0.8647748231887817,71.30306053161621,0.2686762960372765,-0.025239931394250435,1.4581635478769506,0.47859554007649424,False
23,wave_pattern_stage2.0.wave_feature_conv2,37,15,1000,0.002,15.0,25.0,post_relu_mean,423.0081787109375,-423.0081787109375,38.40904998779297,1.5855454206466675,1.6702173948287964,103.86780738830566,0.14084861403072263,-0.07010424115621505,4.0481558732563565,0.6788176691532135,False
23,wave_pattern_stage2.0.wave_feature_conv2,37,15,1000,0.002,15.0,25.0,post_relu_mean,319.8270263671875,-319.8270263671875,27.82956886291504,1.2949182987213135,1.1661418676376343,83.09396362304688,0.2132501501669159,-0.04284535782465758,2.475408968483576,0.5330556127429008,False
23,wave_pattern_stage2.0.wave_feature_conv2,37,15,1000,0.002,15.0,25.0,post_relu_mean,213.2947235107422,-213.2947235107422,17.946975708007812,0.9635279774665833,0.7141631245613098,73.16497993469238,0.27869670142716063,-0.024386768599993506,1.4088934011917507,0.4791326841711998,False
23,wave_pattern_stage2.0.wave_feature_conv2,37,15,1000,0.002,25.0,10.0,post_relu_mean,458.61956787109375,-458.61956787109375,42.15871047973633,1.4881069660186768,2.39115571975708,105.64468193054199,0.10343767815898347,-0.08812144381978688,5.087681901346295,0.7550822186470032,False
23,wave_pattern_stage2.0.wave_feature_conv2,37,15,1000,0.002,25.0,10.0,post_relu_mean,351.9013977050781,-351.9013977050781,31.20357322692871,1.2184962034225464,1.7070764303207397,77.20917320251465,0.1796366214583141,-0.04896450447283368,2.827245881371428,0.5655391430854797,False
23,wave_pattern_stage2.0.wave_feature_conv2,37,15,1000,0.002,25.0,10.0,post_relu_mean,242.57171630859375,-242.57171630859375,20.8627872467041,0.9178500175476074,1.0618947744369507,62.93017768859863,0.2506195934167156,-0.025638989053930906,1.4804793901907556,0.47685578390955924,False
23,wave_pattern_stage2.0.wave_feature_conv2,37,15,1000,0.002,25.0,20.0,post_relu_mean,409.80145263671875,-409.80145263671875,37.619808197021484,1.3140052556991577,1.6994603872299194,93.95658206939697,0.13712128917840102,-0.06499746467546273,3.75361134572605,0.6626291131973266,False
23,wave_pattern_stage2.0.wave_feature_conv2,37,15,1000,0.002,25.0,20.0,post_relu_mean,302.6070251464844,-302.6070251464844,26.69199562072754,1.0456652641296387,1.1408551931381226,73.66466903686523,0.2069041456803802,-0.038092323548704565,2.20036480408429,0.5237567946314812,False
23,wave_pattern_stage2.0.wave_feature_conv2,37,15,1000,0.002,25.0,20.0,post_relu_mean,198.64602661132812,-198.64602661132812,17.022384643554688,0.7505155205726624,0.67208331823349,66.01157855987549,0.26801847579085347,-0.021407586068176488,1.2366250938914352,0.4802288371324539,False
23,wave_pattern_stage2.0.wave_feature_conv2,37,15,1000,0.002,25.0,25.0,post_relu_mean,386.3371887207031,-386.3371887207031,35.43370056152344,1.238991618156433,1.4530107975006104,90.87575149536133,0.15456574543038612,-0.05708775221841026,3.2968287046367184,0.6309756037592887,False
23,wave_pattern_stage2.0.wave_feature_conv2,37,15,1000,0.002,25.0,25.0,post_relu_mean,279.3284606933594,-279.3284606933594,24.589384078979492,0.9688737392425537,0.9514697790145874,73.69855117797852,0.2203867544453518,-0.03506077563638386,2.024917038786858,0.515058216303587,False
23,wave_pattern_stage2.0.wave_feature_conv2,37,15,1000,0.002,25.0,25.0,post_relu_mean,180.40493774414062,-180.40493774414062,15.4608154296875,0.6834370493888855,0.5504114627838135,68.72436714172363,0.27729256649399975,-0.020949639729009355,1.2110096645994908,0.48648704260587694,False
23,wave_pattern_stage2.0.wave_feature_conv2,37,15,1000,0.002,35.0,10.0,post_relu_mean,422.45684814453125,-422.45684814453125,39.3350715637207,1.1892991065979004,2.1334710121154785,92.01442050933838,0.11626994545916917,-0.07098959980942272,4.098550785710536,0.7092265897989273,False
23,wave_pattern_stage2.0.wave_feature_conv2,37,15,1000,0.002,35.0,10.0,post_relu_mean,312.135986328125,-312.135986328125,28.100004196166992,0.9314700365066528,1.4504802227020264,67.31216430664062,0.18690043615868665,-0.03810347897037422,2.1999626507716896,0.5490296405553817,False
23,wave_pattern_stage2.0.wave_feature_conv2,37,15,1000,0.002,35.0,10.0,post_relu_mean,203.55413818359375,-203.55413818359375,17.87212371826172,0.6613211035728455,0.8431273698806763,57.429198265075684,0.24542397234659113,-0.01884248156151642,1.0883387268497158,0.5031840857863427,False
23,wave_pattern_stage2.0.wave_feature_conv2,37,15,1000,0.002,35.0,20.0,post_relu_mean,373.3079833984375,-373.3079833984375,34.589447021484375,1.0485771894454956,1.5024614334106445,83.37848281860352,0.14963302354627261,-0.053313769617540606,3.0791461720791973,0.6278933069109917,False
23,wave_pattern_stage2.0.wave_feature_conv2,37,15,1000,0.002,35.0,20.0,post_relu_mean,262.3372802734375,-262.3372802734375,23.390653610229492,0.7961319088935852,0.9480755925178528,66.55121040344238,0.21026266282915912,-0.029342480671429923,1.695057221350506,0.5202679562568665,False
23,wave_pattern_stage2.0.wave_feature_conv2,37,15,1000,0.002,35.0,20.0,post_relu_mean,164.4835205078125,-164.4835205078125,14.399785041809082,0.5389655828475952,0.5270999670028687,62.86417007446289,0.2613291506340521,-0.018264329856346687,1.05551913311268,0.5195045420527458,False
23,wave_pattern_stage2.0.wave_feature_conv2,37,15,1000,0.002,35.0,25.0,post_relu_mean,350.9388732910156,-350.9388732910156,32.44517517089844,0.9837517738342285,1.2770624160766602,81.9522476196289,0.1639496689226785,-0.04690120282448894,2.7086732490568717,0.6068030720949174,False
23,wave_pattern_stage2.0.wave_feature_conv2,37,15,1000,0.002,35.0,25.0,post_relu_mean,243.31439208984375,-243.31439208984375,21.699764251708984,0.7354680299758911,0.7893924713134766,67.9467830657959,0.22144147333058384,-0.02773129658823135,1.601419625759771,0.522918404340744,False
23,wave_pattern_stage2.0.wave_feature_conv2,37,15,1000,0.002,35.0,25.0,post_relu_mean,149.604736328125,-149.604736328125,13.084847450256348,0.490531861782074,0.4361112713813782,66.695631980896,0.2699048083443216,-0.01914272166367796,1.1064239531137754,0.5280581110715866,False
23,wave_pattern_stage2.0.wave_feature_conv2,7,15,1000,0.002,15.0,10.0,post_relu_mean,496.4979248046875,-496.4979248046875,41.55254364013672,2.0812954902648926,3.008934259414673,143.57527446746826,0.15412219642062658,-0.11823851914771685,6.8265910048995,0.8093192562460899,False
23,wave_pattern_stage2.0.wave_feature_conv2,7,15,1000,0.002,15.0,10.0,post_relu_mean,407.62274169921875,-407.62274169921875,32.41065979003906,1.8367396593093872,2.4154703617095947,115.11362075805664,0.2346282914509204,-0.07947941163739054,4.589107757498134,0.6369480368494987,False
23,wave_pattern_stage2.0.wave_feature_conv2,7,15,1000,0.002,15.0,10.0,post_relu_mean,327.50616455078125,-327.50616455078125,24.943490982055664,1.5724232196807861,1.8433810472488403,98.70455932617188,0.3187631908839187,-0.053426878819057576,3.084797267888511,0.5229502356052399,False
23,wave_pattern_stage2.0.wave_feature_conv2,7,15,1000,0.002,15.0,20.0,post_relu_mean,449.5976257324219,-449.5976257324219,37.47788619995117,1.8679285049438477,2.234395980834961,124.88231468200684,0.19696847196159642,-0.08563562144130202,4.944696965066223,0.6826540964841843,False
23,wave_pattern_stage2.0.wave_feature_conv2,7,15,1000,0.002,15.0,20.0,post_relu_mean,357.5608825683594,-357.5608825683594,28.308237075805664,1.596153736114502,1.7002760171890259,102.71192741394043,0.27493801861318473,-0.05648306995753201,3.2616420748956645,0.5423929527401924,False
23,wave_pattern_stage2.0.wave_feature_conv2,7,15,1000,0.002,15.0,20.0,post_relu_mean,277.5314025878906,-277.5314025878906,20.991661071777344,1.3240108489990234,1.2347261905670166,92.84456253051758,0.3498244436466197,-0.03941856120198325,2.2767076358719396,0.47066798895597456,False
23,wave_pattern_stage2.0.wave_feature_conv2,7,15,1000,0.002,15.0,25.0,post_relu_mean,422.984375,-422.984375,35.19185256958008,1.7610127925872803,1.9238897562026978,118.00712013244629,0.21698969392591846,-0.0721303912781993,4.1655233998104935,0.6305977988243103,False
23,wave_pattern_stage2.0.wave_feature_conv2,7,15,1000,0.002,15.0,25.0,post_relu_mean,334.97198486328125,-334.97198486328125,26.51568031311035,1.4860811233520508,1.438197135925293,99.70658111572266,0.29169859390695535,-0.04865899272470366,2.810458231029266,0.5123763807117939,False
23,wave_pattern_stage2.0.wave_feature_conv2,7,15,1000,0.002,15.0,25.0,post_relu_mean,256.6382141113281,-256.6382141113281,19.385278701782227,1.219035029411316,1.0311360359191895,92.44097900390625,0.36349113781971715,-0.0344235820737361,1.9882677733025333,0.4551557429134846,False
23,wave_pattern_stage2.0.wave_feature_conv2,7,15,1000,0.002,25.0,10.0,post_relu_mean,466.54583740234375,-466.54583740234375,39.09701156616211,1.735107660293579,2.742025375366211,125.93568229675293,0.1661197878893103,-0.10018400316003077,5.784396901797812,0.742105316221714,False
23,wave_pattern_stage2.0.wave_feature_conv2,7,15,1000,0.002,25.0,10.0,post_relu_mean,377.0830078125,-377.0830078125,30.159902572631836,1.4692058563232422,2.134101390838623,100.82751274108887,0.24480021621584894,-0.06603336489585945,3.8124249554654184,0.5865224099159241,False
23,wave_pattern_stage2.0.wave_feature_conv2,7,15,1000,0.002,25.0,10.0,post_relu_mean,292.341552734375,-292.341552734375,22.496797561645508,1.1992058753967285,1.5457319021224976,86.75582885742188,0.32733825684935186,-0.040831295211701576,2.3576649968677326,0.4831894926726818,False
23,wave_pattern_stage2.0.wave_feature_conv2,7,15,1000,0.002,25.0,20.0,post_relu_mean,419.26422119140625,-419.26422119140625,35.02684783935547,1.5420563220977783,1.9894839525222778,110.68489170074463,0.20555158835036202,-0.0737092180737746,4.2561407852185456,0.6312644937634468,False
23,wave_pattern_stage2.0.wave_feature_conv2,7,15,1000,0.002,25.0,20.0,post_relu_mean,327.09185791015625,-327.09185791015625,26.052858352661133,1.2734153270721436,1.457275152206421,91.86581802368164,0.28182863619409837,-0.04780267566820245,2.7607212964361447,0.5090244548022747,False
23,wave_pattern_stage2.0.wave_feature_conv2,7,15,1000,0.002,25.0,20.0,post_relu_mean,245.1101837158203,-245.1101837158203,18.762422561645508,1.0096098184585571,1.0088838338851929,84.23619842529297,0.3541223299717453,-0.03117898938894218,1.8006552686250892,0.4482315602898598,False
23,wave_pattern_stage2.0.wave_feature_conv2,7,15,1000,0.002,25.0,25.0,post_relu_mean,393.8291320800781,-393.8291320800781,32.86490249633789,1.4454182386398315,1.6982905864715576,105.67319107055664,0.22332894550998145,-0.06339773376803595,3.661455484442774,0.5898878380656243,False
23,wave_pattern_stage2.0.wave_feature_conv2,7,15,1000,0.002,25.0,25.0,post_relu_mean,305.0605773925781,-305.0605773925781,24.270353317260742,1.1831248998641968,1.2268164157867432,90.36833572387695,0.295949450877999,-0.041100656596233624,2.3739499739171555,0.48717113375663756,False
23,wave_pattern_stage2.0.wave_feature_conv2,7,15,1000,0.002,25.0,25.0,post_relu_mean,224.55810546875,-224.55810546875,17.206798553466797,0.9221528768539429,0.8328237533569336,84.76964950561523,0.3646694289969748,-0.02666262682796928,1.5404640903125335,0.44450857177376746,False
23,wave_pattern_stage2.0.wave_feature_conv2,7,15,1000,0.002,35.0,10.0,post_relu_mean,432.2059020996094,-432.2059020996094,36.351436614990234,1.4433958530426025,2.4706931114196777,110.99986362457275,0.17383088600215937,-0.08528947901012283,4.924462051853673,0.6985235670208931,False
23,wave_pattern_stage2.0.wave_feature_conv2,7,15,1000,0.002,35.0,10.0,post_relu_mean,339.2649230957031,-339.2649230957031,27.30226707458496,1.182307243347168,1.844801664352417,88.72584915161133,0.24986391137080016,-0.052022549912388256,3.0038002348488284,0.5578259626030921,False
23,wave_pattern_stage2.0.wave_feature_conv2,7,15,1000,0.002,35.0,10.0,post_relu_mean,255.9237518310547,-255.9237518310547,19.927385330200195,0.9349111318588257,1.27754807472229,78.01577949523926,0.32526853888366886,-0.03210212746144306,1.8538669141740585,0.4845869375765324,False
23,wave_pattern_stage2.0.wave_feature_conv2,7,15,1000,0.002,35.0,20.0,post_relu_mean,383.0823669433594,-383.0823669433594,32.16663360595703,1.2767503261566162,1.7476487159729004,97.83931350708008,0.21034748899259437,-0.06203784068562592,3.5828043245738956,0.6054852399230003,False
23,wave_pattern_stage2.0.wave_feature_conv2,7,15,1000,0.002,35.0,20.0,post_relu_mean,292.16851806640625,-292.16851806640625,23.41689109802246,1.0161460638046265,1.2409172058105469,83.2405891418457,0.2812662356993505,-0.038707929677154286,2.2350337870198276,0.5027812930941582,False
23,wave_pattern_stage2.0.wave_feature_conv2,7,15,1000,0.002,35.0,20.0,post_relu_mean,213.19033813476562,-213.19033813476562,16.516469955444336,0.7819241285324097,0.825838029384613,78.67669486999512,0.3461945611885693,-0.025166604101349407,1.4538551786005092,0.47226423025131226,False
23,wave_pattern_stage2.0.wave_feature_conv2,7,15,1000,0.002,35.0,25.0,post_relu_mean,359.72906494140625,-359.72906494140625,30.188709259033203,1.1983129978179932,1.4852155447006226,94.44078063964844,0.2266187760858525,-0.05323046065481931,3.0739887593347324,0.5701972061395645,False
23,wave_pattern_stage2.0.wave_feature_conv2,7,15,1000,0.002,35.0,25.0,post_relu_mean,268.12603759765625,-268.12603759765625,21.4591064453125,0.9339834451675415,1.0278286933898926,82.40011215209961,0.2930312472795046,-0.03292074309494761,1.9017080367172166,0.4910424791276455,False
23,wave_pattern_stage2.0.wave_feature_conv2,7,15,1000,0.002,35.0,25.0,post_relu_mean,195.162841796875,-195.162841796875,15.100159645080566,0.7159872055053711,0.6824135184288025,80.70159912109375,0.354046126651121,-0.02381210373069004,1.3758066620895044,0.47850897163152695,False
23,wave_pattern_stage2.0.wave_feature_conv2,27,15,1000,0.002,15.0,10.0,post_relu_mean,129.3980255126953,-129.3980255126953,13.734566688537598,0.8865680694580078,0.8703050017356873,52.72520923614502,0.1973421413201221,-0.018104604268873354,1.0457874972722225,0.4048642574250698,False
23,wave_pattern_stage2.0.wave_feature_conv2,27,15,1000,0.002,15.0,10.0,post_relu_mean,86.39842987060547,-86.39842987060547,8.883051872253418,0.6498233079910278,0.5454328060150146,61.43419027328491,0.260886009529028,-0.016185479367618886,0.9355401557711961,0.427146018743515,False
23,wave_pattern_stage2.0.wave_feature_conv2,27,15,1000,0.002,15.0,10.0,post_relu_mean,59.62819290161133,-59.62819290161133,6.06830358505249,0.5013518333435059,0.36896446347236633,74.93652057647705,0.3232664576088575,-0.020510892034032953,1.1857935416852543,0.48670840173959734,False
23,wave_pattern_stage2.0.wave_feature_conv2,27,15,1000,0.002,15.0,20.0,post_relu_mean,100.38075256347656,-100.38075256347656,10.613716125488281,0.6960402727127075,0.4921848475933075,58.35398197174072,0.21218891104784088,-0.017917327405202417,1.0355839529987294,0.42806112885475156,False
23,wave_pattern_stage2.0.wave_feature_conv2,27,15,1000,0.002,15.0,20.0,post_relu_mean,66.7252426147461,-66.7252426147461,6.8887715339660645,0.5113317966461182,0.3191717267036438,69.94633293151855,0.27139048128235554,-0.01935591500313116,1.119171232933541,0.47401006773114207,False
23,wave_pattern_stage2.0.wave_feature_conv2,27,15,1000,0.002,15.0,20.0,post_relu_mean,47.181129455566406,-47.181129455566406,4.869874000549316,0.4027617573738098,0.23415689170360565,84.84350538253784,0.3331212322202064,-0.02491109407306621,1.4406422506500174,0.5370707330107689,False
23,wave_pattern_stage2.0.wave_feature_conv2,27,15,1000,0.002,15.0,25.0,post_relu_mean,88.54544067382812,-88.54544067382812,9.40006160736084,0.6171004176139832,0.38842639327049255,61.87279224395752,0.22166202227750262,-0.01826939076697094,1.0563020002070986,0.4414121118187904,False
23,wave_pattern_stage2.0.wave_feature_conv2,27,15,1000,0.002,15.0,25.0,post_relu_mean,60.11821746826172,-60.11821746826172,6.252786636352539,0.4588882625102997,0.26106637716293335,74.6120195388794,0.27976862414794346,-0.020557580274946557,1.1885780750237416,0.49166849568486215,False
23,wave_pattern_stage2.0.wave_feature_conv2,27,15,1000,0.002,15.0,25.0,post_relu_mean,43.39244842529297,-43.39244842529297,4.539273262023926,0.37083637714385986,0.20078641176223755,89.71399307250977,0.3394922876009895,-0.0259747706809316,1.501815390354221,0.5647482508420945,False
23,wave_pattern_stage2.0.wave_feature_conv2,27,15,1000,0.002,25.0,10.0,post_relu_mean,100.3935546875,-100.3935546875,11.030197143554688,0.5252889394760132,0.6456102728843689,49.677512645721436,0.19320769004656344,-0.014119393435885703,0.8158749291932943,0.42470221370458605,False
23,wave_pattern_stage2.0.wave_feature_conv2,27,15,1000,0.002,25.0,10.0,post_relu_mean,66.96058654785156,-66.96058654785156,7.211592197418213,0.37918931245803833,0.40911680459976196,61.611743450164795,0.2520429253452558,-0.016798047720782448,0.9708285450409697,0.4654118637740612,False
23,wave_pattern_stage2.0.wave_feature_conv2,27,15,1000,0.002,25.0,10.0,post_relu_mean,47.142822265625,-47.142822265625,5.065890312194824,0.3015870451927185,0.28910064697265625,76.86504364013672,0.3115686549607767,-0.022669719140134263,1.3116498389737512,0.5334792737662792,False
23,wave_pattern_stage2.0.wave_feature_conv2,27,15,1000,0.002,25.0,20.0,post_relu_mean,75.46420288085938,-75.46420288085938,8.31218147277832,0.40412676334381104,0.35874998569488525,57.16724252700806,0.20719892499021275,-0.01613306211726052,0.9330186518744156,0.45777554214000704,False
23,wave_pattern_stage2.0.wave_feature_conv2,27,15,1000,0.002,25.0,20.0,post_relu_mean,52.20663833618164,-52.20663833618164,5.655492305755615,0.30687808990478516,0.24766945838928223,71.33497047424316,0.2645146800652876,-0.02039589048317097,1.179548032939375,0.5097339902818203,False
23,wave_pattern_stage2.0.wave_feature_conv2,27,15,1000,0.002,25.0,20.0,post_relu_mean,37.631500244140625,-37.631500244140625,4.125612258911133,0.24744558334350586,0.19010527431964874,87.34148979187012,0.3212833910272986,-0.027417321108934866,1.5851562237663466,0.589607778787613,False
23,wave_pattern_stage2.0.wave_feature_conv2,27,15,1000,0.002,25.0,25.0,post_relu_mean,68.04198455810547,-68.04198455810547,7.522326469421387,0.366977334022522,0.2882876992225647,61.71196746826172,0.2147337972708786,-0.01838796779684354,1.062700556453968,0.47952434986829756,False
23,wave_pattern_stage2.0.wave_feature_conv2,27,15,1000,0.002,25.0,25.0,post_relu_mean,46.188838958740234,-46.188838958740234,5.07141637802124,0.274257630109787,0.20394806563854218,76.20139026641846,0.272530923298785,-0.02254534048910019,1.3032021371581692,0.5332081116735935,False
23,wave_pattern_stage2.0.wave_feature_conv2,27,15,1000,0.002,25.0,25.0,post_relu_mean,34.99736022949219,-34.99736022949219,3.888178825378418,0.2340656816959381,0.16634944081306458,92.3635196685791,0.32803050914703885,-0.02911024752180351,1.683046101273123,0.6191724559664726,False
23,wave_pattern_stage2.0.wave_feature_conv2,27,15,1000,0.002,35.0,10.0,post_relu_mean,82.86798095703125,-82.86798095703125,9.353400230407715,0.35291239619255066,0.5305620431900024,50.43323230743408,0.1820181623545381,-0.014303841711047314,0.8266302690196148,0.48302768900990484,False
23,wave_pattern_stage2.0.wave_feature_conv2,27,15,1000,0.002,35.0,10.0,post_relu_mean,56.54792404174805,-56.54792404174805,6.321485996246338,0.25827720761299133,0.34737953543663025,63.99027109146118,0.23917485172345732,-0.019065807828629253,1.1015846787171537,0.5317192834615707,False
23,wave_pattern_stage2.0.wave_feature_conv2,27,15,1000,0.002,35.0,10.0,post_relu_mean,41.1463508605957,-41.1463508605957,4.614612579345703,0.21329578757286072,0.2564879357814789,79.9434700012207,0.29689280501691007,-0.025171461553823223,1.455174490761039,0.602759039402008,False
23,wave_pattern_stage2.0.wave_feature_conv2,27,15,1000,0.002,35.0,20.0,post_relu_mean,62.4386100769043,-62.4386100769043,7.097958564758301,0.274217426776886,0.3001302182674408,58.932111740112305,0.19669612891413107,-0.016874052664796038,0.975532687275625,0.5163191236555577,False
23,wave_pattern_stage2.0.wave_feature_conv2,27,15,1000,0.002,35.0,20.0,post_relu_mean,43.97756576538086,-43.97756576538086,4.977121353149414,0.21171918511390686,0.2148081362247467,74.06481838226318,0.25161548752435947,-0.022693308431353136,1.3115525486823163,0.5774427768588066,False
23,wave_pattern_stage2.0.wave_feature_conv2,27,15,1000,0.002,35.0,20.0,post_relu_mean,33.545589447021484,-33.545589447021484,3.825082302093506,0.18273325264453888,0.17463403940200806,90.67319393157959,0.30905592017450456,-0.03007968037392921,1.7395667525902894,0.6579623845219612,False
23,wave_pattern_stage2.0.wave_feature_conv2,27,15,1000,0.002,35.0,25.0,post_relu_mean,56.45636749267578,-56.45636749267578,6.430697917938232,0.25235500931739807,0.2451300173997879,63.80163812637329,0.20533728187330735,-0.018469600501175295,1.068191545113388,0.5355775648355484,False
23,wave_pattern_stage2.0.wave_feature_conv2,27,15,1000,0.002,35.0,25.0,post_relu_mean,40.55173110961914,-40.55173110961914,4.630422115325928,0.19691376388072968,0.1835458129644394,79.17968940734863,0.25968645170082,-0.024576526715661948,1.4218653663490144,0.5991664469242096,False
23,wave_pattern_stage2.0.wave_feature_conv2,27,15,1000,0.002,35.0,25.0,post_relu_mean,31.160852432250977,-31.160852432250977,3.609734535217285,0.1722187101840973,0.15171021223068237,95.8359260559082,0.3155929308531853,-0.03181991933211647,1.8393118095438796,0.6855572944879532,False
26,wave_pattern_stage2.0.skip_connection.0,47,15,1000,0.002,15.0,10.0,post_relu_mean,231.092041015625,-231.092041015625,21.184606552124023,1.490553379058838,1.2930824756622314,107.30165481567383,0.2853421334036969,-0.04984138646988055,2.8779048237788984,0.9600458294153214,False
26,wave_pattern_stage2.0.skip_connection.0,47,15,1000,0.002,15.0,10.0,post_relu_mean,186.9954071044922,-186.9954071044922,16.594083786010742,1.2715263366699219,0.9830797910690308,105.88175201416016,0.3322238671117791,-0.03765052764224227,2.1746196284844492,0.9658092123270035,False
26,wave_pattern_stage2.0.skip_connection.0,47,15,1000,0.002,15.0,10.0,post_relu_mean,150.17857360839844,-150.17857360839844,12.977660179138184,1.0856027603149414,0.7504867911338806,110.8851547241211,0.37874813339480873,-0.03371455443340848,1.9482900166522392,1.0020442542433738,False
26,wave_pattern_stage2.0.skip_connection.0,47,15,1000,0.002,15.0,20.0,post_relu_mean,203.74005126953125,-203.74005126953125,18.4976806640625,1.3133853673934937,0.9721717834472656,105.98587799072266,0.30667717658415455,-0.0409858807871564,2.3668200967927873,0.9476950705051422,False
26,wave_pattern_stage2.0.skip_connection.0,47,15,1000,0.002,15.0,20.0,post_relu_mean,164.2305908203125,-164.2305908203125,14.471887588500977,1.1145005226135254,0.7337785363197327,108.68794631958008,0.352406432194463,-0.03442972076794824,1.989679418170007,0.9673550614714622,False
26,wave_pattern_stage2.0.skip_connection.0,47,15,1000,0.002,15.0,20.0,post_relu_mean,131.17062377929688,-131.17062377929688,11.30236530303955,0.9416928291320801,0.5634446144104004,116.43230628967285,0.3947644563469806,-0.03297860159373629,1.9063776084235342,1.019513106048107,False
26,wave_pattern_stage2.0.skip_connection.0,47,15,1000,0.002,15.0,25.0,post_relu_mean,191.1256103515625,-191.1256103515625,17.300817489624023,1.2347110509872437,0.8466980457305908,106.74698448181152,0.31753876601178466,-0.03876861205902477,2.2397516949205065,0.939873358309269,False
26,wave_pattern_stage2.0.skip_connection.0,47,15,1000,0.002,15.0,25.0,post_relu_mean,153.30563354492188,-153.30563354492188,13.485143661499023,1.0382424592971802,0.6384274959564209,111.05709838867188,0.36180133549691507,-0.03439963175388017,1.9878075169464904,0.9732775411009789,False
26,wave_pattern_stage2.0.skip_connection.0,47,15,1000,0.002,15.0,25.0,post_relu_mean,122.54327392578125,-122.54327392578125,10.56469440460205,0.8811113834381104,0.49411532282829285,119.81013011932373,0.4035285555762985,-0.033443251239075926,1.934246138540517,1.0296057680249213,False
26,wave_pattern_stage2.0.skip_connection.0,47,15,1000,0.002,25.0,10.0,post_relu_mean,203.54998779296875,-203.54998779296875,18.989418029785156,1.174598217010498,1.0726217031478882,94.93681144714355,0.28470565703998485,-0.03729606979903425,2.1538291252664115,0.9522901365160942,False
26,wave_pattern_stage2.0.skip_connection.0,47,15,1000,0.002,25.0,10.0,post_relu_mean,162.45816040039062,-162.45816040039062,14.786670684814453,0.9736942052841187,0.7979152202606201,96.99893379211426,0.3270077520227323,-0.028641721036583846,1.655467448740911,0.9675396493077278,False
26,wave_pattern_stage2.0.skip_connection.0,47,15,1000,0.002,25.0,10.0,post_relu_mean,128.0235595703125,-128.0235595703125,11.450138092041016,0.8113876581192017,0.6005265116691589,104.58973598480225,0.3689813150177509,-0.02719442347132649,1.5723437947192112,1.0216131636500358,False
26,wave_pattern_stage2.0.skip_connection.0,47,15,1000,0.002,25.0,20.0,post_relu_mean,178.0768585205078,-178.0768585205078,16.53102684020996,1.02410888671875,0.7926160097122192,96.39137840270996,0.30666453538075605,-0.03041166915956498,1.7565352596064137,0.9344675093889236,False
26,wave_pattern_stage2.0.skip_connection.0,47,15,1000,0.002,25.0,20.0,post_relu_mean,140.84910583496094,-140.84910583496094,12.753863334655762,0.8448431491851807,0.5867916941642761,102.19975852966309,0.34736726923971656,-0.02828454310901343,1.6354250211639347,0.9752224504947662,False
26,wave_pattern_stage2.0.skip_connection.0,47,15,1000,0.002,25.0,20.0,post_relu_mean,110.49765014648438,-110.49765014648438,9.86452865600586,0.7012530565261841,0.4466494917869568,112.24276828765869,0.3856971738835767,-0.029948082965160463,1.7312078699831666,1.0424298498034477,False
26,wave_pattern_stage2.0.skip_connection.0,47,15,1000,0.002,25.0,25.0,post_relu_mean,165.76622009277344,-165.76622009277344,15.336679458618164,0.9548614025115967,0.6862638592720032,98.40948867797852,0.31574277066740564,-0.029572305411093684,1.7088825854722913,0.9382507279515266,False
26,wave_pattern_stage2.0.skip_connection.0,47,15,1000,0.002,25.0,25.0,post_relu_mean,130.54299926757812,-130.54299926757812,11.825562477111816,0.783649206161499,0.5080938339233398,105.42479991912842,0.35640479888536947,-0.029180756479284916,1.6864631370202272,0.983469697535038,False
26,wave_pattern_stage2.0.skip_connection.0,47,15,1000,0.002,25.0,25.0,post_relu_mean,103.32923889160156,-103.32923889160156,9.245377540588379,0.6552118062973022,0.39187055826187134,116.47538375854492,0.39114276591684344,-0.030941795183749846,1.7890716828966133,1.0611220395565033,False
26,wave_pattern_stage2.0.skip_connection.0,47,15,1000,0.002,35.0,10.0,post_relu_mean,179.11512756347656,-179.11512756347656,17.1923828125,0.9209692478179932,0.8991532325744629,86.55986022949219,0.2865203161451481,-0.026335657030770943,1.5213882611505347,0.9393498861789703,False
26,wave_pattern_stage2.0.skip_connection.0,47,15,1000,0.002,35.0,10.0,post_relu_mean,140.1045379638672,-140.1045379638672,13.11611557006836,0.7502620220184326,0.6542112231254578,92.14292335510254,0.32079003297601477,-0.024044822942000887,1.3900232929174154,0.9857117822766304,False
26,wave_pattern_stage2.0.skip_connection.0,47,15,1000,0.002,35.0,10.0,post_relu_mean,109.06110382080078,-109.06110382080078,10.117229461669922,0.614022970199585,0.4912619888782501,102.12292671203613,0.36111065974938517,-0.026465791969639788,1.5302789419069762,1.0503180235624314,False
26,wave_pattern_stage2.0.skip_connection.0,47,15,1000,0.002,35.0,20.0,post_relu_mean,154.2818145751953,-154.2818145751953,14.661832809448242,0.794845700263977,0.6542823314666748,90.84343433380127,0.30344408126926675,-0.024786495364526828,1.432985968435079,0.9432090073823929,False
26,wave_pattern_stage2.0.skip_connection.0,47,15,1000,0.002,35.0,20.0,post_relu_mean,120.04415893554688,-120.04415893554688,11.231156349182129,0.6431452035903931,0.4794045686721802,98.94815254211426,0.3392425003490287,-0.025955916657716408,1.5015749275409864,1.0009832200407982,False
26,wave_pattern_stage2.0.skip_connection.0,47,15,1000,0.002,35.0,20.0,post_relu_mean,94.35358428955078,-94.35358428955078,8.74734115600586,0.5319651365280151,0.367623895406723,111.2593936920166,0.3766014836504173,-0.029945359639535665,1.7311748379759666,1.074386749267578,False
26,wave_pattern_stage2.0.skip_connection.0,47,15,1000,0.002,35.0,25.0,post_relu_mean,143.72897338867188,-143.72897338867188,13.662893295288086,0.7419549822807312,0.5656322240829468,93.62059116363525,0.31192577331127636,-0.024562677132218755,1.420204827671529,0.9495825138688088,False
26,wave_pattern_stage2.0.skip_connection.0,47,15,1000,0.002,35.0,25.0,post_relu_mean,111.83734130859375,-111.83734130859375,10.478021621704102,0.6010286808013916,0.4173390567302704,102.93651103973389,0.3484959377805497,-0.02639778085635804,1.525738444079118,1.0094379395246507,False
26,wave_pattern_stage2.0.skip_connection.0,47,15,1000,0.002,35.0,25.0,post_relu_mean,87.58049011230469,-87.58049011230469,8.170220375061035,0.49461764097213745,0.32278499007225037,115.81181240081787,0.38742381802590764,-0.031152033250437194,1.8005857411581343,1.08136454641819,False
26,wave_pattern_stage2.0.skip_connection.0,30,15,1000,0.002,15.0,10.0,post_relu_mean,223.65478515625,-223.65478515625,21.221323013305664,1.4086523056030273,1.146829605102539,107.20080184936523,0.24533597850760996,-0.05667255531505018,3.2724470760763764,0.9459079459309578,False
26,wave_pattern_stage2.0.skip_connection.0,30,15,1000,0.002,15.0,10.0,post_relu_mean,178.47035217285156,-178.47035217285156,16.580825805664062,1.1781765222549438,0.8416708707809448,105.24950408935547,0.2914564182589693,-0.043246854626747065,2.497368647633608,0.9512551015615464,False
26,wave_pattern_stage2.0.skip_connection.0,30,15,1000,0.002,15.0,10.0,post_relu_mean,137.7668914794922,-137.7668914794922,12.673566818237305,0.9672294855117798,0.6141009330749512,109.39221286773682,0.3367952343056657,-0.03764924413559005,2.174525172814813,0.9847865936160087,False
26,wave_pattern_stage2.0.skip_connection.0,30,15,1000,0.002,15.0,20.0,post_relu_mean,198.9488525390625,-198.9488525390625,18.69378089904785,1.24088454246521,0.8588720560073853,108.07786178588867,0.2693850539513132,-0.04997027885473062,2.8856939654337235,0.9285267701745034,False
26,wave_pattern_stage2.0.skip_connection.0,30,15,1000,0.002,15.0,20.0,post_relu_mean,156.9872283935547,-156.9872283935547,14.477805137634277,1.0254337787628174,0.6266127228736877,109.8489637374878,0.3118607035536312,-0.04160564480473058,2.4035526944687184,0.952189876139164,False
26,wave_pattern_stage2.0.skip_connection.0,30,15,1000,0.002,15.0,20.0,post_relu_mean,121.05479431152344,-121.05479431152344,11.085859298706055,0.8476446270942688,0.46205854415893555,116.7459192276001,0.35395282740938294,-0.038144855020749525,2.20415672706692,1.0058568033576012,False
26,wave_pattern_stage2.0.skip_connection.0,30,15,1000,0.002,15.0,25.0,post_relu_mean,187.78819274902344,-187.78819274902344,17.60098648071289,1.161034107208252,0.7518529891967773,109.68702697753906,0.2818776755550319,-0.047384194483020635,2.736347556118489,0.9227782690525055,False
26,wave_pattern_stage2.0.skip_connection.0,30,15,1000,0.002,15.0,25.0,post_relu_mean,147.70065307617188,-147.70065307617188,13.606904029846191,0.969255268573761,0.55050128698349,112.6834020614624,0.3217033960574773,-0.03963889683141431,2.2896680392892916,0.9591302227973938,False
26,wave_pattern_stage2.0.skip_connection.0,30,15,1000,0.002,15.0,25.0,post_relu_mean,114.09857177734375,-114.09857177734375,10.442401885986328,0.795604944229126,0.40904727578163147,120.91780757904053,0.3638133774424511,-0.037636331917867125,2.174485632347327,1.0131185680627823,False
26,wave_pattern_stage2.0.skip_connection.0,30,15,1000,0.002,25.0,10.0,post_relu_mean,196.68141174316406,-196.68141174316406,19.073740005493164,1.0956623554229736,0.9396498203277588,95.6834774017334,0.25090626497178525,-0.04434884566963188,2.560832322995561,0.9208030167222023,False
26,wave_pattern_stage2.0.skip_connection.0,30,15,1000,0.002,25.0,10.0,post_relu_mean,152.5557403564453,-152.5557403564453,14.571749687194824,0.891449511051178,0.6696701645851135,97.12685537338257,0.2923317908949118,-0.03411990619551561,1.9703108589734588,0.9406873807311058,False
26,wave_pattern_stage2.0.skip_connection.0,30,15,1000,0.002,25.0,10.0,post_relu_mean,116.91593933105469,-116.91593933105469,11.109240531921387,0.7236697673797607,0.48773589730262756,104.91348886489868,0.33043635592051185,-0.03245405293633967,1.8752288790842275,1.0066200631856919,False
26,wave_pattern_stage2.0.skip_connection.0,30,15,1000,0.002,25.0,20.0,post_relu_mean,173.69580078125,-173.69580078125,16.665943145751953,0.9619119167327881,0.697402834892273,99.42745399475098,0.2729072539967383,-0.039910651655232186,2.304828512977215,0.9123703652620315,False
26,wave_pattern_stage2.0.skip_connection.0,30,15,1000,0.002,25.0,20.0,post_relu_mean,132.7628631591797,-132.7628631591797,12.597014427185059,0.7743677496910095,0.49588462710380554,103.92073822021484,0.31123657056354237,-0.035086464039662285,2.026578535877439,0.9533794176578522,False
26,wave_pattern_stage2.0.skip_connection.0,30,15,1000,0.002,25.0,20.0,post_relu_mean,101.4601058959961,-101.4601058959961,9.633004188537598,0.6268742084503174,0.36371171474456787,113.84961891174316,0.34248877620800794,-0.03567988635808272,2.0624899524399134,1.041150543987751,False
26,wave_pattern_stage2.0.skip_connection.0,30,15,1000,0.002,25.0,25.0,post_relu_mean,162.15231323242188,-162.15231323242188,15.531662940979004,0.9057445526123047,0.6046047806739807,101.60246467590332,0.28196236219296816,-0.03924988569684372,2.266769005351707,0.9172117105126381,False
26,wave_pattern_stage2.0.skip_connection.0,30,15,1000,0.002,25.0,25.0,post_relu_mean,125.17549133300781,-125.17549133300781,11.85672378540039,0.7276300191879272,0.4347093403339386,108.01549816131592,0.3176382590051743,-0.03569510847363621,2.061986450969631,0.9737306132912635,False
26,wave_pattern_stage2.0.skip_connection.0,30,15,1000,0.002,25.0,25.0,post_relu_mean,94.89558410644531,-94.89558410644531,9.026402473449707,0.5879822373390198,0.31983134150505066,118.53666305541992,0.35259113002550896,-0.036911210668316805,2.133606804483088,1.0505228587985038,False
26,wave_pattern_stage2.0.skip_connection.0,30,15,1000,0.002,35.0,10.0,post_relu_mean,170.94290161132812,-170.94290161132812,16.993467330932617,0.853667676448822,0.7793624401092529,88.23587417602539,0.2530093972936696,-0.03491061088785464,2.0157210111712085,0.9157463529706001,False
26,wave_pattern_stage2.0.skip_connection.0,30,15,1000,0.002,35.0,10.0,post_relu_mean,130.25518798828125,-130.25518798828125,12.840877532958984,0.6805583238601685,0.5437513589859009,93.01210975646973,0.28873259731318757,-0.029758695982084235,1.7192960803845871,0.9617238369584084,False
26,wave_pattern_stage2.0.skip_connection.0,30,15,1000,0.002,35.0,10.0,post_relu_mean,98.01628112792969,-98.01628112792969,9.711250305175781,0.546194314956665,0.3912217319011688,103.14877033233643,0.31697772399552365,-0.03145586813326797,1.8175135141506022,1.0501344254612923,False
26,wave_pattern_stage2.0.skip_connection.0,30,15,1000,0.002,35.0,20.0,post_relu_mean,148.43675231933594,-148.43675231933594,14.648496627807617,0.738627552986145,0.5664408206939697,93.71855640411377,0.27012828111211884,-0.035043361348096574,2.0243147246260977,0.9233583152294159,False
26,wave_pattern_stage2.0.skip_connection.0,30,15,1000,0.002,35.0,20.0,post_relu_mean,112.29076385498047,-112.29076385498047,11.046670913696289,0.5862274169921875,0.3990771472454071,101.24171590805054,0.3028843817089266,-0.032637047055226624,1.8856355246505978,0.9914531549811363,False
26,wave_pattern_stage2.0.skip_connection.0,30,15,1000,0.002,35.0,20.0,post_relu_mean,85.69831848144531,-85.69831848144531,8.47180461883545,0.47728079557418823,0.2956082820892334,113.48066997528076,0.33016373263725063,-0.03654882751043691,2.1125461273861434,1.0889179784059524,False
26,wave_pattern_stage2.0.skip_connection.0,30,15,1000,0.002,35.0,25.0,post_relu_mean,139.1774444580078,-139.1774444580078,13.70300006866455,0.6935715675354004,0.4926358461380005,97.20901012420654,0.27948951819489076,-0.03489105517370868,2.015798976976039,0.9300901627540589,False
26,wave_pattern_stage2.0.skip_connection.0,30,15,1000,0.002,35.0,25.0,post_relu_mean,105.51805114746094,-105.51805114746094,10.381528854370117,0.54981529712677,0.35035204887390137,105.82870960235596,0.3101361516610595,-0.03368526638989187,1.9480661532230974,1.0074507528543473,False
26,wave_pattern_stage2.0.skip_connection.0,30,15,1000,0.002,35.0,25.0,post_relu_mean,79.66696166992188,-79.66696166992188,7.912041187286377,0.4448031485080719,0.26080629229545593,118.55731582641602,0.33903760250482134,-0.03837799840397963,2.2185909407562248,1.106362686753273,False
26,wave_pattern_stage2.0.skip_connection.0,37,15,1000,0.002,15.0,10.0,post_relu_mean,141.8400115966797,-141.8400115966797,13.96362590789795,1.2321208715438843,0.8357863426208496,88.38153839111328,0.2329197368899778,-0.03489738100924943,2.0150252101990054,0.8023162743449211,False
26,wave_pattern_stage2.0.skip_connection.0,37,15,1000,0.002,15.0,10.0,post_relu_mean,109.09889221191406,-109.09889221191406,10.517723083496094,1.0314480066299438,0.6105345487594604,95.42029476165771,0.27193666461284505,-0.03000843455050629,1.7334802154470248,0.8695230865478516,False
26,wave_pattern_stage2.0.skip_connection.0,37,15,1000,0.002,15.0,10.0,post_relu_mean,86.64647674560547,-86.64647674560547,8.266386985778809,0.8852940797805786,0.47307664155960083,107.19273376464844,0.3093621192986391,-0.03140375130748585,1.815027921065893,0.9676326006650925,False
26,wave_pattern_stage2.0.skip_connection.0,37,15,1000,0.002,15.0,20.0,post_relu_mean,121.62064361572266,-121.62064361572266,11.839154243469238,1.0581576824188232,0.594393789768219,93.19573879241943,0.2514828760475203,-0.032397430237956264,1.8715509133849355,0.811904383301735,False
26,wave_pattern_stage2.0.skip_connection.0,37,15,1000,0.002,15.0,20.0,post_relu_mean,94.28250885009766,-94.28250885009766,9.012950897216797,0.8860729932785034,0.441374808549881,103.18338775634766,0.2900687450870791,-0.031856445054858434,1.8410761334046402,0.8906337118148804,False
26,wave_pattern_stage2.0.skip_connection.0,37,15,1000,0.002,15.0,20.0,post_relu_mean,74.66319274902344,-74.66319274902344,7.116798400878906,0.7593239545822144,0.34872567653656006,116.28437757492065,0.32762145056535963,-0.03466084434543896,2.0030566143658035,0.9927252548933029,False
26,wave_pattern_stage2.0.skip_connection.0,37,15,1000,0.002,15.0,25.0,post_relu_mean,112.65076446533203,-112.65076446533203,10.97710132598877,0.9759624004364014,0.5059064030647278,96.27477931976318,0.2627563676979788,-0.032579462936471175,1.8833349908919326,0.8170818138122559,False
26,wave_pattern_stage2.0.skip_connection.0,37,15,1000,0.002,15.0,25.0,post_relu_mean,88.02298736572266,-88.02298736572266,8.415536880493164,0.8272444009780884,0.383213073015213,107.37418174743652,0.2991467301291323,-0.03283590377642245,1.8982803884589803,0.9052355465292931,False
26,wave_pattern_stage2.0.skip_connection.0,37,15,1000,0.002,15.0,25.0,post_relu_mean,69.5838851928711,-69.5838851928711,6.66478157043457,0.7035527229309082,0.3057469129562378,120.9820442199707,0.3368258059614999,-0.03588484522479692,2.0738028099160344,1.0085322481393815,False
26,wave_pattern_stage2.0.skip_connection.0,37,15,1000,0.002,25.0,10.0,post_relu_mean,116.16041564941406,-116.16041564941406,11.987276077270508,0.8717648983001709,0.6211972236633301,79.98291110992432,0.23697600437160865,-0.026211307280009793,1.514524894942071,0.7895668658614159,False
26,wave_pattern_stage2.0.skip_connection.0,37,15,1000,0.002,25.0,10.0,post_relu_mean,88.24614715576172,-88.24614715576172,8.999671936035156,0.7189046740531921,0.44726550579071045,90.45669078826904,0.268932064563384,-0.02694440521411043,1.5572615009315887,0.8813426128029823,False
26,wave_pattern_stage2.0.skip_connection.0,37,15,1000,0.002,25.0,10.0,post_relu_mean,69.72450256347656,-69.72450256347656,7.096888542175293,0.611335277557373,0.3498837649822235,104.63714122772217,0.3018621591716582,-0.030786437382444506,1.7790628954821703,0.9921669480204582,False
26,wave_pattern_stage2.0.skip_connection.0,37,15,1000,0.002,25.0,20.0,post_relu_mean,99.38806915283203,-99.38806915283203,10.156835556030273,0.7435386776924133,0.4377995729446411,87.76811408996582,0.2530095439702984,-0.02719215501859524,1.5719257475781514,0.807457582950592,False
26,wave_pattern_stage2.0.skip_connection.0,37,15,1000,0.002,25.0,20.0,post_relu_mean,75.3768081665039,-75.3768081665039,7.667316436767578,0.6103869676589966,0.3235984742641449,100.04264831542969,0.28593582105358856,-0.029917887452215037,1.72933047526043,0.9067607772350311,False
26,wave_pattern_stage2.0.skip_connection.0,37,15,1000,0.002,25.0,20.0,post_relu_mean,60.03535461425781,-60.03535461425781,6.14456033706665,0.5247530937194824,0.26145750284194946,115.03600597381592,0.3200900384281111,-0.0351462414015585,2.032353274709242,1.0247075682878495,False
26,wave_pattern_stage2.0.skip_connection.0,37,15,1000,0.002,25.0,25.0,post_relu_mean,91.67294311523438,-91.67294311523438,9.371402740478516,0.6871837377548218,0.37409475445747375,91.90491104125977,0.26293488660218145,-0.02848260862063925,1.6466065657792512,0.8177678453922271,False
26,wave_pattern_stage2.0.skip_connection.0,37,15,1000,0.002,25.0,25.0,post_relu_mean,70.0957260131836,-70.0957260131836,7.133435249328613,0.5699687600135803,0.28132927417755127,105.02321338653564,0.2948332279687063,-0.03148225707910537,1.8205422616177493,0.9219215729832649,False
26,wave_pattern_stage2.0.skip_connection.0,37,15,1000,0.002,25.0,25.0,post_relu_mean,56.294952392578125,-56.294952392578125,5.772275924682617,0.49315500259399414,0.23215578496456146,120.40278434753418,0.3274430117190921,-0.03672465299939498,2.1232729263804613,1.0440213149785995,False
26,wave_pattern_stage2.0.skip_connection.0,37,15,1000,0.002,35.0,10.0,post_relu_mean,94.11679077148438,-94.11679077148438,10.302196502685547,0.6197929382324219,0.468822181224823,75.97291469573975,0.23476772545005148,-0.023115808997929938,1.3354531179899178,0.804056082367897,False
26,wave_pattern_stage2.0.skip_connection.0,37,15,1000,0.002,35.0,10.0,post_relu_mean,70.99579620361328,-70.99579620361328,7.754397392272949,0.5036811828613281,0.3418850898742676,89.17906093597412,0.26172134796960184,-0.02739786818711834,1.583412122434266,0.9189385560154915,False
26,wave_pattern_stage2.0.skip_connection.0,37,15,1000,0.002,35.0,10.0,post_relu_mean,56.7861442565918,-56.7861442565918,6.213102340698242,0.43550682067871094,0.27298176288604736,105.07546615600586,0.2912527893750814,-0.0335855019667461,1.9404688241406223,1.0410276389122008,False
26,wave_pattern_stage2.0.skip_connection.0,37,15,1000,0.002,35.0,20.0,post_relu_mean,78.94828033447266,-78.94828033447266,8.616069793701172,0.5203732252120972,0.32774850726127625,85.30305433273315,0.24863991226445775,-0.025820003582264807,1.4920445321518427,0.8361228841543198,False
26,wave_pattern_stage2.0.skip_connection.0,37,15,1000,0.002,35.0,20.0,post_relu_mean,59.77031707763672,-59.77031707763672,6.563107967376709,0.42621666193008423,0.24634858965873718,99.76985931396484,0.2763774038777523,-0.03165476600808909,1.8293010461904653,0.9519149047136307,False
26,wave_pattern_stage2.0.skip_connection.0,37,15,1000,0.002,35.0,20.0,post_relu_mean,49.20787811279297,-49.20787811279297,5.438901424407959,0.37642863392829895,0.2082589566707611,116.18020439147949,0.30630104253485546,-0.037789782729607,2.1837515464657185,1.0792833787202836,False
26,wave_pattern_stage2.0.skip_connection.0,37,15,1000,0.002,35.0,25.0,post_relu_mean,73.28789520263672,-73.28789520263672,7.978398323059082,0.4855613112449646,0.2824364900588989,90.36024761199951,0.2570342880004046,-0.028139689147298037,1.6262593259543974,0.8520358031988144,False
26,wave_pattern_stage2.0.skip_connection.0,37,15,1000,0.002,35.0,25.0,post_relu_mean,56.081695556640625,-56.081695556640625,6.171995639801025,0.39967119693756104,0.21747098863124847,105.17082977294922,0.28424963508480017,-0.03323399133266677,1.920547626614841,0.973242598772049,False
26,wave_pattern_stage2.0.skip_connection.0,37,15,1000,0.002,35.0,25.0,post_relu_mean,46.089839935302734,-46.089839935302734,5.120367527008057,0.3539074659347534,0.18591053783893585,121.77603721618652,0.31253116730226194,-0.04004797812816415,2.3145016792999344,1.1031568151712419,False
29,wave_pattern_stage2.1.wave_feature_conv1,35,15,1000,0.002,15.0,10.0,post_relu_mean,130.33004760742188,-130.33004760742188,17.836193084716797,0.6258113980293274,0.39664480090141296,94.18246841430664,0.39989958117152924,-0.02577494621205329,1.4900931927604184,0.6274374002218246,False
29,wave_pattern_stage2.1.wave_feature_conv1,35,15,1000,0.002,15.0,10.0,post_relu_mean,73.82514953613281,-73.82514953613281,10.273988723754883,0.4479842782020569,0.2426600307226181,133.058744430542,0.5316913037984007,-0.041399052426166455,2.392407272916009,0.8372259452939034,False
29,wave_pattern_stage2.1.wave_feature_conv1,35,15,1000,0.002,15.0,10.0,post_relu_mean,54.69028854370117,-54.69028854370117,7.815515518188477,0.3957051634788513,0.2033989578485489,175.46543502807617,0.6721011987762935,-0.05779941150988874,3.3399470846045105,1.0465477630496025,False
29,wave_pattern_stage2.1.wave_feature_conv1,35,15,1000,0.002,15.0,20.0,post_relu_mean,106.22969055175781,-106.22969055175781,14.664151191711426,0.5079643726348877,0.26968276500701904,103.70972633361816,0.4131217686544578,-0.029036094370405444,1.6781120213569365,0.6742733979225158,False
29,wave_pattern_stage2.1.wave_feature_conv1,35,15,1000,0.002,15.0,20.0,post_relu_mean,64.61001586914062,-64.61001586914062,9.055920600891113,0.39059925079345703,0.18846893310546875,144.18896102905273,0.5414247795237831,-0.04580144982483513,2.647416467526734,0.8898432093858719,False
29,wave_pattern_stage2.1.wave_feature_conv1,35,15,1000,0.002,15.0,20.0,post_relu_mean,49.891021728515625,-49.891021728515625,7.188246726989746,0.35754698514938354,0.1690601110458374,186.6195526123047,0.6800540125041238,-0.06216249304576654,3.592386656797554,1.1100904852151872,False
29,wave_pattern_stage2.1.wave_feature_conv1,35,15,1000,0.002,15.0,25.0,post_relu_mean,98.41425323486328,-98.41425323486328,13.621224403381348,0.46952304244041443,0.2337111532688141,108.86367416381836,0.42050976398451506,-0.030757759164048982,1.777794865816433,0.692555020749569,False
29,wave_pattern_stage2.1.wave_feature_conv1,35,15,1000,0.002,15.0,25.0,post_relu_mean,60.8769645690918,-60.8769645690918,8.582663536071777,0.3679053783416748,0.1703825294971466,149.63360214233398,0.546334388398664,-0.04726361754167145,2.7318237619151806,0.9198517283797264,False
29,wave_pattern_stage2.1.wave_feature_conv1,35,15,1000,0.002,15.0,25.0,post_relu_mean,47.49531936645508,-47.49531936645508,6.871475696563721,0.3411920666694641,0.15502725541591644,192.3670482635498,0.6813293220502514,-0.06409714678263151,3.7044427337716748,1.137332124710083,False
29,wave_pattern_stage2.1.wave_feature_conv1,35,15,1000,0.002,25.0,10.0,post_relu_mean,105.11219787597656,-105.11219787597656,14.831868171691895,0.40786680579185486,0.30041152238845825,94.76066303253174,0.38630635685587567,-0.02710337825755978,1.5659925626635003,0.6730526739358902,False
29,wave_pattern_stage2.1.wave_feature_conv1,35,15,1000,0.002,25.0,10.0,post_relu_mean,62.95764923095703,-62.95764923095703,9.101371765136719,0.3063264489173889,0.20037248730659485,135.66960334777832,0.5155847946674039,-0.04554777440793747,2.6315266969501674,0.896678224503994,False
29,wave_pattern_stage2.1.wave_feature_conv1,35,15,1000,0.002,25.0,10.0,post_relu_mean,48.9263916015625,-48.9263916015625,7.239349365234375,0.2877325415611267,0.1758466511964798,178.51776313781738,0.6533379610037373,-0.06244039217797918,3.6081188477270074,1.1148146027326584,False
29,wave_pattern_stage2.1.wave_feature_conv1,35,15,1000,0.002,25.0,20.0,post_relu_mean,86.9632797241211,-86.9632797241211,12.36294174194336,0.340823233127594,0.2116657793521881,105.4239444732666,0.40058998721034333,-0.032164198237331666,1.8589970835902074,0.7199495536088943,False
29,wave_pattern_stage2.1.wave_feature_conv1,35,15,1000,0.002,25.0,20.0,post_relu_mean,56.057525634765625,-56.057525634765625,8.153241157531738,0.2736625671386719,0.16003009676933289,147.05705451965332,0.5247591657964329,-0.050252389290555775,2.903632898357196,0.9541665050387382,False
29,wave_pattern_stage2.1.wave_feature_conv1,35,15,1000,0.002,25.0,20.0,post_relu_mean,44.946388244628906,-44.946388244628906,6.6950907707214355,0.263949990272522,0.14806732535362244,189.91057968139648,0.6631938656924588,-0.06681487785619174,3.8606483293302527,1.173035437464714,False
29,wave_pattern_stage2.1.wave_feature_conv1,35,15,1000,0.002,25.0,25.0,post_relu_mean,81.04280090332031,-81.04280090332031,11.55579948425293,0.31979015469551086,0.1868649125099182,110.78238487243652,0.40477315377727174,-0.03384638301074296,1.95628278193191,0.7475206243991852,False
29,wave_pattern_stage2.1.wave_feature_conv1,35,15,1000,0.002,25.0,25.0,post_relu_mean,53.531349182128906,-53.531349182128906,7.8077592849731445,0.26280778646469116,0.14675822854042053,152.63916015625,0.5308489701022275,-0.05213630697012469,3.0127232481823985,0.9811057841777802,False
29,wave_pattern_stage2.1.wave_feature_conv1,35,15,1000,0.002,25.0,25.0,post_relu_mean,43.81652069091797,-43.81652069091797,6.540897369384766,0.2546711564064026,0.1384742110967636,195.44132804870605,0.6693377257517403,-0.06830645274322014,3.947631496457036,1.2031586647033692,False
29,wave_pattern_stage2.1.wave_feature_conv1,35,15,1000,0.002,35.0,10.0,post_relu_mean,88.20162963867188,-88.20162963867188,12.785528182983398,0.2942291796207428,0.24784475564956665,97.21173667907715,0.3721416415763227,-0.03078392225008148,1.7789501964078298,0.7322313505411148,False
29,wave_pattern_stage2.1.wave_feature_conv1,35,15,1000,0.002,35.0,10.0,post_relu_mean,56.152557373046875,-56.152557373046875,8.383686065673828,0.23016873002052307,0.17772254347801208,139.04769897460938,0.498871089426013,-0.04905379200003149,2.8344664768718943,0.9615264314413071,False
29,wave_pattern_stage2.1.wave_feature_conv1,35,15,1000,0.002,35.0,10.0,post_relu_mean,45.55388641357422,-45.55388641357422,6.919713020324707,0.22766262292861938,0.16000428795814514,182.0184783935547,0.6365409566596075,-0.06676426735659614,3.8570813625441036,1.18364695250988,False
29,wave_pattern_stage2.1.wave_feature_conv1,35,15,1000,0.002,35.0,20.0,post_relu_mean,74.66423034667969,-74.66423034667969,10.89169692993164,0.251295804977417,0.18134912848472595,108.36810779571533,0.382729270436303,-0.03527305950078105,2.038705925416285,0.7837096613645553,False
29,wave_pattern_stage2.1.wave_feature_conv1,35,15,1000,0.002,35.0,20.0,post_relu_mean,50.05900192260742,-50.05900192260742,7.514123439788818,0.21073104441165924,0.14332588016986847,150.5844783782959,0.5080693721282613,-0.05392799990860062,3.1166335205381857,1.0150601461529731,False
29,wave_pattern_stage2.1.wave_feature_conv1,35,15,1000,0.002,35.0,20.0,post_relu_mean,42.466880798339844,-42.466880798339844,6.489382743835449,0.2113635540008545,0.13659551739692688,193.3258514404297,0.6473961966096565,-0.07049742732931039,4.0743806178865665,1.2421975171566009,False
29,wave_pattern_stage2.1.wave_feature_conv1,35,15,1000,0.002,35.0,25.0,post_relu_mean,69.74195861816406,-69.74195861816406,10.233595848083496,0.23718687891960144,0.1604844033718109,113.70263862609863,0.3905107442028616,-0.037397019027152624,2.1614507970943198,0.8086236152052879,False
29,wave_pattern_stage2.1.wave_feature_conv1,35,15,1000,0.002,35.0,25.0,post_relu_mean,48.40305709838867,-48.40305709838867,7.283326148986816,0.2039649337530136,0.13280296325683594,156.09958267211914,0.5148329921422341,-0.05524049191699154,3.192224413270517,1.0421777230501175,False
29,wave_pattern_stage2.1.wave_feature_conv1,35,15,1000,0.002,35.0,25.0,post_relu_mean,41.04928207397461,-41.04928207397461,6.300997257232666,0.20432524383068085,0.12721696496009827,198.94296264648438,0.6528289627268488,-0.0718468492308087,4.15197580790367,1.2680998623371125,False
29,wave_pattern_stage2.1.wave_feature_conv1,39,15,1000,0.002,15.0,10.0,post_relu_mean,63.26959991455078,-63.26959991455078,10.243340492248535,0.37931233644485474,0.19909414649009705,114.11474609375,0.43236360575136257,-0.03807835160841027,2.2006292798956157,0.7395331850647926,False
29,wave_pattern_stage2.1.wave_feature_conv1,39,15,1000,0.002,15.0,10.0,post_relu_mean,44.555763244628906,-44.555763244628906,7.515313148498535,0.34111976623535156,0.16981275379657745,156.76237678527832,0.5534537358924938,-0.056332371323408896,3.2550259592048914,0.9871824830770493,False
29,wave_pattern_stage2.1.wave_feature_conv1,39,15,1000,0.002,15.0,10.0,post_relu_mean,37.28841018676758,-37.28841018676758,6.517672061920166,0.33980661630630493,0.16359469294548035,199.95524406433105,0.6932502118284614,-0.07206093732999377,4.163919657928239,1.2133462291955948,False
29,wave_pattern_stage2.1.wave_feature_conv1,39,15,1000,0.002,15.0,20.0,post_relu_mean,56.4137077331543,-56.4137077331543,9.181625366210938,0.3349928855895996,0.16016492247581482,125.22611999511719,0.4392901138023935,-0.04264168541688747,2.464266854564613,0.806223229765892,False
29,wave_pattern_stage2.1.wave_feature_conv1,39,15,1000,0.002,15.0,20.0,post_relu_mean,41.43653869628906,-41.43653869628906,7.014551162719727,0.3114449679851532,0.14451631903648376,167.98498153686523,0.5628791842947938,-0.059970666435754966,3.4656517646765344,1.045218631029129,False
29,wave_pattern_stage2.1.wave_feature_conv1,39,15,1000,0.002,15.0,20.0,post_relu_mean,35.065940856933594,-35.065940856933594,6.155014514923096,0.31374746561050415,0.143111452460289,211.24411010742188,0.6987950201315972,-0.07647345489476776,4.419553049447698,1.2847313702106475,False
29,wave_pattern_stage2.1.wave_feature_conv1,39,15,1000,0.002,15.0,25.0,post_relu_mean,54.33015823364258,-54.33015823364258,8.851846694946289,0.32206791639328003,0.14822962880134583,130.68386459350586,0.44680707559888283,-0.04436774889651935,2.5640991789544634,0.8352388101816177,False
29,wave_pattern_stage2.1.wave_feature_conv1,39,15,1000,0.002,15.0,25.0,post_relu_mean,40.276058197021484,-40.276058197021484,6.8336100578308105,0.3000488877296448,0.13621947169303894,173.46922302246094,0.57113121892143,-0.06168422399418019,3.5644509663565853,1.0780041658878325,False
29,wave_pattern_stage2.1.wave_feature_conv1,39,15,1000,0.002,15.0,25.0,post_relu_mean,34.25835418701172,-34.25835418701172,6.032371997833252,0.3041240870952606,0.13534773886203766,216.70460319519043,0.7043938371740477,-0.07778276266093587,4.495447973806004,1.315820984840393,False
29,wave_pattern_stage2.1.wave_feature_conv1,39,15,1000,0.002,25.0,10.0,post_relu_mean,55.10596466064453,-55.10596466064453,9.202508926391602,0.2632908821105957,0.16774289309978485,117.27080154418945,0.4160950610054253,-0.04336154136208525,2.505546244581484,0.8074397227168083,False
29,wave_pattern_stage2.1.wave_feature_conv1,39,15,1000,0.002,25.0,10.0,post_relu_mean,40.885009765625,-40.885009765625,7.103976726531982,0.24826130270957947,0.1494385004043579,160.10926818847656,0.5379097110490556,-0.06012203200530607,3.4740081041041613,1.0462419670820235,False
29,wave_pattern_stage2.1.wave_feature_conv1,39,15,1000,0.002,25.0,10.0,post_relu_mean,35.10684585571289,-35.10684585571289,6.287065029144287,0.25570982694625854,0.1466568112373352,203.33582305908203,0.678957406648426,-0.07676105587246236,4.435261308675111,1.276081251502037,False
29,wave_pattern_stage2.1.wave_feature_conv1,39,15,1000,0.002,25.0,20.0,post_relu_mean,50.02729034423828,-50.02729034423828,8.401200294494629,0.23874053359031677,0.13875597715377808,128.40016555786133,0.42633423692357764,-0.04643185904438565,2.6831288651598695,0.8644603064656258,False
29,wave_pattern_stage2.1.wave_feature_conv1,39,15,1000,0.002,25.0,20.0,post_relu_mean,38.57522201538086,-38.57522201538086,6.721566677093506,0.2311016321182251,0.12982501089572906,171.26844596862793,0.5509569997508752,-0.06360436812815465,3.6760049306909948,1.1089134645462035,False
29,wave_pattern_stage2.1.wave_feature_conv1,39,15,1000,0.002,25.0,20.0,post_relu_mean,33.33042907714844,-33.33042907714844,5.989099502563477,0.24101348221302032,0.12983548641204834,214.56117248535156,0.6836213585981744,-0.08024668054874665,4.637527409485162,1.3473448288440704,False
29,wave_pattern_stage2.1.wave_feature_conv1,39,15,1000,0.002,25.0,25.0,post_relu_mean,48.25798797607422,-48.25798797607422,8.121929168701172,0.22993123531341553,0.1294783353805542,133.88556671142578,0.4344431487899723,-0.04781460668394609,2.7631335754361586,0.8918224287033081,False
29,wave_pattern_stage2.1.wave_feature_conv1,39,15,1000,0.002,25.0,25.0,post_relu_mean,37.55817794799805,-37.55817794799805,6.561594009399414,0.22454817593097687,0.12259000539779663,176.76818084716797,0.558314581520747,-0.06562603652875135,3.792358071126968,1.1355240762233734,False
29,wave_pattern_stage2.1.wave_feature_conv1,39,15,1000,0.002,25.0,25.0,post_relu_mean,32.57878494262695,-32.57878494262695,5.865820407867432,0.23579400777816772,0.12340407818555832,220.1025447845459,0.6892526958423116,-0.08194997195229028,4.7361085404826495,1.3787968575954437,False
29,wave_pattern_stage2.1.wave_feature_conv1,39,15,1000,0.002,35.0,10.0,post_relu_mean,50.23112106323242,-50.23112106323242,8.62155532836914,0.1992434859275818,0.15103261172771454,120.85143280029297,0.4019154861601295,-0.046329592575523014,2.6766168180033283,0.8652217561006545,False
29,wave_pattern_stage2.1.wave_feature_conv1,39,15,1000,0.002,35.0,10.0,post_relu_mean,38.587223052978516,-38.587223052978516,6.849739074707031,0.19652387499809265,0.13779935240745544,163.90291595458984,0.5240359486322721,-0.06428704289460875,3.7146891080834457,1.1080446767807006,False
29,wave_pattern_stage2.1.wave_feature_conv1,39,15,1000,0.002,35.0,10.0,post_relu_mean,33.6373405456543,-33.6373405456543,6.148691177368164,0.20663994550704956,0.13609707355499268,206.990571975708,0.66143483692796,-0.07991879507900404,4.617614813488754,1.3406295120716094,False
29,wave_pattern_stage2.1.wave_feature_conv1,39,15,1000,0.002,35.0,20.0,post_relu_mean,45.934749603271484,-45.934749603271484,7.917230606079102,0.18529367446899414,0.1263590008020401,132.03953170776367,0.41264615161336327,-0.05037884707426905,2.9109615019455353,0.9286045679450035,False
29,wave_pattern_stage2.1.wave_feature_conv1,39,15,1000,0.002,35.0,20.0,post_relu_mean,36.439453125,-36.439453125,6.498626232147217,0.18432244658470154,0.12051373720169067,175.0416259765625,0.5390042660830996,-0.06748996677826415,3.9004246505294478,1.168422573208809,False
29,wave_pattern_stage2.1.wave_feature_conv1,39,15,1000,0.002,35.0,20.0,post_relu_mean,32.12666702270508,-32.12666702270508,5.884802341461182,0.19622033834457397,0.12110725045204163,218.24121856689453,0.6712207431439876,-0.08361121956248674,4.831877063109602,1.40686627805233,False
29,wave_pattern_stage2.1.wave_feature_conv1,39,15,1000,0.002,35.0,25.0,post_relu_mean,44.47584915161133,-44.47584915161133,7.677768230438232,0.17978660762310028,0.11786879599094391,137.57148933410645,0.42051278755546123,-0.05208895966179294,3.0101926639593986,0.9556391730904579,False
29,wave_pattern_stage2.1.wave_feature_conv1,39,15,1000,0.002,35.0,25.0,post_relu_mean,35.526283264160156,-35.526283264160156,6.353127479553223,0.18027958273887634,0.11412949860095978,180.53239631652832,0.5461954967575381,-0.06894337932283678,3.984574330385304,1.1932426643371583,False
29,wave_pattern_stage2.1.wave_feature_conv1,39,15,1000,0.002,35.0,25.0,post_relu_mean,31.497791290283203,-31.497791290283203,5.771897315979004,0.1921602040529251,0.11522173136472702,223.853609085083,0.6786500080997944,-0.08550138847741902,4.941208229451686,1.433618712425232,False
29,wave_pattern_stage2.1.wave_feature_conv1,54,15,1000,0.002,15.0,10.0,post_relu_mean,48.416465759277344,-48.416465759277344,8.470993995666504,0.49414247274398804,0.23686394095420837,164.7480640411377,0.5923514051418747,-0.05213314339930947,3.014689952813062,1.019638229906559,False
29,wave_pattern_stage2.1.wave_feature_conv1,54,15,1000,0.002,15.0,10.0,post_relu_mean,40.10198211669922,-40.10198211669922,7.206899642944336,0.46267935633659363,0.2152232825756073,208.46688079833984,0.7362796529992415,-0.06803293639860912,3.932697846839395,1.2525233566761016,False
29,wave_pattern_stage2.1.wave_feature_conv1,54,15,1000,0.002,15.0,10.0,post_relu_mean,36.230010986328125,-36.230010986328125,6.652859210968018,0.45470452308654785,0.20710304379463196,252.27838516235352,0.8784057422922223,-0.08338164243767507,4.819743122640236,1.4877081108093262,False
29,wave_pattern_stage2.1.wave_feature_conv1,54,15,1000,0.002,15.0,20.0,post_relu_mean,43.04836654663086,-43.04836654663086,7.629958629608154,0.4349910616874695,0.19044597446918488,175.79701232910156,0.6058764407883362,-0.05584063790828551,3.228607996766423,1.0721212920546532,False
29,wave_pattern_stage2.1.wave_feature_conv1,54,15,1000,0.002,15.0,20.0,post_relu_mean,36.88860321044922,-36.88860321044922,6.693830966949463,0.4209766089916229,0.18186670541763306,219.581298828125,0.7475415392815561,-0.07272489446732858,4.203177732717761,1.3098119121789933,False
29,wave_pattern_stage2.1.wave_feature_conv1,54,15,1000,0.002,15.0,20.0,post_relu_mean,33.744712829589844,-33.744712829589844,6.237617492675781,0.41782382130622864,0.1804964691400528,263.6273994445801,0.8915808805859722,-0.08782465167193296,5.077317093774245,1.5451666182279586,False
29,wave_pattern_stage2.1.wave_feature_conv1,54,15,1000,0.002,15.0,25.0,post_relu_mean,41.19735336303711,-41.19735336303711,7.343661308288574,0.41359955072402954,0.17479825019836426,181.2513313293457,0.6112504336723739,-0.05834183086022464,3.3726532979345794,1.1046673202514647,False
29,wave_pattern_stage2.1.wave_feature_conv1,54,15,1000,0.002,15.0,25.0,post_relu_mean,35.54482650756836,-35.54482650756836,6.484625339508057,0.40118634700775146,0.17052897810935974,225.12354278564453,0.7532149608073284,-0.07433476196640403,4.296629274163928,1.334807934165001,False
29,wave_pattern_stage2.1.wave_feature_conv1,54,15,1000,0.002,15.0,25.0,post_relu_mean,32.66656494140625,-32.66656494140625,6.073607444763184,0.4038815200328827,0.16985101997852325,269.1395378112793,0.8956494348170526,-0.09010010128411781,5.209085273906513,1.575416748523712,False
29,wave_pattern_stage2.1.wave_feature_conv1,54,15,1000,0.002,25.0,10.0,post_relu_mean,41.46343994140625,-41.46343994140625,7.678908348083496,0.34683847427368164,0.19571805000305176,167.10520362854004,0.5758736957952463,-0.056863227835082804,3.285898974844237,1.0842575472593308,False
29,wave_pattern_stage2.1.wave_feature_conv1,54,15,1000,0.002,25.0,10.0,post_relu_mean,35.9972038269043,-35.9972038269043,6.751224994659424,0.34659621119499207,0.18613912165164948,211.18655586242676,0.7187104774197408,-0.07259527525003767,4.196001277421098,1.3192680448293685,False
