layer_idx,layer_name,filter_idx,sample_idx,iterations,learning_rate,tv_reg,l2_reg,activation_mode,final_activation,final_target_loss,final_suppression_loss,final_tv_loss,final_l2_loss,loss_reduction,grad_variation,loss_slope_lastk,loss_std_lastk,grad_mean_lastk,converged
36,interference_stage3.0.wave_feature_conv1,31,0,1000,0.005,0.0,0.0,post_relu_mean,1331.36474609375,-1331.36474609375,117.74205780029297,0.0,0.0,916.4274215698242,0.08432667770713993,-0.9545766343743552,55.11181969049434,2.2248183393478396,False
36,interference_stage3.0.wave_feature_conv1,31,0,1000,0.005,0.0,0.0,post_relu_mean,1243.312255859375,-1243.312255859375,103.15946197509766,0.0,0.0,741.3007202148438,0.06466298799709426,-0.7660765917646475,44.228953457760134,1.8775802284479142,False
36,interference_stage3.0.wave_feature_conv1,31,0,1000,0.005,0.0,0.0,post_relu_mean,1104.1656494140625,-1104.1656494140625,85.41242218017578,0.0,0.0,577.814338684082,0.08555204682267785,-0.5873944131852197,33.91291018278591,1.5615643399953842,False
36,interference_stage3.0.wave_feature_conv1,31,0,1000,0.01,0.0,0.0,post_relu_mean,2654.27294921875,-2654.27294921875,232.51332092285156,0.0,0.0,1895.0217819213867,0.10160114228014228,-1.966001018860921,113.5057294840617,2.305809448957443,False
36,interference_stage3.0.wave_feature_conv1,31,0,1000,0.01,0.0,0.0,post_relu_mean,2464.33203125,-2464.33203125,203.1324920654297,0.0,0.0,1512.44189453125,0.0777083570502817,-1.5797273320199707,91.20447179463942,1.9374574905633926,False
36,interference_stage3.0.wave_feature_conv1,31,0,1000,0.01,0.0,0.0,post_relu_mean,2208.737548828125,-2208.737548828125,167.93983459472656,0.0,0.0,1187.2217483520508,0.07798929417207136,-1.235299864125021,71.31918918405036,1.6231817889213562,False
36,interference_stage3.0.wave_feature_conv1,31,0,1000,0.05,0.0,0.0,post_relu_mean,13599.900390625,-13599.900390625,1179.1544189453125,0.0,0.0,10000.726371765137,0.09098977896291906,-10.211777410768276,589.5703215831475,2.3967452836036682,False
36,interference_stage3.0.wave_feature_conv1,31,0,1000,0.05,0.0,0.0,post_relu_mean,12656.0517578125,-12656.0517578125,1024.4429931640625,0.0,0.0,8008.26416015625,0.07266890777776884,-8.134914296807615,469.6637886461958,2.0325689268112184,False
36,interference_stage3.0.wave_feature_conv1,31,0,1000,0.05,0.0,0.0,post_relu_mean,11321.27734375,-11321.27734375,852.1888427734375,0.0,0.0,6194.267768859863,0.062354821663854726,-6.295802642014294,363.48381034542354,1.7215674036741258,False
36,interference_stage3.0.wave_feature_conv1,97,0,1000,0.005,0.0,0.0,post_relu_mean,925.1278076171875,-925.1278076171875,95.64586639404297,0.0,0.0,610.2821884155273,0.0717517383995251,-0.6352301691224531,36.67461747140161,1.6994831883907318,False
36,interference_stage3.0.wave_feature_conv1,97,0,1000,0.005,0.0,0.0,post_relu_mean,833.8817749023438,-833.8817749023438,79.00827026367188,0.0,0.0,474.74376678466797,0.07682504872681847,-0.4849988158731068,28.00107392898397,1.4114859229326249,False
36,interference_stage3.0.wave_feature_conv1,97,0,1000,0.005,0.0,0.0,post_relu_mean,710.466796875,-710.466796875,60.95853042602539,0.0,0.0,365.4220504760742,0.12088842252201235,-0.36671052538337384,21.171783909288514,1.2071752005815506,False
36,interference_stage3.0.wave_feature_conv1,97,0,1000,0.01,0.0,0.0,post_relu_mean,1844.7850341796875,-1844.7850341796875,185.26344299316406,0.0,0.0,1261.0866317749023,0.08791912203428756,-1.3141410063266719,75.87103518228871,1.7753541260957717,False
36,interference_stage3.0.wave_feature_conv1,97,0,1000,0.01,0.0,0.0,post_relu_mean,1662.5595703125,-1662.5595703125,153.85781860351562,0.0,0.0,966.5986251831055,0.0725869769501798,-1.0015862381117633,57.825907882756006,1.4734782314300536,False
36,interference_stage3.0.wave_feature_conv1,97,0,1000,0.01,0.0,0.0,post_relu_mean,1422.56591796875,-1422.56591796875,119.58404541015625,0.0,0.0,725.7680892944336,0.09429107562759534,-0.7475529550592278,43.15945695757627,1.264534928202629,False
36,interference_stage3.0.wave_feature_conv1,97,0,1000,0.05,0.0,0.0,post_relu_mean,9341.857421875,-9341.857421875,933.0006103515625,0.0,0.0,6514.947471618652,0.08069982306052967,-6.619105748395662,382.14952328178106,1.8651003617048263,False
36,interference_stage3.0.wave_feature_conv1,97,0,1000,0.05,0.0,0.0,post_relu_mean,8558.9111328125,-8558.9111328125,770.3718872070312,0.0,0.0,5088.636528015137,0.0623879325157627,-5.236806510799977,302.3434149985016,1.5641956180334091,False
36,interference_stage3.0.wave_feature_conv1,97,0,1000,0.05,0.0,0.0,post_relu_mean,7283.60693359375,-7283.60693359375,600.2870483398438,0.0,0.0,3702.591209411621,0.06362497715189822,-3.811406122738518,220.0489996403295,1.3216373777389527,False
36,interference_stage3.0.wave_feature_conv1,45,0,1000,0.005,0.0,0.0,post_relu_mean,838.6798706054688,-838.6798706054688,91.16699981689453,0.0,0.0,542.4000091552734,0.08149933027045822,-0.5547793698809755,32.02987565251718,1.7065304559469223,False
36,interference_stage3.0.wave_feature_conv1,45,0,1000,0.005,0.0,0.0,post_relu_mean,755.98046875,-755.98046875,73.78333282470703,0.0,0.0,425.54305267333984,0.0932867346650618,-0.4305807319789318,24.85933792750852,1.4598110884428024,False
36,interference_stage3.0.wave_feature_conv1,45,0,1000,0.005,0.0,0.0,post_relu_mean,646.0582275390625,-646.0582275390625,57.33966064453125,0.0,0.0,327.97425079345703,0.12119718219135214,-0.3192525055588548,18.431841238667843,1.2536748242378235,False
36,interference_stage3.0.wave_feature_conv1,45,0,1000,0.01,0.0,0.0,post_relu_mean,1639.8790283203125,-1639.8790283203125,174.85308837890625,0.0,0.0,1092.541000366211,0.08363056488576845,-1.1263444976016976,65.02882994514381,1.7581393033266068,False
36,interference_stage3.0.wave_feature_conv1,45,0,1000,0.01,0.0,0.0,post_relu_mean,1494.31591796875,-1494.31591796875,142.59982299804688,0.0,0.0,854.2042770385742,0.08200141540362332,-0.8737211284438605,50.4437430936467,1.505361361503601,False
36,interference_stage3.0.wave_feature_conv1,45,0,1000,0.01,0.0,0.0,post_relu_mean,1278.48876953125,-1278.48876953125,110.54525756835938,0.0,0.0,641.1712112426758,0.09978482626796281,-0.6503348272030774,37.54669584060898,1.3071077626943588,False
36,interference_stage3.0.wave_feature_conv1,45,0,1000,0.05,0.0,0.0,post_relu_mean,8359.380859375,-8359.380859375,856.5405883789062,0.0,0.0,5766.979965209961,0.07619466408957308,-5.938712982106778,342.8677508945413,1.8884390377998352,False
36,interference_stage3.0.wave_feature_conv1,45,0,1000,0.05,0.0,0.0,post_relu_mean,7631.796875,-7631.796875,703.6233520507812,0.0,0.0,4467.079277038574,0.07494920594416427,-4.546274945081635,262.47610277832166,1.608068634867668,False
36,interference_stage3.0.wave_feature_conv1,45,0,1000,0.05,0.0,0.0,post_relu_mean,6613.20458984375,-6613.20458984375,553.4388427734375,0.0,0.0,3318.525520324707,0.06852279522662073,-3.4065393649611755,196.67424554050675,1.389497372508049,False
36,interference_stage3.0.wave_feature_conv1,67,0,1000,0.005,0.0,0.0,post_relu_mean,737.3533325195312,-737.3533325195312,82.6423568725586,0.0,0.0,474.83779525756836,0.07281626064422847,-0.4771096298205184,27.54560344910466,1.5300226855278014,False
36,interference_stage3.0.wave_feature_conv1,67,0,1000,0.005,0.0,0.0,post_relu_mean,638.2009887695312,-638.2009887695312,64.67549133300781,0.0,0.0,357.03371810913086,0.08205004298892923,-0.3567570853013391,20.59726546799165,1.2895199245214461,False
36,interference_stage3.0.wave_feature_conv1,67,0,1000,0.005,0.0,0.0,post_relu_mean,516.1705322265625,-516.1705322265625,47.58799743652344,0.0,0.0,264.975887298584,0.12855975979429354,-0.24105703873599651,13.91726857712728,1.130689556002617,False
36,interference_stage3.0.wave_feature_conv1,67,0,1000,0.01,0.0,0.0,post_relu_mean,1454.06103515625,-1454.06103515625,156.27996826171875,0.0,0.0,970.6326560974121,0.08230384223950517,-0.9943200694580354,57.4063964478977,1.6054521703720093,False
36,interference_stage3.0.wave_feature_conv1,67,0,1000,0.01,0.0,0.0,post_relu_mean,1259.19775390625,-1259.19775390625,123.74465942382812,0.0,0.0,712.2192344665527,0.07500492849405904,-0.7219270693559332,41.67996133639044,1.3534496247768402,False
36,interference_stage3.0.wave_feature_conv1,67,0,1000,0.01,0.0,0.0,post_relu_mean,1044.27294921875,-1044.27294921875,92.42852783203125,0.0,0.0,524.0351219177246,0.09985770030316002,-0.5171210098581321,29.855640915863816,1.1995874565839768,False
36,interference_stage3.0.wave_feature_conv1,67,0,1000,0.05,0.0,0.0,post_relu_mean,7352.81787109375,-7352.81787109375,762.5891723632812,0.0,0.0,5050.461818695068,0.07353361361954946,-5.14327026980606,296.94314848204806,1.6931358170509339,False
36,interference_stage3.0.wave_feature_conv1,67,0,1000,0.05,0.0,0.0,post_relu_mean,6427.470703125,-6427.470703125,608.8895263671875,0.0,0.0,3697.3402061462402,0.060110275406352505,-3.751730993836369,216.60360541561772,1.4593623280525208,False
36,interference_stage3.0.wave_feature_conv1,67,0,1000,0.05,0.0,0.0,post_relu_mean,5343.08544921875,-5343.08544921875,456.6351318359375,0.0,0.0,2637.607997894287,0.0653555885622876,-2.696678569613166,155.6909016863952,1.2609655505418778,False
36,interference_stage3.0.wave_feature_conv1,19,0,1000,0.005,0.0,0.0,post_relu_mean,708.4668579101562,-708.4668579101562,82.51746368408203,0.0,0.0,448.33284759521484,0.061102492343294096,-0.4606799500660734,26.597063576974076,1.3395737373828889,False
36,interference_stage3.0.wave_feature_conv1,19,0,1000,0.005,0.0,0.0,post_relu_mean,596.054931640625,-596.054931640625,63.35546875,0.0,0.0,322.85777282714844,0.1006262961621855,-0.3218321734441066,18.58099739431856,1.0949813050031663,False
36,interference_stage3.0.wave_feature_conv1,19,0,1000,0.005,0.0,0.0,post_relu_mean,470.9750671386719,-470.9750671386719,45.178157806396484,0.0,0.0,236.2926483154297,0.16551393314845225,-0.21619514041317828,12.482026046076477,0.9504960915446281,False
36,interference_stage3.0.wave_feature_conv1,19,0,1000,0.01,0.0,0.0,post_relu_mean,1415.1343994140625,-1415.1343994140625,161.28472900390625,0.0,0.0,918.698600769043,0.061057123824101604,-0.9583820807830987,55.33160077929174,1.3791870373487471,False
36,interference_stage3.0.wave_feature_conv1,19,0,1000,0.01,0.0,0.0,post_relu_mean,1184.7642822265625,-1184.7642822265625,122.05357360839844,0.0,0.0,647.4256439208984,0.07711717454661102,-0.6599801357186029,38.1035383596688,1.1456955748796462,False
36,interference_stage3.0.wave_feature_conv1,19,0,1000,0.01,0.0,0.0,post_relu_mean,951.9860229492188,-951.9860229492188,88.7015151977539,0.0,0.0,456.16343688964844,0.12293237392988235,-0.45373965826501605,26.19634654816722,0.996815160214901,False
36,interference_stage3.0.wave_feature_conv1,19,0,1000,0.05,0.0,0.0,post_relu_mean,7095.857421875,-7095.857421875,793.46435546875,0.0,0.0,4702.882743835449,0.04769726038568481,-4.78097152184664,276.02610368251567,1.4334846448898315,False
36,interference_stage3.0.wave_feature_conv1,19,0,1000,0.05,0.0,0.0,post_relu_mean,6143.4658203125,-6143.4658203125,616.2876586914062,0.0,0.0,3382.0738372802734,0.05580032820181393,-3.4495897390110533,199.1599707895403,1.2153998357057572,False
36,interference_stage3.0.wave_feature_conv1,19,0,1000,0.05,0.0,0.0,post_relu_mean,5071.392578125,-5071.392578125,461.4159851074219,0.0,0.0,2339.283248901367,0.07276949314870074,-2.396853031189061,138.38065250453724,1.0504119557142257,False
38,interference_stage3.0.wave_feature_conv2,120,0,1000,0.005,0.0,0.0,post_relu_mean,784.0061645507812,-784.0061645507812,54.69361114501953,0.0,0.0,575.6996536254883,0.07146503455825216,-0.6078574585977197,35.09423670052403,1.425419436097145,False
38,interference_stage3.0.wave_feature_conv2,120,0,1000,0.005,0.0,0.0,post_relu_mean,757.6376342773438,-757.6376342773438,50.84355163574219,0.0,0.0,494.9125442504883,0.05993750569464417,-0.519962972470613,30.019794591098375,1.2476025718450545,False
38,interference_stage3.0.wave_feature_conv2,120,0,1000,0.005,0.0,0.0,post_relu_mean,721.8606567382812,-721.8606567382812,46.33690643310547,0.0,0.0,420.20660400390625,0.04377348423477482,-0.4387316335816721,25.329965599160566,1.0860989379882813,False
38,interference_stage3.0.wave_feature_conv2,120,0,1000,0.01,0.0,0.0,post_relu_mean,1549.5504150390625,-1549.5504150390625,107.0660629272461,0.0,0.0,1184.1266555786133,0.07869922014801836,-1.223600185585694,70.64371635543495,1.4709972018003463,False
38,interference_stage3.0.wave_feature_conv2,120,0,1000,0.01,0.0,0.0,post_relu_mean,1491.46728515625,-1491.46728515625,98.83262634277344,0.0,0.0,1012.7913284301758,0.06392499398191913,-1.050882830984959,60.67202746917409,1.2868796414136887,False
38,interference_stage3.0.wave_feature_conv2,120,0,1000,0.01,0.0,0.0,post_relu_mean,1430.901123046875,-1430.901123046875,91.01531219482422,0.0,0.0,861.1766357421875,0.05434424455404196,-0.8841742308206143,51.047187307245636,1.132843760251999,False
38,interference_stage3.0.wave_feature_conv2,120,0,1000,0.05,0.0,0.0,post_relu_mean,7765.46240234375,-7765.46240234375,533.6397094726562,0.0,0.0,6120.317329406738,0.06393714787383291,-6.215102425900491,358.8246712932649,1.5342857295274734,False
38,interference_stage3.0.wave_feature_conv2,120,0,1000,0.05,0.0,0.0,post_relu_mean,7531.21923828125,-7531.21923828125,498.6289367675781,0.0,0.0,5253.459541320801,0.05825588217570641,-5.332173701559336,307.8493489308982,1.3589768755435943,False
38,interference_stage3.0.wave_feature_conv2,120,0,1000,0.05,0.0,0.0,post_relu_mean,7205.1103515625,-7205.1103515625,453.47357177734375,0.0,0.0,4460.636413574219,0.04559273152561176,-4.579834149540261,264.4135482508765,1.1758264994621277,False
38,interference_stage3.0.wave_feature_conv2,84,0,1000,0.005,0.0,0.0,post_relu_mean,671.4254760742188,-671.4254760742188,53.30792236328125,0.0,0.0,473.8921585083008,0.07924463146006804,-0.4939753219477459,28.51939990836497,1.340596115589142,False
38,interference_stage3.0.wave_feature_conv2,84,0,1000,0.005,0.0,0.0,post_relu_mean,643.1610717773438,-643.1610717773438,47.89471435546875,0.0,0.0,400.3981533050537,0.0658793751204314,-0.41611036890759906,24.02385945669829,1.153946967124939,False
38,interference_stage3.0.wave_feature_conv2,84,0,1000,0.005,0.0,0.0,post_relu_mean,607.9625244140625,-607.9625244140625,42.642791748046875,0.0,0.0,335.24191665649414,0.05460525357192466,-0.346371516427498,19.9975424253887,0.9891904053092003,False
38,interference_stage3.0.wave_feature_conv2,84,0,1000,0.01,0.0,0.0,post_relu_mean,1324.312255859375,-1324.312255859375,103.05894470214844,0.0,0.0,977.5258865356445,0.0866654632455236,-1.0053351747917232,58.04235693172447,1.3971661365032195,False
38,interference_stage3.0.wave_feature_conv2,84,0,1000,0.01,0.0,0.0,post_relu_mean,1267.0322265625,-1267.0322265625,92.83375549316406,0.0,0.0,822.0436305999756,0.07999342188961826,-0.8492083022442992,49.028453156320744,1.2242534011602402,False
38,interference_stage3.0.wave_feature_conv2,84,0,1000,0.01,0.0,0.0,post_relu_mean,1192.63134765625,-1192.63134765625,82.45628356933594,0.0,0.0,681.0298194885254,0.06415009940192641,-0.7055922608850131,40.73692687002288,1.0439933174848557,False
38,interference_stage3.0.wave_feature_conv2,84,0,1000,0.05,0.0,0.0,post_relu_mean,6562.5029296875,-6562.5029296875,501.4323425292969,0.0,0.0,5020.596504211426,0.07687028765419045,-5.0503069160591325,291.57600845941516,1.495757457613945,False
38,interference_stage3.0.wave_feature_conv2,84,0,1000,0.05,0.0,0.0,post_relu_mean,6406.28466796875,-6406.28466796875,461.2571105957031,0.0,0.0,4303.391225814819,0.06622378192125301,-4.368060541235211,252.1871553816534,1.289694122672081,False
38,interference_stage3.0.wave_feature_conv2,84,0,1000,0.05,0.0,0.0,post_relu_mean,5980.2109375,-5980.2109375,405.883056640625,0.0,0.0,3528.048740386963,0.054673288476634094,-3.6042300760888155,208.08772423378022,1.1130139899253846,False
38,interference_stage3.0.wave_feature_conv2,109,0,1000,0.005,0.0,0.0,post_relu_mean,574.3563842773438,-574.3563842773438,53.346221923828125,0.0,0.0,384.7380905151367,0.04616954890919782,-0.4005386163935714,23.12484496221316,0.972547958791256,False
38,interference_stage3.0.wave_feature_conv2,109,0,1000,0.005,0.0,0.0,post_relu_mean,532.0826416015625,-532.0826416015625,46.530086517333984,0.0,0.0,303.5831356048584,0.03318224493713151,-0.3161763718394107,18.25423098631302,0.8020766735076904,False
38,interference_stage3.0.wave_feature_conv2,109,0,1000,0.005,0.0,0.0,post_relu_mean,466.39862060546875,-466.39862060546875,38.2244873046875,0.0,0.0,228.4030647277832,0.03454995161022778,-0.23127829354638893,13.352697484160087,0.6679545566439629,False
38,interference_stage3.0.wave_feature_conv2,109,0,1000,0.01,0.0,0.0,post_relu_mean,1127.3626708984375,-1127.3626708984375,103.20657348632812,0.0,0.0,788.1632919311523,0.04975332426129077,-0.8148662964773581,47.04577963833491,1.0077363482117654,False
38,interference_stage3.0.wave_feature_conv2,109,0,1000,0.01,0.0,0.0,post_relu_mean,1051.414794921875,-1051.414794921875,91.3406753540039,0.0,0.0,621.2675838470459,0.03806899546897,-0.6420906247143482,37.070681572529395,0.8324504294991493,False
38,interference_stage3.0.wave_feature_conv2,109,0,1000,0.01,0.0,0.0,post_relu_mean,931.7539672851562,-931.7539672851562,75.154541015625,0.0,0.0,472.1780891418457,0.03615148571451243,-0.49115661145007633,28.35658614895016,0.6930630815029144,False
38,interference_stage3.0.wave_feature_conv2,109,0,1000,0.05,0.0,0.0,post_relu_mean,5633.134765625,-5633.134765625,509.2842712402344,0.0,0.0,4075.7025985717773,0.04341014019422319,-4.138413071105586,238.92847425620275,1.053255479335785,False
38,interference_stage3.0.wave_feature_conv2,109,0,1000,0.05,0.0,0.0,post_relu_mean,5345.8330078125,-5345.8330078125,453.7240905761719,0.0,0.0,3284.9605770111084,0.03729625719343254,-3.3851620047825413,195.44006019015225,0.8832598415017128,False
38,interference_stage3.0.wave_feature_conv2,109,0,1000,0.05,0.0,0.0,post_relu_mean,4809.5029296875,-4809.5029296875,378.6227111816406,0.0,0.0,2529.1179695129395,0.032237273818139296,-2.610767147596658,150.73083290879552,0.7340315181016922,False
38,interference_stage3.0.wave_feature_conv2,69,0,1000,0.005,0.0,0.0,post_relu_mean,559.3267822265625,-559.3267822265625,46.92344665527344,0.0,0.0,391.87364387512207,0.0784557026494669,-0.40696102901382347,23.495667897883017,1.226779158115387,False
38,interference_stage3.0.wave_feature_conv2,69,0,1000,0.005,0.0,0.0,post_relu_mean,520.1279907226562,-520.1279907226562,41.843406677246094,0.0,0.0,315.6487522125244,0.052505243868153924,-0.33087607985487727,19.103001080505546,1.013266082406044,False
38,interference_stage3.0.wave_feature_conv2,69,0,1000,0.005,0.0,0.0,post_relu_mean,479.7652282714844,-479.7652282714844,36.23210144042969,0.0,0.0,256.6876525878906,0.04214600968155845,-0.26754614871002264,15.446595909433196,0.8426613986492157,False
38,interference_stage3.0.wave_feature_conv2,69,0,1000,0.01,0.0,0.0,post_relu_mean,1096.427734375,-1096.427734375,90.79438018798828,0.0,0.0,797.3617420196533,0.08515739337611405,-0.8312736379047904,47.99303469953332,1.277844849228859,False
38,interference_stage3.0.wave_feature_conv2,69,0,1000,0.01,0.0,0.0,post_relu_mean,1048.5115966796875,-1048.5115966796875,82.4619369506836,0.0,0.0,661.2489719390869,0.06462279396177109,-0.7016520423233967,40.5097012263001,1.073519417643547,False
38,interference_stage3.0.wave_feature_conv2,69,0,1000,0.01,0.0,0.0,post_relu_mean,979.8072509765625,-979.8072509765625,72.86720275878906,0.0,0.0,536.9190368652344,0.05470128061112284,-0.5633206792236456,32.522956463380694,0.9112102323770523,False
38,interference_stage3.0.wave_feature_conv2,69,0,1000,0.05,0.0,0.0,post_relu_mean,5767.33935546875,-5767.33935546875,467.0052795410156,0.0,0.0,4339.640428543091,0.08200902574583971,-4.439763342716381,256.32678333851663,1.4027822762727737,False
38,interference_stage3.0.wave_feature_conv2,69,0,1000,0.05,0.0,0.0,post_relu_mean,5279.2265625,-5279.2265625,409.0174560546875,0.0,0.0,3422.464059829712,0.057770165435203545,-3.5561346088095562,205.31103128761745,1.1400493681430817,False
38,interference_stage3.0.wave_feature_conv2,69,0,1000,0.05,0.0,0.0,post_relu_mean,4868.4638671875,-4868.4638671875,353.5137939453125,0.0,0.0,2741.6961364746094,0.04622134850373773,-2.814290307208852,162.48116663890704,0.9584593257308006,False
38,interference_stage3.0.wave_feature_conv2,104,0,1000,0.005,0.0,0.0,post_relu_mean,614.9598999023438,-614.9598999023438,55.52005386352539,0.0,0.0,423.72807693481445,0.06498207417469831,-0.4505045980031337,26.009584210417014,1.0460351139307023,False
38,interference_stage3.0.wave_feature_conv2,104,0,1000,0.005,0.0,0.0,post_relu_mean,579.6275634765625,-579.6275634765625,49.83528137207031,0.0,0.0,341.2192916870117,0.049189437387028086,-0.37166526625629015,21.457850990008396,0.8671488052606583,False
38,interference_stage3.0.wave_feature_conv2,104,0,1000,0.005,0.0,0.0,post_relu_mean,508.2513427734375,-508.2513427734375,40.49811553955078,0.0,0.0,261.63525009155273,0.046059299919402115,-0.277104415086726,15.99847093710012,0.7004747477173805,False
38,interference_stage3.0.wave_feature_conv2,104,0,1000,0.01,0.0,0.0,post_relu_mean,1245.171630859375,-1245.171630859375,111.41939544677734,0.0,0.0,886.2418098449707,0.06872699873263073,-0.9357614291156838,54.025555416425476,1.0892508608102798,False
38,interference_stage3.0.wave_feature_conv2,104,0,1000,0.01,0.0,0.0,post_relu_mean,1185.323974609375,-1185.323974609375,99.93765258789062,0.0,0.0,721.4550399780273,0.05421413551387844,-0.7731833881631952,44.63921047835868,0.9133871883153916,False
38,interference_stage3.0.wave_feature_conv2,104,0,1000,0.01,0.0,0.0,post_relu_mean,1042.3251953125,-1042.3251953125,82.09486389160156,0.0,0.0,546.1285972595215,0.0411531431811648,-0.5779049795458753,33.36496215441243,0.7422391113638878,False
38,interference_stage3.0.wave_feature_conv2,104,0,1000,0.05,0.0,0.0,post_relu_mean,6368.66259765625,-6368.66259765625,561.7740478515625,0.0,0.0,4658.668689727783,0.05354397253677361,-4.756076638732376,274.5888036511211,1.1446716332435607,False
38,interference_stage3.0.wave_feature_conv2,104,0,1000,0.05,0.0,0.0,post_relu_mean,6068.81640625,-6068.81640625,505.96368408203125,0.0,0.0,3777.830223083496,0.040695870978371636,-3.8652486237082684,223.15746500208536,0.953284841477871,False
38,interference_stage3.0.wave_feature_conv2,104,0,1000,0.05,0.0,0.0,post_relu_mean,5472.908203125,-5472.908203125,427.860107421875,0.0,0.0,2902.120174407959,0.031204990541671047,-2.9801643191104192,172.0577315775866,0.7842453935742378,False
41,interference_stage3.0.skip_connection.0,30,0,1000,0.005,0.0,0.0,post_relu_mean,794.4173583984375,-794.4173583984375,71.30342864990234,0.0,0.0,556.1440086364746,0.07395134740538323,-0.5851334669902393,33.78232614833708,1.6644715571403503,False
41,interference_stage3.0.skip_connection.0,30,0,1000,0.005,0.0,0.0,post_relu_mean,755.6234130859375,-755.6234130859375,61.464271545410156,0.0,0.0,469.6112594604492,0.07741607039334313,-0.4913918262614158,28.37020170358545,1.4450023776292802,False
41,interference_stage3.0.skip_connection.0,30,0,1000,0.005,0.0,0.0,post_relu_mean,692.4095458984375,-692.4095458984375,51.0120735168457,0.0,0.0,391.8543281555176,0.09877580166963952,-0.40773164988762156,23.54019327342256,1.245056260228157,False
41,interference_stage3.0.skip_connection.0,30,0,1000,0.01,0.0,0.0,post_relu_mean,1572.010009765625,-1572.010009765625,137.7260284423828,0.0,0.0,1134.468837738037,0.0883526184782242,-1.1937260787324127,68.9189949528934,1.7366062450408934,False
41,interference_stage3.0.skip_connection.0,30,0,1000,0.01,0.0,0.0,post_relu_mean,1522.724365234375,-1522.724365234375,120.29737854003906,0.0,0.0,971.963249206543,0.08412380355046124,-1.0077328566514943,58.1809190534563,1.5309933370351791,False
41,interference_stage3.0.skip_connection.0,30,0,1000,0.01,0.0,0.0,post_relu_mean,1415.3863525390625,-1415.3863525390625,102.68716430664062,0.0,0.0,804.7805976867676,0.08169992208943416,-0.8364898516841582,48.29419602329641,1.3199311178922652,False
41,interference_stage3.0.skip_connection.0,30,0,1000,0.05,0.0,0.0,post_relu_mean,8473.6298828125,-8473.6298828125,725.35888671875,0.0,0.0,6273.1901512146,0.09167496718939226,-6.474901157563119,373.8241213024309,1.9029904311895371,False
41,interference_stage3.0.skip_connection.0,30,0,1000,0.05,0.0,0.0,post_relu_mean,7924.21923828125,-7924.21923828125,613.0299072265625,0.0,0.0,5156.162040710449,0.07653860003861206,-5.2738018867952166,304.47941994661585,1.635907445549965,False
41,interference_stage3.0.skip_connection.0,30,0,1000,0.05,0.0,0.0,post_relu_mean,7510.3984375,-7510.3984375,526.2571411132812,0.0,0.0,4358.372699737549,0.06726094977204711,-4.490588506533952,259.2610119198342,1.426962805390358,False
41,interference_stage3.0.skip_connection.0,32,0,1000,0.005,0.0,0.0,post_relu_mean,1004.561767578125,-1004.561767578125,81.95893859863281,0.0,0.0,734.6106719970703,0.08594468816731776,-0.7724227803418473,44.595472839097816,2.0017208474874497,False
41,interference_stage3.0.skip_connection.0,32,0,1000,0.005,0.0,0.0,post_relu_mean,924.755859375,-924.755859375,71.14322662353516,0.0,0.0,595.4805488586426,0.08155265855879643,-0.6147311473237879,35.491091337966544,1.7298608684539796,False
41,interference_stage3.0.skip_connection.0,32,0,1000,0.005,0.0,0.0,post_relu_mean,847.6539306640625,-847.6539306640625,60.369075775146484,0.0,0.0,491.2521858215332,0.10731468350637581,-0.503992608909461,29.097674236222133,1.5145213121175767,False
41,interference_stage3.0.skip_connection.0,32,0,1000,0.01,0.0,0.0,post_relu_mean,2021.479736328125,-2021.479736328125,165.1329345703125,0.0,0.0,1502.0066680908203,0.09900082553748482,-1.5622280141048936,90.19439690800158,2.091665974855423,False
41,interference_stage3.0.skip_connection.0,32,0,1000,0.01,0.0,0.0,post_relu_mean,1856.40478515625,-1856.40478515625,142.12818908691406,0.0,0.0,1207.6971015930176,0.08655362000166579,-1.2600272275483642,72.74691775959928,1.7846561813354491,False
41,interference_stage3.0.skip_connection.0,32,0,1000,0.01,0.0,0.0,post_relu_mean,1697.3602294921875,-1697.3602294921875,120.4979476928711,0.0,0.0,980.1852607727051,0.0900531205010824,-1.0253919825321072,59.200310819848944,1.5442684656381607,False
41,interference_stage3.0.skip_connection.0,32,0,1000,0.05,0.0,0.0,post_relu_mean,10375.2109375,-10375.2109375,844.0321044921875,0.0,0.0,7819.040481567383,0.08398715835951687,-8.003438745880755,462.07300855607485,2.2135031592845915,False
41,interference_stage3.0.skip_connection.0,32,0,1000,0.05,0.0,0.0,post_relu_mean,9833.5107421875,-9833.5107421875,738.857666015625,0.0,0.0,6499.520587921143,0.07672394985441244,-6.691698979608279,386.3407176858912,1.9085219097137451,False
41,interference_stage3.0.skip_connection.0,32,0,1000,0.05,0.0,0.0,post_relu_mean,8998.5380859375,-8998.5380859375,635.7977905273438,0.0,0.0,5189.564167022705,0.06775194408686676,-5.354030472954205,309.1112986381928,1.6479940658807755,False
41,interference_stage3.0.skip_connection.0,123,0,1000,0.005,0.0,0.0,post_relu_mean,747.80712890625,-747.80712890625,77.7555923461914,0.0,0.0,493.59683990478516,0.06037296065042686,-0.503738596913409,29.08305349396978,1.4467014622688295,False
41,interference_stage3.0.skip_connection.0,123,0,1000,0.005,0.0,0.0,post_relu_mean,682.37646484375,-682.37646484375,65.30463409423828,0.0,0.0,382.5417175292969,0.06997132285706635,-0.39470918885856665,22.78833730372736,1.1906123375892639,False
41,interference_stage3.0.skip_connection.0,123,0,1000,0.005,0.0,0.0,post_relu_mean,570.8856811523438,-570.8856811523438,50.61851119995117,0.0,0.0,276.19033432006836,0.09805032887033717,-0.2783229116784438,16.0688191031968,0.9443714037537575,False
41,interference_stage3.0.skip_connection.0,123,0,1000,0.01,0.0,0.0,post_relu_mean,1509.3258056640625,-1509.3258056640625,154.37838745117188,0.0,0.0,1025.247169494629,0.07446331796150775,-1.0617301367897967,61.298339644818974,1.5129539662599563,False
41,interference_stage3.0.skip_connection.0,123,0,1000,0.01,0.0,0.0,post_relu_mean,1356.3338623046875,-1356.3338623046875,128.54188537597656,0.0,0.0,771.9314880371094,0.05917893850413946,-0.788886622663003,45.54582668852328,1.2315319389104844,False
41,interference_stage3.0.skip_connection.0,123,0,1000,0.01,0.0,0.0,post_relu_mean,1175.936767578125,-1175.936767578125,102.04562377929688,0.0,0.0,572.6787376403809,0.07854006514000117,-0.596178687151505,34.41997917161399,1.011149286031723,False
41,interference_stage3.0.skip_connection.0,123,0,1000,0.05,0.0,0.0,post_relu_mean,7711.21875,-7711.21875,782.6640625,0.0,0.0,5342.283058166504,0.06281430997858334,-5.459115111911,315.17826729287316,1.5930987358093263,False
41,interference_stage3.0.skip_connection.0,123,0,1000,0.05,0.0,0.0,post_relu_mean,7022.35302734375,-7022.35302734375,655.0026245117188,0.0,0.0,4068.877410888672,0.05466940438071857,-4.158899115849478,240.11117351009298,1.311325069665909,False
41,interference_stage3.0.skip_connection.0,123,0,1000,0.05,0.0,0.0,post_relu_mean,6099.9033203125,-6099.9033203125,524.462158203125,0.0,0.0,2962.146083831787,0.051883587953647003,-3.031732766341619,175.0349968978885,1.0592917108535767,False
41,interference_stage3.0.skip_connection.0,80,0,1000,0.005,0.0,0.0,post_relu_mean,677.2144775390625,-677.2144775390625,59.46153259277344,0.0,0.0,478.3467540740967,0.07128221265919615,-0.49811165640469135,28.758174786772308,1.4703515589237213,False
41,interference_stage3.0.skip_connection.0,80,0,1000,0.005,0.0,0.0,post_relu_mean,615.00244140625,-615.00244140625,49.84323501586914,0.0,0.0,385.2096633911133,0.0638264173444178,-0.3944691695142719,22.774645676193273,1.2557565724849702,False
41,interference_stage3.0.skip_connection.0,80,0,1000,0.005,0.0,0.0,post_relu_mean,535.9907836914062,-535.9907836914062,40.16767501831055,0.0,0.0,304.47143936157227,0.10103655835818273,-0.3059286542626517,17.662584207635547,1.0834638983011247,False
41,interference_stage3.0.skip_connection.0,80,0,1000,0.01,0.0,0.0,post_relu_mean,1359.6607666015625,-1359.6607666015625,116.4526596069336,0.0,0.0,989.8196544647217,0.0781683905322535,-1.0269098909326981,59.28801608039122,1.5286539280414582,False
41,interference_stage3.0.skip_connection.0,80,0,1000,0.01,0.0,0.0,post_relu_mean,1247.39453125,-1247.39453125,98.81321716308594,0.0,0.0,797.2368240356445,0.06723934294171113,-0.8253738819209006,47.65239331845908,1.3219075399637221,False
41,interference_stage3.0.skip_connection.0,80,0,1000,0.01,0.0,0.0,post_relu_mean,1078.5943603515625,-1078.5943603515625,79.33771514892578,0.0,0.0,612.0547523498535,0.08044855091047334,-0.6414997525588163,37.03668914099959,1.10845904648304,False
41,interference_stage3.0.skip_connection.0,80,0,1000,0.05,0.0,0.0,post_relu_mean,6934.6083984375,-6934.6083984375,581.0243530273438,0.0,0.0,5171.052015304565,0.0688821575228652,-5.280505802684129,304.8663562937172,1.6126060605049133,False
41,interference_stage3.0.skip_connection.0,80,0,1000,0.05,0.0,0.0,post_relu_mean,6354.95166015625,-6354.95166015625,494.1297302246094,0.0,0.0,4125.869941711426,0.05417339824824166,-4.2230135782691445,243.81291147934044,1.3798472028970719,False
41,interference_stage3.0.skip_connection.0,80,0,1000,0.05,0.0,0.0,post_relu_mean,5763.33984375,-5763.33984375,413.897216796875,0.0,0.0,3289.4432411193848,0.05569287267147481,-3.3976514501363515,196.16107904696807,1.2097410565614701,False
41,interference_stage3.0.skip_connection.0,60,0,1000,0.005,0.0,0.0,post_relu_mean,773.1016845703125,-773.1016845703125,73.55487060546875,0.0,0.0,533.064640045166,0.08053772632570011,-0.5543559077792252,32.0054111130792,1.6143635803461074,False
41,interference_stage3.0.skip_connection.0,60,0,1000,0.005,0.0,0.0,post_relu_mean,701.638427734375,-701.638427734375,61.809364318847656,0.0,0.0,419.12157821655273,0.08162708714941665,-0.4397524146401389,25.38885452883413,1.3427248322963714,False
41,interference_stage3.0.skip_connection.0,60,0,1000,0.005,0.0,0.0,post_relu_mean,608.1620483398438,-608.1620483398438,50.21565246582031,0.0,0.0,317.49117279052734,0.11770297637383899,-0.32074349031653654,18.518071214295322,1.0922396159172059,False
41,interference_stage3.0.skip_connection.0,60,0,1000,0.01,0.0,0.0,post_relu_mean,1542.115234375,-1542.115234375,144.93658447265625,0.0,0.0,1087.9329872131348,0.08832355675797336,-1.12441334283174,64.91722797548573,1.661942698955536,False
41,interference_stage3.0.skip_connection.0,60,0,1000,0.01,0.0,0.0,post_relu_mean,1416.180908203125,-1416.180908203125,123.18083953857422,0.0,0.0,857.4924278259277,0.08118633247452221,-0.879132913366169,50.756146703099404,1.411488397717476,False
41,interference_stage3.0.skip_connection.0,60,0,1000,0.01,0.0,0.0,post_relu_mean,1270.2686767578125,-1270.2686767578125,102.6050796508789,0.0,0.0,665.2612228393555,0.0962145236507589,-0.6917170012990559,39.935853962285314,1.1842863380908966,False
41,interference_stage3.0.skip_connection.0,60,0,1000,0.05,0.0,0.0,post_relu_mean,7887.8701171875,-7887.8701171875,738.5464477539062,0.0,0.0,5652.85803604126,0.07379528569901561,-5.794812319892958,334.55961051276057,1.7425610411167145,False
41,interference_stage3.0.skip_connection.0,60,0,1000,0.05,0.0,0.0,post_relu_mean,7340.8232421875,-7340.8232421875,626.0587158203125,0.0,0.0,4519.184383392334,0.0645637827753571,-4.660595011884574,269.076441615925,1.4813057088851929,False
41,interference_stage3.0.skip_connection.0,60,0,1000,0.05,0.0,0.0,post_relu_mean,6681.15576171875,-6681.15576171875,529.2861938476562,0.0,0.0,3516.0615158081055,0.0639009207333464,-3.6479337953907827,210.61096458837994,1.2591975665092467,False
44,interference_stage3.1.wave_feature_conv1,81,0,1000,0.005,0.0,0.0,post_relu_mean,895.4329833984375,-895.4329833984375,90.32621002197266,0.0,0.0,570.4238052368164,0.09755254609264084,-0.6001516883854102,34.64939472189172,1.6225352263450623,False
44,interference_stage3.1.wave_feature_conv1,81,0,1000,0.005,0.0,0.0,post_relu_mean,820.273681640625,-820.273681640625,76.38571166992188,0.0,0.0,438.0618095397949,0.0645242475831225,-0.46151846585623874,26.64547581233729,1.2710277569293975,False
44,interference_stage3.1.wave_feature_conv1,81,0,1000,0.005,0.0,0.0,post_relu_mean,724.4095458984375,-724.4095458984375,61.40190505981445,0.0,0.0,333.0763359069824,0.04974252631185563,-0.34168028544585677,19.72668757540424,1.0393905174732208,False
44,interference_stage3.1.wave_feature_conv1,81,0,1000,0.01,0.0,0.0,post_relu_mean,1781.2379150390625,-1781.2379150390625,179.04490661621094,0.0,0.0,1190.0727310180664,0.10422474264723393,-1.236520195582404,71.38964941611144,1.6848618119955063,False
44,interference_stage3.1.wave_feature_conv1,81,0,1000,0.01,0.0,0.0,post_relu_mean,1610.265380859375,-1610.265380859375,148.69496154785156,0.0,0.0,902.6619071960449,0.07489513512409524,-0.9349137504530143,53.97662225264234,1.3292482221126556,False
44,interference_stage3.1.wave_feature_conv1,81,0,1000,0.01,0.0,0.0,post_relu_mean,1411.8154296875,-1411.8154296875,119.35225677490234,0.0,0.0,672.7801322937012,0.055427365689988614,-0.6972538098700272,40.25546941397744,1.0754954993724823,False
44,interference_stage3.1.wave_feature_conv1,81,0,1000,0.05,0.0,0.0,post_relu_mean,8763.44140625,-8763.44140625,871.2749633789062,0.0,0.0,6095.585670471191,0.07633010948170503,-6.222288949923943,359.23957447509724,1.7380838376283645,False
44,interference_stage3.1.wave_feature_conv1,81,0,1000,0.05,0.0,0.0,post_relu_mean,7962.00244140625,-7962.00244140625,728.8218383789062,0.0,0.0,4643.828044891357,0.05990050816417614,-4.731932280667856,273.19492449826913,1.388357053399086,False
44,interference_stage3.1.wave_feature_conv1,81,0,1000,0.05,0.0,0.0,post_relu_mean,7055.5654296875,-7055.5654296875,589.9434204101562,0.0,0.0,3492.983013153076,0.048015464239746605,-3.5761165818085887,206.4647775574697,1.1376809191703796,False
44,interference_stage3.1.wave_feature_conv1,42,0,1000,0.005,0.0,0.0,post_relu_mean,937.8741455078125,-937.8741455078125,98.08053588867188,0.0,0.0,592.6607666015625,0.08262221924942018,-0.618938613968279,35.734004513933215,1.572909277677536,False
44,interference_stage3.1.wave_feature_conv1,42,0,1000,0.005,0.0,0.0,post_relu_mean,846.1511840820312,-846.1511840820312,81.78020477294922,0.0,0.0,442.7581367492676,0.051408047085329166,-0.4610783804751369,26.620041018814184,1.2200769633054733,False
44,interference_stage3.1.wave_feature_conv1,42,0,1000,0.005,0.0,0.0,post_relu_mean,729.4622802734375,-729.4622802734375,64.92950439453125,0.0,0.0,320.0928077697754,0.033651046508277126,-0.3295475128958913,19.0262091674068,0.9475889188051224,False
44,interference_stage3.1.wave_feature_conv1,42,0,1000,0.01,0.0,0.0,post_relu_mean,1844.28466796875,-1844.28466796875,191.87965393066406,0.0,0.0,1217.6739501953125,0.08771300795147988,-1.2589191340806465,72.68283266791585,1.6298256188631057,False
44,interference_stage3.1.wave_feature_conv1,42,0,1000,0.01,0.0,0.0,post_relu_mean,1643.18212890625,-1643.18212890625,157.85104370117188,0.0,0.0,897.4702949523926,0.05658472580787013,-0.9213667624558045,53.19448790803061,1.2542071205377578,False
44,interference_stage3.1.wave_feature_conv1,42,0,1000,0.01,0.0,0.0,post_relu_mean,1417.226318359375,-1417.226318359375,124.5012435913086,0.0,0.0,650.4264259338379,0.04230253126399353,-0.6787080802966118,39.18476271015043,0.9894426122307778,False
44,interference_stage3.1.wave_feature_conv1,42,0,1000,0.05,0.0,0.0,post_relu_mean,8997.7890625,-8997.7890625,932.1387939453125,0.0,0.0,6150.4007568359375,0.0726203232816316,-6.28494581261016,362.85709888979085,1.694662432074547,False
44,interference_stage3.1.wave_feature_conv1,42,0,1000,0.05,0.0,0.0,post_relu_mean,8425.326171875,-8425.326171875,808.8740844726562,0.0,0.0,4750.010456085205,0.05472838741087754,-4.8454347810721625,279.7478552223917,1.337825682759285,False
44,interference_stage3.1.wave_feature_conv1,42,0,1000,0.05,0.0,0.0,post_relu_mean,7140.25390625,-7140.25390625,625.1546630859375,0.0,0.0,3369.5334815979004,0.03995989729971025,-3.4304791934983925,198.05633478868967,1.0393717378377914,False
44,interference_stage3.1.wave_feature_conv1,127,0,1000,0.005,0.0,0.0,post_relu_mean,938.2968139648438,-938.2968139648438,99.0680923461914,0.0,0.0,595.2668609619141,0.08999061639213846,-0.6144900326609727,35.47716280155081,1.6221101933717728,False
44,interference_stage3.1.wave_feature_conv1,127,0,1000,0.005,0.0,0.0,post_relu_mean,856.6094360351562,-856.6094360351562,84.51285552978516,0.0,0.0,446.12496185302734,0.05525146739629551,-0.4661628154931168,26.913648887101665,1.25284207880497,False
44,interference_stage3.1.wave_feature_conv1,127,0,1000,0.005,0.0,0.0,post_relu_mean,758.5468139648438,-758.5468139648438,68.78367614746094,0.0,0.0,331.31719970703125,0.05022022952351482,-0.34280786310429245,19.791790327232885,0.9886593934893608,False
44,interference_stage3.1.wave_feature_conv1,127,0,1000,0.01,0.0,0.0,post_relu_mean,1859.4285888671875,-1859.4285888671875,196.6547088623047,0.0,0.0,1223.6388092041016,0.09251894781182159,-1.2629099002163777,72.9132476067414,1.6604766476154327,False
44,interference_stage3.1.wave_feature_conv1,127,0,1000,0.01,0.0,0.0,post_relu_mean,1710.3714599609375,-1710.3714599609375,167.75900268554688,0.0,0.0,925.2793197631836,0.07179565030127874,-0.9590634194413208,55.37086183185144,1.3157981956005096,False
44,interference_stage3.1.wave_feature_conv1,127,0,1000,0.01,0.0,0.0,post_relu_mean,1504.62890625,-1504.62890625,134.98773193359375,0.0,0.0,680.1749572753906,0.05589028818617866,-0.7010263835392272,40.47328646981112,1.0318332999944686,False
44,interference_stage3.1.wave_feature_conv1,127,0,1000,0.05,0.0,0.0,post_relu_mean,9232.5556640625,-9232.5556640625,969.3165893554688,0.0,0.0,6278.780288696289,0.07662323360241032,-6.358296678852518,367.0918543266729,1.7489275270700455,False
44,interference_stage3.1.wave_feature_conv1,127,0,1000,0.05,0.0,0.0,post_relu_mean,8603.9462890625,-8603.9462890625,834.6823120117188,0.0,0.0,4817.699363708496,0.06283637865344958,-4.920458691215815,284.0793777822504,1.3782972210645676,False
44,interference_stage3.1.wave_feature_conv1,127,0,1000,0.05,0.0,0.0,post_relu_mean,7445.04541015625,-7445.04541015625,660.8657836914062,0.0,0.0,3465.323028564453,0.04436039438860775,-3.5265493373174173,203.60288234703978,1.084173385500908,False
44,interference_stage3.1.wave_feature_conv1,12,0,1000,0.005,0.0,0.0,post_relu_mean,1083.761474609375,-1083.761474609375,105.6002426147461,0.0,0.0,727.2343521118164,0.09965459707517224,-0.7648714554655858,44.159362130965036,1.8166991156339645,False
44,interference_stage3.1.wave_feature_conv1,12,0,1000,0.005,0.0,0.0,post_relu_mean,1012.7468872070312,-1012.7468872070312,94.0628433227539,0.0,0.0,565.4571418762207,0.0685247339118989,-0.6007943691710579,34.68649047127852,1.4584466803073883,False
44,interference_stage3.1.wave_feature_conv1,12,0,1000,0.005,0.0,0.0,post_relu_mean,903.124267578125,-903.124267578125,78.75652313232422,0.0,0.0,422.297607421875,0.06091805291353908,-0.4428122980296187,25.565476871497207,1.151935903429985,False
44,interference_stage3.1.wave_feature_conv1,12,0,1000,0.01,0.0,0.0,post_relu_mean,2158.949951171875,-2158.949951171875,209.92416381835938,0.0,0.0,1489.4510879516602,0.10839579925495836,-1.5398348561619313,88.90130726860191,1.873120079636574,False
44,interference_stage3.1.wave_feature_conv1,12,0,1000,0.01,0.0,0.0,post_relu_mean,2060.45263671875,-2060.45263671875,190.30567932128906,0.0,0.0,1180.0701789855957,0.0856416263580905,-1.2452788988029144,71.89532944369483,1.532075822353363,False
44,interference_stage3.1.wave_feature_conv1,12,0,1000,0.01,0.0,0.0,post_relu_mean,1839.44921875,-1839.44921875,160.36448669433594,0.0,0.0,868.9747924804688,0.06197877396679727,-0.9097224804735108,52.522223689545285,1.1938435608148574,False
44,interference_stage3.1.wave_feature_conv1,12,0,1000,0.05,0.0,0.0,post_relu_mean,11076.1669921875,-11076.1669921875,1068.130126953125,0.0,0.0,7832.049964904785,0.09634440221584918,-7.9674042942382135,459.99267218524386,1.9943653684854508,False
44,interference_stage3.1.wave_feature_conv1,12,0,1000,0.05,0.0,0.0,post_relu_mean,10481.044921875,-10481.044921875,964.79443359375,0.0,0.0,6115.462757110596,0.07474762139893225,-6.2620987612092645,361.53817350115236,1.6005688613653184,False
44,interference_stage3.1.wave_feature_conv1,12,0,1000,0.05,0.0,0.0,post_relu_mean,9479.55078125,-9479.55078125,816.7651977539062,0.0,0.0,4570.671936035156,0.056060417802543026,-4.688924556793119,270.71183389902404,1.2707231521606446,False
44,interference_stage3.1.wave_feature_conv1,31,0,1000,0.005,0.0,0.0,post_relu_mean,875.7833251953125,-875.7833251953125,97.78593444824219,0.0,0.0,548.1903533935547,0.09721532490542435,-0.571912547836584,33.01903111630149,1.5403448796272279,False
44,interference_stage3.1.wave_feature_conv1,31,0,1000,0.005,0.0,0.0,post_relu_mean,808.0726318359375,-808.0726318359375,84.25102233886719,0.0,0.0,410.49062728881836,0.0747999443930124,-0.42935901607226457,24.788793019984865,1.2168167066574096,False
44,interference_stage3.1.wave_feature_conv1,31,0,1000,0.005,0.0,0.0,post_relu_mean,673.218994140625,-673.218994140625,64.83455657958984,0.0,0.0,281.54206466674805,0.06223421150768229,-0.2910066822028827,16.801130171618272,0.9335838142037391,False
44,interference_stage3.1.wave_feature_conv1,31,0,1000,0.01,0.0,0.0,post_relu_mean,1739.837890625,-1739.837890625,192.5372314453125,0.0,0.0,1127.9910125732422,0.10534025498754909,-1.1693175665725872,67.50979777168985,1.6117764675617219,False
44,interference_stage3.1.wave_feature_conv1,31,0,1000,0.01,0.0,0.0,post_relu_mean,1604.777099609375,-1604.777099609375,165.2299041748047,0.0,0.0,842.7901573181152,0.08948824205917276,-0.867993086652728,50.113112221237586,1.2965350061655045,False
44,interference_stage3.1.wave_feature_conv1,31,0,1000,0.01,0.0,0.0,post_relu_mean,1346.899658203125,-1346.899658203125,128.14157104492188,0.0,0.0,575.3806266784668,0.06736675091312297,-0.5958472142955917,34.400861900378644,0.9914605009555817,False
44,interference_stage3.1.wave_feature_conv1,31,0,1000,0.05,0.0,0.0,post_relu_mean,8855.537109375,-8855.537109375,978.984619140625,0.0,0.0,5884.34782409668,0.09254165196676124,-6.016068425514349,347.3338835584036,1.7333205676078796,False
44,interference_stage3.1.wave_feature_conv1,31,0,1000,0.05,0.0,0.0,post_relu_mean,8008.41259765625,-8008.41259765625,822.8801879882812,0.0,0.0,4286.999263763428,0.07047258132949688,-4.3422324855606735,250.69581243429676,1.3468513935804367,False
44,interference_stage3.1.wave_feature_conv1,31,0,1000,0.05,0.0,0.0,post_relu_mean,6871.51953125,-6871.51953125,645.1400756835938,0.0,0.0,2998.009593963623,0.059148012995597646,-3.098790155117648,178.90666263464186,1.064942027926445,False
46,interference_stage3.1.wave_feature_conv2,38,0,1000,0.005,0.0,0.0,post_relu_mean,835.07763671875,-835.07763671875,53.89038848876953,0.0,0.0,627.7132453918457,0.10386238365455583,-0.6587374635537764,38.03180294274473,1.6125434625148773,False
46,interference_stage3.1.wave_feature_conv2,38,0,1000,0.005,0.0,0.0,post_relu_mean,819.7598266601562,-819.7598266601562,51.79719161987305,0.0,0.0,547.2260437011719,0.08791858496977348,-0.5744065527221066,33.16304772829297,1.4153964030742645,False
46,interference_stage3.1.wave_feature_conv2,38,0,1000,0.005,0.0,0.0,post_relu_mean,801.411376953125,-801.411376953125,49.912925720214844,0.0,0.0,468.73420333862305,0.06908581385619378,-0.4857618799555071,28.045189467559588,1.2205740487575532,False
46,interference_stage3.1.wave_feature_conv2,38,0,1000,0.01,0.0,0.0,post_relu_mean,1659.740478515625,-1659.740478515625,107.55037689208984,0.0,0.0,1291.3961067199707,0.10399238982833554,-1.3301646566737895,76.79613901944789,1.6682713806629181,False
46,interference_stage3.1.wave_feature_conv2,38,0,1000,0.01,0.0,0.0,post_relu_mean,1625.5784912109375,-1625.5784912109375,102.90535736083984,0.0,0.0,1123.0579528808594,0.08943021688801818,-1.1664812414835515,67.34600219721122,1.4683235204219818,False
46,interference_stage3.1.wave_feature_conv2,38,0,1000,0.01,0.0,0.0,post_relu_mean,1578.836669921875,-1578.836669921875,98.30628967285156,0.0,0.0,955.7992668151855,0.072383833547018,-0.9787014407263259,56.50465523126495,1.2608300238847732,False
46,interference_stage3.1.wave_feature_conv2,38,0,1000,0.05,0.0,0.0,post_relu_mean,8204.0830078125,-8204.0830078125,531.6087036132812,0.0,0.0,6563.563587188721,0.07833046347490215,-6.637505746359479,383.2119930798215,1.7237267595529557,False
46,interference_stage3.1.wave_feature_conv2,38,0,1000,0.05,0.0,0.0,post_relu_mean,8172.0322265625,-8172.0322265625,522.00048828125,0.0,0.0,5783.583831787109,0.06738266886838744,-5.853342513128258,337.9387148770848,1.514322851896286,False
46,interference_stage3.1.wave_feature_conv2,38,0,1000,0.05,0.0,0.0,post_relu_mean,8095.3916015625,-8095.3916015625,507.8466796875,0.0,0.0,5015.111888885498,0.061342245197926394,-5.103749441697468,294.6614536338717,1.323459671139717,False
46,interference_stage3.1.wave_feature_conv2,75,0,1000,0.005,0.0,0.0,post_relu_mean,655.7861328125,-655.7861328125,49.9384765625,0.0,0.0,470.67608642578125,0.1164644047368446,-0.5086042637897612,29.3639174676089,1.2977821683883668,False
46,interference_stage3.1.wave_feature_conv2,75,0,1000,0.005,0.0,0.0,post_relu_mean,643.1589965820312,-643.1589965820312,47.51837158203125,0.0,0.0,400.3985023498535,0.10410433264567653,-0.43220267538243623,24.95293176107391,1.1238107591867448,False
46,interference_stage3.1.wave_feature_conv2,75,0,1000,0.005,0.0,0.0,post_relu_mean,618.7922973632812,-618.7922973632812,43.753780364990234,0.0,0.0,333.70859146118164,0.09495619422053618,-0.3609381370169631,20.838552935975795,0.9677157044410706,False
46,interference_stage3.1.wave_feature_conv2,75,0,1000,0.01,0.0,0.0,post_relu_mean,1307.4722900390625,-1307.4722900390625,98.83357238769531,0.0,0.0,975.6769409179688,0.12783825760662193,-1.016784386482831,58.703402564180074,1.3838784116506577,False
46,interference_stage3.1.wave_feature_conv2,75,0,1000,0.01,0.0,0.0,post_relu_mean,1276.3486328125,-1276.3486328125,93.39646911621094,0.0,0.0,827.1366920471191,0.11402988594284418,-0.8551898015742628,49.37384568661432,1.195205819606781,False
46,interference_stage3.1.wave_feature_conv2,75,0,1000,0.01,0.0,0.0,post_relu_mean,1231.668212890625,-1231.668212890625,86.10787963867188,0.0,0.0,692.459903717041,0.10272248841545194,-0.7098802047840502,40.984458974495375,1.0340128761529923,False
46,interference_stage3.1.wave_feature_conv2,75,0,1000,0.05,0.0,0.0,post_relu_mean,6574.970703125,-6574.970703125,494.6436462402344,0.0,0.0,5055.745422363281,0.10407895315230149,-5.113500494983077,295.22482050826073,1.4782409834861756,False
46,interference_stage3.1.wave_feature_conv2,75,0,1000,0.05,0.0,0.0,post_relu_mean,6383.03173828125,-6383.03173828125,461.65643310546875,0.0,0.0,4276.650302886963,0.09655141382026561,-4.336574911565172,250.36938172083072,1.2862298619747161,False
46,interference_stage3.1.wave_feature_conv2,75,0,1000,0.05,0.0,0.0,post_relu_mean,6039.67578125,-6039.67578125,418.89093017578125,0.0,0.0,3503.7690467834473,0.07374845352549322,-3.5282651877698314,203.7020287381174,1.0677567255496978,False
46,interference_stage3.1.wave_feature_conv2,104,0,1000,0.005,0.0,0.0,post_relu_mean,560.66015625,-560.66015625,53.32437515258789,0.0,0.0,379.8586654663086,0.06520747994106824,-0.39840664222629735,23.00175705340182,1.0242235308885574,False
46,interference_stage3.1.wave_feature_conv2,104,0,1000,0.005,0.0,0.0,post_relu_mean,540.8688354492188,-540.8688354492188,49.76490020751953,0.0,0.0,302.63215255737305,0.049243338620326135,-0.3169593707349092,18.299451617423657,0.835066958963871,False
46,interference_stage3.1.wave_feature_conv2,104,0,1000,0.005,0.0,0.0,post_relu_mean,499.90093994140625,-499.90093994140625,44.045223236083984,0.0,0.0,227.86868286132812,0.03164181854145637,-0.23511333534528558,13.574112925116351,0.643349928855896,False
46,interference_stage3.1.wave_feature_conv2,104,0,1000,0.01,0.0,0.0,post_relu_mean,1118.024169921875,-1118.024169921875,106.05017852783203,0.0,0.0,779.0453109741211,0.06740526087156004,-0.8080989164774285,46.655102176710244,1.0655441337823868,False
46,interference_stage3.1.wave_feature_conv2,104,0,1000,0.01,0.0,0.0,post_relu_mean,1082.8116455078125,-1082.8116455078125,99.56006622314453,0.0,0.0,620.4967460632324,0.05252068381456955,-0.6424856692355418,37.09347406713159,0.8674363669753075,False
46,interference_stage3.1.wave_feature_conv2,104,0,1000,0.01,0.0,0.0,post_relu_mean,1005.8131103515625,-1005.8131103515625,88.25443267822266,0.0,0.0,468.52557373046875,0.03622055600974611,-0.4751330937432982,27.431494745009296,0.6731189122796059,False
46,interference_stage3.1.wave_feature_conv2,104,0,1000,0.05,0.0,0.0,post_relu_mean,5625.59228515625,-5625.59228515625,532.5882568359375,0.0,0.0,4006.9992904663086,0.0502928484628673,-4.048855316841904,233.7578546550465,1.1111277097463608,False
46,interference_stage3.1.wave_feature_conv2,104,0,1000,0.05,0.0,0.0,post_relu_mean,5387.23193359375,-5387.23193359375,492.9048767089844,0.0,0.0,3154.86527633667,0.03882254775182378,-3.194400980385837,184.4265431359262,0.901932081580162,False
46,interference_stage3.1.wave_feature_conv2,104,0,1000,0.05,0.0,0.0,post_relu_mean,5072.34716796875,-5072.34716796875,445.4755859375,0.0,0.0,2391.7327270507812,0.029858881788768235,-2.432465955813934,140.43675362511456,0.7040556743741035,False
46,interference_stage3.1.wave_feature_conv2,125,0,1000,0.005,0.0,0.0,post_relu_mean,454.6238098144531,-454.6238098144531,51.6490364074707,0.0,0.0,280.3842239379883,0.042769325702129636,-0.29325268320764414,16.930785780558534,0.7531449043750763,False
46,interference_stage3.1.wave_feature_conv2,125,0,1000,0.005,0.0,0.0,post_relu_mean,426.6153869628906,-426.6153869628906,45.95746994018555,0.0,0.0,207.06573677062988,0.031006372290218943,-0.21763378280929194,12.56498595984852,0.5717007917165756,False
46,interference_stage3.1.wave_feature_conv2,125,0,1000,0.005,0.0,0.0,post_relu_mean,365.5883483886719,-365.5883483886719,36.83026123046875,0.0,0.0,138.41717147827148,0.022934011531904892,-0.14488631157276738,8.364917227689382,0.41148620009422304,False
46,interference_stage3.1.wave_feature_conv2,125,0,1000,0.01,0.0,0.0,post_relu_mean,904.2098388671875,-904.2098388671875,102.95014953613281,0.0,0.0,576.0669021606445,0.045417181582179965,-0.5971649833009132,34.476932558167285,0.7797920075058937,False
46,interference_stage3.1.wave_feature_conv2,125,0,1000,0.01,0.0,0.0,post_relu_mean,859.944580078125,-859.944580078125,92.41403198242188,0.0,0.0,431.3403797149658,0.03323285515588592,-0.45551591132002417,26.29894966481231,0.5977625769376754,False
46,interference_stage3.1.wave_feature_conv2,125,0,1000,0.01,0.0,0.0,post_relu_mean,737.1572875976562,-737.1572875976562,73.53884887695312,0.0,0.0,289.7345848083496,0.026216714071833024,-0.30223124171701693,17.44911510498375,0.4340125653147697,False
46,interference_stage3.1.wave_feature_conv2,125,0,1000,0.05,0.0,0.0,post_relu_mean,4665.47265625,-4665.47265625,530.9732666015625,0.0,0.0,3053.2602615356445,0.04167318913060076,-3.108287947433061,179.45486987639535,0.8389262413978577,False
46,interference_stage3.1.wave_feature_conv2,125,0,1000,0.05,0.0,0.0,post_relu_mean,4331.77490234375,-4331.77490234375,463.7934265136719,0.0,0.0,2231.9635486602783,0.028770479605597768,-2.2686608721004156,130.97959931773067,0.631070636510849,False
46,interference_stage3.1.wave_feature_conv2,125,0,1000,0.05,0.0,0.0,post_relu_mean,3765.33251953125,-3765.33251953125,374.0223388671875,0.0,0.0,1515.008876800537,0.020504863023712534,-1.5474309081848139,89.33987761543078,0.4563948231935501,False
46,interference_stage3.1.wave_feature_conv2,103,0,1000,0.005,0.0,0.0,post_relu_mean,423.7154235839844,-423.7154235839844,47.13001251220703,0.0,0.0,264.43747901916504,0.050370612805246455,-0.2728209795630328,15.751135395437062,0.7138844525814056,False
46,interference_stage3.1.wave_feature_conv2,103,0,1000,0.005,0.0,0.0,post_relu_mean,408.0414123535156,-408.0414123535156,43.49168014526367,0.0,0.0,201.0085964202881,0.035606418855514764,-0.20780591900203996,11.997538359503666,0.5483555153012276,False
46,interference_stage3.1.wave_feature_conv2,103,0,1000,0.005,0.0,0.0,post_relu_mean,338.6206359863281,-338.6206359863281,34.11056900024414,0.0,0.0,129.20459175109863,0.020546360103519908,-0.13471933155292995,7.7779639412341295,0.3752572230994701,False
46,interference_stage3.1.wave_feature_conv2,103,0,1000,0.01,0.0,0.0,post_relu_mean,862.2061157226562,-862.2061157226562,95.852294921875,0.0,0.0,556.7613315582275,0.05429608816466767,-0.5877798402174409,33.93509331105301,0.7507479220628739,False
46,interference_stage3.1.wave_feature_conv2,103,0,1000,0.01,0.0,0.0,post_relu_mean,806.1652221679688,-806.1652221679688,85.51717376708984,0.0,0.0,410.01769065856934,0.0397633086015448,-0.4232396478323213,24.435448618079104,0.5761224925518036,False
46,interference_stage3.1.wave_feature_conv2,103,0,1000,0.01,0.0,0.0,post_relu_mean,682.0262451171875,-682.0262451171875,68.46343994140625,0.0,0.0,266.4929828643799,0.022976439332693034,-0.27699706417831343,15.992248482998745,0.39517335563898087,False
46,interference_stage3.1.wave_feature_conv2,103,0,1000,0.05,0.0,0.0,post_relu_mean,4384.17236328125,-4384.17236328125,487.9531555175781,0.0,0.0,2902.4250888824463,0.04112403162127637,-2.945124149343968,170.03475021280144,0.783537777364254,False
46,interference_stage3.1.wave_feature_conv2,103,0,1000,0.05,0.0,0.0,post_relu_mean,4074.5908203125,-4074.5908203125,433.7709655761719,0.0,0.0,2111.301321029663,0.0329539098084426,-2.1395951643786217,123.52804609897792,0.6033118492364884,False
46,interference_stage3.1.wave_feature_conv2,103,0,1000,0.05,0.0,0.0,post_relu_mean,3489.63720703125,-3489.63720703125,350.1299133300781,0.0,0.0,1384.1050434112549,0.02111096670671619,-1.4079967250035743,81.28973344918292,0.41628205463290213,False
51,source_localization_stage4.0.wave_feature_conv1,7,0,1000,0.005,0.0,0.0,post_relu_mean,888.0430908203125,-888.0430908203125,46.89353561401367,0.0,0.0,705.2015266418457,0.19981371086582456,-0.7344802039545616,42.404965416620286,2.102607858181,False
51,source_localization_stage4.0.wave_feature_conv1,7,0,1000,0.005,0.0,0.0,post_relu_mean,855.7615966796875,-855.7615966796875,42.65985107421875,0.0,0.0,628.7653579711914,0.17265028456916448,-0.6785694790837788,39.17678146567121,1.9020342385768891,False
51,source_localization_stage4.0.wave_feature_conv1,7,0,1000,0.005,0.0,0.0,post_relu_mean,802.8641967773438,-802.8641967773438,37.12431335449219,0.0,0.0,552.2254943847656,0.11198820610233265,-0.5909277903151192,34.116945555204566,1.6283839648962022,False
51,source_localization_stage4.0.wave_feature_conv1,7,0,1000,0.01,0.0,0.0,post_relu_mean,1756.1728515625,-1756.1728515625,92.68399810791016,0.0,0.0,1435.959888458252,0.19718603062566623,-1.482512235047087,85.5919450580096,2.22052264213562,False
51,source_localization_stage4.0.wave_feature_conv1,7,0,1000,0.01,0.0,0.0,post_relu_mean,1711.1221923828125,-1711.1221923828125,84.86458587646484,0.0,0.0,1294.204689025879,0.18898319356594007,-1.3228978214079374,76.37660639314015,2.0205571246147156,False
51,source_localization_stage4.0.wave_feature_conv1,7,0,1000,0.01,0.0,0.0,post_relu_mean,1583.3802490234375,-1583.3802490234375,71.9976806640625,0.0,0.0,1123.5013732910156,0.11570412516204513,-1.1730501461236482,67.72530235655687,1.6919232285022736,False
51,source_localization_stage4.0.wave_feature_conv1,7,0,1000,0.05,0.0,0.0,post_relu_mean,8792.4345703125,-8792.4345703125,462.1651306152344,0.0,0.0,7363.778491973877,0.14295764515302578,-7.465839223373162,431.0351098631916,2.2798985683918,False
51,source_localization_stage4.0.wave_feature_conv1,7,0,1000,0.05,0.0,0.0,post_relu_mean,8600.5556640625,-8600.5556640625,426.21112060546875,0.0,0.0,6647.578590393066,0.12638918588596232,-6.808622702628112,393.0913227546374,2.0367184031009673,False
51,source_localization_stage4.0.wave_feature_conv1,7,0,1000,0.05,0.0,0.0,post_relu_mean,8085.41943359375,-8085.41943359375,365.8154296875,0.0,0.0,5862.634063720703,0.10903590105102944,-6.006460423473477,346.77897155773354,1.7974798828363419,False
51,source_localization_stage4.0.wave_feature_conv1,45,0,1000,0.005,0.0,0.0,post_relu_mean,576.613525390625,-576.613525390625,33.723167419433594,0.0,0.0,442.289493560791,0.07591881859765928,-0.466814575515755,26.951459424148165,1.388677099943161,False
51,source_localization_stage4.0.wave_feature_conv1,45,0,1000,0.005,0.0,0.0,post_relu_mean,559.7335205078125,-559.7335205078125,29.790882110595703,0.0,0.0,399.7064723968506,0.07354329824076629,-0.4177172183668606,24.116627665344662,1.2762341833114623,False
51,source_localization_stage4.0.wave_feature_conv1,45,0,1000,0.005,0.0,0.0,post_relu_mean,530.4928588867188,-530.4928588867188,26.123397827148438,0.0,0.0,354.9708309173584,0.0642897739965067,-0.37535529322986483,21.670883652101566,1.1589004701375962,False
51,source_localization_stage4.0.wave_feature_conv1,45,0,1000,0.01,0.0,0.0,post_relu_mean,1168.221923828125,-1168.221923828125,66.90666198730469,0.0,0.0,934.3474159240723,0.09682237984208297,-0.9740375936003624,56.23564778449452,1.4738155245780944,False
51,source_localization_stage4.0.wave_feature_conv1,45,0,1000,0.01,0.0,0.0,post_relu_mean,1122.498779296875,-1122.498779296875,58.944087982177734,0.0,0.0,831.2822780609131,0.08563892975918692,-0.8702995366784806,50.24643301249248,1.3526123028993606,False
51,source_localization_stage4.0.wave_feature_conv1,45,0,1000,0.01,0.0,0.0,post_relu_mean,1049.2421875,-1049.2421875,51.244056701660156,0.0,0.0,722.9961910247803,0.06674572919489444,-0.7574280449845718,43.72958502103774,1.197468997836113,False
51,source_localization_stage4.0.wave_feature_conv1,45,0,1000,0.05,0.0,0.0,post_relu_mean,5935.5390625,-5935.5390625,333.25775146484375,0.0,0.0,4902.611087799072,0.07948536227598046,-4.982486421474501,287.66045783272557,1.5539075654745103,False
51,source_localization_stage4.0.wave_feature_conv1,45,0,1000,0.05,0.0,0.0,post_relu_mean,5689.56982421875,-5689.56982421875,291.7888488769531,0.0,0.0,4350.551931381226,0.06697443900123654,-4.4448264426215145,256.6189920153017,1.4130514454841614,False
51,source_localization_stage4.0.wave_feature_conv1,45,0,1000,0.05,0.0,0.0,post_relu_mean,5383.8837890625,-5383.8837890625,257.3860168457031,0.0,0.0,3820.7859859466553,0.06451560311823165,-3.942165206168728,227.5981752453708,1.2989419251680374,False
51,source_localization_stage4.0.wave_feature_conv1,102,0,1000,0.005,0.0,0.0,post_relu_mean,881.290771484375,-881.290771484375,44.83957290649414,0.0,0.0,717.8014965057373,0.29873904498581444,-0.7557633010954669,43.63361509835746,2.6148336124420166,False
51,source_localization_stage4.0.wave_feature_conv1,102,0,1000,0.005,0.0,0.0,post_relu_mean,853.4035034179688,-853.4035034179688,41.4768180847168,0.0,0.0,644.9980487823486,0.2505453022167288,-0.6801290621865154,39.26688492712198,2.330554087162018,False
51,source_localization_stage4.0.wave_feature_conv1,102,0,1000,0.005,0.0,0.0,post_relu_mean,827.8467407226562,-827.8467407226562,38.818145751953125,0.0,0.0,580.3888740539551,0.20684974367074277,-0.610214726033129,35.230390165913406,2.0971811962127687,False
51,source_localization_stage4.0.wave_feature_conv1,102,0,1000,0.01,0.0,0.0,post_relu_mean,1770.885498046875,-1770.885498046875,88.12469482421875,0.0,0.0,1477.540937423706,0.31557568983789563,-1.5208560357136367,87.80565637060505,2.7640061914920806,False
51,source_localization_stage4.0.wave_feature_conv1,102,0,1000,0.01,0.0,0.0,post_relu_mean,1746.8046875,-1746.8046875,83.6637191772461,0.0,0.0,1348.5582294464111,0.2961087371700632,-1.3765746962277574,79.47585400776485,2.6005889022350313,False
51,source_localization_stage4.0.wave_feature_conv1,102,0,1000,0.01,0.0,0.0,post_relu_mean,1689.9942626953125,-1689.9942626953125,78.46089935302734,0.0,0.0,1204.679889678955,0.26910998114213236,-1.2524491108798717,72.30936337522502,2.3452604722976687,False
51,source_localization_stage4.0.wave_feature_conv1,102,0,1000,0.05,0.0,0.0,post_relu_mean,8979.7314453125,-8979.7314453125,449.0260314941406,0.0,0.0,7603.682783126831,0.2724383849555987,-7.814767223916926,451.18024925480336,3.0594153535366058,False
51,source_localization_stage4.0.wave_feature_conv1,102,0,1000,0.05,0.0,0.0,post_relu_mean,8826.716796875,-8826.716796875,422.4568176269531,0.0,0.0,6903.901369094849,0.26585080643518233,-7.182087563663701,414.65303029876964,2.8422109043598174,False
51,source_localization_stage4.0.wave_feature_conv1,102,0,1000,0.05,0.0,0.0,post_relu_mean,8737.865234375,-8737.865234375,403.0515441894531,0.0,0.0,6305.006671905518,0.2750229808347238,-6.694672795897045,386.5130389065426,2.6336363542079924,False
51,source_localization_stage4.0.wave_feature_conv1,75,0,1000,0.005,0.0,0.0,post_relu_mean,900.4266357421875,-900.4266357421875,45.52872085571289,0.0,0.0,739.9814643859863,0.26609348997617716,-0.7772043958386559,44.87163121870467,2.7114668667316435,False
51,source_localization_stage4.0.wave_feature_conv1,75,0,1000,0.005,0.0,0.0,post_relu_mean,867.4075317382812,-867.4075317382812,42.96473693847656,0.0,0.0,657.4477252960205,0.19797950102566264,-0.6871075953992355,39.669702722220634,2.369813809394836,False
51,source_localization_stage4.0.wave_feature_conv1,75,0,1000,0.005,0.0,0.0,post_relu_mean,871.9239501953125,-871.9239501953125,41.58988571166992,0.0,0.0,613.0066375732422,0.19627369047450458,-0.6380248778985588,36.83597151256924,2.234342107772827,False
51,source_localization_stage4.0.wave_feature_conv1,75,0,1000,0.01,0.0,0.0,post_relu_mean,1829.5186767578125,-1829.5186767578125,91.98463439941406,0.0,0.0,1529.7057075500488,0.29736711338350563,-1.584847944501835,91.50023089128179,2.9051720690727234,False
51,source_localization_stage4.0.wave_feature_conv1,75,0,1000,0.01,0.0,0.0,post_relu_mean,1755.02734375,-1755.02734375,86.06600189208984,0.0,0.0,1351.1118488311768,0.22497755598380112,-1.3857312590346496,80.00431277945083,2.5349495124816896,False
51,source_localization_stage4.0.wave_feature_conv1,75,0,1000,0.01,0.0,0.0,post_relu_mean,1744.15673828125,-1744.15673828125,82.40214538574219,0.0,0.0,1240.3658905029297,0.19282291187230355,-1.2837463028708285,74.11634348401007,2.309797831773758,False
51,source_localization_stage4.0.wave_feature_conv1,75,0,1000,0.05,0.0,0.0,post_relu_mean,9124.9638671875,-9124.9638671875,455.0269470214844,0.0,0.0,7736.023822784424,0.23227700761740377,-7.978913740299563,460.65751110313676,3.085961319208145,False
51,source_localization_stage4.0.wave_feature_conv1,75,0,1000,0.05,0.0,0.0,post_relu_mean,9167.5546875,-9167.5546875,440.7632751464844,0.0,0.0,7167.501619338989,0.19455867316735095,-7.338308765214247,423.6725700590126,2.80186811208725,False
51,source_localization_stage4.0.wave_feature_conv1,75,0,1000,0.05,0.0,0.0,post_relu_mean,9039.099609375,-9039.099609375,425.69207763671875,0.0,0.0,6475.569259643555,0.16703382871085623,-6.547662944869518,378.0250543688559,2.5090114998817445,False
51,source_localization_stage4.0.wave_feature_conv1,81,0,1000,0.005,0.0,0.0,post_relu_mean,792.7527465820312,-792.7527465820312,39.74935531616211,0.0,0.0,655.0289001464844,0.31306728381631377,-0.6872839643409298,39.6798863846943,2.747835042476654,False
51,source_localization_stage4.0.wave_feature_conv1,81,0,1000,0.005,0.0,0.0,post_relu_mean,776.0499267578125,-776.0499267578125,36.82673645019531,0.0,0.0,599.1255798339844,0.2878042190043919,-0.649648522783504,37.507448266281976,2.5697476541996003,False
51,source_localization_stage4.0.wave_feature_conv1,81,0,1000,0.005,0.0,0.0,post_relu_mean,765.6583862304688,-765.6583862304688,35.38987731933594,0.0,0.0,549.3868713378906,0.2817166954786293,-0.6086584651875208,35.14061470488362,2.424211183786392,False
51,source_localization_stage4.0.wave_feature_conv1,81,0,1000,0.01,0.0,0.0,post_relu_mean,1629.416748046875,-1629.416748046875,80.88089752197266,0.0,0.0,1368.2982482910156,0.41637108155969227,-1.4538088403076772,83.93564258569977,3.141654601097107,False
51,source_localization_stage4.0.wave_feature_conv1,81,0,1000,0.01,0.0,0.0,post_relu_mean,1603.96728515625,-1603.96728515625,76.31746673583984,0.0,0.0,1249.3346862792969,0.3700183278427373,-1.341619239715002,77.45821611675667,2.8163991916179656,False
51,source_localization_stage4.0.wave_feature_conv1,81,0,1000,0.01,0.0,0.0,post_relu_mean,1616.9298095703125,-1616.9298095703125,74.1501693725586,0.0,0.0,1168.0965881347656,0.36422163557686205,-1.307783452749771,75.50683695244348,2.7120995819568634,False
51,source_localization_stage4.0.wave_feature_conv1,81,0,1000,0.05,0.0,0.0,post_relu_mean,8768.798828125,-8768.798828125,430.4602966308594,0.0,0.0,7458.942169189453,0.4231239051548062,-7.711188335128301,445.2010388898301,3.5997280275821684,False
51,source_localization_stage4.0.wave_feature_conv1,81,0,1000,0.05,0.0,0.0,post_relu_mean,8477.126953125,-8477.126953125,399.6871032714844,0.0,0.0,6667.331146240234,0.3890818668061548,-6.977709834957786,402.8537337359006,3.2564302778244016,False
51,source_localization_stage4.0.wave_feature_conv1,81,0,1000,0.05,0.0,0.0,post_relu_mean,8100.5791015625,-8100.5791015625,366.9810485839844,0.0,0.0,5894.760650634766,0.294259096504122,-6.299301509515276,363.68665493565067,2.8796944296360016,False
53,source_localization_stage4.0.wave_feature_conv2,101,0,1000,0.005,0.0,0.0,post_relu_mean,446.3916320800781,-446.3916320800781,32.18154525756836,0.0,0.0,343.0484447479248,0.2270037969278247,-0.36005498284277176,20.787940829664752,1.6063151133060456,False
53,source_localization_stage4.0.wave_feature_conv2,101,0,1000,0.005,0.0,0.0,post_relu_mean,455.726806640625,-455.726806640625,31.958446502685547,0.0,0.0,308.33344554901123,0.22097368077512056,-0.32598861625669673,18.820945363055458,1.4965373539924622,False
53,source_localization_stage4.0.wave_feature_conv2,101,0,1000,0.005,0.0,0.0,post_relu_mean,432.8631896972656,-432.8631896972656,29.974775314331055,0.0,0.0,252.65233516693115,0.1619735671464939,-0.26920859503726363,15.543244956323578,1.2331601125001908,False
53,source_localization_stage4.0.wave_feature_conv2,101,0,1000,0.01,0.0,0.0,post_relu_mean,918.8976440429688,-918.8976440429688,65.54961395263672,0.0,0.0,715.4502391815186,0.25895868808191186,-0.7517594122409215,43.4025376377538,1.8089608865976334,False
53,source_localization_stage4.0.wave_feature_conv2,101,0,1000,0.01,0.0,0.0,post_relu_mean,910.7449340820312,-910.7449340820312,63.2563591003418,0.0,0.0,622.5109357833862,0.22697056149188166,-0.6564981834888278,37.90255576620197,1.62024767100811,False
53,source_localization_stage4.0.wave_feature_conv2,101,0,1000,0.01,0.0,0.0,post_relu_mean,877.4573974609375,-877.4573974609375,60.2254753112793,0.0,0.0,515.7423467636108,0.18085803360510463,-0.5500419926727416,31.756516347393337,1.3532067501544953,False
53,source_localization_stage4.0.wave_feature_conv2,101,0,1000,0.05,0.0,0.0,post_relu_mean,4513.94384765625,-4513.94384765625,317.39483642578125,0.0,0.0,3554.9607372283936,0.19648027493935238,-3.678072922770335,212.3513181406613,1.9222860497236252,False
53,source_localization_stage4.0.wave_feature_conv2,101,0,1000,0.05,0.0,0.0,post_relu_mean,4779.0205078125,-4779.0205078125,327.3675537109375,0.0,0.0,3302.2860822677612,0.2302232581852523,-3.411536106151677,196.96314316442783,1.8705781024694443,False
53,source_localization_stage4.0.wave_feature_conv2,101,0,1000,0.05,0.0,0.0,post_relu_mean,4480.9931640625,-4480.9931640625,302.29522705078125,0.0,0.0,2666.8594732284546,0.17294186027237465,-2.788239573604086,160.97784287793016,1.5331272065639496,False
53,source_localization_stage4.0.wave_feature_conv2,254,0,1000,0.005,0.0,0.0,post_relu_mean,475.58612060546875,-475.58612060546875,32.459510803222656,0.0,0.0,371.49114322662354,0.2813162122047234,-0.39152903270213585,22.6047135495694,1.8425970381498338,False
53,source_localization_stage4.0.wave_feature_conv2,254,0,1000,0.005,0.0,0.0,post_relu_mean,456.33056640625,-456.33056640625,30.55562400817871,0.0,0.0,315.3324680328369,0.23119583244519035,-0.3406835505245846,19.669240345906918,1.6133230072259903,False
53,source_localization_stage4.0.wave_feature_conv2,254,0,1000,0.005,0.0,0.0,post_relu_mean,434.74102783203125,-434.74102783203125,28.269079208374023,0.0,0.0,264.8474063873291,0.17253011042304575,-0.28649017965714035,16.540410781090657,1.3323153495788573,False
53,source_localization_stage4.0.wave_feature_conv2,254,0,1000,0.01,0.0,0.0,post_relu_mean,948.9323120117188,-948.9323120117188,64.40259552001953,0.0,0.0,749.0080499649048,0.2697325429757466,-0.794552077302909,45.87309929530855,1.9360210299491882,False
53,source_localization_stage4.0.wave_feature_conv2,254,0,1000,0.01,0.0,0.0,post_relu_mean,956.0941772460938,-956.0941772460938,63.143516540527344,0.0,0.0,668.4505710601807,0.25402302091318735,-0.6884294566623198,39.746092369232045,1.7321846836805344,False
53,source_localization_stage4.0.wave_feature_conv2,254,0,1000,0.01,0.0,0.0,post_relu_mean,946.9467163085938,-946.9467163085938,61.240169525146484,0.0,0.0,579.2265872955322,0.24034766147663184,-0.6225995279093404,35.94537048807521,1.6203704237937928,False
53,source_localization_stage4.0.wave_feature_conv2,254,0,1000,0.05,0.0,0.0,post_relu_mean,4734.83984375,-4734.83984375,319.957275390625,0.0,0.0,3768.2515802383423,0.20629936450050076,-3.830592437174211,221.1566288529275,2.0234565103054045,False
53,source_localization_stage4.0.wave_feature_conv2,254,0,1000,0.05,0.0,0.0,post_relu_mean,4660.97607421875,-4660.97607421875,304.6618957519531,0.0,0.0,3286.499765396118,0.20219845806900905,-3.517719522944128,203.09627363099568,1.855790531039238,False
53,source_localization_stage4.0.wave_feature_conv2,254,0,1000,0.05,0.0,0.0,post_relu_mean,4431.052734375,-4431.052734375,283.80401611328125,0.0,0.0,2727.9493656158447,0.1530033730956731,-2.901433201601524,167.51372902725464,1.5684326159954072,False
53,source_localization_stage4.0.wave_feature_conv2,33,0,1000,0.005,0.0,0.0,post_relu_mean,175.71592712402344,-175.71592712402344,20.433509826660156,0.0,0.0,109.34986591339111,0.03520273326111793,-0.11324454987709837,6.538105049082029,0.3885425153374672,False
53,source_localization_stage4.0.wave_feature_conv2,33,0,1000,0.005,0.0,0.0,post_relu_mean,157.90440368652344,-157.90440368652344,16.648971557617188,0.0,0.0,81.14674186706543,0.0225825451480668,-0.08677885694281333,5.010128239657469,0.29384104058146476,False
53,source_localization_stage4.0.wave_feature_conv2,33,0,1000,0.005,0.0,0.0,post_relu_mean,122.47142028808594,-122.47142028808594,11.759648323059082,0.0,0.0,53.30448055267334,0.016639218193737534,-0.051411105151438596,2.968194390817638,0.21465578570961952,False
53,source_localization_stage4.0.wave_feature_conv2,33,0,1000,0.01,0.0,0.0,post_relu_mean,350.3234558105469,-350.3234558105469,40.68039321899414,0.0,0.0,223.21674060821533,0.03627528464855557,-0.22800657497363944,13.163807335811732,0.408180580586195,False
53,source_localization_stage4.0.wave_feature_conv2,33,0,1000,0.01,0.0,0.0,post_relu_mean,316.94476318359375,-316.94476318359375,32.95381546020508,0.0,0.0,166.81529808044434,0.026298463663838686,-0.1731246720956842,9.995242428059964,0.3144331610202789,False
53,source_localization_stage4.0.wave_feature_conv2,33,0,1000,0.01,0.0,0.0,post_relu_mean,250.4480438232422,-250.4480438232422,23.670551300048828,0.0,0.0,109.81568050384521,0.015921827776117895,-0.12118412517083253,6.9974618989110375,0.23153392009437085,False
53,source_localization_stage4.0.wave_feature_conv2,33,0,1000,0.05,0.0,0.0,post_relu_mean,1760.8787841796875,-1760.8787841796875,201.1476287841797,0.0,0.0,1152.3703813552856,0.028065893112083053,-1.1714005082182721,67.63001272937986,0.4422662629187107,False
53,source_localization_stage4.0.wave_feature_conv2,33,0,1000,0.05,0.0,0.0,post_relu_mean,1528.13037109375,-1528.13037109375,158.31640625,0.0,0.0,813.8692531585693,0.018157313964671674,-0.8214881572753431,47.428095162122986,0.32778500333428384,False
53,source_localization_stage4.0.wave_feature_conv2,33,0,1000,0.05,0.0,0.0,post_relu_mean,1315.6923828125,-1315.6923828125,123.62996673583984,0.0,0.0,575.3035497665405,0.01313550898579788,-0.5754566850163686,33.22362309371942,0.25292459443211557,False
53,source_localization_stage4.0.wave_feature_conv2,90,0,1000,0.005,0.0,0.0,post_relu_mean,149.67312622070312,-149.67312622070312,20.391971588134766,0.0,0.0,84.15966129302979,0.02345171958635414,-0.09010228922028592,5.202015189376837,0.28204833567142484,False
53,source_localization_stage4.0.wave_feature_conv2,90,0,1000,0.005,0.0,0.0,post_relu_mean,101.620361328125,-101.620361328125,10.779684066772461,0.0,0.0,52.00671100616455,0.014108811590508726,-0.051437049796484155,2.9696887882143286,0.19290825635194778,False
53,source_localization_stage4.0.wave_feature_conv2,90,0,1000,0.005,0.0,0.0,post_relu_mean,79.31420135498047,-79.31420135498047,7.448023796081543,0.0,0.0,36.75346374511719,0.024121394795713708,-0.03642630635525257,2.103048427370762,0.1564046511799097,False
53,source_localization_stage4.0.wave_feature_conv2,90,0,1000,0.01,0.0,0.0,post_relu_mean,299.23431396484375,-299.23431396484375,40.95897674560547,0.0,0.0,172.0198450088501,0.023109863246271893,-0.1782819417668669,10.292997511597424,0.29240098237991335,False
53,source_localization_stage4.0.wave_feature_conv2,90,0,1000,0.01,0.0,0.0,post_relu_mean,201.4442596435547,-201.4442596435547,21.137432098388672,0.0,0.0,105.22074222564697,0.012721089795817115,-0.10994216431414815,6.347837967479402,0.20155125193297863,False
53,source_localization_stage4.0.wave_feature_conv2,90,0,1000,0.01,0.0,0.0,post_relu_mean,159.1252899169922,-159.1252899169922,14.701888084411621,0.0,0.0,73.04136657714844,0.018383818469435435,-0.07435829187775288,4.293040798520203,0.16466396301984787,False
53,source_localization_stage4.0.wave_feature_conv2,90,0,1000,0.05,0.0,0.0,post_relu_mean,1593.549072265625,-1593.549072265625,226.5551300048828,0.0,0.0,909.5461206436157,0.022926360808709766,-0.9321424878425915,53.816691154139896,0.3284387807548046,False
53,source_localization_stage4.0.wave_feature_conv2,90,0,1000,0.05,0.0,0.0,post_relu_mean,1026.732177734375,-1026.732177734375,104.91920471191406,0.0,0.0,553.4906930923462,0.011001294036907274,-0.5725802103258757,33.05755210799844,0.2184909252822399,False
53,source_localization_stage4.0.wave_feature_conv2,90,0,1000,0.05,0.0,0.0,post_relu_mean,799.465576171875,-799.465576171875,73.48335266113281,0.0,0.0,360.69286346435547,0.010966156263779886,-0.3716628439392625,21.457698187659012,0.17000277653336526,False
53,source_localization_stage4.0.wave_feature_conv2,153,0,1000,0.005,0.0,0.0,post_relu_mean,543.3194580078125,-543.3194580078125,65.40205383300781,0.0,0.0,342.99519872665405,0.4064198686498014,-0.46044069278001476,26.58341469098869,1.5129797101020812,False
53,source_localization_stage4.0.wave_feature_conv2,153,0,1000,0.005,0.0,0.0,post_relu_mean,462.7140808105469,-462.7140808105469,52.804630279541016,0.0,0.0,224.2089147567749,0.21395120295923403,-0.28382408389860625,16.386694387307923,0.9368089070916176,False
53,source_localization_stage4.0.wave_feature_conv2,153,0,1000,0.005,0.0,0.0,post_relu_mean,275.3345947265625,-275.3345947265625,26.905366897583008,0.0,0.0,116.2518081665039,0.04467808741552628,-0.13800291384848098,7.969477696878202,0.41803045839071273,False
53,source_localization_stage4.0.wave_feature_conv2,153,0,1000,0.01,0.0,0.0,post_relu_mean,1244.9622802734375,-1244.9622802734375,152.73207092285156,0.0,0.0,782.6479697227478,0.47400665791371543,-0.8749821645321407,50.5172173850325,1.755428055524826,False
53,source_localization_stage4.0.wave_feature_conv2,153,0,1000,0.01,0.0,0.0,post_relu_mean,1119.7686767578125,-1119.7686767578125,131.75794982910156,0.0,0.0,525.973578453064,0.24304439979666517,-0.5983998121757852,34.54898448044386,1.0705966836214065,False
53,source_localization_stage4.0.wave_feature_conv2,153,0,1000,0.01,0.0,0.0,post_relu_mean,811.0401611328125,-811.0401611328125,87.58139038085938,0.0,0.0,287.90123748779297,0.0835103241056722,-0.3399294407637901,19.626523888719884,0.529045185148716,False
53,source_localization_stage4.0.wave_feature_conv2,153,0,1000,0.05,0.0,0.0,post_relu_mean,6337.974609375,-6337.974609375,774.1307373046875,0.0,0.0,4011.464437007904,0.32749587449970996,-3.960472361296337,228.65533403644764,1.8237123358249665,False
53,source_localization_stage4.0.wave_feature_conv2,153,0,1000,0.05,0.0,0.0,post_relu_mean,6087.56298828125,-6087.56298828125,728.119873046875,0.0,0.0,2810.139105796814,0.21938546775862533,-2.815747980003211,162.56546823683425,1.2305842930078505,False
53,source_localization_stage4.0.wave_feature_conv2,153,0,1000,0.05,0.0,0.0,post_relu_mean,4558.8916015625,-4558.8916015625,501.45654296875,0.0,0.0,1552.5017623901367,0.07363049115831274,-1.622282526240402,93.66145524023699,0.568880589902401,False
56,source_localization_stage4.0.skip_connection.0,74,0,1000,0.005,0.0,0.0,post_relu_mean,554.1002197265625,-554.1002197265625,49.45011520385742,0.0,0.0,386.75072860717773,0.08906629715272266,-0.4060149912790178,23.441015239474815,1.3526940035820008,False
56,source_localization_stage4.0.skip_connection.0,74,0,1000,0.005,0.0,0.0,post_relu_mean,526.2059326171875,-526.2059326171875,44.7327766418457,0.0,0.0,314.4366569519043,0.06936168961043851,-0.3229080956897579,18.64289093742799,1.1357669097185135,False
56,source_localization_stage4.0.skip_connection.0,74,0,1000,0.005,0.0,0.0,post_relu_mean,477.4955139160156,-477.4955139160156,38.63261795043945,0.0,0.0,243.75537109375,0.06694046549269467,-0.25386613776443656,14.65690194727192,0.9363631588220597,False
56,source_localization_stage4.0.skip_connection.0,74,0,1000,0.01,0.0,0.0,post_relu_mean,1122.6326904296875,-1122.6326904296875,98.5923843383789,0.0,0.0,807.8563804626465,0.10829558797846801,-0.8344997710483534,48.17931792268918,1.4456245666742324,False
56,source_localization_stage4.0.skip_connection.0,74,0,1000,0.01,0.0,0.0,post_relu_mean,1080.7642822265625,-1080.7642822265625,90.66639709472656,0.0,0.0,662.2937126159668,0.09732716253898517,-0.6875612843232459,39.69588672537159,1.2367344409227372,False
56,source_localization_stage4.0.skip_connection.0,74,0,1000,0.01,0.0,0.0,post_relu_mean,966.3309326171875,-966.3309326171875,77.31636047363281,0.0,0.0,500.48834228515625,0.06850794701356655,-0.5134959513819387,29.646333509788118,0.9867964792251587,False
56,source_localization_stage4.0.skip_connection.0,74,0,1000,0.05,0.0,0.0,post_relu_mean,5604.1875,-5604.1875,492.4346618652344,0.0,0.0,4107.88463973999,0.07999148715046928,-4.152871822161765,239.76318993814445,1.4892974388599396,False
56,source_localization_stage4.0.skip_connection.0,74,0,1000,0.05,0.0,0.0,post_relu_mean,5419.5791015625,-5419.5791015625,449.57562255859375,0.0,0.0,3386.0169792175293,0.06860201333985234,-3.4524790813251784,199.326606909284,1.279049447774887,False
56,source_localization_stage4.0.skip_connection.0,74,0,1000,0.05,0.0,0.0,post_relu_mean,4992.2578125,-4992.2578125,399.69085693359375,0.0,0.0,2592.1683654785156,0.05323094571088036,-2.6523246378888965,153.13027069908497,1.0417322981357575,False
56,source_localization_stage4.0.skip_connection.0,252,0,1000,0.005,0.0,0.0,post_relu_mean,420.99285888671875,-420.99285888671875,36.95357131958008,0.0,0.0,295.31054878234863,0.07849914166135255,-0.31017663993311867,17.907863605064172,1.1251667106151582,False
56,source_localization_stage4.0.skip_connection.0,252,0,1000,0.005,0.0,0.0,post_relu_mean,392.7428894042969,-392.7428894042969,31.505971908569336,0.0,0.0,244.69607543945312,0.07808600907525427,-0.2558667272460315,14.772361934585465,0.9564893501996994,False
56,source_localization_stage4.0.skip_connection.0,252,0,1000,0.005,0.0,0.0,post_relu_mean,372.04351806640625,-372.04351806640625,27.34018325805664,0.0,0.0,210.28411483764648,0.09382160561683227,-0.22855195656243335,13.195504518390981,0.8813449251651764,False
56,source_localization_stage4.0.skip_connection.0,252,0,1000,0.01,0.0,0.0,post_relu_mean,846.6395263671875,-846.6395263671875,72.59407043457031,0.0,0.0,614.0357074737549,0.0772318885445904,-0.6384844337371252,36.86249431689243,1.2004606145620347,False
56,source_localization_stage4.0.skip_connection.0,252,0,1000,0.01,0.0,0.0,post_relu_mean,822.0872802734375,-822.0872802734375,64.54039764404297,0.0,0.0,525.3855743408203,0.08904843381135129,-0.5596062993921039,32.30905325841634,1.0576814925670623,False
56,source_localization_stage4.0.skip_connection.0,252,0,1000,0.01,0.0,0.0,post_relu_mean,737.34130859375,-737.34130859375,53.45216369628906,0.0,0.0,418.91003036499023,0.08464063243170877,-0.44083292743176733,25.45141471635071,0.9035033312439918,False
56,source_localization_stage4.0.skip_connection.0,252,0,1000,0.05,0.0,0.0,post_relu_mean,4403.43603515625,-4403.43603515625,361.12249755859375,0.0,0.0,3305.2470111846924,0.07740160234680453,-3.3927289326031977,195.87687511474869,1.3001418274641037,False
56,source_localization_stage4.0.skip_connection.0,252,0,1000,0.05,0.0,0.0,post_relu_mean,4186.27880859375,-4186.27880859375,327.939697265625,0.0,0.0,2704.2803497314453,0.06753237764373182,-2.800875137295913,161.70658546785037,1.1144159644842149,False
56,source_localization_stage4.0.skip_connection.0,252,0,1000,0.05,0.0,0.0,post_relu_mean,3872.6806640625,-3872.6806640625,276.6415710449219,0.0,0.0,2215.1130027770996,0.06826629123932239,-2.2846427044159987,131.9023278109999,0.9808761575818061,False
56,source_localization_stage4.0.skip_connection.0,24,0,1000,0.005,0.0,0.0,post_relu_mean,569.9425048828125,-569.9425048828125,50.094600677490234,0.0,0.0,407.4676685333252,0.15940948566874363,-0.4215820667962377,24.339805371619708,1.5580883437395097,False
56,source_localization_stage4.0.skip_connection.0,24,0,1000,0.005,0.0,0.0,post_relu_mean,531.3341674804688,-531.3341674804688,45.26400375366211,0.0,0.0,324.0220699310303,0.1201858486152997,-0.33699610784031814,19.456375619816146,1.2516725265979767,False
56,source_localization_stage4.0.skip_connection.0,24,0,1000,0.005,0.0,0.0,post_relu_mean,482.6927795410156,-482.6927795410156,39.5803108215332,0.0,0.0,250.15377044677734,0.07871825632393704,-0.2534617647705902,14.633517284816561,0.9917364799976349,False
56,source_localization_stage4.0.skip_connection.0,24,0,1000,0.01,0.0,0.0,post_relu_mean,1131.0914306640625,-1131.0914306640625,98.94815826416016,0.0,0.0,822.0559253692627,0.1513416596926149,-0.872282927251404,50.36072211149682,1.5912113410234452,False
56,source_localization_stage4.0.skip_connection.0,24,0,1000,0.01,0.0,0.0,post_relu_mean,1096.8460693359375,-1096.8460693359375,90.68864440917969,0.0,0.0,685.1231136322021,0.1325924447174437,-0.7086896463335655,40.915786567341634,1.3776133835315705,False
56,source_localization_stage4.0.skip_connection.0,24,0,1000,0.01,0.0,0.0,post_relu_mean,1000.718017578125,-1000.718017578125,79.784912109375,0.0,0.0,526.9514083862305,0.09146002649023355,-0.5609247134254528,32.3886403760764,1.0928950095176697,False
56,source_localization_stage4.0.skip_connection.0,24,0,1000,0.05,0.0,0.0,post_relu_mean,5683.69287109375,-5683.69287109375,489.3160095214844,0.0,0.0,4203.554094314575,0.1129216781026668,-4.242231504823264,244.92233870142735,1.7234172946214676,False
56,source_localization_stage4.0.skip_connection.0,24,0,1000,0.05,0.0,0.0,post_relu_mean,5487.400390625,-5487.400390625,449.9482727050781,0.0,0.0,3459.0092220306396,0.0958156293759323,-3.5880568887391133,207.15413472493654,1.4388354676961899,False
56,source_localization_stage4.0.skip_connection.0,24,0,1000,0.05,0.0,0.0,post_relu_mean,5210.02197265625,-5210.02197265625,409.8478088378906,0.0,0.0,2755.8779220581055,0.07489753721873643,-2.818960417247736,162.7507328407665,1.1835018068552017,False
56,source_localization_stage4.0.skip_connection.0,30,0,1000,0.005,0.0,0.0,post_relu_mean,370.5438537597656,-370.5438537597656,34.319637298583984,0.0,0.0,255.52677726745605,0.06390376672766492,-0.2677558944245518,15.458746624179014,0.9662381440401078,False
56,source_localization_stage4.0.skip_connection.0,30,0,1000,0.005,0.0,0.0,post_relu_mean,339.6011047363281,-339.6011047363281,29.305248260498047,0.0,0.0,204.23702430725098,0.07088688728226927,-0.21394869128091115,12.352192044448362,0.8049408891797065,False
56,source_localization_stage4.0.skip_connection.0,30,0,1000,0.005,0.0,0.0,post_relu_mean,293.19207763671875,-293.19207763671875,23.799808502197266,0.0,0.0,155.4704647064209,0.08914324296340807,-0.15237621234415138,8.798022522028788,0.6896661305427552,False
56,source_localization_stage4.0.skip_connection.0,30,0,1000,0.01,0.0,0.0,post_relu_mean,752.8151245117188,-752.8151245117188,67.77127075195312,0.0,0.0,537.4431591033936,0.06572792206768227,-0.5664136194469315,32.70150585870618,1.0251925256848335,False
56,source_localization_stage4.0.skip_connection.0,30,0,1000,0.01,0.0,0.0,post_relu_mean,664.43994140625,-664.43994140625,56.48514175415039,0.0,0.0,406.76633644104004,0.05906514863882434,-0.42019673341107205,24.259775340850357,0.8441950437426567,False
56,source_localization_stage4.0.skip_connection.0,30,0,1000,0.01,0.0,0.0,post_relu_mean,587.044189453125,-587.044189453125,46.18904495239258,0.0,0.0,314.9871578216553,0.07061829525578056,-0.33171009397610435,19.15161856051416,0.7117540311813354,False
56,source_localization_stage4.0.skip_connection.0,30,0,1000,0.05,0.0,0.0,post_relu_mean,3852.5869140625,-3852.5869140625,341.1825256347656,0.0,0.0,2816.981122970581,0.05189773614843772,-2.892370870795207,166.98912189552433,1.0869483208656312,False
56,source_localization_stage4.0.skip_connection.0,30,0,1000,0.05,0.0,0.0,post_relu_mean,3394.934326171875,-3394.934326171875,281.0425109863281,0.0,0.0,2126.752695083618,0.04388656210503056,-2.2013425563605398,127.0930007773599,0.8881590214371681,False
56,source_localization_stage4.0.skip_connection.0,30,0,1000,0.05,0.0,0.0,post_relu_mean,3100.67529296875,-3100.67529296875,233.5460662841797,0.0,0.0,1704.4761714935303,0.05191213420440689,-1.7486016343523825,100.95430646821956,0.7955595070123672,False
56,source_localization_stage4.0.skip_connection.0,211,0,1000,0.005,0.0,0.0,post_relu_mean,394.06646728515625,-394.06646728515625,39.358028411865234,0.0,0.0,264.15851974487305,0.05678936379902588,-0.2724348293720161,15.728840377409918,0.9744288676977158,False
56,source_localization_stage4.0.skip_connection.0,211,0,1000,0.005,0.0,0.0,post_relu_mean,358.1531982421875,-358.1531982421875,33.890235900878906,0.0,0.0,202.3823070526123,0.05626453293033828,-0.20362260535090035,11.756091387988453,0.7972481256723404,False
56,source_localization_stage4.0.skip_connection.0,211,0,1000,0.005,0.0,0.0,post_relu_mean,307.8056945800781,-307.8056945800781,27.3535213470459,0.0,0.0,148.98875617980957,0.07564374177705821,-0.15295833084379962,8.831387994077785,0.6571446490287781,False
56,source_localization_stage4.0.skip_connection.0,211,0,1000,0.01,0.0,0.0,post_relu_mean,818.0289306640625,-818.0289306640625,80.850341796875,0.0,0.0,563.6440544128418,0.07516926741353719,-0.6014966403975772,34.72701685255006,1.0617005729675293,False
56,source_localization_stage4.0.skip_connection.0,211,0,1000,0.01,0.0,0.0,post_relu_mean,725.4749145507812,-725.4749145507812,67.56102752685547,0.0,0.0,418.185453414917,0.054090649329615284,-0.43293548178853397,24.99523707927116,0.8621472403407097,False
56,source_localization_stage4.0.skip_connection.0,211,0,1000,0.01,0.0,0.0,post_relu_mean,622.7542724609375,-622.7542724609375,53.708919525146484,0.0,0.0,305.8049488067627,0.0586129452505199,-0.30593643803039655,17.66307310970573,0.7132800772786141,False
56,source_localization_stage4.0.skip_connection.0,211,0,1000,0.05,0.0,0.0,post_relu_mean,4265.5654296875,-4265.5654296875,418.58062744140625,0.0,0.0,2997.9896354675293,0.0784591890814265,-3.131719143503491,180.80846521295499,1.1859488838911056,False
56,source_localization_stage4.0.skip_connection.0,211,0,1000,0.05,0.0,0.0,post_relu_mean,3645.945556640625,-3645.945556640625,334.27911376953125,0.0,0.0,2138.4246196746826,0.051838280655726335,-2.1827267030552715,126.01825850484883,0.9169584867358208,False
56,source_localization_stage4.0.skip_connection.0,211,0,1000,0.05,0.0,0.0,post_relu_mean,3242.4365234375,-3242.4365234375,276.70025634765625,0.0,0.0,1587.539171218872,0.0411969125587496,-1.6321905051105285,94.23342619793553,0.754047870337963,False
59,source_localization_stage4.1.wave_feature_conv1,152,0,1000,0.005,0.0,0.0,post_relu_mean,831.2178955078125,-831.2178955078125,57.18050765991211,0.0,0.0,632.660961151123,0.48444165954083573,-0.6751010574733364,38.97684599835671,2.9946291315555573,False
59,source_localization_stage4.1.wave_feature_conv1,152,0,1000,0.005,0.0,0.0,post_relu_mean,805.0474243164062,-805.0474243164062,54.087974548339844,0.0,0.0,542.917064666748,0.40360980265454094,-0.5654308789970726,32.64487464470765,2.636110417842865,False
59,source_localization_stage4.1.wave_feature_conv1,152,0,1000,0.005,0.0,0.0,post_relu_mean,761.6014404296875,-761.6014404296875,49.70832443237305,0.0,0.0,452.89796447753906,0.3328733561360384,-0.480667425316004,27.751254596042973,2.2919347357749937,False
59,source_localization_stage4.1.wave_feature_conv1,152,0,1000,0.01,0.0,0.0,post_relu_mean,1851.9970703125,-1851.9970703125,137.6664276123047,0.0,0.0,1411.9823722839355,0.5622848003701854,-1.7299121063536842,99.87573571526589,3.4741061520576477,False
59,source_localization_stage4.1.wave_feature_conv1,152,0,1000,0.01,0.0,0.0,post_relu_mean,1629.12353515625,-1629.12353515625,108.87916564941406,0.0,0.0,1120.4327507019043,0.420595123020518,-1.2592526978244036,72.70451350103332,2.8998562347888948,False
59,source_localization_stage4.1.wave_feature_conv1,152,0,1000,0.01,0.0,0.0,post_relu_mean,1525.53076171875,-1525.53076171875,99.46149444580078,0.0,0.0,918.3082427978516,0.30848152076365126,-0.9883353517858942,57.06105489940273,2.350222022533417,False
59,source_localization_stage4.1.wave_feature_conv1,152,0,1000,0.05,0.0,0.0,post_relu_mean,10138.2890625,-10138.2890625,859.8700561523438,0.0,0.0,7531.663280487061,0.4012437961330634,-7.747818367944547,447.3150823020392,3.556078929901123,False
59,source_localization_stage4.1.wave_feature_conv1,152,0,1000,0.05,0.0,0.0,post_relu_mean,9506.404296875,-9506.404296875,699.9723510742188,0.0,0.0,6337.794322967529,0.343857201318993,-6.656002304476557,384.280664737744,3.2142620301246643,False
59,source_localization_stage4.1.wave_feature_conv1,152,0,1000,0.05,0.0,0.0,post_relu_mean,7897.341796875,-7897.341796875,507.93756103515625,0.0,0.0,4839.262771606445,0.25690847636983327,-5.103353772565016,294.63864474112063,2.667757837772369,False
59,source_localization_stage4.1.wave_feature_conv1,232,0,1000,0.005,0.0,0.0,post_relu_mean,588.6672973632812,-588.6672973632812,54.39158630371094,0.0,0.0,404.5203266143799,0.17222856646428245,-0.4387064422399134,25.328421207957152,1.59509059548378,False
59,source_localization_stage4.1.wave_feature_conv1,232,0,1000,0.005,0.0,0.0,post_relu_mean,567.8853759765625,-567.8853759765625,50.17228698730469,0.0,0.0,329.45392990112305,0.12823785366669838,-0.3527118758108112,20.363709743085543,1.2948750853538513,False
59,source_localization_stage4.1.wave_feature_conv1,232,0,1000,0.005,0.0,0.0,post_relu_mean,529.9266357421875,-529.9266357421875,44.88523483276367,0.0,0.0,256.2751693725586,0.08703831527992036,-0.27177332646435665,15.690650881928262,1.001220914721489,False
59,source_localization_stage4.1.wave_feature_conv1,232,0,1000,0.01,0.0,0.0,post_relu_mean,1247.6158447265625,-1247.6158447265625,116.29119110107422,0.0,0.0,877.7700824737549,0.1997674862745313,-1.0288540663376204,59.41423322307647,1.7785434341430664,False
59,source_localization_stage4.1.wave_feature_conv1,232,0,1000,0.01,0.0,0.0,post_relu_mean,1105.604248046875,-1105.604248046875,98.143798828125,0.0,0.0,651.3010063171387,0.1302627781168628,-0.7008774253017214,40.464707225656156,1.3475425201654434,False
59,source_localization_stage4.1.wave_feature_conv1,232,0,1000,0.01,0.0,0.0,post_relu_mean,1093.0721435546875,-1093.0721435546875,92.73027038574219,0.0,0.0,532.3504867553711,0.11397529074132047,-0.5536974948421564,31.967382895629807,1.1127868801355363,False
59,source_localization_stage4.1.wave_feature_conv1,232,0,1000,0.05,0.0,0.0,post_relu_mean,8022.005859375,-8022.005859375,815.793701171875,0.0,0.0,5553.652772903442,0.3322926499837965,-6.315312694096648,364.61057606394655,2.3286931896209717,False
59,source_localization_stage4.1.wave_feature_conv1,232,0,1000,0.05,0.0,0.0,post_relu_mean,7238.05859375,-7238.05859375,692.2050170898438,0.0,0.0,4110.479595184326,0.19114618218368878,-4.652560863765246,268.6150250720943,1.701912122964859,False
59,source_localization_stage4.1.wave_feature_conv1,232,0,1000,0.05,0.0,0.0,post_relu_mean,5394.47216796875,-5394.47216796875,455.33160400390625,0.0,0.0,2658.1423568725586,0.08175516344273336,-2.673439689996155,154.34936127446124,1.138833794593811,False
59,source_localization_stage4.1.wave_feature_conv1,120,0,1000,0.005,0.0,0.0,post_relu_mean,1090.3717041015625,-1090.3717041015625,96.62644958496094,0.0,0.0,784.0330600738525,0.76900454892541,-0.8892413008262219,51.345750433565804,3.230858482122421,False
59,source_localization_stage4.1.wave_feature_conv1,120,0,1000,0.005,0.0,0.0,post_relu_mean,1004.3616943359375,-1004.3616943359375,87.45611572265625,0.0,0.0,602.6922130584717,0.5610361644842203,-0.744056597722316,42.961670489874855,2.4597950971126554,False
59,source_localization_stage4.1.wave_feature_conv1,120,0,1000,0.005,0.0,0.0,post_relu_mean,913.52880859375,-913.52880859375,77.51097869873047,0.0,0.0,448.6882781982422,0.4161621952267161,-0.5521754164306988,31.88092101469112,1.7993249905109405,False
59,source_localization_stage4.1.wave_feature_conv1,120,0,1000,0.01,0.0,0.0,post_relu_mean,2201.185546875,-2201.185546875,195.7346649169922,0.0,0.0,1597.5222568511963,0.7175237216543761,-1.6322347640905381,94.23659433062289,3.360546350479126,False
59,source_localization_stage4.1.wave_feature_conv1,120,0,1000,0.01,0.0,0.0,post_relu_mean,2125.8271484375,-2125.8271484375,186.8950958251953,0.0,0.0,1276.6822032928467,0.563800543378305,-1.3270656989050456,76.61802170697747,2.6218183672428133,False
59,source_localization_stage4.1.wave_feature_conv1,120,0,1000,0.01,0.0,0.0,post_relu_mean,2034.49560546875,-2034.49560546875,175.31532287597656,0.0,0.0,982.8289642333984,0.3787844704907355,-1.1205004865417048,64.69214063911046,1.935292735695839,False
59,source_localization_stage4.1.wave_feature_conv1,120,0,1000,0.05,0.0,0.0,post_relu_mean,10794.9541015625,-10794.9541015625,952.0480346679688,0.0,0.0,7922.350748062134,0.485677086336515,-7.857326209522426,453.6383780990933,3.399565804004669,False
59,source_localization_stage4.1.wave_feature_conv1,120,0,1000,0.05,0.0,0.0,post_relu_mean,10606.009765625,-10606.009765625,927.0177001953125,0.0,0.0,6426.313184738159,0.42214838277675626,-6.393394620754191,369.118718178635,2.716980699300766,False
59,source_localization_stage4.1.wave_feature_conv1,120,0,1000,0.05,0.0,0.0,post_relu_mean,10247.5537109375,-10247.5537109375,881.61865234375,0.0,0.0,4958.067123413086,0.3009751853395863,-4.9459206308038555,285.5495316712912,2.0360714375972746,False
59,source_localization_stage4.1.wave_feature_conv1,44,0,1000,0.005,0.0,0.0,post_relu_mean,399.3931884765625,-399.3931884765625,46.902530670166016,0.0,0.0,246.63218879699707,0.08088587393257207,-0.2583828210283504,14.91756013580462,0.8800578621029854,False
59,source_localization_stage4.1.wave_feature_conv1,44,0,1000,0.005,0.0,0.0,post_relu_mean,357.164794921875,-357.164794921875,39.31540298461914,0.0,0.0,176.55999755859375,0.06055613494881722,-0.17755728795792527,10.251176142285326,0.6718253645300866,False
59,source_localization_stage4.1.wave_feature_conv1,44,0,1000,0.005,0.0,0.0,post_relu_mean,299.86248779296875,-299.86248779296875,30.74580192565918,0.0,0.0,120.07012939453125,0.04961064728417581,-0.11627228951674111,6.712902226373829,0.460216668844223,False
59,source_localization_stage4.1.wave_feature_conv1,44,0,1000,0.01,0.0,0.0,post_relu_mean,798.7681274414062,-798.7681274414062,94.09835815429688,0.0,0.0,504.4196033477783,0.08665226747777906,-0.5375633024935121,31.035938140249574,0.9258402913808823,False
59,source_localization_stage4.1.wave_feature_conv1,44,0,1000,0.01,0.0,0.0,post_relu_mean,707.9791870117188,-707.9791870117188,77.49996948242188,0.0,0.0,355.5438232421875,0.05598290477511253,-0.36434880196498326,21.035560185948643,0.6877068397402764,False
59,source_localization_stage4.1.wave_feature_conv1,44,0,1000,0.01,0.0,0.0,post_relu_mean,597.5684814453125,-597.5684814453125,60.86116409301758,0.0,0.0,237.0839385986328,0.03893553818118267,-0.2439237356361155,14.082775371308896,0.48570435866713524,False
59,source_localization_stage4.1.wave_feature_conv1,44,0,1000,0.05,0.0,0.0,post_relu_mean,3918.381591796875,-3918.381591796875,460.0794677734375,0.0,0.0,2526.089647293091,0.059395251217649436,-2.5409934598950916,146.70252454076606,0.948134534060955,False
59,source_localization_stage4.1.wave_feature_conv1,44,0,1000,0.05,0.0,0.0,post_relu_mean,3680.91650390625,-3680.91650390625,396.11029052734375,0.0,0.0,1894.7346801757812,0.0545621112333701,-1.9220815372374056,110.97009622523683,0.7575513988733291,False
59,source_localization_stage4.1.wave_feature_conv1,44,0,1000,0.05,0.0,0.0,post_relu_mean,3147.2412109375,-3147.2412109375,315.17803955078125,0.0,0.0,1260.8554229736328,0.037884531912772884,-1.30672575945258,75.44304540601044,0.5430561158061028,False
59,source_localization_stage4.1.wave_feature_conv1,198,0,1000,0.005,0.0,0.0,post_relu_mean,421.633544921875,-421.633544921875,49.081085205078125,0.0,0.0,262.8817596435547,0.12190032744209862,-0.28961868105311644,16.721050850325398,1.0955248069763184,False
59,source_localization_stage4.1.wave_feature_conv1,198,0,1000,0.005,0.0,0.0,post_relu_mean,387.94134521484375,-387.94134521484375,43.542999267578125,0.0,0.0,188.86042022705078,0.067184860065616,-0.20451564846326353,11.807622553191807,0.786632297039032,False
59,source_localization_stage4.1.wave_feature_conv1,198,0,1000,0.005,0.0,0.0,post_relu_mean,295.5990295410156,-295.5990295410156,30.874780654907227,0.0,0.0,115.58401870727539,0.05959272261601989,-0.12235311826475471,7.064271369983572,0.5399760261178017,False
59,source_localization_stage4.1.wave_feature_conv1,198,0,1000,0.01,0.0,0.0,post_relu_mean,892.4931640625,-892.4931640625,103.11200714111328,0.0,0.0,571.6485748291016,0.16407674425756463,-0.612359946930497,35.35418918129462,1.2462445437908172,False
59,source_localization_stage4.1.wave_feature_conv1,198,0,1000,0.01,0.0,0.0,post_relu_mean,826.701171875,-826.701171875,92.55503845214844,0.0,0.0,407.0660629272461,0.10160889447327803,-0.44533194880470156,25.711621306384565,0.9105565485358238,False
59,source_localization_stage4.1.wave_feature_conv1,198,0,1000,0.01,0.0,0.0,post_relu_mean,633.4861450195312,-633.4861450195312,65.32181549072266,0.0,0.0,246.78891372680664,0.05405931259244773,-0.25300464046177573,14.607060355161043,0.5841138878464699,False
59,source_localization_stage4.1.wave_feature_conv1,198,0,1000,0.05,0.0,0.0,post_relu_mean,4568.69677734375,-4568.69677734375,522.2430419921875,0.0,0.0,2990.459243774414,0.1570903452615666,-3.0776963871728635,177.68885628882887,1.40161780834198,False
59,source_localization_stage4.1.wave_feature_conv1,198,0,1000,0.05,0.0,0.0,post_relu_mean,4140.89892578125,-4140.89892578125,453.8601989746094,0.0,0.0,2095.3906478881836,0.08627899213058707,-2.1694414781939373,125.25124469083377,0.9725446671247482,False
59,source_localization_stage4.1.wave_feature_conv1,198,0,1000,0.05,0.0,0.0,post_relu_mean,3433.009033203125,-3433.009033203125,350.0462951660156,0.0,0.0,1337.9648780822754,0.05839942678214401,-1.4084496448653891,81.31596119064962,0.6546856594085694,False
61,source_localization_stage4.1.wave_feature_conv2,201,0,1000,0.005,0.0,0.0,post_relu_mean,578.315673828125,-578.315673828125,82.61027526855469,0.0,0.0,319.0643424987793,0.27212829255726945,-0.345533146370041,19.949258174678015,1.651863711476326,False
61,source_localization_stage4.1.wave_feature_conv2,201,0,1000,0.005,0.0,0.0,post_relu_mean,534.8121948242188,-534.8121948242188,73.00718688964844,0.0,0.0,205.4071445465088,0.17147784091698398,-0.22161774018105335,12.7950782384883,1.1470344847440719,False
61,source_localization_stage4.1.wave_feature_conv2,201,0,1000,0.005,0.0,0.0,post_relu_mean,439.86773681640625,-439.86773681640625,58.28994369506836,0.0,0.0,99.80319595336914,0.058743825237754614,-0.10908246663991307,6.298009060739564,0.5562913516163825,False
61,source_localization_stage4.1.wave_feature_conv2,201,0,1000,0.01,0.0,0.0,post_relu_mean,1153.39453125,-1153.39453125,163.6931610107422,0.0,0.0,650.8945426940918,0.24695173413244156,-0.6824969156485992,39.4035303621553,1.701945790052414,False
61,source_localization_stage4.1.wave_feature_conv2,201,0,1000,0.01,0.0,0.0,post_relu_mean,1093.0535888671875,-1093.0535888671875,149.07009887695312,0.0,0.0,421.36545753479004,0.1740815412118308,-0.43308861269200194,25.00466951297536,1.1886272406578064,False
61,source_localization_stage4.1.wave_feature_conv2,201,0,1000,0.01,0.0,0.0,post_relu_mean,921.3529052734375,-921.3529052734375,121.70051574707031,0.0,0.0,200.82489395141602,0.07551468173042612,-0.21631730347091685,12.48897861090207,0.5960928744077683,False
61,source_localization_stage4.1.wave_feature_conv2,201,0,1000,0.05,0.0,0.0,post_relu_mean,5844.33642578125,-5844.33642578125,818.0877685546875,0.0,0.0,3378.6527214050293,0.19912914466259388,-3.4670701923798104,200.16900716722967,1.8779646688699723,False
61,source_localization_stage4.1.wave_feature_conv2,201,0,1000,0.05,0.0,0.0,post_relu_mean,5460.09716796875,-5460.09716796875,738.6100463867188,0.0,0.0,2135.4793491363525,0.1430306074396376,-2.2071750911814787,127.42992103417573,1.279286567568779,False
61,source_localization_stage4.1.wave_feature_conv2,201,0,1000,0.05,0.0,0.0,post_relu_mean,5400.25341796875,-5400.25341796875,710.7484130859375,0.0,0.0,1145.4382972717285,0.08121967715551569,-1.1928695360328343,68.86956271709444,0.6934865245223045,False
61,source_localization_stage4.1.wave_feature_conv2,13,0,1000,0.005,0.0,0.0,post_relu_mean,751.24267578125,-751.24267578125,112.33322143554688,0.0,0.0,406.534143447876,0.316585027134752,-0.605777048837537,34.98145613298306,1.6530500346422194,False
61,source_localization_stage4.1.wave_feature_conv2,13,0,1000,0.005,0.0,0.0,post_relu_mean,834.136474609375,-834.136474609375,124.6211166381836,0.0,0.0,276.20195960998535,0.2180423617840023,-0.3744864310923569,21.62519312315785,1.088172526359558,False
61,source_localization_stage4.1.wave_feature_conv2,13,0,1000,0.005,0.0,0.0,post_relu_mean,406.98809814453125,-406.98809814453125,57.678653717041016,0.0,0.0,74.34609603881836,0.08162692035548627,-0.09119512401338477,5.2675993420781655,0.29622621670365334,False
61,source_localization_stage4.1.wave_feature_conv2,13,0,1000,0.01,0.0,0.0,post_relu_mean,1898.2296142578125,-1898.2296142578125,288.9429626464844,0.0,0.0,1023.6918888092041,0.5068684343297566,-1.3086925819080537,75.55967720602985,2.1540427005290983,False
61,source_localization_stage4.1.wave_feature_conv2,13,0,1000,0.01,0.0,0.0,post_relu_mean,2010.006103515625,-2010.006103515625,305.1557922363281,0.0,0.0,639.6655826568604,0.27661291037858415,-0.7017739875259575,40.51767832034255,1.25761313021183,False
61,source_localization_stage4.1.wave_feature_conv2,13,0,1000,0.01,0.0,0.0,post_relu_mean,1225.536376953125,-1225.536376953125,175.9075927734375,0.0,0.0,183.52074813842773,0.06789987752551008,-0.20806321844142295,12.012493765145841,0.38879441410303117,False
61,source_localization_stage4.1.wave_feature_conv2,13,0,1000,0.05,0.0,0.0,post_relu_mean,10554.5380859375,-10554.5380859375,1613.1353759765625,0.0,0.0,5707.422967910767,0.475871993961029,-5.784334422081255,333.95784339412563,2.461504262685776,False
61,source_localization_stage4.1.wave_feature_conv2,13,0,1000,0.05,0.0,0.0,post_relu_mean,10538.5712890625,-10538.5712890625,1608.639892578125,0.0,0.0,3302.552423477173,0.22261123285215753,-3.331708565419214,192.3542951097969,1.3487632060050965,False
61,source_localization_stage4.1.wave_feature_conv2,13,0,1000,0.05,0.0,0.0,post_relu_mean,6978.59423828125,-6978.59423828125,1002.6021118164062,0.0,0.0,976.4113731384277,0.057780898571739334,-1.0126270274676787,58.46335781488427,0.44807403087615966,False
61,source_localization_stage4.1.wave_feature_conv2,221,0,1000,0.005,0.0,0.0,post_relu_mean,528.27783203125,-528.27783203125,84.12278747558594,0.0,0.0,269.1824417114258,0.23005869510410804,-0.2792341881567974,16.121824867305598,1.4442412668466569,False
61,source_localization_stage4.1.wave_feature_conv2,221,0,1000,0.005,0.0,0.0,post_relu_mean,453.8492126464844,-453.8492126464844,70.22583770751953,0.0,0.0,141.68100929260254,0.10715518477786594,-0.14700878268340373,8.487524217655508,0.7833270847797393,False
61,source_localization_stage4.1.wave_feature_conv2,221,0,1000,0.005,0.0,0.0,post_relu_mean,276.5024719238281,-276.5024719238281,41.08318328857422,0.0,0.0,44.42653846740723,0.09528069082553019,-0.038581136865,2.2277110973374556,0.21734370782971382,False
61,source_localization_stage4.1.wave_feature_conv2,221,0,1000,0.01,0.0,0.0,post_relu_mean,1072.556884765625,-1072.556884765625,169.74407958984375,0.0,0.0,556.5976028442383,0.22172163513065604,-0.5768526943810193,33.30460356045081,1.501078367829323,False
61,source_localization_stage4.1.wave_feature_conv2,221,0,1000,0.01,0.0,0.0,post_relu_mean,937.5474853515625,-937.5474853515625,144.60260009765625,0.0,0.0,290.6838779449463,0.11437061308887946,-0.2973045508999053,17.164684799834873,0.865469537973404,False
61,source_localization_stage4.1.wave_feature_conv2,221,0,1000,0.01,0.0,0.0,post_relu_mean,589.1773071289062,-589.1773071289062,86.99347686767578,0.0,0.0,81.63959693908691,0.07145286020117342,-0.08670951818656307,5.006271874385289,0.2480247090011835,False
61,source_localization_stage4.1.wave_feature_conv2,221,0,1000,0.05,0.0,0.0,post_relu_mean,5477.10791015625,-5477.10791015625,860.8214721679688,0.0,0.0,2887.9165115356445,0.1672077073171766,-2.9421288194558377,169.86191777332584,1.6225869685411454,False
61,source_localization_stage4.1.wave_feature_conv2,221,0,1000,0.05,0.0,0.0,post_relu_mean,5256.701171875,-5256.701171875,802.4222412109375,0.0,0.0,1649.6490879058838,0.12083287874331719,-1.727801924662374,99.75364520736198,1.0405307346582413,False
61,source_localization_stage4.1.wave_feature_conv2,221,0,1000,0.05,0.0,0.0,post_relu_mean,4256.2294921875,-4256.2294921875,629.4995727539062,0.0,0.0,493.6550998687744,0.042930269986119055,-0.5093547401551249,29.40726818481675,0.31721239656209943,False
61,source_localization_stage4.1.wave_feature_conv2,254,0,1000,0.005,0.0,0.0,post_relu_mean,460.477783203125,-460.477783203125,75.97476959228516,0.0,0.0,226.1191234588623,0.19523694019042753,-0.2355803929964582,13.60107345351316,1.275466912984848,False
61,source_localization_stage4.1.wave_feature_conv2,254,0,1000,0.005,0.0,0.0,post_relu_mean,399.52655029296875,-399.52655029296875,62.8956413269043,0.0,0.0,120.63861846923828,0.09967739731453236,-0.1270015462888098,7.332394394044118,0.7486496019363403,False
61,source_localization_stage4.1.wave_feature_conv2,254,0,1000,0.005,0.0,0.0,post_relu_mean,227.61280822753906,-227.61280822753906,33.91984939575195,0.0,0.0,38.81297302246094,0.09183304315874324,-0.02842631993000142,1.64129947590389,0.2109972310811281,False
61,source_localization_stage4.1.wave_feature_conv2,254,0,1000,0.01,0.0,0.0,post_relu_mean,987.5765991210938,-987.5765991210938,159.76141357421875,0.0,0.0,501.8580150604248,0.24649906226017007,-0.5363822595397039,30.967818148296853,1.5540948206186294,False
61,source_localization_stage4.1.wave_feature_conv2,254,0,1000,0.01,0.0,0.0,post_relu_mean,819.1048583984375,-819.1048583984375,128.68441772460938,0.0,0.0,244.16742706298828,0.11690152293814461,-0.2629853891183705,15.18373240714327,0.8364096814393998,False
61,source_localization_stage4.1.wave_feature_conv2,254,0,1000,0.01,0.0,0.0,post_relu_mean,497.731201171875,-497.731201171875,74.2892837524414,0.0,0.0,66.71475219726562,0.0686885959642626,-0.0613134466240074,3.5398992605162194,0.2338280712068081,False
61,source_localization_stage4.1.wave_feature_conv2,254,0,1000,0.05,0.0,0.0,post_relu_mean,4945.17822265625,-4945.17822265625,805.1412353515625,0.0,0.0,2523.3200511932373,0.17493483913925706,-2.5870602480394043,149.3629319883737,1.5940537768602372,False
61,source_localization_stage4.1.wave_feature_conv2,254,0,1000,0.05,0.0,0.0,post_relu_mean,4578.29638671875,-4578.29638671875,713.3833618164062,0.0,0.0,1372.213752746582,0.10380018774113207,-1.4408914613734485,83.18905174869836,0.9589884215593338,False
61,source_localization_stage4.1.wave_feature_conv2,254,0,1000,0.05,0.0,0.0,post_relu_mean,3457.349853515625,-3457.349853515625,516.5452270507812,0.0,0.0,372.7976379394531,0.042899599905442155,-0.3891394300238365,22.46678186595024,0.29893990769982337,False
61,source_localization_stage4.1.wave_feature_conv2,101,0,1000,0.005,0.0,0.0,post_relu_mean,585.5174560546875,-585.5174560546875,116.017578125,0.0,0.0,231.37399101257324,0.16427211248046758,-0.29810209943358934,17.217803262831783,0.9923022574186325,False
61,source_localization_stage4.1.wave_feature_conv2,101,0,1000,0.005,0.0,0.0,post_relu_mean,366.5351867675781,-366.5351867675781,65.72100830078125,0.0,0.0,75.27872276306152,0.04031069526631953,-0.08361340413972997,4.827673713895643,0.36008875504136084,False
61,source_localization_stage4.1.wave_feature_conv2,101,0,1000,0.005,0.0,0.0,post_relu_mean,23.057058334350586,-23.057058334350586,3.575024366378784,0.0,0.0,16.673791885375977,0.10077956173724253,-0.0020093140630365125,0.11602692635767548,0.07858926575630903,False
61,source_localization_stage4.1.wave_feature_conv2,101,0,1000,0.01,0.0,0.0,post_relu_mean,1328.852294921875,-1328.852294921875,269.75872802734375,0.0,0.0,513.4853801727295,0.1904323554664867,-0.6442815435620266,37.19831556608737,1.1277647233009338,False
61,source_localization_stage4.1.wave_feature_conv2,101,0,1000,0.01,0.0,0.0,post_relu_mean,814.3995971679688,-814.3995971679688,146.5806121826172,0.0,0.0,159.27493858337402,0.046998682056986686,-0.17494458233953405,10.10036085610416,0.4058923783898354,False
61,source_localization_stage4.1.wave_feature_conv2,101,0,1000,0.01,0.0,0.0,post_relu_mean,44.07319259643555,-44.07319259643555,6.874475479125977,0.0,0.0,17.893218994140625,0.07582449130956172,-0.0021189592945542635,0.12235124589129946,0.09068071626126767,False
61,source_localization_stage4.1.wave_feature_conv2,101,0,1000,0.05,0.0,0.0,post_relu_mean,7883.57568359375,-7883.57568359375,1655.7066650390625,0.0,0.0,2910.3648357391357,0.1989203467181389,-2.958320832166312,170.7968852145873,1.3371058118343353,False
61,source_localization_stage4.1.wave_feature_conv2,101,0,1000,0.05,0.0,0.0,post_relu_mean,4358.49951171875,-4358.49951171875,777.6767578125,0.0,0.0,863.442174911499,0.04877060604212638,-0.8932743104954574,51.572639938071006,0.46132991775870325,False
61,source_localization_stage4.1.wave_feature_conv2,101,0,1000,0.05,0.0,0.0,post_relu_mean,287.4774169921875,-287.4774169921875,45.22201156616211,0.0,0.0,31.212234497070312,0.041048114708118,-0.019704354661784027,1.1377030350193813,0.0983012007549405,False
36,interference_stage3.0.wave_feature_conv1,31,1,1000,0.005,0.0,0.0,post_relu_mean,1330.5062255859375,-1330.5062255859375,117.99654388427734,0.0,0.0,917.4743232727051,0.09860946729753634,-0.9512833621469199,54.92169352566085,2.2245195019245148,False
36,interference_stage3.0.wave_feature_conv1,31,1,1000,0.005,0.0,0.0,post_relu_mean,1211.995361328125,-1211.995361328125,100.38502502441406,0.0,0.0,724.0305328369141,0.06891563809841325,-0.7515867532918792,43.39238938999085,1.8432829517126084,False
36,interference_stage3.0.wave_feature_conv1,31,1,1000,0.005,0.0,0.0,post_relu_mean,1090.3958740234375,-1090.3958740234375,82.78378295898438,0.0,0.0,580.2710113525391,0.0826788066600587,-0.6007416143655544,34.68341981132458,1.576997554898262,False
36,interference_stage3.0.wave_feature_conv1,31,1,1000,0.01,0.0,0.0,post_relu_mean,2625.0068359375,-2625.0068359375,231.36102294921875,0.0,0.0,1871.881549835205,0.1059298102948382,-1.9405109187788283,112.03406571077413,2.2735370278358458,False
36,interference_stage3.0.wave_feature_conv1,31,1,1000,0.01,0.0,0.0,post_relu_mean,2404.612060546875,-2404.612060546875,197.31956481933594,0.0,0.0,1480.4418487548828,0.07532744345429937,-1.534597771224798,88.59896630148593,1.8995684123039245,False
36,interference_stage3.0.wave_feature_conv1,31,1,1000,0.01,0.0,0.0,post_relu_mean,2195.23291015625,-2195.23291015625,165.61183166503906,0.0,0.0,1188.1397247314453,0.07588290826628516,-1.2258734778611164,70.77497839141054,1.6402135956287385,False
36,interference_stage3.0.wave_feature_conv1,31,1,1000,0.05,0.0,0.0,post_relu_mean,13274.7119140625,-13274.7119140625,1158.5743408203125,0.0,0.0,9739.946002960205,0.08375549571302057,-9.898108452711318,571.4604576403301,2.363165156841278,False
36,interference_stage3.0.wave_feature_conv1,31,1,1000,0.05,0.0,0.0,post_relu_mean,12542.1298828125,-12542.1298828125,1017.2634887695312,0.0,0.0,7928.212112426758,0.07492893423042296,-8.055575097019029,465.08312992470576,2.0177601945400236,False
36,interference_stage3.0.wave_feature_conv1,31,1,1000,0.05,0.0,0.0,post_relu_mean,11197.7314453125,-11197.7314453125,837.6445922851562,0.0,0.0,6158.441604614258,0.06278044680687736,-6.3246165800141085,365.14740474735527,1.7112506055831909,False
36,interference_stage3.0.wave_feature_conv1,97,1,1000,0.005,0.0,0.0,post_relu_mean,937.7762451171875,-937.7762451171875,95.428955078125,0.0,0.0,624.5688285827637,0.07530946121013206,-0.6474218558650001,37.378458188113264,1.7146740764379502,False
36,interference_stage3.0.wave_feature_conv1,97,1,1000,0.005,0.0,0.0,post_relu_mean,854.5098876953125,-854.5098876953125,80.25297546386719,0.0,0.0,489.63162994384766,0.07971662100251617,-0.5067856542452379,29.258948679408224,1.4323159009218216,False
36,interference_stage3.0.wave_feature_conv1,97,1,1000,0.005,0.0,0.0,post_relu_mean,716.1884765625,-716.1884765625,62.140106201171875,0.0,0.0,362.7886734008789,0.12088801459781422,-0.3592794190048233,20.74288376616844,1.204085865020752,False
36,interference_stage3.0.wave_feature_conv1,97,1,1000,0.01,0.0,0.0,post_relu_mean,1869.98681640625,-1869.98681640625,188.52130126953125,0.0,0.0,1277.5023002624512,0.08714284812957157,-1.3125806631799093,75.78094053397349,1.7854520744085312,False
36,interference_stage3.0.wave_feature_conv1,97,1,1000,0.01,0.0,0.0,post_relu_mean,1683.543701171875,-1683.543701171875,155.32064819335938,0.0,0.0,980.8609085083008,0.07247856553294317,-1.0058299416622378,58.070996795559665,1.4828804391622543,False
36,interference_stage3.0.wave_feature_conv1,97,1,1000,0.01,0.0,0.0,post_relu_mean,1460.88623046875,-1460.88623046875,122.86174774169922,0.0,0.0,743.1565933227539,0.09643472272451803,-0.7700084844955597,44.45598221635236,1.2726877909898757,False
36,interference_stage3.0.wave_feature_conv1,97,1,1000,0.05,0.0,0.0,post_relu_mean,9560.8330078125,-9560.8330078125,937.8456420898438,0.0,0.0,6720.375347137451,0.08130508223785063,-6.891706817084488,397.8879195844615,1.8893914759159087,False
36,interference_stage3.0.wave_feature_conv1,97,1,1000,0.05,0.0,0.0,post_relu_mean,8618.9931640625,-8618.9931640625,781.2655029296875,0.0,0.0,5099.558479309082,0.06008757173313874,-5.203298291868918,300.4088850822545,1.564057930111885,False
36,interference_stage3.0.wave_feature_conv1,97,1,1000,0.05,0.0,0.0,post_relu_mean,7385.87255859375,-7385.87255859375,608.1761474609375,0.0,0.0,3756.256507873535,0.06259733555019095,-3.8259462909302226,220.88837438046417,1.3481975251436233,False
36,interference_stage3.0.wave_feature_conv1,45,1,1000,0.005,0.0,0.0,post_relu_mean,860.6395263671875,-860.6395263671875,91.30127716064453,0.0,0.0,563.0159568786621,0.07834549235435702,-0.5699515253231673,32.90577396326272,1.804777404665947,False
36,interference_stage3.0.wave_feature_conv1,45,1,1000,0.005,0.0,0.0,post_relu_mean,776.6417236328125,-776.6417236328125,73.57026672363281,0.0,0.0,445.0733947753906,0.07874852979077916,-0.45194667650504733,26.092828875954105,1.531225608587265,False
36,interference_stage3.0.wave_feature_conv1,45,1,1000,0.005,0.0,0.0,post_relu_mean,653.1802368164062,-653.1802368164062,57.06241989135742,0.0,0.0,333.5212173461914,0.10933863916747927,-0.32471674601618455,18.747310286717468,1.3060879611968994,False
36,interference_stage3.0.wave_feature_conv1,45,1,1000,0.01,0.0,0.0,post_relu_mean,1680.4417724609375,-1680.4417724609375,175.58694458007812,0.0,0.0,1129.9611473083496,0.08582208050892061,-1.1380773644707327,65.70613852784668,1.8757199388742447,False
36,interference_stage3.0.wave_feature_conv1,45,1,1000,0.01,0.0,0.0,post_relu_mean,1543.7138671875,-1543.7138671875,145.20228576660156,0.0,0.0,889.8014526367188,0.08080262997808971,-0.9051797377087747,52.260032190850076,1.6005840659141541,False
36,interference_stage3.0.wave_feature_conv1,45,1,1000,0.01,0.0,0.0,post_relu_mean,1326.668701171875,-1326.668701171875,112.96572875976562,0.0,0.0,671.5898208618164,0.08758838548226759,-0.6673175486918911,38.52718489849936,1.3686468029022216,False
36,interference_stage3.0.wave_feature_conv1,45,1,1000,0.05,0.0,0.0,post_relu_mean,8539.87890625,-8539.87890625,869.3102416992188,0.0,0.0,5908.228481292725,0.07879006244924765,-6.011953772110904,347.09603474760155,1.984054864048958,False
36,interference_stage3.0.wave_feature_conv1,45,1,1000,0.05,0.0,0.0,post_relu_mean,7757.0234375,-7757.0234375,709.0117797851562,0.0,0.0,4565.968566894531,0.06861287181424103,-4.657290965599335,268.88547351032685,1.6902769947052,False
36,interference_stage3.0.wave_feature_conv1,45,1,1000,0.05,0.0,0.0,post_relu_mean,6756.04736328125,-6756.04736328125,559.5599365234375,0.0,0.0,3421.40323638916,0.06500969238794727,-3.517553122604921,203.08356239068397,1.4529914927482606,False
36,interference_stage3.0.wave_feature_conv1,67,1,1000,0.005,0.0,0.0,post_relu_mean,715.2360229492188,-715.2360229492188,80.31563568115234,0.0,0.0,459.27330780029297,0.07688041366472224,-0.468253004542887,27.03440816383197,1.4908717715740203,False
36,interference_stage3.0.wave_feature_conv1,67,1,1000,0.005,0.0,0.0,post_relu_mean,604.6920166015625,-604.6920166015625,61.407562255859375,0.0,0.0,336.660213470459,0.09516285385088577,-0.332551651865027,19.19969026773848,1.2580059748888015,False
36,interference_stage3.0.wave_feature_conv1,67,1,1000,0.005,0.0,0.0,post_relu_mean,495.02215576171875,-495.02215576171875,45.5922737121582,0.0,0.0,253.08880233764648,0.13662735220901714,-0.23553127269649024,13.598253351837908,1.0962414360046386,False
36,interference_stage3.0.wave_feature_conv1,67,1,1000,0.01,0.0,0.0,post_relu_mean,1347.458251953125,-1347.458251953125,150.1306915283203,0.0,0.0,882.0503463745117,0.07219889426927292,-0.9165328797526577,52.91546841323837,1.5061308634281159,False
36,interference_stage3.0.wave_feature_conv1,67,1,1000,0.01,0.0,0.0,post_relu_mean,1181.0267333984375,-1181.0267333984375,117.0660629272461,0.0,0.0,662.5316734313965,0.08416870207873703,-0.68117629513919,39.32879567508359,1.320627482533455,False
36,interference_stage3.0.wave_feature_conv1,67,1,1000,0.01,0.0,0.0,post_relu_mean,986.2879638671875,-986.2879638671875,88.58930206298828,0.0,0.0,486.37243270874023,0.10497965228535089,-0.4770909235499441,27.544539439000662,1.1543098056316377,False
36,interference_stage3.0.wave_feature_conv1,67,1,1000,0.05,0.0,0.0,post_relu_mean,6855.98193359375,-6855.98193359375,739.2062377929688,0.0,0.0,4623.347465515137,0.07714608454674143,-4.730343008331067,273.1031127041196,1.630692453980446,False
36,interference_stage3.0.wave_feature_conv1,67,1,1000,0.05,0.0,0.0,post_relu_mean,6253.39501953125,-6253.39501953125,592.1865234375,0.0,0.0,3596.8579063415527,0.06836378323267066,-3.68350952450569,212.6649083148604,1.4266353702545167,False
36,interference_stage3.0.wave_feature_conv1,67,1,1000,0.05,0.0,0.0,post_relu_mean,5015.7861328125,-5015.7861328125,436.4806213378906,0.0,0.0,2428.5226402282715,0.06953767629894327,-2.4589982421069316,141.9685648929662,1.2351559835672379,False
36,interference_stage3.0.wave_feature_conv1,19,1,1000,0.005,0.0,0.0,post_relu_mean,692.197998046875,-692.197998046875,80.71269989013672,0.0,0.0,435.7163391113281,0.07147548367055437,-0.4480606196291993,25.86850095471681,1.314244995713234,False
36,interference_stage3.0.wave_feature_conv1,19,1,1000,0.005,0.0,0.0,post_relu_mean,581.6929321289062,-581.6929321289062,61.38547134399414,0.0,0.0,314.44055938720703,0.10789753265668617,-0.3194455951372234,18.44569724649665,1.0963946408033372,False
36,interference_stage3.0.wave_feature_conv1,19,1,1000,0.005,0.0,0.0,post_relu_mean,474.49481201171875,-474.49481201171875,45.340782165527344,0.0,0.0,234.75819396972656,0.1575063403740961,-0.21379231931817586,12.34321430738945,0.9709560817480087,False
36,interference_stage3.0.wave_feature_conv1,19,1,1000,0.01,0.0,0.0,post_relu_mean,1389.7908935546875,-1389.7908935546875,157.82244873046875,0.0,0.0,901.97998046875,0.06749778588538484,-0.9280301387875273,53.57920122489854,1.3803864616155623,False
36,interference_stage3.0.wave_feature_conv1,19,1,1000,0.01,0.0,0.0,post_relu_mean,1167.550048828125,-1167.550048828125,120.53913116455078,0.0,0.0,634.1062088012695,0.08458599172791724,-0.6471711509508318,37.363987873536644,1.157385441660881,False
36,interference_stage3.0.wave_feature_conv1,19,1,1000,0.01,0.0,0.0,post_relu_mean,950.8936157226562,-950.8936157226562,88.23339080810547,0.0,0.0,453.8013458251953,0.11569939187653937,-0.4472243528424026,25.8202401574089,1.026333164870739,False
36,interference_stage3.0.wave_feature_conv1,19,1,1000,0.05,0.0,0.0,post_relu_mean,7061.7431640625,-7061.7431640625,789.8324584960938,0.0,0.0,4677.902526855469,0.05927049222951712,-4.79753874645206,276.98258255037746,1.446978087425232,False
36,interference_stage3.0.wave_feature_conv1,19,1,1000,0.05,0.0,0.0,post_relu_mean,6126.59912109375,-6126.59912109375,609.8883056640625,0.0,0.0,3391.084053039551,0.057850004910805726,-3.476899989943596,200.73640977173184,1.2356480026245118,False
36,interference_stage3.0.wave_feature_conv1,19,1,1000,0.05,0.0,0.0,post_relu_mean,5044.7705078125,-5044.7705078125,457.80096435546875,0.0,0.0,2330.272903442383,0.07110723363499231,-2.401438249762397,138.6454000281898,1.065691620707512,False
38,interference_stage3.0.wave_feature_conv2,120,1,1000,0.005,0.0,0.0,post_relu_mean,801.0093994140625,-801.0093994140625,55.96415328979492,0.0,0.0,591.9298057556152,0.08403837354059975,-0.6106860769511181,35.25755337956511,1.4754456704854966,False
38,interference_stage3.0.wave_feature_conv2,120,1,1000,0.005,0.0,0.0,post_relu_mean,777.3383178710938,-777.3383178710938,52.00907516479492,0.0,0.0,511.77301025390625,0.0678560954964705,-0.5286426338591204,30.520820011966233,1.2950063598155976,False
38,interference_stage3.0.wave_feature_conv2,120,1,1000,0.005,0.0,0.0,post_relu_mean,732.3848266601562,-732.3848266601562,46.72075653076172,0.0,0.0,430.19849014282227,0.04835647593369546,-0.4475868430066465,25.841121728872398,1.1202178877592086,False
38,interference_stage3.0.wave_feature_conv2,120,1,1000,0.01,0.0,0.0,post_relu_mean,1576.2796630859375,-1576.2796630859375,108.48834991455078,0.0,0.0,1209.6274375915527,0.08654765520044605,-1.2417207708482507,71.68988856473796,1.5245690774917602,False
38,interference_stage3.0.wave_feature_conv2,120,1,1000,0.01,0.0,0.0,post_relu_mean,1527.164306640625,-1527.164306640625,101.74173736572266,0.0,0.0,1037.8019409179688,0.0718709656129772,-1.0697548004496011,61.76156376477673,1.3382001954317093,False
38,interference_stage3.0.wave_feature_conv2,120,1,1000,0.01,0.0,0.0,post_relu_mean,1459.6893310546875,-1459.6893310546875,92.89942932128906,0.0,0.0,880.4309120178223,0.05702962816317784,-0.9015920615605721,52.05279423539303,1.165926239490509,False
38,interference_stage3.0.wave_feature_conv2,120,1,1000,0.05,0.0,0.0,post_relu_mean,7821.82275390625,-7821.82275390625,534.1883544921875,0.0,0.0,6178.07067489624,0.06300751681265314,-6.282795368956489,362.73284173601996,1.5676368230581283,False
38,interference_stage3.0.wave_feature_conv2,120,1,1000,0.05,0.0,0.0,post_relu_mean,7598.9423828125,-7598.9423828125,502.2266540527344,0.0,0.0,5307.397888183594,0.05250067311215026,-5.37659676098836,310.4141493131318,1.3680449730157853,False
38,interference_stage3.0.wave_feature_conv2,120,1,1000,0.05,0.0,0.0,post_relu_mean,7275.75537109375,-7275.75537109375,459.6086730957031,0.0,0.0,4496.241703033447,0.04512695697764867,-4.550890619616565,262.7425563120058,1.2093168663978577,False
38,interference_stage3.0.wave_feature_conv2,84,1,1000,0.005,0.0,0.0,post_relu_mean,658.0538940429688,-658.0538940429688,50.9643440246582,0.0,0.0,467.67591094970703,0.06999335605622246,-0.47994514315982895,27.709304780715616,1.361480655670166,False
38,interference_stage3.0.wave_feature_conv2,84,1,1000,0.005,0.0,0.0,post_relu_mean,629.0173950195312,-629.0173950195312,46.17243957519531,0.0,0.0,393.4618549346924,0.05869172309916682,-0.40856200425701555,23.588610604058832,1.1658352583646774,False
38,interference_stage3.0.wave_feature_conv2,84,1,1000,0.005,0.0,0.0,post_relu_mean,595.26806640625,-595.26806640625,40.897613525390625,0.0,0.0,331.8081970214844,0.05265343268235411,-0.3469280764840776,20.029704111889835,1.0052451530098916,False
38,interference_stage3.0.wave_feature_conv2,84,1,1000,0.01,0.0,0.0,post_relu_mean,1286.5587158203125,-1286.5587158203125,98.91300964355469,0.0,0.0,952.3347549438477,0.07219741888272864,-0.9774217565735775,56.43077173956724,1.402826173901558,False
38,interference_stage3.0.wave_feature_conv2,84,1,1000,0.01,0.0,0.0,post_relu_mean,1238.8212890625,-1238.8212890625,89.22344970703125,0.0,0.0,809.536226272583,0.0669627706336496,-0.8366056702534508,48.30095178863494,1.2093278062343598,False
38,interference_stage3.0.wave_feature_conv2,84,1,1000,0.01,0.0,0.0,post_relu_mean,1182.4210205078125,-1182.4210205078125,79.354736328125,0.0,0.0,688.2184143066406,0.06177286166256488,-0.7185298435408882,41.48384969624794,1.0594820326566696,False
38,interference_stage3.0.wave_feature_conv2,84,1,1000,0.05,0.0,0.0,post_relu_mean,6337.455078125,-6337.455078125,477.70941162109375,0.0,0.0,4866.84220123291,0.06236856265116819,-4.996522782149144,288.47079987593423,1.46626455783844,False
38,interference_stage3.0.wave_feature_conv2,84,1,1000,0.05,0.0,0.0,post_relu_mean,6136.67138671875,-6136.67138671875,430.3589782714844,0.0,0.0,4172.2765827178955,0.05566879232254902,-4.295825142943028,248.0166146680273,1.26832917034626,False
38,interference_stage3.0.wave_feature_conv2,84,1,1000,0.05,0.0,0.0,post_relu_mean,5930.8466796875,-5930.8466796875,390.2341613769531,0.0,0.0,3571.367462158203,0.05577065550331054,-3.6587933593603505,211.23804106544995,1.1121559500694276,False
38,interference_stage3.0.wave_feature_conv2,109,1,1000,0.005,0.0,0.0,post_relu_mean,578.8814086914062,-578.8814086914062,52.77218246459961,0.0,0.0,390.7370185852051,0.04692860585815789,-0.40498178318258,23.381391487690937,0.9896537759900093,False
38,interference_stage3.0.wave_feature_conv2,109,1,1000,0.005,0.0,0.0,post_relu_mean,535.0545654296875,-535.0545654296875,46.22224807739258,0.0,0.0,307.0203151702881,0.033518293307016285,-0.32064048708151294,18.511959307925025,0.815376741886139,False
38,interference_stage3.0.wave_feature_conv2,109,1,1000,0.005,0.0,0.0,post_relu_mean,472.9358215332031,-472.9358215332031,38.35007095336914,0.0,0.0,232.59498977661133,0.0358628576872276,-0.23824301281131266,13.754820714654667,0.669781989455223,False
38,interference_stage3.0.wave_feature_conv2,109,1,1000,0.01,0.0,0.0,post_relu_mean,1144.966064453125,-1144.966064453125,103.83492279052734,0.0,0.0,803.6334419250488,0.05200517929030493,-0.8293689477094105,47.8830483544811,1.0308503860235214,False
38,interference_stage3.0.wave_feature_conv2,109,1,1000,0.01,0.0,0.0,post_relu_mean,1049.8531494140625,-1049.8531494140625,89.98548126220703,0.0,0.0,624.8843288421631,0.037541639997493284,-0.64337577625842,37.144855911300795,0.8404171371459961,False
38,interference_stage3.0.wave_feature_conv2,109,1,1000,0.01,0.0,0.0,post_relu_mean,930.6729125976562,-930.6729125976562,74.65570068359375,0.0,0.0,472.4983100891113,0.034645421246391396,-0.4923932651767831,28.42799006808288,0.6906129571795464,False
38,interference_stage3.0.wave_feature_conv2,109,1,1000,0.05,0.0,0.0,post_relu_mean,5783.330078125,-5783.330078125,520.2727661132812,0.0,0.0,4192.683856964111,0.04361373055319488,-4.243474218691404,244.9940873838589,1.0771134966611862,False
38,interference_stage3.0.wave_feature_conv2,109,1,1000,0.05,0.0,0.0,post_relu_mean,5313.7529296875,-5313.7529296875,455.1394348144531,0.0,0.0,3245.591360092163,0.03092205991047791,-3.3320589746921407,192.37413583361925,0.8733987417817116,False
38,interference_stage3.0.wave_feature_conv2,109,1,1000,0.05,0.0,0.0,post_relu_mean,4738.71630859375,-4738.71630859375,377.6742858886719,0.0,0.0,2462.4302558898926,0.029156282238096916,-2.5161256842089994,145.2667729229675,0.7280666723847389,False
38,interference_stage3.0.wave_feature_conv2,69,1,1000,0.005,0.0,0.0,post_relu_mean,597.990234375,-597.990234375,50.3198356628418,0.0,0.0,418.36567306518555,0.08041367870915822,-0.4394184909706971,25.36959963393569,1.3200996893644332,False
38,interference_stage3.0.wave_feature_conv2,69,1,1000,0.005,0.0,0.0,post_relu_mean,563.1650390625,-563.1650390625,44.70634078979492,0.0,0.0,343.12860107421875,0.05921419367528,-0.3559799317706331,20.552266093895383,1.1072753530740738,False
38,interference_stage3.0.wave_feature_conv2,69,1,1000,0.005,0.0,0.0,post_relu_mean,514.9652099609375,-514.9652099609375,38.940452575683594,0.0,0.0,272.2717475891113,0.04314506181391729,-0.27579111015556146,15.922631328157182,0.8991126957535743,False
38,interference_stage3.0.wave_feature_conv2,69,1,1000,0.01,0.0,0.0,post_relu_mean,1172.0999755859375,-1172.0999755859375,96.31893920898438,0.0,0.0,854.4781303405762,0.08528672494659395,-0.876114520035242,50.581914667620325,1.3775024551153183,False
38,interference_stage3.0.wave_feature_conv2,69,1,1000,0.01,0.0,0.0,post_relu_mean,1105.6629638671875,-1105.6629638671875,86.38365936279297,0.0,0.0,698.07861328125,0.06496814401855214,-0.7146945933627589,41.26240118934715,1.1438253492116928,False
38,interference_stage3.0.wave_feature_conv2,69,1,1000,0.01,0.0,0.0,post_relu_mean,1027.1298828125,-1027.1298828125,76.61106872558594,0.0,0.0,558.4127388000488,0.049606458670475466,-0.5762130347738064,33.267280551715196,0.9455848568677903,False
38,interference_stage3.0.wave_feature_conv2,69,1,1000,0.05,0.0,0.0,post_relu_mean,5823.3740234375,-5823.3740234375,471.33416748046875,0.0,0.0,4380.706523895264,0.069845594457025,-4.453114472637207,257.0975921243605,1.443459455370903,False
38,interference_stage3.0.wave_feature_conv2,69,1,1000,0.05,0.0,0.0,post_relu_mean,5608.23046875,-5608.23046875,432.5730895996094,0.0,0.0,3642.793701171875,0.055585218831805526,-3.707209863046869,214.03342571505965,1.2181810659170151,False
38,interference_stage3.0.wave_feature_conv2,69,1,1000,0.05,0.0,0.0,post_relu_mean,5114.16796875,-5114.16796875,375.6075439453125,0.0,0.0,2851.4719429016113,0.04322205284365916,-2.9092304001935987,167.9624111918688,0.9855676260590553,False
38,interference_stage3.0.wave_feature_conv2,104,1,1000,0.005,0.0,0.0,post_relu_mean,605.0948486328125,-605.0948486328125,55.6922607421875,0.0,0.0,413.23829650878906,0.044984938500139605,-0.43257582944090206,24.97447080289793,1.0223383420705796,False
38,interference_stage3.0.wave_feature_conv2,104,1,1000,0.005,0.0,0.0,post_relu_mean,559.31982421875,-559.31982421875,48.67308044433594,0.0,0.0,325.36316299438477,0.03437705852507662,-0.33919623050848485,19.583270752831446,0.8467595285177231,False
38,interference_stage3.0.wave_feature_conv2,104,1,1000,0.005,0.0,0.0,post_relu_mean,485.55206298828125,-485.55206298828125,39.202354431152344,0.0,0.0,245.26212310791016,0.042449890196725064,-0.25496446770147524,14.720199508273266,0.6865228414535522,False
38,interference_stage3.0.wave_feature_conv2,104,1,1000,0.01,0.0,0.0,post_relu_mean,1215.6533203125,-1215.6533203125,110.81127166748047,0.0,0.0,858.4397125244141,0.05304751554733885,-0.900085533449371,51.96586098393953,1.0702281802892686,False
38,interference_stage3.0.wave_feature_conv2,104,1,1000,0.01,0.0,0.0,post_relu_mean,1118.8861083984375,-1118.8861083984375,96.12694549560547,0.0,0.0,671.3870277404785,0.041366359031569225,-0.7070088553666477,40.81867913849181,0.8828336092829704,False
38,interference_stage3.0.wave_feature_conv2,104,1,1000,0.01,0.0,0.0,post_relu_mean,979.962158203125,-979.962158203125,78.18087005615234,0.0,0.0,505.80113983154297,0.03965197652534805,-0.5355043308684645,30.916983639191,0.7227736374735833,False
38,interference_stage3.0.wave_feature_conv2,104,1,1000,0.05,0.0,0.0,post_relu_mean,6218.45556640625,-6218.45556640625,556.4618530273438,0.0,0.0,4524.290542602539,0.04732899349507843,-4.593911945454886,265.22635112628876,1.1310219341516494,False
38,interference_stage3.0.wave_feature_conv2,104,1,1000,0.05,0.0,0.0,post_relu_mean,5896.7548828125,-5896.7548828125,501.40838623046875,0.0,0.0,3625.489444732666,0.03987033445197443,-3.7058639095371912,213.9556335074213,0.9429752951860428,False
38,interference_stage3.0.wave_feature_conv2,104,1,1000,0.05,0.0,0.0,post_relu_mean,5303.6826171875,-5303.6826171875,414.63201904296875,0.0,0.0,2810.814811706543,0.033318039976180235,-2.8941385794776706,167.09109187282982,0.7777181977033615,False
41,interference_stage3.0.skip_connection.0,30,1,1000,0.005,0.0,0.0,post_relu_mean,810.564453125,-810.564453125,70.81859588623047,0.0,0.0,570.966236114502,0.07541505664317835,-0.603283600469223,34.83028826326743,1.6951151525974273,False
41,interference_stage3.0.skip_connection.0,30,1,1000,0.005,0.0,0.0,post_relu_mean,772.9774169921875,-772.9774169921875,62.09493637084961,0.0,0.0,481.40218353271484,0.08126187059644531,-0.5053174990873796,29.174216261057595,1.4830122518539428,False
41,interference_stage3.0.skip_connection.0,30,1,1000,0.005,0.0,0.0,post_relu_mean,710.9324951171875,-710.9324951171875,52.49128723144531,0.0,0.0,398.83113861083984,0.10680306857179567,-0.411811249733758,23.775809937072477,1.283823214173317,False
41,interference_stage3.0.skip_connection.0,30,1,1000,0.01,0.0,0.0,post_relu_mean,1653.5576171875,-1653.5576171875,142.95965576171875,0.0,0.0,1197.536304473877,0.09850001010311107,-1.257536290488561,72.60300232892719,1.8095941346883775,False
41,interference_stage3.0.skip_connection.0,30,1,1000,0.01,0.0,0.0,post_relu_mean,1524.0218505859375,-1524.0218505859375,121.60612487792969,0.0,0.0,964.6462936401367,0.08012608370027002,-1.0225977265184805,59.040052168691425,1.517084658741951,False
41,interference_stage3.0.skip_connection.0,30,1,1000,0.01,0.0,0.0,post_relu_mean,1423.60693359375,-1423.60693359375,103.14228057861328,0.0,0.0,807.5996017456055,0.08974763172272132,-0.8543816609941616,49.32718794615171,1.3155914080142974,False
41,interference_stage3.0.skip_connection.0,30,1,1000,0.05,0.0,0.0,post_relu_mean,8492.4462890625,-8492.4462890625,723.0197143554688,0.0,0.0,6296.244800567627,0.0890426117033722,-6.579565379515347,379.8667510692924,1.919113900065422,False
41,interference_stage3.0.skip_connection.0,30,1,1000,0.05,0.0,0.0,post_relu_mean,7942.927734375,-7942.927734375,612.803466796875,0.0,0.0,5173.163993835449,0.07079667219138842,-5.32916050635641,307.6754898902476,1.6295037686824798,False
41,interference_stage3.0.skip_connection.0,30,1,1000,0.05,0.0,0.0,post_relu_mean,7384.15380859375,-7384.15380859375,528.3552856445312,0.0,0.0,4216.868339538574,0.06570842405030626,-4.3686393464157875,252.22040672364952,1.4069262945652008,False
41,interference_stage3.0.skip_connection.0,32,1,1000,0.005,0.0,0.0,post_relu_mean,975.2161254882812,-975.2161254882812,82.01006317138672,0.0,0.0,703.4661827087402,0.08570839797397518,-0.7388536809367499,42.65726267840972,1.967459431886673,False
41,interference_stage3.0.skip_connection.0,32,1,1000,0.005,0.0,0.0,post_relu_mean,891.5103759765625,-891.5103759765625,69.78302764892578,0.0,0.0,566.7778282165527,0.08305168577718533,-0.583051182663844,33.66215696752701,1.6731846171617508,False
41,interference_stage3.0.skip_connection.0,32,1,1000,0.005,0.0,0.0,post_relu_mean,798.3174438476562,-798.3174438476562,58.41509246826172,0.0,0.0,452.12878036499023,0.11375985374273537,-0.4511473373611073,26.046844713101464,1.431151996254921,False
41,interference_stage3.0.skip_connection.0,32,1,1000,0.01,0.0,0.0,post_relu_mean,1908.904541015625,-1908.904541015625,160.04478454589844,0.0,0.0,1403.0505332946777,0.09090594366390635,-1.4385822966497013,83.05555605290722,2.020046758651733,False
41,interference_stage3.0.skip_connection.0,32,1,1000,0.01,0.0,0.0,post_relu_mean,1793.63525390625,-1793.63525390625,139.218505859375,0.0,0.0,1156.4430503845215,0.08164387348277027,-1.2013351841669577,69.35825935988419,1.7459213733673096,False
41,interference_stage3.0.skip_connection.0,32,1,1000,0.01,0.0,0.0,post_relu_mean,1594.59033203125,-1594.59033203125,114.74890899658203,0.0,0.0,910.398738861084,0.09309009150027656,-0.9496680213941384,54.828429874697626,1.5194837164878845,False
41,interference_stage3.0.skip_connection.0,32,1,1000,0.05,0.0,0.0,post_relu_mean,10008.9033203125,-10008.9033203125,820.20654296875,0.0,0.0,7522.563961029053,0.0875665774697421,-7.714002480921398,445.36304146420184,2.1589940357208253,False
41,interference_stage3.0.skip_connection.0,32,1,1000,0.05,0.0,0.0,post_relu_mean,9330.115234375,-9330.115234375,708.7525634765625,0.0,0.0,6130.019588470459,0.07759931847588955,-6.281077101634571,362.63378871439056,1.873780522942543,False
41,interference_stage3.0.skip_connection.0,32,1,1000,0.05,0.0,0.0,post_relu_mean,8276.2734375,-8276.2734375,585.8453369140625,0.0,0.0,4765.503047943115,0.06381602093581189,-4.848738447037835,279.938573827222,1.6111586213111877,False
41,interference_stage3.0.skip_connection.0,123,1,1000,0.005,0.0,0.0,post_relu_mean,761.06005859375,-761.06005859375,78.78004455566406,0.0,0.0,503.266695022583,0.06613573635250145,-0.5258646556877422,30.360455862663567,1.4825769567489624,False
41,interference_stage3.0.skip_connection.0,123,1,1000,0.005,0.0,0.0,post_relu_mean,676.4595336914062,-676.4595336914062,65.02545166015625,0.0,0.0,377.45182037353516,0.06621774485459447,-0.3900969277695687,22.522030849483745,1.1929461473226548,False
41,interference_stage3.0.skip_connection.0,123,1,1000,0.005,0.0,0.0,post_relu_mean,569.520751953125,-569.520751953125,50.31214904785156,0.0,0.0,276.3147087097168,0.0884413012127438,-0.2707108499436424,15.629533665293568,0.961637601852417,False
41,interference_stage3.0.skip_connection.0,123,1,1000,0.01,0.0,0.0,post_relu_mean,1503.1337890625,-1503.1337890625,154.90728759765625,0.0,0.0,1016.9586505889893,0.0748954426240748,-1.061627860719101,61.29259047694229,1.5507137298583984,False
41,interference_stage3.0.skip_connection.0,123,1,1000,0.01,0.0,0.0,post_relu_mean,1364.585693359375,-1364.585693359375,129.50009155273438,0.0,0.0,775.4420852661133,0.06614751902760013,-0.8068045902044767,46.580320883972355,1.2676588660478592,False
41,interference_stage3.0.skip_connection.0,123,1,1000,0.01,0.0,0.0,post_relu_mean,1131.6651611328125,-1131.6651611328125,98.67875671386719,0.0,0.0,548.2595024108887,0.07154831788224959,-0.561176908626512,32.399336113372996,1.0098019090294839,False
41,interference_stage3.0.skip_connection.0,123,1,1000,0.05,0.0,0.0,post_relu_mean,7639.5517578125,-7639.5517578125,778.23681640625,0.0,0.0,5283.388093948364,0.06474524004762446,-5.381380174030719,310.69026129357786,1.609821811914444,False
41,interference_stage3.0.skip_connection.0,123,1,1000,0.05,0.0,0.0,post_relu_mean,6918.40380859375,-6918.40380859375,644.9556884765625,0.0,0.0,4009.710090637207,0.05457749242254433,-4.077456786029026,235.40930392929096,1.3188666188716889,False
41,interference_stage3.0.skip_connection.0,123,1,1000,0.05,0.0,0.0,post_relu_mean,6012.82568359375,-6012.82568359375,512.6009521484375,0.0,0.0,2945.886821746826,0.05233524225292671,-3.022311163003684,174.4910552738349,1.08540722489357,False
41,interference_stage3.0.skip_connection.0,80,1,1000,0.005,0.0,0.0,post_relu_mean,697.4520263671875,-697.4520263671875,61.84957504272461,0.0,0.0,492.99803161621094,0.062283970539989866,-0.5140365074602328,29.677546267210488,1.4510433650016785,False
41,interference_stage3.0.skip_connection.0,80,1,1000,0.005,0.0,0.0,post_relu_mean,636.8493041992188,-636.8493041992188,51.5134162902832,0.0,0.0,401.22308349609375,0.062419118635208645,-0.4179692463655585,24.131186561006107,1.2665734905004502,False
41,interference_stage3.0.skip_connection.0,80,1,1000,0.005,0.0,0.0,post_relu_mean,552.8991088867188,-552.8991088867188,42.02117919921875,0.0,0.0,312.0456085205078,0.10834243404991287,-0.31428492962156207,18.145069173812285,1.069918308854103,False
41,interference_stage3.0.skip_connection.0,80,1,1000,0.01,0.0,0.0,post_relu_mean,1397.443603515625,-1397.443603515625,121.21112823486328,0.0,0.0,1014.9048919677734,0.07933205938989253,-1.0540505731728989,60.854961901409666,1.530695474743843,False
41,interference_stage3.0.skip_connection.0,80,1,1000,0.01,0.0,0.0,post_relu_mean,1294.0025634765625,-1294.0025634765625,103.47773742675781,0.0,0.0,824.5369262695312,0.06732097709168408,-0.8532053006677951,49.259303348263984,1.3279555916786194,False
41,interference_stage3.0.skip_connection.0,80,1,1000,0.01,0.0,0.0,post_relu_mean,1124.4344482421875,-1124.4344482421875,83.71913146972656,0.0,0.0,633.3932037353516,0.08518109857318361,-0.6487572043274471,37.45556062064733,1.1177576667070388,False
41,interference_stage3.0.skip_connection.0,80,1,1000,0.05,0.0,0.0,post_relu_mean,7023.3837890625,-7023.3837890625,598.2337646484375,0.0,0.0,5209.777328491211,0.06623126061305279,-5.302822845717626,306.15492909167574,1.5972575813531875,False
41,interference_stage3.0.skip_connection.0,80,1,1000,0.05,0.0,0.0,post_relu_mean,6523.6787109375,-6523.6787109375,513.2470703125,0.0,0.0,4210.251037597656,0.05586968832538069,-4.334219368911957,250.23315044186614,1.387837873697281,False
41,interference_stage3.0.skip_connection.0,80,1,1000,0.05,0.0,0.0,post_relu_mean,5935.26318359375,-5935.26318359375,431.2132263183594,0.0,0.0,3359.2574615478516,0.06369849112868722,-3.493268950315066,201.6815274259662,1.2163243281841278,False
41,interference_stage3.0.skip_connection.0,99,1,1000,0.005,0.0,0.0,post_relu_mean,718.4407958984375,-718.4407958984375,66.69635009765625,0.0,0.0,500.47899627685547,0.06869970588278264,-0.5123132993943744,29.57805901287388,1.4615297293663025,False
41,interference_stage3.0.skip_connection.0,99,1,1000,0.005,0.0,0.0,post_relu_mean,659.6549072265625,-659.6549072265625,55.747440338134766,0.0,0.0,406.0200386047363,0.09238220505815166,-0.4250970356213862,24.54274466041685,1.2776757103204728,False
41,interference_stage3.0.skip_connection.0,99,1,1000,0.005,0.0,0.0,post_relu_mean,567.0355224609375,-567.0355224609375,44.42034149169922,0.0,0.0,312.8434295654297,0.13378075510354703,-0.3089582526123211,17.837608744506372,1.1098216521739959,False
41,interference_stage3.0.skip_connection.0,99,1,1000,0.01,0.0,0.0,post_relu_mean,1440.147216796875,-1440.147216796875,131.3688201904297,0.0,0.0,1028.1680221557617,0.070376718098767,-1.0557183223098643,60.951164668610964,1.524446397423744,False
41,interference_stage3.0.skip_connection.0,99,1,1000,0.01,0.0,0.0,post_relu_mean,1316.404296875,-1316.404296875,110.02404022216797,0.0,0.0,818.5247383117676,0.07966620918124052,-0.8471686788965377,48.91071912035667,1.3342516857385636,False
41,interference_stage3.0.skip_connection.0,99,1,1000,0.01,0.0,0.0,post_relu_mean,1172.187744140625,-1172.187744140625,89.33073425292969,0.0,0.0,648.5333099365234,0.10088290792403602,-0.6630748413745134,38.282318404366485,1.1750128692388535,False
41,interference_stage3.0.skip_connection.0,99,1,1000,0.05,0.0,0.0,post_relu_mean,7273.32177734375,-7273.32177734375,653.7013549804688,0.0,0.0,5294.345024108887,0.06175565639742943,-5.384032192357543,310.84339394825895,1.6064762818813323,False
41,interference_stage3.0.skip_connection.0,99,1,1000,0.05,0.0,0.0,post_relu_mean,6717.607421875,-6717.607421875,548.3351440429688,0.0,0.0,4247.328205108643,0.057227990911176294,-4.337423314061856,250.41813866664242,1.4117037373781205,False
41,interference_stage3.0.skip_connection.0,99,1,1000,0.05,0.0,0.0,post_relu_mean,6000.47607421875,-6000.47607421875,456.2017517089844,0.0,0.0,3275.5955657958984,0.06422092735200086,-3.34433050206138,193.08261075904946,1.2462341952323914,False
44,interference_stage3.1.wave_feature_conv1,81,1,1000,0.005,0.0,0.0,post_relu_mean,907.4364624023438,-907.4364624023438,90.86396026611328,0.0,0.0,581.3908004760742,0.09380951271696258,-0.60561315776974,34.964705499847234,1.6141663885116577,False
44,interference_stage3.1.wave_feature_conv1,81,1,1000,0.005,0.0,0.0,post_relu_mean,818.7454833984375,-818.7454833984375,76.14282989501953,0.0,0.0,437.9814910888672,0.06737076204678044,-0.4610811725142372,26.620229448543622,1.2843103533983231,False
44,interference_stage3.1.wave_feature_conv1,81,1,1000,0.005,0.0,0.0,post_relu_mean,726.3887939453125,-726.3887939453125,61.93678283691406,0.0,0.0,331.9793815612793,0.0496253842357579,-0.34158238188285034,19.721145967428523,1.0414433759450912,False
44,interference_stage3.1.wave_feature_conv1,81,1,1000,0.01,0.0,0.0,post_relu_mean,1787.93115234375,-1787.93115234375,178.3189239501953,0.0,0.0,1199.5205612182617,0.09938917264331046,-1.2271561459751825,70.84901794188227,1.6809678387641906,False
44,interference_stage3.1.wave_feature_conv1,81,1,1000,0.01,0.0,0.0,post_relu_mean,1611.3343505859375,-1611.3343505859375,148.859619140625,0.0,0.0,903.3448028564453,0.07557929394577403,-0.9337565522267939,53.90979070103042,1.330732614994049,False
44,interference_stage3.1.wave_feature_conv1,81,1,1000,0.01,0.0,0.0,post_relu_mean,1408.0169677734375,-1408.0169677734375,118.62530517578125,0.0,0.0,673.4764213562012,0.05711556145241381,-0.699734741476447,40.39870129000347,1.0739288806915284,False
44,interference_stage3.1.wave_feature_conv1,81,1,1000,0.05,0.0,0.0,post_relu_mean,8975.771484375,-8975.771484375,887.1996459960938,0.0,0.0,6260.719047546387,0.07853437269537031,-6.353938377023877,366.8404289647612,1.763469887971878,False
44,interference_stage3.1.wave_feature_conv1,81,1,1000,0.05,0.0,0.0,post_relu_mean,8010.884765625,-8010.884765625,720.0420532226562,0.0,0.0,4732.57405090332,0.05825080327598697,-4.813844002838352,277.9239774156582,1.4027156072854996,False
44,interference_stage3.1.wave_feature_conv1,81,1,1000,0.05,0.0,0.0,post_relu_mean,6976.849609375,-6976.849609375,582.0872192382812,0.0,0.0,3461.537456512451,0.04471606560782234,-3.51909341190561,203.17241725063082,1.122841438651085,False
44,interference_stage3.1.wave_feature_conv1,127,1,1000,0.005,0.0,0.0,post_relu_mean,949.78564453125,-949.78564453125,99.76300811767578,0.0,0.0,602.229736328125,0.08166673429952158,-0.6276636442125652,36.23773193830805,1.6354459190368653,False
44,interference_stage3.1.wave_feature_conv1,127,1,1000,0.005,0.0,0.0,post_relu_mean,879.2998046875,-879.2998046875,86.19727325439453,0.0,0.0,458.5376281738281,0.059536363612461216,-0.46982994235805603,27.125307414132116,1.297369419336319,False
44,interference_stage3.1.wave_feature_conv1,127,1,1000,0.005,0.0,0.0,post_relu_mean,774.791015625,-774.791015625,69.89208221435547,0.0,0.0,337.95648193359375,0.048522747411123286,-0.34698218083351245,20.032790212777027,1.0183222737908364,False
44,interference_stage3.1.wave_feature_conv1,127,1,1000,0.01,0.0,0.0,post_relu_mean,1879.5185546875,-1879.5185546875,196.56838989257812,0.0,0.0,1241.5465087890625,0.08603217124480178,-1.2872925041815009,74.32100152894675,1.6888380163908006,False
44,interference_stage3.1.wave_feature_conv1,127,1,1000,0.01,0.0,0.0,post_relu_mean,1722.252685546875,-1722.252685546875,168.42465209960938,0.0,0.0,931.46728515625,0.0644155975136565,-0.955749298670211,55.17952421380269,1.3358006995916367,False
44,interference_stage3.1.wave_feature_conv1,127,1,1000,0.01,0.0,0.0,post_relu_mean,1509.44775390625,-1509.44775390625,135.22303771972656,0.0,0.0,680.62744140625,0.05490784860427801,-0.7044236251932909,40.66944142150624,1.0583704137802123,False
44,interference_stage3.1.wave_feature_conv1,127,1,1000,0.05,0.0,0.0,post_relu_mean,9381.568359375,-9381.568359375,983.1156005859375,0.0,0.0,6383.954833984375,0.07174406820756883,-6.564189877940307,378.97899124368246,1.7613082313537598,False
44,interference_stage3.1.wave_feature_conv1,127,1,1000,0.05,0.0,0.0,post_relu_mean,8476.41796875,-8476.41796875,823.78759765625,0.0,0.0,4736.499572753906,0.0545862855960478,-4.802386918925902,277.2624888338227,1.3922772824764251,False
44,interference_stage3.1.wave_feature_conv1,127,1,1000,0.05,0.0,0.0,post_relu_mean,7422.978515625,-7422.978515625,660.0443725585938,0.0,0.0,3445.2303466796875,0.04520733694795035,-3.4774843338368613,200.7702464185999,1.103784791827202,False
44,interference_stage3.1.wave_feature_conv1,42,1,1000,0.005,0.0,0.0,post_relu_mean,912.015625,-912.015625,94.7809829711914,0.0,0.0,579.8873519897461,0.07107541541418347,-0.6031018609327536,34.81976669302131,1.5751995998620987,False
44,interference_stage3.1.wave_feature_conv1,42,1,1000,0.005,0.0,0.0,post_relu_mean,844.856201171875,-844.856201171875,81.84749603271484,0.0,0.0,444.15511322021484,0.05189784118205291,-0.4580750685454147,26.446656789302544,1.250890502333641,False
44,interference_stage3.1.wave_feature_conv1,42,1,1000,0.005,0.0,0.0,post_relu_mean,735.6404418945312,-735.6404418945312,65.76667785644531,0.0,0.0,324.0509567260742,0.04120693745861813,-0.33029613005339775,19.069425910954283,0.9900525590777397,False
44,interference_stage3.1.wave_feature_conv1,42,1,1000,0.01,0.0,0.0,post_relu_mean,1775.3209228515625,-1775.3209228515625,183.4887237548828,0.0,0.0,1177.0694198608398,0.07465156283557103,-1.2138204629889915,70.07914450772078,1.6108869397640229,False
44,interference_stage3.1.wave_feature_conv1,42,1,1000,0.01,0.0,0.0,post_relu_mean,1653.003173828125,-1653.003173828125,158.7433624267578,0.0,0.0,906.2706527709961,0.06242072385684989,-0.9330239917832663,53.867497988730975,1.3014287060499192,False
44,interference_stage3.1.wave_feature_conv1,42,1,1000,0.01,0.0,0.0,post_relu_mean,1464.130859375,-1464.130859375,129.42710876464844,0.0,0.0,670.5788192749023,0.05164990357955133,-0.6886046871630774,39.756131437803916,1.0411843156814575,False
44,interference_stage3.1.wave_feature_conv1,42,1,1000,0.05,0.0,0.0,post_relu_mean,9085.033203125,-9085.033203125,944.2452392578125,0.0,0.0,6204.512046813965,0.06468267139869668,-6.320904758458806,364.93310651412213,1.699426000714302,False
44,interference_stage3.1.wave_feature_conv1,42,1,1000,0.05,0.0,0.0,post_relu_mean,8312.16796875,-8312.16796875,794.7581176757812,0.0,0.0,4703.368980407715,0.05281210996729996,-4.796136526154852,276.90180050890297,1.3526907110214232,False
44,interference_stage3.1.wave_feature_conv1,42,1,1000,0.05,0.0,0.0,post_relu_mean,7174.11328125,-7174.11328125,627.0136108398438,0.0,0.0,3395.042320251465,0.04584385414065666,-3.4370820624885736,198.4375532902374,1.0896423876285553,False
44,interference_stage3.1.wave_feature_conv1,12,1,1000,0.005,0.0,0.0,post_relu_mean,1086.771484375,-1086.771484375,105.17675018310547,0.0,0.0,735.3658981323242,0.10220278818733618,-0.7704773366709656,44.48302219482395,1.8240530556440353,False
44,interference_stage3.1.wave_feature_conv1,12,1,1000,0.005,0.0,0.0,post_relu_mean,1023.4555053710938,-1023.4555053710938,94.34323120117188,0.0,0.0,578.5710144042969,0.07101445471836629,-0.6072360031046675,35.0583913763736,1.4779537266492844,False
44,interference_stage3.1.wave_feature_conv1,12,1,1000,0.005,0.0,0.0,post_relu_mean,905.3500366210938,-905.3500366210938,79.05228424072266,0.0,0.0,426.2317543029785,0.06626969182283529,-0.44397792874814535,25.632800228918615,1.1636336106061935,False
44,interference_stage3.1.wave_feature_conv1,12,1,1000,0.01,0.0,0.0,post_relu_mean,2198.921875,-2198.921875,213.64857482910156,0.0,0.0,1522.1007614135742,0.11117461736483815,-1.5855530315259834,91.54081433645072,1.8903095704317092,False
44,interference_stage3.1.wave_feature_conv1,12,1,1000,0.01,0.0,0.0,post_relu_mean,2053.958740234375,-2053.958740234375,188.10877990722656,0.0,0.0,1187.1293029785156,0.08135002644100259,-1.2397633385506268,71.57687737069416,1.5308774358034134,False
44,interference_stage3.1.wave_feature_conv1,12,1,1000,0.01,0.0,0.0,post_relu_mean,1831.6885986328125,-1831.6885986328125,159.70675659179688,0.0,0.0,868.643497467041,0.060906774903719964,-0.8962350302501458,51.74355475230339,1.2015748822689056,False
44,interference_stage3.1.wave_feature_conv1,12,1,1000,0.05,0.0,0.0,post_relu_mean,11088.6064453125,-11088.6064453125,1072.4656982421875,0.0,0.0,7835.334159851074,0.09300261023245303,-7.973064380320446,460.3195998168532,1.9730885052680969,False
44,interference_stage3.1.wave_feature_conv1,12,1,1000,0.05,0.0,0.0,post_relu_mean,10545.6240234375,-10545.6240234375,966.9807739257812,0.0,0.0,6173.870513916016,0.06450837400447117,-6.306881146271818,364.12354576151097,1.5897930181026458,False
44,interference_stage3.1.wave_feature_conv1,12,1,1000,0.05,0.0,0.0,post_relu_mean,9518.4716796875,-9518.4716796875,823.4158325195312,0.0,0.0,4573.17200088501,0.051413238347965545,-4.704094799147322,271.5876577288205,1.2673716086149216,False
44,interference_stage3.1.wave_feature_conv1,31,1,1000,0.005,0.0,0.0,post_relu_mean,883.9081420898438,-883.9081420898438,100.05767822265625,0.0,0.0,550.3665771484375,0.06390363682591939,-0.5682260656903995,32.80616983145041,1.5332590699195863,False
44,interference_stage3.1.wave_feature_conv1,31,1,1000,0.005,0.0,0.0,post_relu_mean,833.199462890625,-833.199462890625,88.94927215576172,0.0,0.0,415.1235008239746,0.06025976772925343,-0.4274621593475629,24.67925079307143,1.202397717833519,False
44,interference_stage3.1.wave_feature_conv1,31,1,1000,0.005,0.0,0.0,post_relu_mean,711.2467651367188,-711.2467651367188,70.1939697265625,0.0,0.0,287.84300994873047,0.06770223579157778,-0.2972143505476675,17.159469432446436,0.9171207043528556,False
44,interference_stage3.1.wave_feature_conv1,31,1,1000,0.01,0.0,0.0,post_relu_mean,1753.021484375,-1753.021484375,196.98255920410156,0.0,0.0,1128.7052001953125,0.07557532656125156,-1.163648520137564,67.18264898714789,1.5987293988466262,False
44,interference_stage3.1.wave_feature_conv1,31,1,1000,0.01,0.0,0.0,post_relu_mean,1638.02880859375,-1638.02880859375,172.97027587890625,0.0,0.0,841.8583641052246,0.07192791343381943,-0.8645859648841073,49.91639226871516,1.2612532931566238,False
44,interference_stage3.1.wave_feature_conv1,31,1,1000,0.01,0.0,0.0,post_relu_mean,1401.9490966796875,-1401.9490966796875,137.13633728027344,0.0,0.0,576.8911666870117,0.06681125798672068,-0.5988416063856186,34.5737082855339,0.9646680888533592,False
44,interference_stage3.1.wave_feature_conv1,31,1,1000,0.05,0.0,0.0,post_relu_mean,8871.1083984375,-8871.1083984375,990.388916015625,0.0,0.0,5866.5728759765625,0.06567919293595421,-6.02213777060735,347.68395197459824,1.664230089187622,False
44,interference_stage3.1.wave_feature_conv1,31,1,1000,0.05,0.0,0.0,post_relu_mean,8243.751953125,-8243.751953125,859.6487426757812,0.0,0.0,4357.528285980225,0.06315586413333775,-4.3990748073755555,253.9775871090612,1.3288919377326964,False
44,interference_stage3.1.wave_feature_conv1,31,1,1000,0.05,0.0,0.0,post_relu_mean,7033.40185546875,-7033.40185546875,678.5383911132812,0.0,0.0,2959.9314498901367,0.05276090091282427,-3.0376914640761523,175.37903057986534,1.022112649977207,False
46,interference_stage3.1.wave_feature_conv2,38,1,1000,0.005,0.0,0.0,post_relu_mean,818.6954956054688,-818.6954956054688,52.883575439453125,0.0,0.0,615.2706985473633,0.09117892073341875,-0.6497488420029105,37.512801926582746,1.5698197776079177,False
46,interference_stage3.1.wave_feature_conv2,38,1,1000,0.005,0.0,0.0,post_relu_mean,804.6526489257812,-804.6526489257812,51.142547607421875,0.0,0.0,535.9802742004395,0.0733536470523371,-0.5609570961625114,32.38649415947601,1.367059035897255,False
46,interference_stage3.1.wave_feature_conv2,38,1,1000,0.005,0.0,0.0,post_relu_mean,793.3687133789062,-793.3687133789062,49.87992477416992,0.0,0.0,461.8014831542969,0.062217339070400675,-0.4865823370437776,28.092525963609816,1.1863495993614197,False
46,interference_stage3.1.wave_feature_conv2,38,1,1000,0.01,0.0,0.0,post_relu_mean,1627.16455078125,-1627.16455078125,105.09406280517578,0.0,0.0,1267.1082229614258,0.09403506317002619,-1.3216406003716987,76.30402911514125,1.6237637668848037,False
46,interference_stage3.1.wave_feature_conv2,38,1,1000,0.01,0.0,0.0,post_relu_mean,1603.1531982421875,-1603.1531982421875,101.93690490722656,0.0,0.0,1105.9062385559082,0.08094731450037505,-1.1613439255659126,67.04941375440488,1.4231372416019439,False
46,interference_stage3.1.wave_feature_conv2,38,1,1000,0.01,0.0,0.0,post_relu_mean,1571.5078125,-1571.5078125,97.98302459716797,0.0,0.0,951.3219909667969,0.06860946563439327,-0.9855177457164699,56.89818543534007,1.230228182077408,False
46,interference_stage3.1.wave_feature_conv2,38,1,1000,0.05,0.0,0.0,post_relu_mean,8231.462890625,-8231.462890625,529.853515625,0.0,0.0,6597.128242492676,0.08185615333372434,-6.675572537506796,385.4097778611421,1.7153054565191268,False
46,interference_stage3.1.wave_feature_conv2,38,1,1000,0.05,0.0,0.0,post_relu_mean,8204.849609375,-8204.849609375,518.0859375,0.0,0.0,5834.931995391846,0.06909085341618881,-5.956366081515319,343.88666229129666,1.5032463067770003,False
46,interference_stage3.1.wave_feature_conv2,38,1,1000,0.05,0.0,0.0,post_relu_mean,8106.671875,-8106.671875,505.89984130859375,0.0,0.0,5038.985260009766,0.06124488615172487,-5.121288681264883,295.67417858203197,1.3124424970149995,False
46,interference_stage3.1.wave_feature_conv2,75,1,1000,0.005,0.0,0.0,post_relu_mean,637.577880859375,-637.577880859375,49.48781967163086,0.0,0.0,454.2394218444824,0.09188934311631726,-0.4721059374750971,27.25671193546832,1.2545401173830033,False
46,interference_stage3.1.wave_feature_conv2,75,1,1000,0.005,0.0,0.0,post_relu_mean,628.75390625,-628.75390625,47.41836929321289,0.0,0.0,386.8536548614502,0.07866350603984829,-0.41383059291142926,23.892348483638578,1.076825949549675,False
46,interference_stage3.1.wave_feature_conv2,75,1,1000,0.005,0.0,0.0,post_relu_mean,606.5086059570312,-606.5086059570312,43.18503952026367,0.0,0.0,325.2382106781006,0.07413008755800564,-0.3392558621948947,19.586742313055293,0.9263581338524819,False
46,interference_stage3.1.wave_feature_conv2,75,1,1000,0.01,0.0,0.0,post_relu_mean,1272.748291015625,-1272.748291015625,98.03900146484375,0.0,0.0,943.7562675476074,0.09111428867339416,-0.9807532356735431,56.62326632253323,1.3026101309061051,False
46,interference_stage3.1.wave_feature_conv2,75,1,1000,0.01,0.0,0.0,post_relu_mean,1248.226318359375,-1248.226318359375,94.01173400878906,0.0,0.0,796.6559314727783,0.07937377910345667,-0.82018653200705,47.3529926002876,1.1209270507097244,False
46,interference_stage3.1.wave_feature_conv2,75,1,1000,0.01,0.0,0.0,post_relu_mean,1208.0841064453125,-1208.0841064453125,85.46033477783203,0.0,0.0,673.1619167327881,0.07376265720227818,-0.7015371594006647,40.5029160619615,0.969450497329235,False
46,interference_stage3.1.wave_feature_conv2,75,1,1000,0.05,0.0,0.0,post_relu_mean,6342.21533203125,-6342.21533203125,486.6371154785156,0.0,0.0,4847.428691864014,0.0734730377676863,-4.908367858488454,283.3812907249431,1.3662115496397018,False
46,interference_stage3.1.wave_feature_conv2,75,1,1000,0.05,0.0,0.0,post_relu_mean,6249.0673828125,-6249.0673828125,465.1694030761719,0.0,0.0,4127.28758430481,0.06428654585368404,-4.1938513087460985,242.12909713609088,1.1855430787801742,False
46,interference_stage3.1.wave_feature_conv2,75,1,1000,0.05,0.0,0.0,post_relu_mean,5972.9599609375,-5972.9599609375,422.85272216796875,0.0,0.0,3413.683584213257,0.05794580299942863,-3.4747351206973534,200.61157594282932,1.0072371086478233,False
46,interference_stage3.1.wave_feature_conv2,104,1,1000,0.005,0.0,0.0,post_relu_mean,548.85009765625,-548.85009765625,52.588401794433594,0.0,0.0,369.6740093231201,0.06513086196884021,-0.3873978841963725,22.366149945383462,0.9987840613722802,False
46,interference_stage3.1.wave_feature_conv2,104,1,1000,0.005,0.0,0.0,post_relu_mean,531.218017578125,-531.218017578125,49.715267181396484,0.0,0.0,292.6012191772461,0.052788900987635404,-0.3074514942059038,17.750509342651792,0.8072625550627709,False
46,interference_stage3.1.wave_feature_conv2,104,1,1000,0.005,0.0,0.0,post_relu_mean,489.16314697265625,-489.16314697265625,44.11552429199219,0.0,0.0,216.08467483520508,0.037922519438226956,-0.22406783547197934,12.936406711054014,0.6201642394065857,False
46,interference_stage3.1.wave_feature_conv2,104,1,1000,0.01,0.0,0.0,post_relu_mean,1102.272705078125,-1102.272705078125,104.97567749023438,0.0,0.0,765.9348125457764,0.06950973845543974,-0.7951031958324593,45.90487886748284,1.0477511936426163,False
46,interference_stage3.1.wave_feature_conv2,104,1,1000,0.01,0.0,0.0,post_relu_mean,1056.9296875,-1056.9296875,98.31969451904297,0.0,0.0,599.5929794311523,0.056341776301967364,-0.6303168546086821,36.39093728434005,0.8467328211665154,False
46,interference_stage3.1.wave_feature_conv2,104,1,1000,0.01,0.0,0.0,post_relu_mean,1013.2855224609375,-1013.2855224609375,90.46100616455078,0.0,0.0,462.1341438293457,0.046845024294000275,-0.48781429086203226,28.16370559443579,0.663732039630413,False
46,interference_stage3.1.wave_feature_conv2,104,1,1000,0.05,0.0,0.0,post_relu_mean,5575.91552734375,-5575.91552734375,525.8910522460938,0.0,0.0,3976.8315410614014,0.05784413044323284,-4.054752297701485,234.0983187411964,1.1100771099328994,False
46,interference_stage3.1.wave_feature_conv2,104,1,1000,0.05,0.0,0.0,post_relu_mean,5321.2578125,-5321.2578125,491.62908935546875,0.0,0.0,3094.02889251709,0.04308310129566722,-3.1333473250771693,180.90164513052162,0.8853682595491409,False
46,interference_stage3.1.wave_feature_conv2,104,1,1000,0.05,0.0,0.0,post_relu_mean,5020.63525390625,-5020.63525390625,441.3844299316406,0.0,0.0,2363.943286895752,0.03330110530726255,-2.41967911209499,139.69850659305055,0.6975246438384056,False
46,interference_stage3.1.wave_feature_conv2,103,1,1000,0.005,0.0,0.0,post_relu_mean,442.51904296875,-442.51904296875,49.36176300048828,0.0,0.0,275.51639556884766,0.049173144991932545,-0.2932978706013671,16.933371283618875,0.7346651348471641,False
46,interference_stage3.1.wave_feature_conv2,103,1,1000,0.005,0.0,0.0,post_relu_mean,410.20001220703125,-410.20001220703125,44.2157096862793,0.0,0.0,198.85352516174316,0.030776399313830485,-0.20813381353286886,12.016523789013945,0.5466025039553642,False
46,interference_stage3.1.wave_feature_conv2,103,1,1000,0.005,0.0,0.0,post_relu_mean,343.12860107421875,-343.12860107421875,35.156776428222656,0.0,0.0,126.35369682312012,0.022079523781587285,-0.1317805793846323,7.60826631804246,0.37605216130614283,False
46,interference_stage3.1.wave_feature_conv2,103,1,1000,0.01,0.0,0.0,post_relu_mean,883.5215454101562,-883.5215454101562,98.6268310546875,0.0,0.0,568.7237014770508,0.053633855898286495,-0.5954138205338069,34.37580864171801,0.7653764662146568,False
46,interference_stage3.1.wave_feature_conv2,103,1,1000,0.01,0.0,0.0,post_relu_mean,817.9338989257812,-817.9338989257812,87.68180847167969,0.0,0.0,410.989953994751,0.034263920403309084,-0.42794078184016365,24.706870775924973,0.571429631114006,False
46,interference_stage3.1.wave_feature_conv2,103,1,1000,0.01,0.0,0.0,post_relu_mean,705.031982421875,-705.031982421875,71.9407958984375,0.0,0.0,267.5529613494873,0.0242563335263879,-0.2839771787980613,16.39522558832117,0.4013123916089535,False
46,interference_stage3.1.wave_feature_conv2,103,1,1000,0.05,0.0,0.0,post_relu_mean,4471.04736328125,-4471.04736328125,497.3996276855469,0.0,0.0,2959.931282043457,0.04333635370535601,-2.975291177567525,171.7763714227092,0.8033766970038414,False
46,interference_stage3.1.wave_feature_conv2,103,1,1000,0.05,0.0,0.0,post_relu_mean,4181.01416015625,-4181.01416015625,447.47088623046875,0.0,0.0,2155.019220352173,0.030933684865517563,-2.1842226471311195,126.10464833734659,0.6098377507925034,False
46,interference_stage3.1.wave_feature_conv2,103,1,1000,0.05,0.0,0.0,post_relu_mean,3575.11669921875,-3575.11669921875,364.8319091796875,0.0,0.0,1380.2909984588623,0.021474960060386794,-1.415243774496462,81.70817220515951,0.4245596282184124,False
46,interference_stage3.1.wave_feature_conv2,11,1,1000,0.005,0.0,0.0,post_relu_mean,462.7730712890625,-462.7730712890625,51.80588912963867,0.0,0.0,288.96630477905273,0.04871767682729578,-0.3002153223767728,17.332746913167668,0.7493918171525001,False
46,interference_stage3.1.wave_feature_conv2,11,1,1000,0.005,0.0,0.0,post_relu_mean,431.3259582519531,-431.3259582519531,46.181514739990234,0.0,0.0,211.66768646240234,0.03305492300089688,-0.2200706541215471,12.70566368138645,0.5658075675368309,False
46,interference_stage3.1.wave_feature_conv2,11,1,1000,0.005,0.0,0.0,post_relu_mean,376.9268798828125,-376.9268798828125,37.87248611450195,0.0,0.0,144.39815139770508,0.018043261846979342,-0.15013480855743924,8.667942390494657,0.40434282705187796,False
46,interference_stage3.1.wave_feature_conv2,11,1,1000,0.01,0.0,0.0,post_relu_mean,925.0450439453125,-925.0450439453125,103.27977752685547,0.0,0.0,596.8165855407715,0.04953977707394333,-0.6177914056081992,35.667785988090216,0.7789735588431358,False
46,interference_stage3.1.wave_feature_conv2,11,1,1000,0.01,0.0,0.0,post_relu_mean,870.0276489257812,-870.0276489257812,93.04312896728516,0.0,0.0,439.49210357666016,0.03482934077815683,-0.45498998770287863,26.268533096331154,0.5855966266989708,False
46,interference_stage3.1.wave_feature_conv2,11,1,1000,0.01,0.0,0.0,post_relu_mean,753.5350341796875,-753.5350341796875,75.12173461914062,0.0,0.0,297.5108222961426,0.022076693639242025,-0.3108234204268193,17.945176032331098,0.4220176403224468,False
46,interference_stage3.1.wave_feature_conv2,11,1,1000,0.05,0.0,0.0,post_relu_mean,4613.953125,-4613.953125,515.6589965820312,0.0,0.0,3048.586971282959,0.038101337462142455,-3.0795592323279757,177.79627669770454,0.8101778894662857,False
46,interference_stage3.1.wave_feature_conv2,11,1,1000,0.05,0.0,0.0,post_relu_mean,4389.61279296875,-4389.61279296875,466.3878479003906,0.0,0.0,2279.025978088379,0.027524967308325758,-2.307886203350152,133.24428960171747,0.6155147665739059,False
46,interference_stage3.1.wave_feature_conv2,11,1,1000,0.05,0.0,0.0,post_relu_mean,3829.006103515625,-3829.006103515625,381.8046875,0.0,0.0,1532.8841743469238,0.019037733671914085,-1.5649302497210869,90.3501648518967,0.44466213762760165,False
51,source_localization_stage4.0.wave_feature_conv1,7,1,1000,0.005,0.0,0.0,post_relu_mean,876.8226318359375,-876.8226318359375,45.01177215576172,0.0,0.0,699.411304473877,0.1773122435012384,-0.7420084150327634,42.839360962412826,2.084352024793625,False
51,source_localization_stage4.0.wave_feature_conv1,7,1,1000,0.005,0.0,0.0,post_relu_mean,841.61572265625,-841.61572265625,41.01213836669922,0.0,0.0,621.5577735900879,0.13883650527646563,-0.6439619108306077,37.17878418832666,1.8487859046459199,False
51,source_localization_stage4.0.wave_feature_conv1,7,1,1000,0.005,0.0,0.0,post_relu_mean,814.3603515625,-814.3603515625,37.675628662109375,0.0,0.0,559.6759853363037,0.11562301814098609,-0.5755693663154566,33.23010509639666,1.6568750631809235,False
51,source_localization_stage4.0.wave_feature_conv1,7,1,1000,0.01,0.0,0.0,post_relu_mean,1763.151611328125,-1763.151611328125,91.45654296875,0.0,0.0,1446.405933380127,0.1858591656372928,-1.4930787283659135,86.20194617528084,2.211542661190033,False
51,source_localization_stage4.0.wave_feature_conv1,7,1,1000,0.01,0.0,0.0,post_relu_mean,1687.2529296875,-1687.2529296875,81.63558197021484,0.0,0.0,1284.3894996643066,0.14492080873520174,-1.335425273174554,77.09991316293153,1.9390819931030274,False
51,source_localization_stage4.0.wave_feature_conv1,7,1,1000,0.01,0.0,0.0,post_relu_mean,1618.9696044921875,-1618.9696044921875,74.88094329833984,0.0,0.0,1141.0533657073975,0.12249945404374236,-1.1852860735123116,68.43176977319287,1.7415057551860809,False
51,source_localization_stage4.0.wave_feature_conv1,7,1,1000,0.05,0.0,0.0,post_relu_mean,8895.45703125,-8895.45703125,453.0970458984375,0.0,0.0,7493.789966583252,0.14972423512783412,-7.576866038228105,437.4451478597134,2.3298191487789155,False
51,source_localization_stage4.0.wave_feature_conv1,7,1,1000,0.05,0.0,0.0,post_relu_mean,8601.1474609375,-8601.1474609375,416.2565612792969,0.0,0.0,6692.489841461182,0.12299017887041547,-6.805590462881688,392.91606533749734,2.074469164609909,False
51,source_localization_stage4.0.wave_feature_conv1,7,1,1000,0.05,0.0,0.0,post_relu_mean,8239.0517578125,-8239.0517578125,376.0519104003906,0.0,0.0,5954.10964012146,0.10890312271265655,-6.056449856558914,349.66509934605966,1.8862569242715836,False
51,source_localization_stage4.0.wave_feature_conv1,102,1,1000,0.005,0.0,0.0,post_relu_mean,793.9978637695312,-793.9978637695312,40.466121673583984,0.0,0.0,642.08278465271,0.20036596085804573,-0.6815838413385871,39.35094098080689,2.237129510641098,False
51,source_localization_stage4.0.wave_feature_conv1,102,1,1000,0.005,0.0,0.0,post_relu_mean,767.935546875,-767.935546875,37.76508712768555,0.0,0.0,574.4176502227783,0.16743724493693873,-0.6134660019713993,35.418283731522266,2.046126848459244,False
51,source_localization_stage4.0.wave_feature_conv1,102,1,1000,0.005,0.0,0.0,post_relu_mean,728.6654663085938,-728.6654663085938,34.457454681396484,0.0,0.0,505.2874298095703,0.1393492596744701,-0.5283968216911722,30.506951864785247,1.815024609565735,False
51,source_localization_stage4.0.wave_feature_conv1,102,1,1000,0.01,0.0,0.0,post_relu_mean,1688.650146484375,-1688.650146484375,83.89672088623047,0.0,0.0,1406.4432582855225,0.3823946540305288,-1.5460100688003036,89.25843873077561,2.848150395154953,False
51,source_localization_stage4.0.wave_feature_conv1,102,1,1000,0.01,0.0,0.0,post_relu_mean,1585.216064453125,-1585.216064453125,77.65180969238281,0.0,0.0,1212.2079334259033,0.2610707252871212,-1.3086459897398317,75.55392879909446,2.351867378950119,False
51,source_localization_stage4.0.wave_feature_conv1,102,1,1000,0.01,0.0,0.0,post_relu_mean,1560.1143798828125,-1560.1143798828125,73.48056030273438,0.0,0.0,1102.5976104736328,0.25614323071370515,-1.2076398630699408,69.72298339982623,2.2062016224861143,False
51,source_localization_stage4.0.wave_feature_conv1,102,1,1000,0.05,0.0,0.0,post_relu_mean,8321.125,-8321.125,406.2508544921875,0.0,0.0,7071.8558559417725,0.24616875527181212,-7.231880674214121,417.52837605418546,2.7553475880622864,False
51,source_localization_stage4.0.wave_feature_conv1,102,1,1000,0.05,0.0,0.0,post_relu_mean,8452.236328125,-8452.236328125,407.0859069824219,0.0,0.0,6596.774583816528,0.2913410255493974,-6.674924049614914,385.37256622990174,2.785231705904007,False
51,source_localization_stage4.0.wave_feature_conv1,102,1,1000,0.05,0.0,0.0,post_relu_mean,8212.783203125,-8212.783203125,381.10589599609375,0.0,0.0,5909.514602661133,0.27947886141378436,-6.197362709580435,357.8018460293536,2.5630366027355196,False
51,source_localization_stage4.0.wave_feature_conv1,75,1,1000,0.005,0.0,0.0,post_relu_mean,866.7973022460938,-866.7973022460938,44.3135986328125,0.0,0.0,705.7495136260986,0.23856575788421178,-0.7434686248168166,42.92378043277963,2.545660367012024,False
51,source_localization_stage4.0.wave_feature_conv1,75,1,1000,0.005,0.0,0.0,post_relu_mean,844.9539184570312,-844.9539184570312,42.047630310058594,0.0,0.0,634.5882568359375,0.20496575053175314,-0.6576184223025986,37.967243770766814,2.3122318482398985,False
51,source_localization_stage4.0.wave_feature_conv1,75,1,1000,0.005,0.0,0.0,post_relu_mean,838.0072631835938,-838.0072631835938,40.00294494628906,0.0,0.0,583.7940063476562,0.19432670238715993,-0.6230090402528617,35.969315464599035,2.189385231733322,False
51,source_localization_stage4.0.wave_feature_conv1,75,1,1000,0.01,0.0,0.0,post_relu_mean,1726.62109375,-1726.62109375,87.28944396972656,0.0,0.0,1436.6456928253174,0.24988332099437463,-1.5318213279733848,88.43910924612572,2.6954191386699677,False
51,source_localization_stage4.0.wave_feature_conv1,75,1,1000,0.01,0.0,0.0,post_relu_mean,1727.7406005859375,-1727.7406005859375,84.95150756835938,0.0,0.0,1324.3074340820312,0.24180941302971054,-1.3793311675748434,79.63488532336835,2.5247419345378876,False
51,source_localization_stage4.0.wave_feature_conv1,75,1,1000,0.01,0.0,0.0,post_relu_mean,1682.9866943359375,-1682.9866943359375,80.05619812011719,0.0,0.0,1188.4539184570312,0.2043674740766372,-1.2371680289474274,71.42749569663897,2.2764060962200166,False
51,source_localization_stage4.0.wave_feature_conv1,75,1,1000,0.05,0.0,0.0,post_relu_mean,9202.634765625,-9202.634765625,461.8873596191406,0.0,0.0,7788.865663528442,0.22721676914357747,-7.906423728586377,456.4719455780884,2.9610749685764315,False
51,source_localization_stage4.0.wave_feature_conv1,75,1,1000,0.05,0.0,0.0,post_relu_mean,9152.7060546875,-9152.7060546875,446.0878601074219,0.0,0.0,7124.159240722656,0.23383208870624056,-7.346337610100407,424.1357521915818,2.754779871702194,False
51,source_localization_stage4.0.wave_feature_conv1,75,1,1000,0.05,0.0,0.0,post_relu_mean,8604.2822265625,-8604.2822265625,408.71826171875,0.0,0.0,6137.777038574219,0.15907207403229126,-6.293955163088061,363.37716212233113,2.3555776607990264,False
51,source_localization_stage4.0.wave_feature_conv1,45,1,1000,0.005,0.0,0.0,post_relu_mean,609.5250244140625,-609.5250244140625,36.46924591064453,0.0,0.0,472.10924911499023,0.0952237272133554,-0.5105085113623812,29.473905114645444,1.428406435251236,False
51,source_localization_stage4.0.wave_feature_conv1,45,1,1000,0.005,0.0,0.0,post_relu_mean,573.21240234375,-573.21240234375,31.94112205505371,0.0,0.0,408.4255886077881,0.0757253321245664,-0.42169431849626804,24.34623669805654,1.2637549829483032,False
51,source_localization_stage4.0.wave_feature_conv1,45,1,1000,0.005,0.0,0.0,post_relu_mean,547.0409545898438,-547.0409545898438,27.67331314086914,0.0,0.0,366.9055633544922,0.07240240930319633,-0.3812121346963728,22.00902701317194,1.1660375958681106,False
51,source_localization_stage4.0.wave_feature_conv1,45,1,1000,0.01,0.0,0.0,post_relu_mean,1219.47705078125,-1219.47705078125,72.78791809082031,0.0,0.0,973.1052513122559,0.10627077792314847,-1.0098997794769087,58.30587545357222,1.5045388221740723,False
51,source_localization_stage4.0.wave_feature_conv1,45,1,1000,0.01,0.0,0.0,post_relu_mean,1154.05029296875,-1154.05029296875,62.44027328491211,0.0,0.0,852.0173244476318,0.09331122345966077,-0.8798518416787324,50.79771003916055,1.353911063671112,False
51,source_localization_stage4.0.wave_feature_conv1,45,1,1000,0.01,0.0,0.0,post_relu_mean,1090.864990234375,-1090.864990234375,54.424285888671875,0.0,0.0,750.2237701416016,0.0800524966693472,-0.7761287014505687,44.809322340035216,1.2192834651470184,False
51,source_localization_stage4.0.wave_feature_conv1,45,1,1000,0.05,0.0,0.0,post_relu_mean,6073.6357421875,-6073.6357421875,350.827880859375,0.0,0.0,4993.144313812256,0.08042514147357063,-5.049965011881644,291.5562303553907,1.5726794064044953,False
51,source_localization_stage4.0.wave_feature_conv1,45,1,1000,0.05,0.0,0.0,post_relu_mean,5806.9716796875,-5806.9716796875,310.700439453125,0.0,0.0,4387.768056869507,0.07020663857668079,-4.484460324887029,258.90747171265366,1.434581008553505,False
51,source_localization_stage4.0.wave_feature_conv1,45,1,1000,0.05,0.0,0.0,post_relu_mean,5509.22998046875,-5509.22998046875,270.2813720703125,0.0,0.0,3873.446243286133,0.06629509695656145,-3.9658650497634507,228.96655401309692,1.2988263195753098,False
51,source_localization_stage4.0.wave_feature_conv1,81,1,1000,0.005,0.0,0.0,post_relu_mean,777.4736328125,-777.4736328125,38.096588134765625,0.0,0.0,646.4716396331787,0.3078236327628313,-0.6802596964185578,39.27454755325057,2.721009999513626,False
51,source_localization_stage4.0.wave_feature_conv1,81,1,1000,0.005,0.0,0.0,post_relu_mean,755.7930908203125,-755.7930908203125,35.80379104614258,0.0,0.0,584.9857635498047,0.24388094520887207,-0.6169419384639279,35.61892810184946,2.4534829473495483,False
51,source_localization_stage4.0.wave_feature_conv1,81,1,1000,0.005,0.0,0.0,post_relu_mean,733.3017578125,-733.3017578125,33.7062873840332,0.0,0.0,528.3957004547119,0.19440092776673426,-0.5384940790588246,31.08969059865261,2.175589940547943,False
51,source_localization_stage4.0.wave_feature_conv1,81,1,1000,0.01,0.0,0.0,post_relu_mean,1582.6297607421875,-1582.6297607421875,76.34513092041016,0.0,0.0,1336.8821620941162,0.3361277768979987,-1.3663494854278093,78.88588176459315,2.9274312591552736,False
51,source_localization_stage4.0.wave_feature_conv1,81,1,1000,0.01,0.0,0.0,post_relu_mean,1556.7698974609375,-1556.7698974609375,73.11182403564453,0.0,0.0,1218.0764617919922,0.29731854714821315,-1.2578286026517116,72.61991520988632,2.673910958766937,False
51,source_localization_stage4.0.wave_feature_conv1,81,1,1000,0.01,0.0,0.0,post_relu_mean,1502.6630859375,-1502.6630859375,68.56098175048828,0.0,0.0,1088.6287937164307,0.2152783801432557,-1.104602478022766,63.77355455850603,2.348517371416092,False
51,source_localization_stage4.0.wave_feature_conv1,81,1,1000,0.05,0.0,0.0,post_relu_mean,8020.1044921875,-8020.1044921875,380.7132568359375,0.0,0.0,6861.252645492554,0.30409139828598875,-7.16539463950466,413.68944553016485,3.142969505786896,False
51,source_localization_stage4.0.wave_feature_conv1,81,1,1000,0.05,0.0,0.0,post_relu_mean,7992.916015625,-7992.916015625,365.0830078125,0.0,0.0,6340.35221862793,0.27454856557711244,-6.376671444618148,368.15285037069503,2.935995329618454,False
51,source_localization_stage4.0.wave_feature_conv1,81,1,1000,0.05,0.0,0.0,post_relu_mean,7805.6298828125,-7805.6298828125,347.88751220703125,0.0,0.0,5715.636362075806,0.2010448607458237,-5.835894171402135,336.93226059228584,2.582759929895401,False
53,source_localization_stage4.0.wave_feature_conv2,101,1,1000,0.005,0.0,0.0,post_relu_mean,374.2240295410156,-374.2240295410156,27.7351016998291,0.0,0.0,282.1346626281738,0.17650277851492605,-0.29867070663201517,17.24401560862571,1.4285666835308075,False
53,source_localization_stage4.0.wave_feature_conv2,101,1,1000,0.005,0.0,0.0,post_relu_mean,371.10968017578125,-371.10968017578125,26.153186798095703,0.0,0.0,247.60769081115723,0.14883853578487588,-0.2567523227120289,14.82350094542711,1.2418798840045928,False
53,source_localization_stage4.0.wave_feature_conv2,101,1,1000,0.005,0.0,0.0,post_relu_mean,371.8603515625,-371.8603515625,25.303245544433594,0.0,0.0,217.299635887146,0.13550960359810324,-0.2323381835804745,13.413939422522958,1.1113684213161468,False
53,source_localization_stage4.0.wave_feature_conv2,101,1,1000,0.01,0.0,0.0,post_relu_mean,791.879638671875,-791.879638671875,57.99013137817383,0.0,0.0,609.0251655578613,0.23544306121156544,-0.647409282064327,37.377808250087135,1.6891902893781663,False
53,source_localization_stage4.0.wave_feature_conv2,101,1,1000,0.01,0.0,0.0,post_relu_mean,779.6593017578125,-779.6593017578125,54.38615798950195,0.0,0.0,529.1089115142822,0.21148315756296313,-0.5764469168415612,33.28099609628251,1.5060092759132386,False
53,source_localization_stage4.0.wave_feature_conv2,101,1,1000,0.01,0.0,0.0,post_relu_mean,754.8449096679688,-754.8449096679688,51.035362243652344,0.0,0.0,445.8915090560913,0.171165595174625,-0.4911420861083052,28.35594561561959,1.2830072152614593,False
53,source_localization_stage4.0.wave_feature_conv2,101,1,1000,0.05,0.0,0.0,post_relu_mean,4200.3251953125,-4200.3251953125,300.74560546875,0.0,0.0,3289.204303741455,0.23905858070946123,-3.5145832653384685,202.91248946348327,1.8924292457103729,False
53,source_localization_stage4.0.wave_feature_conv2,101,1,1000,0.05,0.0,0.0,post_relu_mean,4127.236328125,-4127.236328125,286.95025634765625,0.0,0.0,2830.1475467681885,0.1836059818472222,-2.9105343480754993,168.0377363187534,1.577217857837677,False
53,source_localization_stage4.0.wave_feature_conv2,101,1,1000,0.05,0.0,0.0,post_relu_mean,4075.310546875,-4075.310546875,274.7823486328125,0.0,0.0,2423.8752126693726,0.16932435153700812,-2.4484912412422126,141.36221950676315,1.4039298337697983,False
53,source_localization_stage4.0.wave_feature_conv2,254,1,1000,0.005,0.0,0.0,post_relu_mean,393.59783935546875,-393.59783935546875,26.894020080566406,0.0,0.0,304.32032203674316,0.17217572127067654,-0.32513841098438345,18.771902428042434,1.4887598156929016,False
53,source_localization_stage4.0.wave_feature_conv2,254,1,1000,0.005,0.0,0.0,post_relu_mean,398.8648681640625,-398.8648681640625,26.442712783813477,0.0,0.0,274.3502950668335,0.1743913736804611,-0.2948543911084654,17.02328261436629,1.3963798797130584,False
53,source_localization_stage4.0.wave_feature_conv2,254,1,1000,0.005,0.0,0.0,post_relu_mean,380.3223571777344,-380.3223571777344,24.162250518798828,0.0,0.0,232.89958572387695,0.13249915065066836,-0.2465436678984907,14.234094065119589,1.1650352919101714,False
53,source_localization_stage4.0.wave_feature_conv2,254,1,1000,0.01,0.0,0.0,post_relu_mean,842.2996826171875,-842.2996826171875,57.118465423583984,0.0,0.0,662.3488254547119,0.274449460531261,-0.7025992237635529,40.56409571851729,1.8532228028774262,False
53,source_localization_stage4.0.wave_feature_conv2,254,1,1000,0.01,0.0,0.0,post_relu_mean,827.714111328125,-827.714111328125,54.7087516784668,0.0,0.0,576.0023641586304,0.20970659817991172,-0.5966561005913575,34.44764841465681,1.5561002063751221,False
53,source_localization_stage4.0.wave_feature_conv2,254,1,1000,0.01,0.0,0.0,post_relu_mean,829.04931640625,-829.04931640625,52.26763153076172,0.0,0.0,512.9942817687988,0.1750469507103639,-0.550053296994351,31.757030188562773,1.3488013690710068,False
53,source_localization_stage4.0.wave_feature_conv2,254,1,1000,0.05,0.0,0.0,post_relu_mean,4318.83154296875,-4318.83154296875,288.28961181640625,0.0,0.0,3445.367197036743,0.2225051757632238,-3.594508578962032,207.5266707697059,1.9178241330385208,False
53,source_localization_stage4.0.wave_feature_conv2,254,1,1000,0.05,0.0,0.0,post_relu_mean,4230.7607421875,-4230.7607421875,275.01177978515625,0.0,0.0,2987.685408592224,0.18287848987391025,-3.0393159263185683,175.47307386496945,1.6515316063165664,False
53,source_localization_stage4.0.wave_feature_conv2,254,1,1000,0.05,0.0,0.0,post_relu_mean,4385.41455078125,-4385.41455078125,277.8641052246094,0.0,0.0,2715.78071975708,0.19052173019846677,-2.918231367527352,168.48328923683013,1.5848499673604965,False
53,source_localization_stage4.0.wave_feature_conv2,153,1,1000,0.005,0.0,0.0,post_relu_mean,543.3300170898438,-543.3300170898438,65.10163116455078,0.0,0.0,342.8632879257202,0.4208613928834988,-0.3728576508403799,21.52785344468381,1.555901066660881,False
53,source_localization_stage4.0.wave_feature_conv2,153,1,1000,0.005,0.0,0.0,post_relu_mean,443.9983215332031,-443.9983215332031,51.03376007080078,0.0,0.0,212.2776346206665,0.1806831950288624,-0.2710117212654743,15.647768125936343,0.8810704672336578,False
53,source_localization_stage4.0.wave_feature_conv2,153,1,1000,0.005,0.0,0.0,post_relu_mean,269.6018981933594,-269.6018981933594,26.504274368286133,0.0,0.0,111.60053443908691,0.032792128253445574,-0.12253604888629906,7.074583461886958,0.4024347974359989,False
53,source_localization_stage4.0.wave_feature_conv2,153,1,1000,0.01,0.0,0.0,post_relu_mean,1127.0396728515625,-1127.0396728515625,136.1234588623047,0.0,0.0,713.5074834823608,0.39483021920397143,-0.7442877565316818,42.97187685213582,1.6346655535697936,False
53,source_localization_stage4.0.wave_feature_conv2,153,1,1000,0.01,0.0,0.0,post_relu_mean,1075.323486328125,-1075.323486328125,125.75223541259766,0.0,0.0,507.3696451187134,0.2357219785295708,-0.5460560854765387,31.526880962012132,1.0622648292779922,False
53,source_localization_stage4.0.wave_feature_conv2,153,1,1000,0.01,0.0,0.0,post_relu_mean,797.7553100585938,-797.7553100585938,85.33940887451172,0.0,0.0,286.7431583404541,0.0797623089370148,-0.37827492480677494,21.839954448440174,0.5489609736204147,False
53,source_localization_stage4.0.wave_feature_conv2,153,1,1000,0.05,0.0,0.0,post_relu_mean,5420.171875,-5420.171875,652.7322387695312,0.0,0.0,3456.8132696151733,0.262541849386589,-3.4155186535303024,197.19274330549595,1.6643574821949005,False
53,source_localization_stage4.0.wave_feature_conv2,153,1,1000,0.05,0.0,0.0,post_relu_mean,5450.671875,-5450.671875,630.2825317382812,0.0,0.0,2612.3316202163696,0.17838604888818357,-2.6102248076831804,150.69975841403178,1.1391945087909698,False
53,source_localization_stage4.0.wave_feature_conv2,153,1,1000,0.05,0.0,0.0,post_relu_mean,4940.5302734375,-4940.5302734375,544.2030639648438,0.0,0.0,1676.3362979888916,0.087214697233561,-1.7881752640739845,103.23917466114342,0.6280582809448242,False
53,source_localization_stage4.0.wave_feature_conv2,152,1,1000,0.005,0.0,0.0,post_relu_mean,258.2025451660156,-258.2025451660156,24.579975128173828,0.0,0.0,179.42225313186646,0.12766597986692904,-0.20010897528907953,11.553230595257101,0.919277865588665,False
53,source_localization_stage4.0.wave_feature_conv2,152,1,1000,0.005,0.0,0.0,post_relu_mean,246.77444458007812,-246.77444458007812,22.304473876953125,0.0,0.0,144.45771312713623,0.09131565602918766,-0.16486933248770672,9.51961273833036,0.7309732875227928,False
53,source_localization_stage4.0.wave_feature_conv2,152,1,1000,0.005,0.0,0.0,post_relu_mean,235.51402282714844,-235.51402282714844,20.461456298828125,0.0,0.0,113.89244937896729,0.06607512189235024,-0.13090510216208467,7.557841595162566,0.5648352882266044,False
53,source_localization_stage4.0.wave_feature_conv2,152,1,1000,0.01,0.0,0.0,post_relu_mean,554.8350830078125,-554.8350830078125,52.013084411621094,0.0,0.0,393.75547456741333,0.15506694163947748,-0.4163933462350231,24.040184368012977,1.036545050740242,False
53,source_localization_stage4.0.wave_feature_conv2,152,1,1000,0.01,0.0,0.0,post_relu_mean,525.04345703125,-525.04345703125,47.37565231323242,0.0,0.0,309.90642833709717,0.12589268935009537,-0.3329932385425114,19.22544966663736,0.8497513666749,False
53,source_localization_stage4.0.wave_feature_conv2,152,1,1000,0.01,0.0,0.0,post_relu_mean,500.2539367675781,-500.2539367675781,43.13511276245117,0.0,0.0,242.59043216705322,0.08294256816966439,-0.2713344029393887,15.665384216432665,0.6329029828310013,False
53,source_localization_stage4.0.wave_feature_conv2,152,1,1000,0.05,0.0,0.0,post_relu_mean,2837.969482421875,-2837.969482421875,262.7003173828125,0.0,0.0,2044.8282895088196,0.14198575999883387,-2.0969159909234545,121.06404180946988,1.144268130660057,False
53,source_localization_stage4.0.wave_feature_conv2,152,1,1000,0.05,0.0,0.0,post_relu_mean,2750.4931640625,-2750.4931640625,247.59597778320312,0.0,0.0,1634.3646802902222,0.10222722249416916,-1.6766411892536086,96.79972391470339,0.8930583465099334,False
53,source_localization_stage4.0.wave_feature_conv2,152,1,1000,0.05,0.0,0.0,post_relu_mean,2649.85986328125,-2649.85986328125,227.8045196533203,0.0,0.0,1284.1798791885376,0.07622632437828587,-1.340805361106928,77.41071089060814,0.7049005979299545,False
53,source_localization_stage4.0.wave_feature_conv2,90,1,1000,0.005,0.0,0.0,post_relu_mean,155.106201171875,-155.106201171875,20.20174217224121,0.0,0.0,90.34037971496582,0.02635839603439928,-0.09440652589076261,5.450540129708593,0.2896437855064869,False
53,source_localization_stage4.0.wave_feature_conv2,90,1,1000,0.005,0.0,0.0,post_relu_mean,108.4637222290039,-108.4637222290039,11.854251861572266,0.0,0.0,54.05787181854248,0.01657184211462419,-0.05516347234948116,3.1848282859758186,0.1942254438996315,False
53,source_localization_stage4.0.wave_feature_conv2,90,1,1000,0.005,0.0,0.0,post_relu_mean,82.48792266845703,-82.48792266845703,7.840529918670654,0.0,0.0,37.48190402984619,0.025337479683245758,-0.03553430000338937,2.051559832429487,0.15734883315861226,False
53,source_localization_stage4.0.wave_feature_conv2,90,1,1000,0.01,0.0,0.0,post_relu_mean,320.6568908691406,-320.6568908691406,42.30567169189453,0.0,0.0,189.57927131652832,0.027951059654726766,-0.1999910149845726,11.546354382708783,0.3081087647378445,False
53,source_localization_stage4.0.wave_feature_conv2,90,1,1000,0.01,0.0,0.0,post_relu_mean,213.98605346679688,-213.98605346679688,23.222454071044922,0.0,0.0,108.42328929901123,0.01585062016230303,-0.11071568246382368,6.3920984142474495,0.20919225968420505,False
53,source_localization_stage4.0.wave_feature_conv2,90,1,1000,0.01,0.0,0.0,post_relu_mean,161.31890869140625,-161.31890869140625,15.196971893310547,0.0,0.0,72.17423725128174,0.019421146910670747,-0.07270362470045028,4.197502808339854,0.16401185177266597,False
53,source_localization_stage4.0.wave_feature_conv2,90,1,1000,0.05,0.0,0.0,post_relu_mean,1586.4669189453125,-1586.4669189453125,211.280029296875,0.0,0.0,948.4662342071533,0.02083746382970801,-0.9646880909876754,55.69560477226346,0.32462485775351524,False
53,source_localization_stage4.0.wave_feature_conv2,90,1,1000,0.05,0.0,0.0,post_relu_mean,1068.998046875,-1068.998046875,115.32183837890625,0.0,0.0,548.9880857467651,0.011540163838880301,-0.5656447828889813,32.65713459230733,0.2166771464794874,False
53,source_localization_stage4.0.wave_feature_conv2,90,1,1000,0.05,0.0,0.0,post_relu_mean,822.779541015625,-822.779541015625,75.9955062866211,0.0,0.0,368.84367847442627,0.012364894869067179,-0.3767405937009998,21.750859408025278,0.1760162103176117,False
56,source_localization_stage4.0.skip_connection.0,74,1,1000,0.005,0.0,0.0,post_relu_mean,555.3712768554688,-555.3712768554688,49.93185806274414,0.0,0.0,387.84704208374023,0.10107187575285306,-0.41112405279004033,23.736157515475625,1.3642150121927261,False
56,source_localization_stage4.0.skip_connection.0,74,1,1000,0.005,0.0,0.0,post_relu_mean,525.364990234375,-525.364990234375,45.14390563964844,0.0,0.0,311.98794746398926,0.08920098507631243,-0.33300944261430027,19.22609822741278,1.1419211602211,False
56,source_localization_stage4.0.skip_connection.0,74,1,1000,0.005,0.0,0.0,post_relu_mean,477.04443359375,-477.04443359375,39.35097885131836,0.0,0.0,238.20828819274902,0.06484828640672004,-0.25649768322073657,14.80900777167329,0.9144737258553505,False
56,source_localization_stage4.0.skip_connection.0,74,1,1000,0.01,0.0,0.0,post_relu_mean,1130.30078125,-1130.30078125,99.96548461914062,0.0,0.0,812.6756553649902,0.11428263576998791,-0.8460423861212986,48.845719365568534,1.4534414833784104,False
56,source_localization_stage4.0.skip_connection.0,74,1,1000,0.01,0.0,0.0,post_relu_mean,1066.9923095703125,-1066.9923095703125,90.88815307617188,0.0,0.0,647.7661457061768,0.09523680737905184,-0.6845936147182976,39.52458858244128,1.2032451492547989,False
56,source_localization_stage4.0.skip_connection.0,74,1,1000,0.01,0.0,0.0,post_relu_mean,1002.6079711914062,-1002.6079711914062,81.87736511230469,0.0,0.0,508.6135005950928,0.07799849588653797,-0.5413975709957933,31.257248637838604,1.0167079603672027,False
56,source_localization_stage4.0.skip_connection.0,74,1,1000,0.05,0.0,0.0,post_relu_mean,5843.41650390625,-5843.41650390625,510.47552490234375,0.0,0.0,4294.26159286499,0.12040483918398567,-4.455819647261201,257.25613931435817,1.626408896446228,False
56,source_localization_stage4.0.skip_connection.0,74,1,1000,0.05,0.0,0.0,post_relu_mean,5621.44970703125,-5621.44970703125,472.0642395019531,0.0,0.0,3486.9311847686768,0.08918757024129824,-3.5561447580501038,205.31168165017223,1.3262434941530228,False
56,source_localization_stage4.0.skip_connection.0,74,1,1000,0.05,0.0,0.0,post_relu_mean,5019.79833984375,-5019.79833984375,396.03204345703125,0.0,0.0,2640.8756771087646,0.07350867132632141,-2.7005166246709877,155.9124905349813,1.094388459920883,False
56,source_localization_stage4.0.skip_connection.0,221,1,1000,0.005,0.0,0.0,post_relu_mean,553.8921508789062,-553.8921508789062,45.88578414916992,0.0,0.0,403.21579360961914,0.10623377829002155,-0.4095939219769557,23.64764706153556,1.5419352281093597,False
56,source_localization_stage4.0.skip_connection.0,221,1,1000,0.005,0.0,0.0,post_relu_mean,526.34326171875,-526.34326171875,42.29198455810547,0.0,0.0,330.53688049316406,0.06969394769973472,-0.337688341752306,19.496651996601702,1.2959999948740006,False
56,source_localization_stage4.0.skip_connection.0,221,1,1000,0.005,0.0,0.0,post_relu_mean,472.7692565917969,-472.7692565917969,36.752105712890625,0.0,0.0,254.29073524475098,0.05942383700429212,-0.2563206271700371,14.798543124121029,1.0289408996701241,False
56,source_localization_stage4.0.skip_connection.0,221,1,1000,0.01,0.0,0.0,post_relu_mean,1131.9886474609375,-1131.9886474609375,92.7113037109375,0.0,0.0,840.8357276916504,0.12299004827081478,-0.8699167101980283,50.22415390249365,1.6503465670347213,False
56,source_localization_stage4.0.skip_connection.0,221,1,1000,0.01,0.0,0.0,post_relu_mean,1043.9112548828125,-1043.9112548828125,83.06669616699219,0.0,0.0,664.6186370849609,0.08325552746957172,-0.6833340910274466,39.451919465923964,1.351103196144104,False
56,source_localization_stage4.0.skip_connection.0,221,1,1000,0.01,0.0,0.0,post_relu_mean,951.745849609375,-951.745849609375,73.12810516357422,0.0,0.0,515.0113468170166,0.055694791692597875,-0.5339279055096494,30.82601192959276,1.0743870329856873,False
56,source_localization_stage4.0.skip_connection.0,221,1,1000,0.05,0.0,0.0,post_relu_mean,5712.67724609375,-5712.67724609375,463.3080139160156,0.0,0.0,4309.733921051025,0.10157894096365556,-4.367665134682566,252.164161350359,1.7542378211021423,False
56,source_localization_stage4.0.skip_connection.0,221,1,1000,0.05,0.0,0.0,post_relu_mean,5302.8935546875,-5302.8935546875,419.91082763671875,0.0,0.0,3407.802474975586,0.07327692017577869,-3.4474122968796888,199.03409739388402,1.4452015286684037,False
56,source_localization_stage4.0.skip_connection.0,221,1,1000,0.05,0.0,0.0,post_relu_mean,5099.830078125,-5099.830078125,389.42193603515625,0.0,0.0,2765.332452774048,0.06967512568201693,-2.824525254427748,163.0720272152148,1.1939753806591034,False
56,source_localization_stage4.0.skip_connection.0,30,1,1000,0.005,0.0,0.0,post_relu_mean,374.60992431640625,-374.60992431640625,35.77353286743164,0.0,0.0,255.3028049468994,0.059361820699366075,-0.26195564070315136,15.12385327956621,0.9553175684809685,False
56,source_localization_stage4.0.skip_connection.0,30,1,1000,0.005,0.0,0.0,post_relu_mean,344.8485107421875,-344.8485107421875,30.334442138671875,0.0,0.0,203.88958358764648,0.07137990538202083,-0.20834518494416826,12.028685574465792,0.8233585706353188,False
56,source_localization_stage4.0.skip_connection.0,30,1,1000,0.005,0.0,0.0,post_relu_mean,296.0243225097656,-296.0243225097656,24.0498046875,0.0,0.0,154.8041229248047,0.0807342296959766,-0.14995895078460642,8.657777702893656,0.6828921246528625,False
56,source_localization_stage4.0.skip_connection.0,30,1,1000,0.01,0.0,0.0,post_relu_mean,753.0626831054688,-753.0626831054688,70.99478912353516,0.0,0.0,528.0918064117432,0.06793726942460251,-0.5631033239362477,32.51118218264846,1.0367715337872505,False
56,source_localization_stage4.0.skip_connection.0,30,1,1000,0.01,0.0,0.0,post_relu_mean,685.81689453125,-685.81689453125,60.1327018737793,0.0,0.0,410.7657890319824,0.06025906809514524,-0.4228113811289496,24.410833127824482,0.8367406776547432,False
56,source_localization_stage4.0.skip_connection.0,30,1,1000,0.01,0.0,0.0,post_relu_mean,591.8538818359375,-591.8538818359375,47.258758544921875,0.0,0.0,311.3799591064453,0.06273519297426866,-0.3327991864805165,19.21409972142028,0.7227889382839203,False
56,source_localization_stage4.0.skip_connection.0,30,1,1000,0.05,0.0,0.0,post_relu_mean,3919.58447265625,-3919.58447265625,363.3208312988281,0.0,0.0,2817.6355686187744,0.051866938834604664,-2.9128718688548267,168.1730152296081,1.0961203235387802,False
56,source_localization_stage4.0.skip_connection.0,30,1,1000,0.05,0.0,0.0,post_relu_mean,3603.712646484375,-3603.712646484375,302.9667053222656,0.0,0.0,2235.9083671569824,0.05632600033592531,-2.307782243353691,133.23828791623706,0.9350186210870742,False
56,source_localization_stage4.0.skip_connection.0,30,1,1000,0.05,0.0,0.0,post_relu_mean,3242.260498046875,-3242.260498046875,251.1751251220703,0.0,0.0,1738.288345336914,0.04727546135516962,-1.7738715778380296,102.41325696929631,0.7929116222262382,False
56,source_localization_stage4.0.skip_connection.0,211,1,1000,0.005,0.0,0.0,post_relu_mean,405.27392578125,-405.27392578125,39.845481872558594,0.0,0.0,273.8265781402588,0.06688809716947185,-0.28346847403713776,16.36588211166916,1.1162565767765045,False
56,source_localization_stage4.0.skip_connection.0,211,1,1000,0.005,0.0,0.0,post_relu_mean,363.3750915527344,-363.3750915527344,33.721839904785156,0.0,0.0,207.24891090393066,0.0559491425736816,-0.21164956531368725,12.219523974806924,0.9193874010443688,False
56,source_localization_stage4.0.skip_connection.0,211,1,1000,0.005,0.0,0.0,post_relu_mean,299.2183837890625,-299.2183837890625,26.654647827148438,0.0,0.0,142.44559478759766,0.06877157435684272,-0.14168163349057483,8.180007190728068,0.6850527855753898,False
56,source_localization_stage4.0.skip_connection.0,211,1,1000,0.01,0.0,0.0,post_relu_mean,789.5770874023438,-789.5770874023438,78.06475067138672,0.0,0.0,543.47190284729,0.06916399943680322,-0.5660397303618503,32.67991511816867,1.151280722618103,False
56,source_localization_stage4.0.skip_connection.0,211,1,1000,0.01,0.0,0.0,post_relu_mean,714.1074829101562,-714.1074829101562,65.6678695678711,0.0,0.0,414.22417640686035,0.05774671094001101,-0.42366200752003663,24.459855508293884,0.9429308170080185,False
56,source_localization_stage4.0.skip_connection.0,211,1,1000,0.01,0.0,0.0,post_relu_mean,590.3922119140625,-590.3922119140625,51.96549606323242,0.0,0.0,281.7543411254883,0.05508277878898606,-0.2825193170799118,16.31109857566227,0.7225726982951164,False
56,source_localization_stage4.0.skip_connection.0,211,1,1000,0.05,0.0,0.0,post_relu_mean,4052.6591796875,-4052.6591796875,395.2906188964844,0.0,0.0,2854.876443862915,0.06377972883120173,-2.881378196808436,166.35443820281333,1.234707253575325,False
56,source_localization_stage4.0.skip_connection.0,211,1,1000,0.05,0.0,0.0,post_relu_mean,3637.63232421875,-3637.63232421875,329.2287902832031,0.0,0.0,2151.724878311157,0.04784202752618809,-2.1937021855722176,126.65222702416148,0.9935555619001388,False
56,source_localization_stage4.0.skip_connection.0,211,1,1000,0.05,0.0,0.0,post_relu_mean,3137.626953125,-3137.626953125,264.7948913574219,0.0,0.0,1552.0127639770508,0.052255822750420546,-1.5726875021240763,90.79805000417456,0.8185553219914437,False
56,source_localization_stage4.0.skip_connection.0,24,1,1000,0.005,0.0,0.0,post_relu_mean,518.0421752929688,-518.0421752929688,47.72608947753906,0.0,0.0,364.14954566955566,0.12821164632510146,-0.3791369969033161,21.889240684944724,1.4975915956497192,False
56,source_localization_stage4.0.skip_connection.0,24,1,1000,0.005,0.0,0.0,post_relu_mean,487.13006591796875,-487.13006591796875,42.53390121459961,0.0,0.0,292.5531234741211,0.11070986772918866,-0.3061645005175422,17.676246958475495,1.2367816120386124,False
56,source_localization_stage4.0.skip_connection.0,24,1,1000,0.005,0.0,0.0,post_relu_mean,433.56256103515625,-433.56256103515625,36.056907653808594,0.0,0.0,221.58669090270996,0.08497330190109981,-0.24033833999765394,13.879976761765539,0.9857026973366737,False
56,source_localization_stage4.0.skip_connection.0,24,1,1000,0.01,0.0,0.0,post_relu_mean,1081.6878662109375,-1081.6878662109375,97.32967376708984,0.0,0.0,778.9845066070557,0.15988888447683192,-0.8353903547753487,48.23093988544499,1.6228799760341643,False
56,source_localization_stage4.0.skip_connection.0,24,1,1000,0.01,0.0,0.0,post_relu_mean,987.3297119140625,-987.3297119140625,85.16236114501953,0.0,0.0,600.9247360229492,0.11070904442538988,-0.6297504119884492,36.35826962461873,1.3051912355422974,False
56,source_localization_stage4.0.skip_connection.0,24,1,1000,0.01,0.0,0.0,post_relu_mean,910.1563720703125,-910.1563720703125,74.07911682128906,0.0,0.0,470.0472469329834,0.09948480706008653,-0.5001479249246245,28.877018993970015,1.089477117061615,False
56,source_localization_stage4.0.skip_connection.0,24,1,1000,0.05,0.0,0.0,post_relu_mean,5479.05322265625,-5479.05322265625,478.3506774902344,0.0,0.0,4033.286874771118,0.12846515668517353,-4.145578623169192,239.34217996534096,1.7209101217985152,False
56,source_localization_stage4.0.skip_connection.0,24,1,1000,0.05,0.0,0.0,post_relu_mean,4987.236328125,-4987.236328125,422.0409851074219,0.0,0.0,3084.877372741699,0.09765974287990216,-3.152532458269953,182.00947530806192,1.39952702999115,False
56,source_localization_stage4.0.skip_connection.0,24,1,1000,0.05,0.0,0.0,post_relu_mean,4857.98046875,-4857.98046875,388.4700012207031,0.0,0.0,2531.5259761810303,0.07667593091222269,-2.581022309157582,149.01361418637606,1.1753345227241516,False
59,source_localization_stage4.1.wave_feature_conv1,152,1,1000,0.005,0.0,0.0,post_relu_mean,742.9984130859375,-742.9984130859375,52.73253631591797,0.0,0.0,556.2945384979248,0.3344657472497886,-0.5983555037789519,34.54770984559672,2.6489608097076416,False
59,source_localization_stage4.1.wave_feature_conv1,152,1,1000,0.005,0.0,0.0,post_relu_mean,732.778564453125,-732.778564453125,50.330169677734375,0.0,0.0,484.81055068969727,0.30876392959316584,-0.5294937860049284,30.57007865624924,2.4055386638641356,False
59,source_localization_stage4.1.wave_feature_conv1,152,1,1000,0.005,0.0,0.0,post_relu_mean,730.78955078125,-730.78955078125,48.861328125,0.0,0.0,423.16335678100586,0.29177484270848214,-0.46833117921148715,27.03907556083774,2.1510043156147005,False
59,source_localization_stage4.1.wave_feature_conv1,152,1,1000,0.01,0.0,0.0,post_relu_mean,1566.83544921875,-1566.83544921875,109.28105163574219,0.0,0.0,1210.4860668182373,0.4111542865465052,-1.3217300909665075,76.30926154679811,3.0479818415641784,False
59,source_localization_stage4.1.wave_feature_conv1,152,1,1000,0.01,0.0,0.0,post_relu_mean,1509.8563232421875,-1509.8563232421875,101.95216369628906,0.0,0.0,1029.589298248291,0.37151976358174527,-1.1352695178005672,65.54401690193153,2.7460154712200167,False
59,source_localization_stage4.1.wave_feature_conv1,152,1,1000,0.01,0.0,0.0,post_relu_mean,1548.07421875,-1548.07421875,102.3442153930664,0.0,0.0,919.5506858825684,0.36278424032721923,-1.0394169891478733,60.010309589045825,2.5132907891273497,False
59,source_localization_stage4.1.wave_feature_conv1,152,1,1000,0.05,0.0,0.0,post_relu_mean,8332.640625,-8332.640625,563.9898681640625,0.0,0.0,6612.164655685425,0.4074031819066756,-6.656803460369714,384.3263229706493,3.5865768492221832,False
59,source_localization_stage4.1.wave_feature_conv1,152,1,1000,0.05,0.0,0.0,post_relu_mean,8230.14453125,-8230.14453125,544.4094848632812,0.0,0.0,5758.819522857666,0.3319020362194739,-5.878773217621457,339.4071947147739,3.1138428580760955,False
59,source_localization_stage4.1.wave_feature_conv1,152,1,1000,0.05,0.0,0.0,post_relu_mean,8086.63671875,-8086.63671875,518.3692016601562,0.0,0.0,4961.963161468506,0.30080826003747907,-5.084736589056816,293.56581050743677,2.75959538936615,False
59,source_localization_stage4.1.wave_feature_conv1,232,1,1000,0.005,0.0,0.0,post_relu_mean,590.5289306640625,-590.5289306640625,54.8872184753418,0.0,0.0,404.4650001525879,0.19477692116466547,-0.42748272805330867,24.68074848464919,1.6748528748750686,False
59,source_localization_stage4.1.wave_feature_conv1,232,1,1000,0.005,0.0,0.0,post_relu_mean,555.46875,-555.46875,49.758323669433594,0.0,0.0,317.2193088531494,0.14540641116243902,-0.34060437386636566,19.664577519821655,1.3387394541501998,False
59,source_localization_stage4.1.wave_feature_conv1,232,1,1000,0.005,0.0,0.0,post_relu_mean,509.5643615722656,-509.5643615722656,43.45662307739258,0.0,0.0,241.5529613494873,0.08924234737077047,-0.25690010617269826,14.832028998601611,0.9939813134074211,False
59,source_localization_stage4.1.wave_feature_conv1,232,1,1000,0.01,0.0,0.0,post_relu_mean,1163.2335205078125,-1163.2335205078125,107.89726257324219,0.0,0.0,818.1394691467285,0.20721041115090752,-0.8839203519913439,51.032889697418774,1.7601573288440704,False
59,source_localization_stage4.1.wave_feature_conv1,232,1,1000,0.01,0.0,0.0,post_relu_mean,1128.405029296875,-1128.405029296875,100.84705352783203,0.0,0.0,660.2562961578369,0.15050072071546006,-0.7038659699555233,40.63736858492689,1.3990107840299606,False
59,source_localization_stage4.1.wave_feature_conv1,232,1,1000,0.01,0.0,0.0,post_relu_mean,1052.497314453125,-1052.497314453125,90.01285552978516,0.0,0.0,505.1485118865967,0.10581054910270357,-0.5343589827004586,30.850854226862495,1.076821472644806,False
59,source_localization_stage4.1.wave_feature_conv1,232,1,1000,0.05,0.0,0.0,post_relu_mean,6176.5458984375,-6176.5458984375,576.28466796875,0.0,0.0,4426.2896156311035,0.22806967398894215,-4.539410987166769,262.08030882204713,2.048959518074989,False
59,source_localization_stage4.1.wave_feature_conv1,232,1,1000,0.05,0.0,0.0,post_relu_mean,6198.9775390625,-6198.9775390625,560.1940307617188,0.0,0.0,3663.767526626587,0.20795172557063715,-3.891713582085157,224.68674486184975,1.7671544098854064,False
59,source_localization_stage4.1.wave_feature_conv1,232,1,1000,0.05,0.0,0.0,post_relu_mean,5566.3828125,-5566.3828125,476.8324279785156,0.0,0.0,2698.1165294647217,0.10121357233505955,-2.833713318113714,163.60251365703436,1.2044489443302155,False
59,source_localization_stage4.1.wave_feature_conv1,120,1,1000,0.005,0.0,0.0,post_relu_mean,1046.9066162109375,-1046.9066162109375,95.04600524902344,0.0,0.0,744.5166168212891,0.8143910071823207,-0.8188175698502569,47.277301238646686,3.1694920194149017,False
59,source_localization_stage4.1.wave_feature_conv1,120,1,1000,0.005,0.0,0.0,post_relu_mean,975.357421875,-975.357421875,87.1761474609375,0.0,0.0,572.9022006988525,0.5937935897654939,-0.6519343062540796,37.64152854795652,2.4358317923545836,False
59,source_localization_stage4.1.wave_feature_conv1,120,1,1000,0.005,0.0,0.0,post_relu_mean,929.0009765625,-929.0009765625,81.95053100585938,0.0,0.0,434.2246742248535,0.381001159753967,-0.47403108161200125,27.370071101757706,1.7664546304941178,False
59,source_localization_stage4.1.wave_feature_conv1,120,1,1000,0.01,0.0,0.0,post_relu_mean,2102.67138671875,-2102.67138671875,191.77601623535156,0.0,0.0,1510.0912628173828,0.7106002819861303,-1.5233433416096631,87.94946027249833,3.2694350516796113,False
59,source_localization_stage4.1.wave_feature_conv1,120,1,1000,0.01,0.0,0.0,post_relu_mean,2012.466064453125,-2012.466064453125,180.0718536376953,0.0,0.0,1191.9801425933838,0.530379170544854,-1.21575766396113,70.19132986527336,2.5128026282787324,False
59,source_localization_stage4.1.wave_feature_conv1,120,1,1000,0.01,0.0,0.0,post_relu_mean,1855.4224853515625,-1855.4224853515625,162.6083984375,0.0,0.0,876.6989784240723,0.34758040457821543,-0.8909525814012048,51.43882593951772,1.834773467183113,False
59,source_localization_stage4.1.wave_feature_conv1,120,1,1000,0.05,0.0,0.0,post_relu_mean,10433.869140625,-10433.869140625,949.6580200195312,0.0,0.0,7567.643020629883,0.47914137850443955,-7.468638697656895,431.19686079880756,3.443269418478012,False
59,source_localization_stage4.1.wave_feature_conv1,120,1,1000,0.05,0.0,0.0,post_relu_mean,9865.01171875,-9865.01171875,881.7742309570312,0.0,0.0,5886.864786148071,0.33475978276412116,-5.829850454757462,336.5825737006276,2.634704692363739,False
59,source_localization_stage4.1.wave_feature_conv1,120,1,1000,0.05,0.0,0.0,post_relu_mean,9891.640625,-9891.640625,868.5311279296875,0.0,0.0,4677.38098526001,0.2514702882822652,-4.735866337576407,273.422493117345,1.99852841258049,False
59,source_localization_stage4.1.wave_feature_conv1,198,1,1000,0.005,0.0,0.0,post_relu_mean,444.9227294921875,-444.9227294921875,53.129520416259766,0.0,0.0,271.9689722061157,0.11852167752142947,-0.2899559403123872,16.740427836516538,1.1248469126224518,False
59,source_localization_stage4.1.wave_feature_conv1,198,1,1000,0.005,0.0,0.0,post_relu_mean,393.06561279296875,-393.06561279296875,44.643043518066406,0.0,0.0,185.71759033203125,0.07599270801555497,-0.20789992124528453,12.003006973074694,0.8238676664233208,False
59,source_localization_stage4.1.wave_feature_conv1,198,1,1000,0.005,0.0,0.0,post_relu_mean,298.37353515625,-298.37353515625,31.458391189575195,0.0,0.0,110.27972984313965,0.023158631428874258,-0.1076510701257827,6.21518001740306,0.5126091957092285,False
59,source_localization_stage4.1.wave_feature_conv1,198,1,1000,0.01,0.0,0.0,post_relu_mean,882.9401245117188,-882.9401245117188,104.85237121582031,0.0,0.0,554.8177881240845,0.11253776069231194,-0.5821713629693769,33.61129474872845,1.1575726109743119,False
59,source_localization_stage4.1.wave_feature_conv1,198,1,1000,0.01,0.0,0.0,post_relu_mean,823.3873901367188,-823.3873901367188,93.23029327392578,0.0,0.0,397.39674377441406,0.09575124961813804,-0.4272131743860613,24.664905791227678,0.9125434991717338,False
59,source_localization_stage4.1.wave_feature_conv1,198,1,1000,0.01,0.0,0.0,post_relu_mean,650.2742919921875,-650.2742919921875,67.68392944335938,0.0,0.0,244.82726097106934,0.04192264138834495,-0.2615596743830949,15.101003485287464,0.585511382818222,False
59,source_localization_stage4.1.wave_feature_conv1,198,1,1000,0.05,0.0,0.0,post_relu_mean,4844.93359375,-4844.93359375,569.17626953125,0.0,0.0,3123.8395776748657,0.12328791635189251,-3.336918307906428,192.6561285920363,1.368622904419899,False
59,source_localization_stage4.1.wave_feature_conv1,198,1,1000,0.05,0.0,0.0,post_relu_mean,4305.595703125,-4305.595703125,482.50201416015625,0.0,0.0,2127.882339477539,0.09391089902912106,-2.19514278555206,126.73505759666796,1.0124876946210861,False
59,source_localization_stage4.1.wave_feature_conv1,198,1,1000,0.05,0.0,0.0,post_relu_mean,3543.699951171875,-3543.699951171875,368.5240783691406,0.0,0.0,1333.211965560913,0.05318053989988722,-1.4296816470704738,82.5422873164314,0.6701900124549866,False
59,source_localization_stage4.1.wave_feature_conv1,44,1,1000,0.005,0.0,0.0,post_relu_mean,380.96917724609375,-380.96917724609375,46.39798355102539,0.0,0.0,230.6181468963623,0.05054737920616134,-0.23807714131680804,13.745309131747318,0.8269385731220246,False
59,source_localization_stage4.1.wave_feature_conv1,44,1,1000,0.005,0.0,0.0,post_relu_mean,333.7873229980469,-333.7873229980469,36.899112701416016,0.0,0.0,163.7091178894043,0.030406428469074404,-0.16798542204384573,9.698566347556635,0.6043817701935769,False
59,source_localization_stage4.1.wave_feature_conv1,44,1,1000,0.005,0.0,0.0,post_relu_mean,266.3889465332031,-266.3889465332031,27.126094818115234,0.0,0.0,106.72506141662598,0.04747234751007992,-0.10247132209417908,5.916140446966143,0.42829669833183287,False
59,source_localization_stage4.1.wave_feature_conv1,44,1,1000,0.01,0.0,0.0,post_relu_mean,764.7708740234375,-764.7708740234375,93.38371276855469,0.0,0.0,473.4626750946045,0.055737100152125685,-0.4827963586891797,27.873919424426433,0.849708471596241,False
59,source_localization_stage4.1.wave_feature_conv1,44,1,1000,0.01,0.0,0.0,post_relu_mean,657.8031616210938,-657.8031616210938,72.59292602539062,0.0,0.0,327.10280990600586,0.03347453160763872,-0.33468834409153675,19.323009567396117,0.6270797646045685,False
59,source_localization_stage4.1.wave_feature_conv1,44,1,1000,0.01,0.0,0.0,post_relu_mean,530.0287475585938,-530.0287475585938,53.97334289550781,0.0,0.0,209.2813663482666,0.03793631948035472,-0.20915209547108796,12.075259953090587,0.45982313379645345,False
59,source_localization_stage4.1.wave_feature_conv1,44,1,1000,0.05,0.0,0.0,post_relu_mean,3815.767822265625,-3815.767822265625,464.3768310546875,0.0,0.0,2411.480131149292,0.04017102460972313,-2.4644886109030173,142.28554303813365,0.8636055958271026,False
59,source_localization_stage4.1.wave_feature_conv1,44,1,1000,0.05,0.0,0.0,post_relu_mean,3472.042236328125,-3472.042236328125,379.7309875488281,0.0,0.0,1759.2206077575684,0.03271866031605715,-1.7999915612819517,103.92128129730904,0.6707934227585792,False
59,source_localization_stage4.1.wave_feature_conv1,44,1,1000,0.05,0.0,0.0,post_relu_mean,2916.523681640625,-2916.523681640625,293.9737854003906,0.0,0.0,1155.7735843658447,0.027054136285330776,-1.1971451575412921,69.11644758967677,0.4835847505927086,False
61,source_localization_stage4.1.wave_feature_conv2,201,1,1000,0.005,0.0,0.0,post_relu_mean,563.512451171875,-563.512451171875,80.63117980957031,0.0,0.0,309.6323356628418,0.18039394621954294,-0.3272478338447718,18.893428663965775,1.5696356892585754,False
61,source_localization_stage4.1.wave_feature_conv2,201,1,1000,0.005,0.0,0.0,post_relu_mean,531.4738159179688,-531.4738159179688,72.75581359863281,0.0,0.0,200.9914379119873,0.13587687367222126,-0.2144418869642273,12.380683270628687,1.114166733622551,False
61,source_localization_stage4.1.wave_feature_conv2,201,1,1000,0.005,0.0,0.0,post_relu_mean,456.1243591308594,-456.1243591308594,60.12887954711914,0.0,0.0,101.1751880645752,0.0655316560303115,-0.10611825410686537,6.126977002118646,0.5662799289822579,False
61,source_localization_stage4.1.wave_feature_conv2,201,1,1000,0.01,0.0,0.0,post_relu_mean,1222.31787109375,-1222.31787109375,172.2230682373047,0.0,0.0,693.6621208190918,0.2737439398216863,-0.7357698923704783,42.48145206549481,1.948413729071617,False
61,source_localization_stage4.1.wave_feature_conv2,201,1,1000,0.01,0.0,0.0,post_relu_mean,1150.269287109375,-1150.269287109375,156.23670959472656,0.0,0.0,444.1228771209717,0.18167267889807606,-0.46793595814932,27.01628650857915,1.2748264402151108,False
61,source_localization_stage4.1.wave_feature_conv2,201,1,1000,0.01,0.0,0.0,post_relu_mean,982.5833129882812,-982.5833129882812,129.4576416015625,0.0,0.0,211.66157722473145,0.08555443887502683,-0.236437573033442,13.651023077780724,0.648529770374298,False
61,source_localization_stage4.1.wave_feature_conv2,201,1,1000,0.05,0.0,0.0,post_relu_mean,6679.26611328125,-6679.26611328125,935.446044921875,0.0,0.0,3860.941417694092,0.2614581021018492,-4.028865129892406,232.60551434469502,2.173554345369339,False
61,source_localization_stage4.1.wave_feature_conv2,201,1,1000,0.05,0.0,0.0,post_relu_mean,6244.03515625,-6244.03515625,844.4169921875,0.0,0.0,2441.0774669647217,0.19518274072899652,-2.575999192887537,148.72365085629,1.4948512721061706,False
61,source_localization_stage4.1.wave_feature_conv2,201,1,1000,0.05,0.0,0.0,post_relu_mean,5381.88525390625,-5381.88525390625,708.87158203125,0.0,0.0,1134.4798755645752,0.08860853390931414,-1.1874812063172675,68.5584791562201,0.7269784033298492,False
61,source_localization_stage4.1.wave_feature_conv2,13,1,1000,0.005,0.0,0.0,post_relu_mean,1091.962646484375,-1091.962646484375,168.13369750976562,0.0,0.0,576.7441329956055,0.6087562932493823,-0.6226454090383631,35.949225733702434,2.389791676998138,False
61,source_localization_stage4.1.wave_feature_conv2,13,1,1000,0.005,0.0,0.0,post_relu_mean,1015.6561279296875,-1015.6561279296875,154.7960205078125,0.0,0.0,317.16877937316895,0.2793245432264097,-0.3776306878832859,21.802893550298624,1.2984248417615891,False
61,source_localization_stage4.1.wave_feature_conv2,13,1,1000,0.005,0.0,0.0,post_relu_mean,565.8092651367188,-565.8092651367188,81.15772247314453,0.0,0.0,85.86979293823242,0.04233133293590884,-0.09108398073568781,5.258754630559958,0.3421585541963577,False
61,source_localization_stage4.1.wave_feature_conv2,13,1,1000,0.01,0.0,0.0,post_relu_mean,2250.34765625,-2250.34765625,345.9640808105469,0.0,0.0,1201.638053894043,0.5765432678049864,-1.2583334948211349,72.64997661321055,2.628091539144516,False
61,source_localization_stage4.1.wave_feature_conv2,13,1,1000,0.01,0.0,0.0,post_relu_mean,2102.84375,-2102.84375,320.81671142578125,0.0,0.0,657.2633228302002,0.27999627261360466,-0.6726593743151684,38.83626875220134,1.409483956694603,False
61,source_localization_stage4.1.wave_feature_conv2,13,1,1000,0.01,0.0,0.0,post_relu_mean,1313.475341796875,-1313.475341796875,189.4896240234375,0.0,0.0,183.54447555541992,0.046926069504056075,-0.19564307346514231,11.295348206544904,0.38883563309907915,False
61,source_localization_stage4.1.wave_feature_conv2,13,1,1000,0.05,0.0,0.0,post_relu_mean,11290.181640625,-11290.181640625,1727.7420654296875,0.0,0.0,6096.1381759643555,0.4250268039018269,-6.0406109261618255,348.7505445061989,2.800076254606247,False
61,source_localization_stage4.1.wave_feature_conv2,13,1,1000,0.05,0.0,0.0,post_relu_mean,10897.7255859375,-10897.7255859375,1662.2447509765625,0.0,0.0,3415.7187671661377,0.22020060317750845,-3.3864101989512627,195.512050639681,1.5551070278882981,False
61,source_localization_stage4.1.wave_feature_conv2,13,1,1000,0.05,0.0,0.0,post_relu_mean,7733.9599609375,-7733.9599609375,1118.7337646484375,0.0,0.0,1028.56449508667,0.042728307937938255,-1.0829801914481454,62.52522885068505,0.45222720250487325,False
61,source_localization_stage4.1.wave_feature_conv2,101,1,1000,0.005,0.0,0.0,post_relu_mean,807.0836791992188,-807.0836791992188,170.3680419921875,0.0,0.0,287.8845844268799,0.22488043583443246,-0.3130463548530242,18.07359141295217,1.2011227160692215,False
61,source_localization_stage4.1.wave_feature_conv2,101,1,1000,0.005,0.0,0.0,post_relu_mean,388.98638916015625,-388.98638916015625,69.0467529296875,0.0,0.0,79.10899543762207,0.04548132012865131,-0.08958108591691842,5.17190530555146,0.3875008995831013,False
61,source_localization_stage4.1.wave_feature_conv2,101,1,1000,0.005,0.0,0.0,post_relu_mean,24.14878273010254,-24.14878273010254,3.7620389461517334,0.0,0.0,11.337507247924805,0.067192526439759,-0.0014499377553446708,0.08373604504771771,0.0754720951244235,False
61,source_localization_stage4.1.wave_feature_conv2,101,1,1000,0.01,0.0,0.0,post_relu_mean,1604.779052734375,-1604.779052734375,341.3128967285156,0.0,0.0,572.7453632354736,0.19889931228405103,-0.59232516414717,34.197510044172816,1.2320631265640258,False
61,source_localization_stage4.1.wave_feature_conv2,101,1,1000,0.01,0.0,0.0,post_relu_mean,832.753662109375,-832.753662109375,148.76547241210938,0.0,0.0,164.14201545715332,0.05362920377238521,-0.1782356236457181,10.290321962794499,0.4264315760135651,False
61,source_localization_stage4.1.wave_feature_conv2,101,1,1000,0.01,0.0,0.0,post_relu_mean,39.35466003417969,-39.35466003417969,6.147236347198486,0.0,0.0,12.232198715209961,0.050743729579541826,-0.0019124490901998809,0.11042005175180408,0.08152340136468411,False
61,source_localization_stage4.1.wave_feature_conv2,101,1,1000,0.05,0.0,0.0,post_relu_mean,7957.2734375,-7957.2734375,1644.964599609375,0.0,0.0,3014.2849140167236,0.1853214932107195,-2.9990732350095866,173.1495666493419,1.443726686835289,False
61,source_localization_stage4.1.wave_feature_conv2,101,1,1000,0.05,0.0,0.0,post_relu_mean,4578.63330078125,-4578.63330078125,821.4443359375,0.0,0.0,882.9667835235596,0.05043917017857116,-0.9159216573187765,52.880146618513876,0.47827563762664793,False
61,source_localization_stage4.1.wave_feature_conv2,101,1,1000,0.05,0.0,0.0,post_relu_mean,289.3611755371094,-289.3611755371094,45.84284591674805,0.0,0.0,24.065065383911133,0.027196387830717705,-0.015581910463746702,0.8996152932437281,0.09552606672048569,False
61,source_localization_stage4.1.wave_feature_conv2,221,1,1000,0.005,0.0,0.0,post_relu_mean,516.5286865234375,-516.5286865234375,83.5064926147461,0.0,0.0,258.0018501281738,0.16800496547241367,-0.268766003875286,15.517151360798112,1.3367532896995544,False
61,source_localization_stage4.1.wave_feature_conv2,221,1,1000,0.005,0.0,0.0,post_relu_mean,453.4635009765625,-453.4635009765625,69.87547302246094,0.0,0.0,139.9449691772461,0.09575342881309959,-0.1543267690769723,8.911088770310311,0.8068061935901641,False
61,source_localization_stage4.1.wave_feature_conv2,221,1,1000,0.005,0.0,0.0,post_relu_mean,299.6736755371094,-299.6736755371094,44.38212585449219,0.0,0.0,43.23049545288086,0.07361057899154147,-0.04239789542330722,2.4479290859426417,0.23474214039742947,False
61,source_localization_stage4.1.wave_feature_conv2,221,1,1000,0.01,0.0,0.0,post_relu_mean,1067.2891845703125,-1067.2891845703125,170.69309997558594,0.0,0.0,547.2025337219238,0.19318451094318337,-0.6067583211339316,35.03078264012818,1.5076661312580109,False
61,source_localization_stage4.1.wave_feature_conv2,221,1,1000,0.01,0.0,0.0,post_relu_mean,989.554931640625,-989.554931640625,152.05111694335938,0.0,0.0,306.2459945678711,0.12549692925965217,-0.3351999718266882,19.352560313313617,0.9074099910259247,False
61,source_localization_stage4.1.wave_feature_conv2,221,1,1000,0.01,0.0,0.0,post_relu_mean,629.2820434570312,-629.2820434570312,93.26995849609375,0.0,0.0,79.51186752319336,0.05618784059732475,-0.08300349819841686,4.792165037401909,0.24743042074143887,False
61,source_localization_stage4.1.wave_feature_conv2,221,1,1000,0.05,0.0,0.0,post_relu_mean,5753.76318359375,-5753.76318359375,908.88525390625,0.0,0.0,3019.10005569458,0.20618044584403375,-3.117512209411681,179.9889128951327,1.744612169265747,False
61,source_localization_stage4.1.wave_feature_conv2,221,1,1000,0.05,0.0,0.0,post_relu_mean,5318.1787109375,-5318.1787109375,813.8969116210938,0.0,0.0,1656.5636825561523,0.1198909145151488,-1.7370294969044147,100.28708929022945,1.0158910670876502,False
61,source_localization_stage4.1.wave_feature_conv2,221,1,1000,0.05,0.0,0.0,post_relu_mean,3873.2431640625,-3873.2431640625,571.6224975585938,0.0,0.0,453.3578758239746,0.04007225065199078,-0.47357457965990163,27.341525818545062,0.303492494225502,False
61,source_localization_stage4.1.wave_feature_conv2,254,1,1000,0.005,0.0,0.0,post_relu_mean,485.88525390625,-485.88525390625,80.06344604492188,0.0,0.0,237.8665714263916,0.16156349957832944,-0.25621389347981377,14.792343155516368,1.3165569013357163,False
61,source_localization_stage4.1.wave_feature_conv2,254,1,1000,0.005,0.0,0.0,post_relu_mean,442.4213562011719,-442.4213562011719,69.78961181640625,0.0,0.0,129.4692726135254,0.1056357459450332,-0.14014895360253268,8.091431321338444,0.8248553282022476,False
61,source_localization_stage4.1.wave_feature_conv2,254,1,1000,0.005,0.0,0.0,post_relu_mean,256.9853210449219,-256.9853210449219,38.515567779541016,0.0,0.0,35.92258834838867,0.07363942422309994,-0.03304379391024693,1.9078039561056614,0.22900316976010798,False
61,source_localization_stage4.1.wave_feature_conv2,254,1,1000,0.01,0.0,0.0,post_relu_mean,1036.432373046875,-1036.432373046875,169.6204833984375,0.0,0.0,519.7425785064697,0.20233607993334568,-0.5821873402364843,33.61226013981853,1.527889860868454,False
61,source_localization_stage4.1.wave_feature_conv2,254,1,1000,0.01,0.0,0.0,post_relu_mean,935.2945556640625,-935.2945556640625,147.39453125,0.0,0.0,273.12033462524414,0.12074945845922846,-0.29260734011636425,16.893515380363695,0.8986694207787513,False
61,source_localization_stage4.1.wave_feature_conv2,254,1,1000,0.01,0.0,0.0,post_relu_mean,555.6903076171875,-555.6903076171875,83.28845977783203,0.0,0.0,65.99021530151367,0.05505295094545349,-0.06679199422459926,3.8562746947706197,0.23573894940316678,False
61,source_localization_stage4.1.wave_feature_conv2,254,1,1000,0.05,0.0,0.0,post_relu_mean,5222.982421875,-5222.982421875,854.5755004882812,0.0,0.0,2651.427515029907,0.16780613295154354,-2.7179497041747327,156.91947055711395,1.5506592357158662,False
61,source_localization_stage4.1.wave_feature_conv2,254,1,1000,0.05,0.0,0.0,post_relu_mean,4815.31396484375,-4815.31396484375,756.1316528320312,0.0,0.0,1413.8226051330566,0.1099336496828173,-1.460958187406834,84.34772694396469,0.9702516576647758,False
61,source_localization_stage4.1.wave_feature_conv2,254,1,1000,0.05,0.0,0.0,post_relu_mean,3558.42822265625,-3558.42822265625,533.2330932617188,0.0,0.0,369.0604667663574,0.036832737812738416,-0.3846564333664006,22.207931205382035,0.28852918788790705,False
36,interference_stage3.0.wave_feature_conv1,31,2,1000,0.005,0.0,0.0,post_relu_mean,1396.6268310546875,-1396.6268310546875,124.12861633300781,0.0,0.0,967.6691131591797,0.0921117519713236,-1.0065097033309622,58.11016100082462,2.3071301555633545,False
36,interference_stage3.0.wave_feature_conv1,31,2,1000,0.005,0.0,0.0,post_relu_mean,1297.8616943359375,-1297.8616943359375,107.7781753540039,0.0,0.0,775.8171615600586,0.06758853881558795,-0.7956802559742948,45.938060101856465,1.9289433312416078,False
36,interference_stage3.0.wave_feature_conv1,31,2,1000,0.005,0.0,0.0,post_relu_mean,1158.425537109375,-1158.425537109375,89.37655639648438,0.0,0.0,604.6526489257812,0.05854576310140367,-0.6136088885544282,35.426290751296364,1.6011531972885131,False
36,interference_stage3.0.wave_feature_conv1,31,2,1000,0.01,0.0,0.0,post_relu_mean,2773.64599609375,-2773.64599609375,245.34841918945312,0.0,0.0,1981.0288543701172,0.0975637131807463,-2.0215181228224557,116.71095293272924,2.359133321046829,False
36,interference_stage3.0.wave_feature_conv1,31,2,1000,0.01,0.0,0.0,post_relu_mean,2590.793212890625,-2590.793212890625,213.91421508789062,0.0,0.0,1591.1364974975586,0.07926817942698978,-1.6422880891236147,94.81640174453281,1.9880298686027527,False
36,interference_stage3.0.wave_feature_conv1,31,2,1000,0.01,0.0,0.0,post_relu_mean,2332.795654296875,-2332.795654296875,177.88475036621094,0.0,0.0,1247.9736328125,0.06530308188693562,-1.2808887876005493,73.95122547148027,1.6693502563238143,False
36,interference_stage3.0.wave_feature_conv1,31,2,1000,0.05,0.0,0.0,post_relu_mean,14043.8212890625,-14043.8212890625,1243.5936279296875,0.0,0.0,10256.469161987305,0.08226490705553213,-10.43011313344357,602.1754047511251,2.44566232085228,False
36,interference_stage3.0.wave_feature_conv1,31,2,1000,0.05,0.0,0.0,post_relu_mean,13039.1044921875,-13039.1044921875,1064.2989501953125,0.0,0.0,8212.717063903809,0.07111596143886353,-8.351251762983527,482.1538429487464,2.073667359352112,False
36,interference_stage3.0.wave_feature_conv1,31,2,1000,0.05,0.0,0.0,post_relu_mean,11689.205078125,-11689.205078125,884.111328125,0.0,0.0,6367.0235595703125,0.05782507085903873,-6.481754823411601,374.2196281089591,1.7235508519411087,False
36,interference_stage3.0.wave_feature_conv1,97,2,1000,0.005,0.0,0.0,post_relu_mean,934.251708984375,-934.251708984375,96.42475128173828,0.0,0.0,622.3974838256836,0.07351724950837632,-0.6436295766250356,37.15952304825159,1.693761053085327,False
36,interference_stage3.0.wave_feature_conv1,97,2,1000,0.005,0.0,0.0,post_relu_mean,842.86669921875,-842.86669921875,79.54937744140625,0.0,0.0,482.23593521118164,0.07000339373607095,-0.4864706734703279,28.086060557689844,1.4312821125984192,False
36,interference_stage3.0.wave_feature_conv1,97,2,1000,0.005,0.0,0.0,post_relu_mean,713.78515625,-713.78515625,62.17327880859375,0.0,0.0,358.0082817077637,0.09531866453687446,-0.3520249874990772,20.323932005557776,1.2041231960058212,False
36,interference_stage3.0.wave_feature_conv1,97,2,1000,0.01,0.0,0.0,post_relu_mean,1889.82177734375,-1889.82177734375,191.11500549316406,0.0,0.0,1293.896873474121,0.08362254543637279,-1.340945796441542,77.41858152011736,1.774485177397728,False
36,interference_stage3.0.wave_feature_conv1,97,2,1000,0.01,0.0,0.0,post_relu_mean,1681.745361328125,-1681.745361328125,156.82530212402344,0.0,0.0,973.3729286193848,0.06886754630430701,-0.9951415988158494,57.45382185367903,1.4713470947742462,False
36,interference_stage3.0.wave_feature_conv1,97,2,1000,0.01,0.0,0.0,post_relu_mean,1439.538330078125,-1439.538330078125,122.22734832763672,0.0,0.0,723.4370536804199,0.07596760538418426,-0.7292439271278413,42.10241160817119,1.270464220046997,False
36,interference_stage3.0.wave_feature_conv1,97,2,1000,0.05,0.0,0.0,post_relu_mean,9449.67578125,-9449.67578125,945.0520629882812,0.0,0.0,6591.939598083496,0.07629737553517135,-6.708948997406576,387.33652072297355,1.8547080910205842,False
36,interference_stage3.0.wave_feature_conv1,97,2,1000,0.05,0.0,0.0,post_relu_mean,8553.3056640625,-8553.3056640625,773.8618774414062,0.0,0.0,5068.26868057251,0.06461638006822187,-5.207394022863267,300.64540922641527,1.570790701508522,False
36,interference_stage3.0.wave_feature_conv1,97,2,1000,0.05,0.0,0.0,post_relu_mean,7305.2412109375,-7305.2412109375,601.2722778320312,0.0,0.0,3714.870220184326,0.060854291494543106,-3.8133249292536027,220.1596773314742,1.339587180018425,False
36,interference_stage3.0.wave_feature_conv1,67,2,1000,0.005,0.0,0.0,post_relu_mean,712.0372314453125,-712.0372314453125,76.623046875,0.0,0.0,468.9007377624512,0.07875393517329915,-0.48930075725342836,28.249446212259038,1.5037358564138412,False
36,interference_stage3.0.wave_feature_conv1,67,2,1000,0.005,0.0,0.0,post_relu_mean,601.4468383789062,-601.4468383789062,59.59956359863281,0.0,0.0,340.0102767944336,0.07392276792324877,-0.3460546773373924,19.979279143924217,1.2746015232801438,False
36,interference_stage3.0.wave_feature_conv1,67,2,1000,0.005,0.0,0.0,post_relu_mean,491.8579406738281,-491.8579406738281,44.43775939941406,0.0,0.0,252.02167129516602,0.10377092509447128,-0.2432079688443932,14.04152154060252,1.1272194254398347,False
36,interference_stage3.0.wave_feature_conv1,67,2,1000,0.01,0.0,0.0,post_relu_mean,1407.03271484375,-1407.03271484375,148.5777130126953,0.0,0.0,948.0322074890137,0.08699607911752424,-0.9953246486191454,57.464521591348706,1.5661918246746063,False
36,interference_stage3.0.wave_feature_conv1,67,2,1000,0.01,0.0,0.0,post_relu_mean,1221.3565673828125,-1221.3565673828125,117.27688598632812,0.0,0.0,700.3720626831055,0.08070306327586661,-0.7171927046284067,41.40665100718154,1.367933132648468,False
36,interference_stage3.0.wave_feature_conv1,67,2,1000,0.01,0.0,0.0,post_relu_mean,1033.96435546875,-1033.96435546875,90.30065155029297,0.0,0.0,518.9507484436035,0.08308579129406034,-0.5191796823271412,29.974620105569535,1.1985874056816102,False
36,interference_stage3.0.wave_feature_conv1,67,2,1000,0.05,0.0,0.0,post_relu_mean,7314.1494140625,-7314.1494140625,748.175537109375,0.0,0.0,5056.355693817139,0.07708037033753437,-5.20337256551531,300.41312195680183,1.6721519607305526,False
36,interference_stage3.0.wave_feature_conv1,67,2,1000,0.05,0.0,0.0,post_relu_mean,6430.2763671875,-6430.2763671875,595.4874267578125,0.0,0.0,3757.3444747924805,0.05502272892055978,-3.8787335849167714,223.9361009749757,1.4229554122686385,False
36,interference_stage3.0.wave_feature_conv1,67,2,1000,0.05,0.0,0.0,post_relu_mean,5320.44287109375,-5320.44287109375,454.7948913574219,0.0,0.0,2618.4638710021973,0.059636556773466555,-2.6865868345927404,155.108258242501,1.2589129334688187,False
36,interference_stage3.0.wave_feature_conv1,19,2,1000,0.005,0.0,0.0,post_relu_mean,720.9602661132812,-720.9602661132812,83.87693786621094,0.0,0.0,457.3249092102051,0.06330813960560855,-0.47438702657629916,27.388449710535642,1.3274988919496535,False
36,interference_stage3.0.wave_feature_conv1,19,2,1000,0.005,0.0,0.0,post_relu_mean,601.4534301757812,-601.4534301757812,63.89142990112305,0.0,0.0,321.9808158874512,0.07564529092662398,-0.3198445354619888,18.466009531223637,1.1040652692317963,False
36,interference_stage3.0.wave_feature_conv1,19,2,1000,0.005,0.0,0.0,post_relu_mean,458.4811706542969,-458.4811706542969,44.45054244995117,0.0,0.0,219.86014938354492,0.11842641264556096,-0.2016894989940666,11.64440715347455,0.9632183709740638,False
36,interference_stage3.0.wave_feature_conv1,19,2,1000,0.01,0.0,0.0,post_relu_mean,1434.9095458984375,-1434.9095458984375,164.40048217773438,0.0,0.0,929.7035713195801,0.06736462823477024,-0.9584944368329666,55.33801781829273,1.3721333104372024,False
36,interference_stage3.0.wave_feature_conv1,19,2,1000,0.01,0.0,0.0,post_relu_mean,1174.0128173828125,-1174.0128173828125,122.49068450927734,0.0,0.0,630.843578338623,0.06426360995195779,-0.6410001768293719,37.00780884691255,1.1514549386501312,False
36,interference_stage3.0.wave_feature_conv1,19,2,1000,0.01,0.0,0.0,post_relu_mean,930.2252197265625,-930.2252197265625,87.5823974609375,0.0,0.0,432.81306076049805,0.09112944496751856,-0.438014812957299,25.288529621490746,1.005215398967266,False
36,interference_stage3.0.wave_feature_conv1,19,2,1000,0.05,0.0,0.0,post_relu_mean,7266.62109375,-7266.62109375,827.2941284179688,0.0,0.0,4772.734210968018,0.05513811011859675,-4.890801847316691,282.36708591967704,1.4231076675653458,False
36,interference_stage3.0.wave_feature_conv1,19,2,1000,0.05,0.0,0.0,post_relu_mean,6246.22705078125,-6246.22705078125,642.9864501953125,0.0,0.0,3360.826915740967,0.0538220578677689,-3.441499197392044,198.6926543968426,1.197408425807953,False
36,interference_stage3.0.wave_feature_conv1,19,2,1000,0.05,0.0,0.0,post_relu_mean,4882.611328125,-4882.611328125,449.4217224121094,0.0,0.0,2214.1632804870605,0.061364527125413654,-2.2861470313613306,131.98912169774528,1.0332019138336181,False
36,interference_stage3.0.wave_feature_conv1,45,2,1000,0.005,0.0,0.0,post_relu_mean,803.3828125,-803.3828125,86.11905670166016,0.0,0.0,537.5830268859863,0.07705487954360911,-0.5667382165205985,32.720253027320865,1.6488552671670913,False
36,interference_stage3.0.wave_feature_conv1,45,2,1000,0.005,0.0,0.0,post_relu_mean,699.1432495117188,-699.1432495117188,68.97742462158203,0.0,0.0,401.3982620239258,0.08404430859649165,-0.40942344977386635,23.637836098899374,1.3710126626491546,False
36,interference_stage3.0.wave_feature_conv1,45,2,1000,0.005,0.0,0.0,post_relu_mean,583.06201171875,-583.06201171875,51.575984954833984,0.0,0.0,306.3555564880371,0.11653132229632183,-0.29479296066340255,17.019696642145075,1.212662080526352,False
36,interference_stage3.0.wave_feature_conv1,45,2,1000,0.01,0.0,0.0,post_relu_mean,1604.333984375,-1604.333984375,169.70925903320312,0.0,0.0,1087.7635688781738,0.08682877489501811,-1.1315482118772942,65.32915567219453,1.7047637224197387,False
36,interference_stage3.0.wave_feature_conv1,45,2,1000,0.01,0.0,0.0,post_relu_mean,1406.4998779296875,-1406.4998779296875,133.92440795898438,0.0,0.0,816.4934463500977,0.08190776322997985,-0.8506400944477955,49.11114137819196,1.4401562774181367,False
36,interference_stage3.0.wave_feature_conv1,45,2,1000,0.01,0.0,0.0,post_relu_mean,1230.673583984375,-1230.673583984375,103.62316131591797,0.0,0.0,641.6840782165527,0.09780164932908071,-0.6688948541233671,38.618193703941614,1.312058909535408,False
36,interference_stage3.0.wave_feature_conv1,45,2,1000,0.05,0.0,0.0,post_relu_mean,8329.2119140625,-8329.2119140625,862.4873046875,0.0,0.0,5734.307392120361,0.07694310923412312,-5.836991831167851,336.9949087414429,1.8284395396709443,False
36,interference_stage3.0.wave_feature_conv1,45,2,1000,0.05,0.0,0.0,post_relu_mean,7442.396484375,-7442.396484375,689.4639282226562,0.0,0.0,4352.462013244629,0.069735765091499,-4.460607030495587,257.530124711209,1.5600978553295135,False
36,interference_stage3.0.wave_feature_conv1,45,2,1000,0.05,0.0,0.0,post_relu_mean,6699.19091796875,-6699.19091796875,547.0866088867188,0.0,0.0,3449.4208335876465,0.07573739842963785,-3.577696073688463,206.5558271691567,1.3957392930984498,False
38,interference_stage3.0.wave_feature_conv2,120,2,1000,0.005,0.0,0.0,post_relu_mean,839.7800903320312,-839.7800903320312,59.37173843383789,0.0,0.0,623.8657341003418,0.08930270198970129,-0.6532597233540458,37.715499760644946,1.4849329829216003,False
38,interference_stage3.0.wave_feature_conv2,120,2,1000,0.005,0.0,0.0,post_relu_mean,808.7694091796875,-808.7694091796875,55.114585876464844,0.0,0.0,532.0365447998047,0.07066489356724139,-0.5544285942964003,32.00956436174734,1.2883283293247223,False
38,interference_stage3.0.wave_feature_conv2,120,2,1000,0.005,0.0,0.0,post_relu_mean,761.8421630859375,-761.8421630859375,49.73038101196289,0.0,0.0,443.82451248168945,0.05544719445654812,-0.4723046027887148,27.26827860445196,1.115264123082161,False
38,interference_stage3.0.wave_feature_conv2,120,2,1000,0.01,0.0,0.0,post_relu_mean,1640.5643310546875,-1640.5643310546875,114.42654418945312,0.0,0.0,1259.4855461120605,0.08506034216001304,-1.2871501715521403,74.31274555629764,1.5174831122159957,False
38,interference_stage3.0.wave_feature_conv2,120,2,1000,0.01,0.0,0.0,post_relu_mean,1597.166748046875,-1597.166748046875,107.6059341430664,0.0,0.0,1084.2228240966797,0.07185155580161741,-1.1116753926538594,64.18180910303548,1.3299556916952133,False
38,interference_stage3.0.wave_feature_conv2,120,2,1000,0.01,0.0,0.0,post_relu_mean,1535.2899169921875,-1535.2899169921875,99.43102264404297,0.0,0.0,919.0684394836426,0.058442318604720225,-0.9517594406687558,54.949181657685976,1.1568225717544556,False
38,interference_stage3.0.wave_feature_conv2,120,2,1000,0.05,0.0,0.0,post_relu_mean,8173.017578125,-8173.017578125,563.1021728515625,0.0,0.0,6445.911815643311,0.06679650996792574,-6.5134671121905,376.0506784603466,1.5792361783981324,False
38,interference_stage3.0.wave_feature_conv2,120,2,1000,0.05,0.0,0.0,post_relu_mean,7985.1357421875,-7985.1357421875,534.8612060546875,0.0,0.0,5549.543014526367,0.055226835281846645,-5.613630280820497,324.09907033501355,1.3791830146312714,False
38,interference_stage3.0.wave_feature_conv2,120,2,1000,0.05,0.0,0.0,post_relu_mean,7698.1416015625,-7698.1416015625,496.532470703125,0.0,0.0,4699.311420440674,0.0502517018468024,-4.779315751631584,275.9305662647131,1.204410879611969,False
38,interference_stage3.0.wave_feature_conv2,109,2,1000,0.005,0.0,0.0,post_relu_mean,592.7833251953125,-592.7833251953125,53.879432678222656,0.0,0.0,404.6755790710449,0.05209325748404998,-0.41417020251403497,23.91183082192371,0.9927306371927261,False
38,interference_stage3.0.wave_feature_conv2,109,2,1000,0.005,0.0,0.0,post_relu_mean,559.200927734375,-559.200927734375,47.65544128417969,0.0,0.0,327.49460220336914,0.04019962668033216,-0.3350929191015421,19.346360690780145,0.8325095129013061,False
38,interference_stage3.0.wave_feature_conv2,109,2,1000,0.005,0.0,0.0,post_relu_mean,494.2840576171875,-494.2840576171875,39.389671325683594,0.0,0.0,249.90182495117188,0.02524149965328007,-0.2588194331094239,14.942774722853418,0.6805452832579613,False
38,interference_stage3.0.wave_feature_conv2,109,2,1000,0.01,0.0,0.0,post_relu_mean,1166.1131591796875,-1166.1131591796875,105.07425689697266,0.0,0.0,824.4209403991699,0.051961751204704344,-0.8469315636546918,48.897032708259324,1.02736152946949,False
38,interference_stage3.0.wave_feature_conv2,109,2,1000,0.01,0.0,0.0,post_relu_mean,1093.5631103515625,-1093.5631103515625,92.73322296142578,0.0,0.0,659.006778717041,0.039024627816780386,-0.6727490838180379,38.84070162894877,0.8508164802193642,False
38,interference_stage3.0.wave_feature_conv2,109,2,1000,0.01,0.0,0.0,post_relu_mean,982.9605102539062,-982.9605102539062,77.27352142333984,0.0,0.0,511.2751770019531,0.031430543794143624,-0.5237451395498145,30.23807186758289,0.7077394104003907,False
38,interference_stage3.0.wave_feature_conv2,109,2,1000,0.05,0.0,0.0,post_relu_mean,5823.701171875,-5823.701171875,529.1796264648438,0.0,0.0,4209.692668914795,0.04171582203550229,-4.24936153225608,245.33403892914296,1.0587621629238129,False
38,interference_stage3.0.wave_feature_conv2,109,2,1000,0.05,0.0,0.0,post_relu_mean,5448.69482421875,-5448.69482421875,458.28314208984375,0.0,0.0,3369.1638221740723,0.03352751485794848,-3.415730067446023,197.20480316878033,0.8820763966441154,False
38,interference_stage3.0.wave_feature_conv2,109,2,1000,0.05,0.0,0.0,post_relu_mean,4930.12451171875,-4930.12451171875,386.00604248046875,0.0,0.0,2606.044158935547,0.028844945151831253,-2.654217767431491,153.23943444554433,0.7386092418432235,False
38,interference_stage3.0.wave_feature_conv2,84,2,1000,0.005,0.0,0.0,post_relu_mean,660.1310424804688,-660.1310424804688,51.54909133911133,0.0,0.0,480.54319763183594,0.08452667324012515,-0.49400046417023463,28.5207786569215,1.2713725447654725,False
38,interference_stage3.0.wave_feature_conv2,84,2,1000,0.005,0.0,0.0,post_relu_mean,630.2334594726562,-630.2334594726562,46.03223419189453,0.0,0.0,407.3780918121338,0.07349076583681421,-0.42608650328257713,24.599818982984985,1.1207545912265777,False
38,interference_stage3.0.wave_feature_conv2,84,2,1000,0.005,0.0,0.0,post_relu_mean,582.9346923828125,-582.9346923828125,40.00872039794922,0.0,0.0,336.4023208618164,0.04573538099632889,-0.35032494129766567,20.2257935267805,0.9578229969739914,False
38,interference_stage3.0.wave_feature_conv2,84,2,1000,0.01,0.0,0.0,post_relu_mean,1296.406494140625,-1296.406494140625,99.28157043457031,0.0,0.0,973.6212005615234,0.07880411551044827,-0.9974825979993982,57.58899770494682,1.3107939738035201,False
38,interference_stage3.0.wave_feature_conv2,84,2,1000,0.01,0.0,0.0,post_relu_mean,1246.6285400390625,-1246.6285400390625,89.253173828125,0.0,0.0,829.2789402008057,0.07335164400314576,-0.8480552221172474,48.96193179090762,1.1580307614803313,False
38,interference_stage3.0.wave_feature_conv2,84,2,1000,0.01,0.0,0.0,post_relu_mean,1153.218505859375,-1153.218505859375,77.45001983642578,0.0,0.0,682.0383071899414,0.05601185938768131,-0.7053305577176784,40.72179394076397,0.993469557762146,False
38,interference_stage3.0.wave_feature_conv2,84,2,1000,0.05,0.0,0.0,post_relu_mean,6538.599609375,-6538.599609375,495.84466552734375,0.0,0.0,5026.124862670898,0.06442497899850634,-5.096182389178869,294.224578146269,1.3774684888124467,False
38,interference_stage3.0.wave_feature_conv2,84,2,1000,0.05,0.0,0.0,post_relu_mean,6149.0439453125,-6149.0439453125,439.53961181640625,0.0,0.0,4155.405405044556,0.05688485190223548,-4.23173517222452,244.31631567736676,1.1909747433662414,False
38,interference_stage3.0.wave_feature_conv2,84,2,1000,0.05,0.0,0.0,post_relu_mean,5876.20556640625,-5876.20556640625,390.0063781738281,0.0,0.0,3529.687171936035,0.05025371395216829,-3.594806624987401,207.54375186754456,1.0538602328300477,False
38,interference_stage3.0.wave_feature_conv2,104,2,1000,0.005,0.0,0.0,post_relu_mean,641.1632690429688,-641.1632690429688,56.893009185791016,0.0,0.0,449.38757705688477,0.0459715696842831,-0.4670765311460667,26.966348343095603,1.0756889414787292,False
38,interference_stage3.0.wave_feature_conv2,104,2,1000,0.005,0.0,0.0,post_relu_mean,595.1326904296875,-595.1326904296875,50.049800872802734,0.0,0.0,358.0864963531494,0.02668116828969864,-0.36622999708140896,21.144040829762204,0.8886277756094932,False
38,interference_stage3.0.wave_feature_conv2,104,2,1000,0.005,0.0,0.0,post_relu_mean,536.767333984375,-536.767333984375,42.24205780029297,0.0,0.0,280.7675323486328,0.018347292374255718,-0.2831709368402545,16.34868399508453,0.7368737605214118,False
38,interference_stage3.0.wave_feature_conv2,104,2,1000,0.01,0.0,0.0,post_relu_mean,1273.5858154296875,-1273.5858154296875,112.50814056396484,0.0,0.0,914.9647254943848,0.04695414249536158,-0.939770041385434,54.2569723923915,1.0994911962747573,False
38,interference_stage3.0.wave_feature_conv2,104,2,1000,0.01,0.0,0.0,post_relu_mean,1206.7584228515625,-1206.7584228515625,100.83516693115234,0.0,0.0,741.1781101226807,0.033161164895584384,-0.7652748833827047,44.18261672359158,0.9229452279210091,False
38,interference_stage3.0.wave_feature_conv2,104,2,1000,0.01,0.0,0.0,post_relu_mean,1095.676513671875,-1095.676513671875,85.27265167236328,0.0,0.0,581.4931182861328,0.025203167996627696,-0.5977493908478083,34.51065674320629,0.7685473328828811,False
38,interference_stage3.0.wave_feature_conv2,104,2,1000,0.05,0.0,0.0,post_relu_mean,6410.50537109375,-6410.50537109375,560.9017944335938,0.0,0.0,4706.703128814697,0.040867335112860344,-4.743338189350729,273.8533573942232,1.1527847617864608,False
38,interference_stage3.0.wave_feature_conv2,104,2,1000,0.05,0.0,0.0,post_relu_mean,6062.16015625,-6062.16015625,501.8729248046875,0.0,0.0,3791.909860610962,0.03178643096703975,-3.84450486805383,221.95989521937852,0.9661769220232963,False
38,interference_stage3.0.wave_feature_conv2,104,2,1000,0.05,0.0,0.0,post_relu_mean,5572.23046875,-5572.23046875,433.0515441894531,0.0,0.0,2971.3736724853516,0.02410721783821003,-3.0162517985068753,174.1412065356241,0.7999602603912354,False
38,interference_stage3.0.wave_feature_conv2,69,2,1000,0.005,0.0,0.0,post_relu_mean,510.5643310546875,-510.5643310546875,42.778987884521484,0.0,0.0,361.92823028564453,0.07898414559010185,-0.38593680592136864,22.281805093809783,1.0450846016407014,False
38,interference_stage3.0.wave_feature_conv2,69,2,1000,0.005,0.0,0.0,post_relu_mean,486.205322265625,-486.205322265625,37.96442413330078,0.0,0.0,304.35009956359863,0.06045402489862652,-0.3275043344207995,18.908420026072598,0.9134788888692856,False
38,interference_stage3.0.wave_feature_conv2,69,2,1000,0.005,0.0,0.0,post_relu_mean,436.599609375,-436.599609375,32.26171112060547,0.0,0.0,241.2978286743164,0.039871352257814255,-0.2500937012789944,14.439132737965643,0.7647985684871673,False
38,interference_stage3.0.wave_feature_conv2,69,2,1000,0.01,0.0,0.0,post_relu_mean,996.8402099609375,-996.8402099609375,82.27085876464844,0.0,0.0,729.7285232543945,0.07841726371340395,-0.7653685376253058,44.18805248563112,1.0755356013774873,False
38,interference_stage3.0.wave_feature_conv2,69,2,1000,0.01,0.0,0.0,post_relu_mean,969.0106201171875,-969.0106201171875,74.2723159790039,0.0,0.0,623.7698383331299,0.06974209316735658,-0.6598515231816954,38.096233217167075,0.9501460200548172,False
38,interference_stage3.0.wave_feature_conv2,69,2,1000,0.01,0.0,0.0,post_relu_mean,879.6949462890625,-879.6949462890625,63.31584548950195,0.0,0.0,498.06835174560547,0.0491141449278472,-0.5196004769961778,29.998782137787103,0.8166615450382233,False
38,interference_stage3.0.wave_feature_conv2,69,2,1000,0.05,0.0,0.0,post_relu_mean,5190.11767578125,-5190.11767578125,410.7096862792969,0.0,0.0,3937.6896438598633,0.07853625829953285,-4.028962929517573,232.60957881790992,1.1858161723613738,False
38,interference_stage3.0.wave_feature_conv2,69,2,1000,0.05,0.0,0.0,post_relu_mean,4861.1005859375,-4861.1005859375,367.31719970703125,0.0,0.0,3197.15802192688,0.055211741567288405,-3.2888544604362187,189.87979616202668,0.9964113476872444,False
38,interference_stage3.0.wave_feature_conv2,69,2,1000,0.05,0.0,0.0,post_relu_mean,4570.205078125,-4570.205078125,321.5789794921875,0.0,0.0,2638.999687194824,0.04792636573937981,-2.729923781908024,157.6103315304582,0.8792832899093628,False
41,interference_stage3.0.skip_connection.0,32,2,1000,0.005,0.0,0.0,post_relu_mean,1035.9058837890625,-1035.9058837890625,85.5252914428711,0.0,0.0,754.3916721343994,0.10169812496056631,-0.7816412081597205,45.12752641063876,2.071830300092697,False
41,interference_stage3.0.skip_connection.0,32,2,1000,0.005,0.0,0.0,post_relu_mean,961.816650390625,-961.816650390625,73.98797607421875,0.0,0.0,616.7467308044434,0.09722604143829565,-0.6433348720833499,37.14302341226117,1.7863123250007629,False
41,interference_stage3.0.skip_connection.0,32,2,1000,0.005,0.0,0.0,post_relu_mean,853.3056640625,-853.3056640625,61.11506271362305,0.0,0.0,487.3056449890137,0.09908219285858555,-0.4998930046569645,28.861002767328632,1.5349766844511032,False
41,interference_stage3.0.skip_connection.0,32,2,1000,0.01,0.0,0.0,post_relu_mean,2086.991943359375,-2086.991943359375,170.04579162597656,0.0,0.0,1551.9161472320557,0.11091123191813834,-1.6104036655481815,92.9755637255751,2.1378127586841584,False
41,interference_stage3.0.skip_connection.0,32,2,1000,0.01,0.0,0.0,post_relu_mean,1918.9378662109375,-1918.9378662109375,145.9704132080078,0.0,0.0,1249.9470481872559,0.10197557488477618,-1.2916175343195833,74.57065566514477,1.8399361431598664,False
41,interference_stage3.0.skip_connection.0,32,2,1000,0.01,0.0,0.0,post_relu_mean,1693.1806640625,-1693.1806640625,120.33283233642578,0.0,0.0,971.8740043640137,0.08688077780217628,-1.004787558196035,58.0107622185335,1.572380086183548,False
41,interference_stage3.0.skip_connection.0,32,2,1000,0.05,0.0,0.0,post_relu_mean,10608.3046875,-10608.3046875,867.8858032226562,0.0,0.0,7979.709115982056,0.09031689798421466,-8.159754603972521,471.0977800741795,2.223856369256973,False
41,interference_stage3.0.skip_connection.0,32,2,1000,0.05,0.0,0.0,post_relu_mean,9875.689453125,-9875.689453125,748.5574340820312,0.0,0.0,6495.056667327881,0.0747564156655741,-6.644520456761419,383.61678706663434,1.91168506026268,False
41,interference_stage3.0.skip_connection.0,32,2,1000,0.05,0.0,0.0,post_relu_mean,9020.4775390625,-9020.4775390625,633.7647094726562,0.0,0.0,5218.579509735107,0.07547707534965069,-5.341739273340232,308.40182122896465,1.6601882845163345,False
41,interference_stage3.0.skip_connection.0,60,2,1000,0.005,0.0,0.0,post_relu_mean,822.0640869140625,-822.0640869140625,80.4908218383789,0.0,0.0,561.9030494689941,0.07695455438231782,-0.580222312145023,33.49874741161148,1.6188319528102875,False
41,interference_stage3.0.skip_connection.0,60,2,1000,0.005,0.0,0.0,post_relu_mean,736.722412109375,-736.722412109375,65.84439086914062,0.0,0.0,434.6205635070801,0.08160655093677564,-0.4517850191738191,26.083770916639494,1.3421951657533646,False
41,interference_stage3.0.skip_connection.0,60,2,1000,0.005,0.0,0.0,post_relu_mean,629.835693359375,-629.835693359375,52.001121520996094,0.0,0.0,324.91333770751953,0.10664552023103024,-0.3281473233234333,18.94555047380175,1.1232750111818313,False
41,interference_stage3.0.skip_connection.0,60,2,1000,0.01,0.0,0.0,post_relu_mean,1614.5565185546875,-1614.5565185546875,154.0878143310547,0.0,0.0,1133.6045265197754,0.07875756971713056,-1.1795472894329684,68.10039382082253,1.6747735720872878,False
41,interference_stage3.0.skip_connection.0,60,2,1000,0.01,0.0,0.0,post_relu_mean,1482.568115234375,-1482.568115234375,130.7277374267578,0.0,0.0,888.4911689758301,0.07747123714537785,-0.9151931424170612,52.83804913195336,1.4135267537832261,False
41,interference_stage3.0.skip_connection.0,60,2,1000,0.01,0.0,0.0,post_relu_mean,1298.5146484375,-1298.5146484375,104.51712036132812,0.0,0.0,678.4962844848633,0.08645617710414644,-0.6945301820564311,40.09824062044216,1.1888040071725845,False
41,interference_stage3.0.skip_connection.0,60,2,1000,0.05,0.0,0.0,post_relu_mean,8248.7490234375,-8248.7490234375,776.349365234375,0.0,0.0,5901.012607574463,0.08128731521688672,-5.977765371136232,345.12227483711854,1.782192365527153,False
41,interference_stage3.0.skip_connection.0,60,2,1000,0.05,0.0,0.0,post_relu_mean,7469.6826171875,-7469.6826171875,646.722412109375,0.0,0.0,4553.629535675049,0.0633793838903772,-4.666037688661944,269.3905371165493,1.488558919429779,False
41,interference_stage3.0.skip_connection.0,60,2,1000,0.05,0.0,0.0,post_relu_mean,6727.7236328125,-6727.7236328125,528.4910888671875,0.0,0.0,3563.861457824707,0.0658766085816819,-3.6408708552674756,210.20322168083297,1.2639747083187103,False
41,interference_stage3.0.skip_connection.0,97,2,1000,0.005,0.0,0.0,post_relu_mean,989.9097900390625,-989.9097900390625,99.6084213256836,0.0,0.0,673.2375450134277,0.07268090705006365,-0.6863401851312152,39.62537497344108,1.8122970688343047,False
41,interference_stage3.0.skip_connection.0,97,2,1000,0.005,0.0,0.0,post_relu_mean,901.6567993164062,-901.6567993164062,86.29008483886719,0.0,0.0,508.4006233215332,0.09480482989877478,-0.5145386833981153,29.70654548393023,1.437645629644394,False
41,interference_stage3.0.skip_connection.0,97,2,1000,0.005,0.0,0.0,post_relu_mean,780.954833984375,-780.954833984375,70.13432312011719,0.0,0.0,368.0942497253418,0.1341125215359497,-0.37700705086291714,21.766276101104403,1.1324568945169449,False
41,interference_stage3.0.skip_connection.0,97,2,1000,0.01,0.0,0.0,post_relu_mean,1984.4725341796875,-1984.4725341796875,198.4296875,0.0,0.0,1371.336483001709,0.07222560881641328,-1.4089787036240846,81.34642229746112,1.855241277217865,False
41,interference_stage3.0.skip_connection.0,97,2,1000,0.01,0.0,0.0,post_relu_mean,1795.1727294921875,-1795.1727294921875,170.79798889160156,0.0,0.0,1021.6309700012207,0.07726190780103807,-1.0544464756333263,60.87785642020186,1.4827246129512788,False
41,interference_stage3.0.skip_connection.0,97,2,1000,0.01,0.0,0.0,post_relu_mean,1581.8603515625,-1581.8603515625,142.40692138671875,0.0,0.0,735.3641777038574,0.1008475378683163,-0.7515243346018954,43.38875747975818,1.1673233550786972,False
41,interference_stage3.0.skip_connection.0,97,2,1000,0.05,0.0,0.0,post_relu_mean,10059.537109375,-10059.537109375,999.8070678710938,0.0,0.0,7042.2692222595215,0.058038499863883465,-7.152821231785679,412.96317390344007,1.9161091893911362,False
41,interference_stage3.0.skip_connection.0,97,2,1000,0.05,0.0,0.0,post_relu_mean,9345.181640625,-9345.181640625,885.874267578125,0.0,0.0,5353.796741485596,0.05568215103089393,-5.530337524185175,319.2902163521273,1.5393652218580245,False
41,interference_stage3.0.skip_connection.0,97,2,1000,0.05,0.0,0.0,post_relu_mean,8212.23046875,-8212.23046875,731.3541870117188,0.0,0.0,3832.05082321167,0.06354970063341654,-3.9230974653760864,226.49732861531095,1.226450645327568,False
41,interference_stage3.0.skip_connection.0,80,2,1000,0.005,0.0,0.0,post_relu_mean,701.1818237304688,-701.1818237304688,61.04966354370117,0.0,0.0,500.5784683227539,0.09283701701886021,-0.5255026916215507,30.33954718573739,1.4905477917194367,False
41,interference_stage3.0.skip_connection.0,80,2,1000,0.005,0.0,0.0,post_relu_mean,652.27099609375,-652.27099609375,51.61391830444336,0.0,0.0,415.4546928405762,0.06991117687064925,-0.42727138220874966,24.668233607654713,1.315091078877449,False
41,interference_stage3.0.skip_connection.0,80,2,1000,0.005,0.0,0.0,post_relu_mean,570.3038330078125,-570.3038330078125,42.672916412353516,0.0,0.0,322.6133613586426,0.08015824302983718,-0.330511103090535,19.081837172029946,1.1229914152622222,False
41,interference_stage3.0.skip_connection.0,80,2,1000,0.01,0.0,0.0,post_relu_mean,1399.8980712890625,-1399.8980712890625,118.33619689941406,0.0,0.0,1027.4350357055664,0.0902298071026299,-1.0647937897055826,61.475195174705235,1.540343405008316,False
41,interference_stage3.0.skip_connection.0,80,2,1000,0.01,0.0,0.0,post_relu_mean,1275.1602783203125,-1275.1602783203125,99.64681243896484,0.0,0.0,822.1959648132324,0.06808516931933448,-0.8439992884435148,48.727738999951946,1.3495462256669999,False
41,interference_stage3.0.skip_connection.0,80,2,1000,0.01,0.0,0.0,post_relu_mean,1173.9033203125,-1173.9033203125,86.3118896484375,0.0,0.0,664.3790168762207,0.07374318828551639,-0.6960629258956571,40.18672944350128,1.1721398967504502,False
41,interference_stage3.0.skip_connection.0,80,2,1000,0.05,0.0,0.0,post_relu_mean,7038.001953125,-7038.001953125,587.6316528320312,0.0,0.0,5257.652565002441,0.06970525254984096,-5.2997681079722305,305.97859960782756,1.6083516508340836,False
41,interference_stage3.0.skip_connection.0,80,2,1000,0.05,0.0,0.0,post_relu_mean,6682.3544921875,-6682.3544921875,510.0426330566406,0.0,0.0,4382.60892868042,0.061750259261868744,-4.4726870022336485,258.22748980317226,1.4296994715929032,False
41,interference_stage3.0.skip_connection.0,80,2,1000,0.05,0.0,0.0,post_relu_mean,6001.68505859375,-6001.68505859375,435.52471923828125,0.0,0.0,3396.8836555480957,0.04974841871930233,-3.4996357607914814,202.05017226141146,1.214259336590767,False
41,interference_stage3.0.skip_connection.0,123,2,1000,0.005,0.0,0.0,post_relu_mean,752.598388671875,-752.598388671875,78.93318176269531,0.0,0.0,498.9984378814697,0.06801206110157956,-0.5172970526808336,29.86579828542784,1.434765619635582,False
41,interference_stage3.0.skip_connection.0,123,2,1000,0.005,0.0,0.0,post_relu_mean,665.1376342773438,-665.1376342773438,64.42899322509766,0.0,0.0,371.3150100708008,0.06387396287664877,-0.38198131673720315,22.05343628830355,1.1448717659711838,False
41,interference_stage3.0.skip_connection.0,123,2,1000,0.005,0.0,0.0,post_relu_mean,578.1781005859375,-578.1781005859375,51.320011138916016,0.0,0.0,279.2741279602051,0.08134060783160244,-0.28096561462498476,16.22137709336127,0.9548541879653931,False
41,interference_stage3.0.skip_connection.0,123,2,1000,0.01,0.0,0.0,post_relu_mean,1510.0904541015625,-1510.0904541015625,156.28128051757812,0.0,0.0,1024.4461917877197,0.0695103942519225,-1.0573164629866476,61.04345688331493,1.4834243470430375,False
41,interference_stage3.0.skip_connection.0,123,2,1000,0.01,0.0,0.0,post_relu_mean,1358.55078125,-1358.55078125,128.64346313476562,0.0,0.0,775.763069152832,0.06191937181503176,-0.8086424617127878,46.6864377757645,1.2083706748485565,False
41,interference_stage3.0.skip_connection.0,123,2,1000,0.01,0.0,0.0,post_relu_mean,1143.78466796875,-1143.78466796875,99.62689971923828,0.0,0.0,555.0393562316895,0.06554396533232514,-0.5710885396951818,32.971548944912506,0.9830712205171586,False
41,interference_stage3.0.skip_connection.0,123,2,1000,0.05,0.0,0.0,post_relu_mean,7537.43896484375,-7537.43896484375,772.4185180664062,0.0,0.0,5203.38320350647,0.0530542384810151,-5.289404350343133,305.3800937060768,1.5184506893157959,False
41,interference_stage3.0.skip_connection.0,123,2,1000,0.05,0.0,0.0,post_relu_mean,7034.18896484375,-7034.18896484375,655.4970703125,0.0,0.0,4080.5600051879883,0.05293593308497727,-4.1979051166953,242.36360856709084,1.267848932147026,False
41,interference_stage3.0.skip_connection.0,123,2,1000,0.05,0.0,0.0,post_relu_mean,6077.43212890625,-6077.43212890625,520.0435180664062,0.0,0.0,2966.187000274658,0.048779400844575486,-3.0409295213459435,175.5659658326079,1.0466611802577972,False
44,interference_stage3.1.wave_feature_conv1,12,2,1000,0.005,0.0,0.0,post_relu_mean,1132.7183837890625,-1132.7183837890625,110.13542175292969,0.0,0.0,757.1655578613281,0.08649147223092979,-0.7900709930467988,45.61420970675312,1.8677122622728348,False
44,interference_stage3.1.wave_feature_conv1,12,2,1000,0.005,0.0,0.0,post_relu_mean,1072.9942626953125,-1072.9942626953125,99.60755920410156,0.0,0.0,594.8040504455566,0.059408879284786324,-0.6196003331174588,35.7722378782933,1.4948356848955155,False
44,interference_stage3.1.wave_feature_conv1,12,2,1000,0.005,0.0,0.0,post_relu_mean,962.6465454101562,-962.6465454101562,84.38450622558594,0.0,0.0,441.573673248291,0.05118896715294227,-0.4555788161442927,26.302530754888355,1.18182899415493,False
44,interference_stage3.1.wave_feature_conv1,12,2,1000,0.01,0.0,0.0,post_relu_mean,2229.9931640625,-2229.9931640625,216.082275390625,0.0,0.0,1536.5997619628906,0.09437881693521885,-1.5741607983253785,90.88311684897799,1.9221510469913483,False
44,interference_stage3.1.wave_feature_conv1,12,2,1000,0.01,0.0,0.0,post_relu_mean,2131.441650390625,-2131.441650390625,196.4066619873047,0.0,0.0,1217.6554908752441,0.07408200896844097,-1.2669142325634555,73.14442120137696,1.5573012566566466,False
44,interference_stage3.1.wave_feature_conv1,12,2,1000,0.01,0.0,0.0,post_relu_mean,1915.1971435546875,-1915.1971435546875,166.0279541015625,0.0,0.0,904.2635841369629,0.05939803524645472,-0.9302231152885756,53.705793573362186,1.2321118611097335,False
44,interference_stage3.1.wave_feature_conv1,12,2,1000,0.05,0.0,0.0,post_relu_mean,11154.8486328125,-11154.8486328125,1074.3831787109375,0.0,0.0,7886.552642822266,0.07480233940896218,-7.964511517695168,459.8255685582428,1.9899308055639267,False
44,interference_stage3.1.wave_feature_conv1,12,2,1000,0.05,0.0,0.0,post_relu_mean,10669.91796875,-10669.91796875,985.3289794921875,0.0,0.0,6205.981296539307,0.060449202837631194,-6.2984516895637235,363.6367519291097,1.5977951979637146,False
44,interference_stage3.1.wave_feature_conv1,12,2,1000,0.05,0.0,0.0,post_relu_mean,9502.6181640625,-9502.6181640625,820.918701171875,0.0,0.0,4562.3401222229,0.04727463551811268,-4.621283139805546,266.80662504512065,1.2724324518442154,False
44,interference_stage3.1.wave_feature_conv1,81,2,1000,0.005,0.0,0.0,post_relu_mean,962.4168090820312,-962.4168090820312,98.2949447631836,0.0,0.0,626.114688873291,0.11264299226814849,-0.6593723739272682,38.06847251330169,1.6388584756851197,False
44,interference_stage3.1.wave_feature_conv1,81,2,1000,0.005,0.0,0.0,post_relu_mean,870.4739379882812,-870.4739379882812,82.60840606689453,0.0,0.0,472.5522232055664,0.07481823454691167,-0.49136655803632645,28.368715294976358,1.28451457798481,False
44,interference_stage3.1.wave_feature_conv1,81,2,1000,0.005,0.0,0.0,post_relu_mean,757.984619140625,-757.984619140625,66.25791931152344,0.0,0.0,349.48661041259766,0.043297539124574166,-0.3630989817332714,20.963335763365826,1.0245882022380828,False
44,interference_stage3.1.wave_feature_conv1,81,2,1000,0.01,0.0,0.0,post_relu_mean,1894.7431640625,-1894.7431640625,191.8377227783203,0.0,0.0,1277.812686920166,0.10795790756956644,-1.3076695552337538,75.49743837447114,1.6920075380802155,False
44,interference_stage3.1.wave_feature_conv1,81,2,1000,0.01,0.0,0.0,post_relu_mean,1714.88623046875,-1714.88623046875,161.2283935546875,0.0,0.0,963.1745681762695,0.07442233132302846,-0.9770765051902176,56.41084639696844,1.3316586816310882,False
44,interference_stage3.1.wave_feature_conv1,81,2,1000,0.01,0.0,0.0,post_relu_mean,1480.17822265625,-1480.17822265625,127.82847595214844,0.0,0.0,702.2569046020508,0.049086510569124185,-0.7171728643344256,41.405495466927,1.0650431007146834,False
44,interference_stage3.1.wave_feature_conv1,81,2,1000,0.05,0.0,0.0,post_relu_mean,9263.384765625,-9263.384765625,925.5706176757812,0.0,0.0,6445.255558013916,0.07284970799372707,-6.485939904967352,374.4612623581542,1.7274224579334259,False
44,interference_stage3.1.wave_feature_conv1,81,2,1000,0.05,0.0,0.0,post_relu_mean,8454.095703125,-8454.095703125,785.276123046875,0.0,0.0,4894.169136047363,0.05557369177647911,-4.944448096981233,285.4643340482346,1.3892787086963654,False
44,interference_stage3.1.wave_feature_conv1,81,2,1000,0.05,0.0,0.0,post_relu_mean,7539.86572265625,-7539.86572265625,639.2559204101562,0.0,0.0,3693.3795852661133,0.04571193667962813,-3.7607969302626114,217.12705243339167,1.122783458828926,False
44,interference_stage3.1.wave_feature_conv1,42,2,1000,0.005,0.0,0.0,post_relu_mean,1008.302978515625,-1008.302978515625,105.34900665283203,0.0,0.0,653.9297828674316,0.09152627411105461,-0.672848469267762,38.846465668661786,1.6559748154878617,False
44,interference_stage3.1.wave_feature_conv1,42,2,1000,0.005,0.0,0.0,post_relu_mean,911.3516235351562,-911.3516235351562,88.94689178466797,0.0,0.0,488.0334701538086,0.04899094504403628,-0.49839845111880976,28.77470062567297,1.2735978752374648,False
44,interference_stage3.1.wave_feature_conv1,42,2,1000,0.005,0.0,0.0,post_relu_mean,780.11083984375,-780.11083984375,70.79955291748047,0.0,0.0,347.5254669189453,0.030661778608987687,-0.35517668153343224,20.505889681595868,0.9707759240269661,False
44,interference_stage3.1.wave_feature_conv1,42,2,1000,0.01,0.0,0.0,post_relu_mean,1957.28076171875,-1957.28076171875,203.9127655029297,0.0,0.0,1307.2162818908691,0.08138609728954294,-1.335503282449004,77.10435768730225,1.6713980913162232,False
44,interference_stage3.1.wave_feature_conv1,42,2,1000,0.01,0.0,0.0,post_relu_mean,1791.0367431640625,-1791.0367431640625,174.0710906982422,0.0,0.0,984.6597213745117,0.04957476323956605,-1.0062577954982321,58.095602498645974,1.2985524147748948,False
44,interference_stage3.1.wave_feature_conv1,42,2,1000,0.01,0.0,0.0,post_relu_mean,1542.298583984375,-1542.298583984375,138.7128143310547,0.0,0.0,702.2336578369141,0.0368305438543699,-0.7169801814778035,41.39437332548402,1.0096276840567588,False
44,interference_stage3.1.wave_feature_conv1,42,2,1000,0.05,0.0,0.0,post_relu_mean,9570.513671875,-9570.513671875,994.4296264648438,0.0,0.0,6548.898410797119,0.05676619835896133,-6.635426637252845,383.0918235438575,1.7076325744390488,False
44,interference_stage3.1.wave_feature_conv1,42,2,1000,0.05,0.0,0.0,post_relu_mean,8941.5478515625,-8941.5478515625,865.0886840820312,0.0,0.0,5025.5913009643555,0.043521001859423675,-5.096280629916138,294.2302758315963,1.3499402850866318,False
44,interference_stage3.1.wave_feature_conv1,42,2,1000,0.05,0.0,0.0,post_relu_mean,7922.4560546875,-7922.4560546875,705.0358276367188,0.0,0.0,3684.453140258789,0.036192408839183926,-3.747153805554124,216.3393244696628,1.0600567293167114,False
44,interference_stage3.1.wave_feature_conv1,127,2,1000,0.005,0.0,0.0,post_relu_mean,1035.1197509765625,-1035.1197509765625,110.2629165649414,0.0,0.0,668.5680809020996,0.08653272849275118,-0.6831699626261408,39.4423518183726,1.7321624100208282,False
44,interference_stage3.1.wave_feature_conv1,127,2,1000,0.005,0.0,0.0,post_relu_mean,964.3543090820312,-964.3543090820312,97.68278503417969,0.0,0.0,504.3174705505371,0.04642348136317543,-0.5179253210807199,29.902099716333808,1.31952445268631,False
44,interference_stage3.1.wave_feature_conv1,127,2,1000,0.005,0.0,0.0,post_relu_mean,830.1380004882812,-830.1380004882812,77.883056640625,0.0,0.0,357.67403411865234,0.043438088560900666,-0.3669930829081273,21.188097226923006,0.9903976339101791,False
44,interference_stage3.1.wave_feature_conv1,127,2,1000,0.01,0.0,0.0,post_relu_mean,2027.463623046875,-2027.463623046875,216.87646484375,0.0,0.0,1341.0713157653809,0.08089718972214502,-1.373338854681084,79.2887917119155,1.7597960942983628,False
44,interference_stage3.1.wave_feature_conv1,127,2,1000,0.01,0.0,0.0,post_relu_mean,1902.1610107421875,-1902.1610107421875,191.38409423828125,0.0,0.0,1020.4683494567871,0.0563609639824635,-1.0383561307935285,59.94877305819089,1.3687571012973785,False
44,interference_stage3.1.wave_feature_conv1,127,2,1000,0.01,0.0,0.0,post_relu_mean,1649.6722412109375,-1649.6722412109375,153.84197998046875,0.0,0.0,721.4547348022461,0.041910587374692394,-0.7393365618594809,42.68521189329579,1.0216532617807388,False
44,interference_stage3.1.wave_feature_conv1,127,2,1000,0.05,0.0,0.0,post_relu_mean,10083.7236328125,-10083.7236328125,1072.4542236328125,0.0,0.0,6830.597927093506,0.06618086544011874,-6.918581401424684,399.43952773564314,1.814129718542099,False
44,interference_stage3.1.wave_feature_conv1,127,2,1000,0.05,0.0,0.0,post_relu_mean,9350.16015625,-9350.16015625,936.0340576171875,0.0,0.0,5117.542568206787,0.045612258176039255,-5.158483391772293,297.82163897792617,1.3901188886165619,False
44,interference_stage3.1.wave_feature_conv1,127,2,1000,0.05,0.0,0.0,post_relu_mean,8256.9658203125,-8256.9658203125,766.10302734375,0.0,0.0,3655.182029724121,0.03857344161699416,-3.6689861163765416,211.82648272400849,1.0777557629346848,False
44,interference_stage3.1.wave_feature_conv1,31,2,1000,0.005,0.0,0.0,post_relu_mean,949.4282836914062,-949.4282836914062,108.61741638183594,0.0,0.0,593.4952411651611,0.08357553696391948,-0.6187376416969628,35.72238839178846,1.5947998893260955,False
44,interference_stage3.1.wave_feature_conv1,31,2,1000,0.005,0.0,0.0,post_relu_mean,870.2134399414062,-870.2134399414062,94.02935791015625,0.0,0.0,432.3647270202637,0.06612668702214308,-0.45599919204065303,26.326937065716002,1.2260834062099457,False
44,interference_stage3.1.wave_feature_conv1,31,2,1000,0.005,0.0,0.0,post_relu_mean,735.4622802734375,-735.4622802734375,74.85466003417969,0.0,0.0,286.9819221496582,0.061500522296719456,-0.29653274963008114,17.120133981464047,0.8918827950954438,False
44,interference_stage3.1.wave_feature_conv1,31,2,1000,0.01,0.0,0.0,post_relu_mean,1890.9373779296875,-1890.9373779296875,213.6570281982422,0.0,0.0,1219.8854999542236,0.09301420137825495,-1.2519958370205593,72.2831506232842,1.6576871865987777,False
44,interference_stage3.1.wave_feature_conv1,31,2,1000,0.01,0.0,0.0,post_relu_mean,1706.7730712890625,-1706.7730712890625,183.9279327392578,0.0,0.0,864.3807487487793,0.06569680102928172,-0.8895781107448827,51.359178044389616,1.2494006198644638,False
44,interference_stage3.1.wave_feature_conv1,31,2,1000,0.01,0.0,0.0,post_relu_mean,1461.4774169921875,-1461.4774169921875,146.964599609375,0.0,0.0,580.3374214172363,0.05983755046985269,-0.6025428744849481,34.787450274552526,0.9291155168414116,False
44,interference_stage3.1.wave_feature_conv1,31,2,1000,0.05,0.0,0.0,post_relu_mean,9302.099609375,-9302.099609375,1042.207763671875,0.0,0.0,6145.395753860474,0.07566210289349076,-6.173678160435455,356.43302223517156,1.725059545636177,False
44,interference_stage3.1.wave_feature_conv1,31,2,1000,0.05,0.0,0.0,post_relu_mean,8658.646484375,-8658.646484375,920.6409301757812,0.0,0.0,4501.045604705811,0.05912684656791378,-4.581740418327352,264.52360673829145,1.3108104330301285,False
44,interference_stage3.1.wave_feature_conv1,31,2,1000,0.05,0.0,0.0,post_relu_mean,7550.55126953125,-7550.55126953125,742.0390625,0.0,0.0,3098.964496612549,0.05707078193730832,-3.15031703215676,181.88140047466348,1.0287524801492691,False
46,interference_stage3.1.wave_feature_conv2,38,2,1000,0.005,0.0,0.0,post_relu_mean,871.2848510742188,-871.2848510742188,56.44353485107422,0.0,0.0,660.2966346740723,0.07886545363507434,-0.6796455158418756,39.23889996016243,1.6818066591024399,False
46,interference_stage3.1.wave_feature_conv2,38,2,1000,0.005,0.0,0.0,post_relu_mean,860.9036254882812,-860.9036254882812,54.848114013671875,0.0,0.0,579.0305709838867,0.06138965613526144,-0.5988482436670294,34.57413377051619,1.4730937135219575,False
46,interference_stage3.1.wave_feature_conv2,38,2,1000,0.005,0.0,0.0,post_relu_mean,851.4970092773438,-851.4970092773438,53.344112396240234,0.0,0.0,502.97690773010254,0.04633111496249055,-0.5166140264346452,29.82636487705972,1.2731700611114503,False
46,interference_stage3.1.wave_feature_conv2,38,2,1000,0.01,0.0,0.0,post_relu_mean,1707.3681640625,-1707.3681640625,110.2363052368164,0.0,0.0,1335.0015907287598,0.0799648358079398,-1.3611772554140513,78.58663453209225,1.7174043333530427,False
46,interference_stage3.1.wave_feature_conv2,38,2,1000,0.01,0.0,0.0,post_relu_mean,1694.5657958984375,-1694.5657958984375,107.43949890136719,0.0,0.0,1176.0314865112305,0.06318320259401786,-1.1996774778836021,69.26254764057191,1.5015493553876877,False
46,interference_stage3.1.wave_feature_conv2,38,2,1000,0.01,0.0,0.0,post_relu_mean,1667.7034912109375,-1667.7034912109375,104.3047103881836,0.0,0.0,1013.4197788238525,0.0491146706065694,-1.0408354106557742,60.091944576619426,1.2982098418474197,False
46,interference_stage3.1.wave_feature_conv2,38,2,1000,0.05,0.0,0.0,post_relu_mean,8482.6826171875,-8482.6826171875,545.0933837890625,0.0,0.0,6805.74475479126,0.05969061678473049,-6.891725619922723,397.8889952512427,1.7607132285833358,False
46,interference_stage3.1.wave_feature_conv2,38,2,1000,0.05,0.0,0.0,post_relu_mean,8435.412109375,-8435.412109375,535.5498046875,0.0,0.0,5990.381462097168,0.050165539493817045,-6.064794464832324,350.14670823933955,1.5370774114131927,False
46,interference_stage3.1.wave_feature_conv2,38,2,1000,0.05,0.0,0.0,post_relu_mean,8266.3017578125,-8266.3017578125,515.3324584960938,0.0,0.0,5145.8516635894775,0.04291512137596089,-5.1904805631615405,299.6687900779281,1.338343290090561,False
46,interference_stage3.1.wave_feature_conv2,75,2,1000,0.005,0.0,0.0,post_relu_mean,707.6484375,-707.6484375,57.2265739440918,0.0,0.0,502.01659774780273,0.09358412398742817,-0.5203765166913596,30.043589523221648,1.3547863179445268,False
46,interference_stage3.1.wave_feature_conv2,75,2,1000,0.005,0.0,0.0,post_relu_mean,695.4663696289062,-695.4663696289062,54.440208435058594,0.0,0.0,423.2232303619385,0.07944825076986042,-0.43698846457520085,25.229227638214848,1.1436605268716813,False
46,interference_stage3.1.wave_feature_conv2,75,2,1000,0.005,0.0,0.0,post_relu_mean,659.0391235351562,-659.0391235351562,49.31624221801758,0.0,0.0,342.5694522857666,0.06803980966252227,-0.3537155196229148,20.421523158511903,0.9501584100723267,False
46,interference_stage3.1.wave_feature_conv2,75,2,1000,0.01,0.0,0.0,post_relu_mean,1394.3177490234375,-1394.3177490234375,113.04678344726562,0.0,0.0,1021.2252159118652,0.08582876075791909,-1.0522005265402632,60.748125764701875,1.3809984868764877,False
46,interference_stage3.1.wave_feature_conv2,75,2,1000,0.01,0.0,0.0,post_relu_mean,1357.4525146484375,-1357.4525146484375,105.7317123413086,0.0,0.0,854.3976078033447,0.07477072502254743,-0.8761000067329563,50.58103094101921,1.1725887662172318,False
46,interference_stage3.1.wave_feature_conv2,75,2,1000,0.01,0.0,0.0,post_relu_mean,1303.6458740234375,-1303.6458740234375,96.89872741699219,0.0,0.0,701.6813297271729,0.0638529305019431,-0.724309493159082,41.817516034214485,0.9789915925264359,False
46,interference_stage3.1.wave_feature_conv2,75,2,1000,0.05,0.0,0.0,post_relu_mean,7119.01025390625,-7119.01025390625,571.9190063476562,0.0,0.0,5369.300777435303,0.06967524709173153,-5.521530400076406,318.78182622620943,1.445742638707161,False
46,interference_stage3.1.wave_feature_conv2,75,2,1000,0.05,0.0,0.0,post_relu_mean,6871.3046875,-6871.3046875,535.8676147460938,0.0,0.0,4432.638208389282,0.059921847125164907,-4.490259801477946,259.2421498860517,1.2241642075777053,False
46,interference_stage3.1.wave_feature_conv2,75,2,1000,0.05,0.0,0.0,post_relu_mean,6521.52392578125,-6521.52392578125,480.9640197753906,0.0,0.0,3615.1675357818604,0.05270514189754168,-3.696040953697183,213.38836179821894,1.0195984941720964,False
46,interference_stage3.1.wave_feature_conv2,104,2,1000,0.005,0.0,0.0,post_relu_mean,603.2867431640625,-603.2867431640625,57.83296203613281,0.0,0.0,407.12135314941406,0.0672776715302569,-0.42409734510940894,24.48500863338289,1.1054902470111847,False
46,interference_stage3.1.wave_feature_conv2,104,2,1000,0.005,0.0,0.0,post_relu_mean,576.0322265625,-576.0322265625,53.69041061401367,0.0,0.0,318.57908821105957,0.04855446517003163,-0.3330687626702996,19.229495243039523,0.8806427136063576,False
46,interference_stage3.1.wave_feature_conv2,104,2,1000,0.005,0.0,0.0,post_relu_mean,538.7459716796875,-538.7459716796875,48.112693786621094,0.0,0.0,241.0437183380127,0.029782144282637556,-0.2483044610867164,14.33568991358673,0.6802870187163353,False
46,interference_stage3.1.wave_feature_conv2,104,2,1000,0.01,0.0,0.0,post_relu_mean,1188.7470703125,-1188.7470703125,113.88488006591797,0.0,0.0,824.4259185791016,0.06286893088549937,-0.8488543406364699,49.00802592815826,1.1230944234132767,False
46,interference_stage3.1.wave_feature_conv2,104,2,1000,0.01,0.0,0.0,post_relu_mean,1153.525146484375,-1153.525146484375,106.65708923339844,0.0,0.0,657.7219409942627,0.05094860279471777,-0.6786638073544612,39.1821998070256,0.9101832643151283,False
46,interference_stage3.1.wave_feature_conv2,104,2,1000,0.01,0.0,0.0,post_relu_mean,1067.4764404296875,-1067.4764404296875,94.79802703857422,0.0,0.0,489.66218757629395,0.03214621230207679,-0.502299771315694,28.99993062003938,0.7003756776452065,False
46,interference_stage3.1.wave_feature_conv2,104,2,1000,0.05,0.0,0.0,post_relu_mean,5952.349609375,-5952.349609375,566.6311645507812,0.0,0.0,4229.789566040039,0.05044070446279348,-4.300236781615342,248.27131375620516,1.1714781850576401,False
46,interference_stage3.1.wave_feature_conv2,104,2,1000,0.05,0.0,0.0,post_relu_mean,5725.56494140625,-5725.56494140625,527.8910522460938,0.0,0.0,3334.208879470825,0.03595167972752084,-3.3727903554034158,194.7257296246372,0.9371795225143432,False
46,interference_stage3.1.wave_feature_conv2,104,2,1000,0.05,0.0,0.0,post_relu_mean,5414.130859375,-5414.130859375,478.9111328125,0.0,0.0,2531.6379566192627,0.02784290300154666,-2.5741821521612254,148.6186323538796,0.7338463059067726,False
46,interference_stage3.1.wave_feature_conv2,125,2,1000,0.005,0.0,0.0,post_relu_mean,483.74798583984375,-483.74798583984375,54.85548782348633,0.0,0.0,301.7926654815674,0.040817261122366034,-0.3127586800204672,18.056961704032524,0.7928818953037262,False
46,interference_stage3.1.wave_feature_conv2,125,2,1000,0.005,0.0,0.0,post_relu_mean,458.0388488769531,-458.0388488769531,49.50484848022461,0.0,0.0,224.75926208496094,0.02682432826707872,-0.23246424348322325,13.421162563441303,0.5973495930433274,False
46,interference_stage3.1.wave_feature_conv2,125,2,1000,0.005,0.0,0.0,post_relu_mean,407.1534729003906,-407.1534729003906,41.580623626708984,0.0,0.0,154.04306030273438,0.023941717038843402,-0.15930336771602885,9.197274646332179,0.42237313091754913,False
46,interference_stage3.1.wave_feature_conv2,125,2,1000,0.01,0.0,0.0,post_relu_mean,960.126953125,-960.126953125,109.24592590332031,0.0,0.0,615.0003070831299,0.04298730342214063,-0.629036760518317,36.317005084188615,0.8156537130475044,False
46,interference_stage3.1.wave_feature_conv2,125,2,1000,0.01,0.0,0.0,post_relu_mean,899.972412109375,-899.972412109375,96.95630645751953,0.0,0.0,453.16127014160156,0.028988524863761442,-0.4662491417174344,26.91859601255363,0.6127269014716148,False
46,interference_stage3.1.wave_feature_conv2,125,2,1000,0.01,0.0,0.0,post_relu_mean,809.1747436523438,-809.1747436523438,82.22307586669922,0.0,0.0,312.2096252441406,0.022520968907401545,-0.3220799211996902,18.59506818868066,0.43711640998721124,False
46,interference_stage3.1.wave_feature_conv2,125,2,1000,0.05,0.0,0.0,post_relu_mean,4820.66455078125,-4820.66455078125,549.182861328125,0.0,0.0,3155.727113723755,0.03540039389690394,-3.1952711030300165,184.47676219679957,0.8427721408009529,False
46,interference_stage3.1.wave_feature_conv2,125,2,1000,0.05,0.0,0.0,post_relu_mean,4528.8955078125,-4528.8955078125,482.9901123046875,0.0,0.0,2344.932174682617,0.026249838561585182,-2.389522524256954,137.9574346010044,0.6396110388636589,False
46,interference_stage3.1.wave_feature_conv2,125,2,1000,0.05,0.0,0.0,post_relu_mean,4070.488525390625,-4070.488525390625,410.1824645996094,0.0,0.0,1605.7671203613281,0.019895945008498773,-1.625596442981143,93.85270858698719,0.45747787192463873,False
46,interference_stage3.1.wave_feature_conv2,11,2,1000,0.005,0.0,0.0,post_relu_mean,490.3619689941406,-490.3619689941406,55.106136322021484,0.0,0.0,307.9891948699951,0.03876837157708113,-0.32088400769589553,18.526017071126304,0.7970629987120629,False
46,interference_stage3.1.wave_feature_conv2,11,2,1000,0.005,0.0,0.0,post_relu_mean,459.8250732421875,-459.8250732421875,49.99140930175781,0.0,0.0,224.6943016052246,0.018331855226593335,-0.23214695000553723,13.402844316079841,0.5918219482898712,False
46,interference_stage3.1.wave_feature_conv2,11,2,1000,0.005,0.0,0.0,post_relu_mean,415.7609558105469,-415.7609558105469,42.79732894897461,0.0,0.0,155.69249725341797,0.021995674942594197,-0.16287727234074403,9.403614624828501,0.43488215282559395,False
46,interference_stage3.1.wave_feature_conv2,11,2,1000,0.01,0.0,0.0,post_relu_mean,960.8748168945312,-960.8748168945312,107.36808013916016,0.0,0.0,621.7161846160889,0.03667135969366294,-0.6396851104596707,36.931776178011106,0.8140304091572762,False
46,interference_stage3.1.wave_feature_conv2,11,2,1000,0.01,0.0,0.0,post_relu_mean,918.555419921875,-918.555419921875,99.30319213867188,0.0,0.0,461.52160263061523,0.024260433252329777,-0.47845871009446134,27.623488619329667,0.6152227282524109,False
46,interference_stage3.1.wave_feature_conv2,11,2,1000,0.01,0.0,0.0,post_relu_mean,823.6700439453125,-823.6700439453125,84.55816650390625,0.0,0.0,313.0365524291992,0.019984501335228656,-0.3257975898021107,18.809700592432513,0.43836126044392587,False
46,interference_stage3.1.wave_feature_conv2,11,2,1000,0.05,0.0,0.0,post_relu_mean,4804.0986328125,-4804.0986328125,534.3681640625,0.0,0.0,3183.9397563934326,0.029466241240190448,-3.233861995963961,186.70482027468123,0.842064656317234,False
46,interference_stage3.1.wave_feature_conv2,11,2,1000,0.05,0.0,0.0,post_relu_mean,4539.37060546875,-4539.37060546875,488.61309814453125,0.0,0.0,2330.4421348571777,0.02068527125595355,-2.3666444644514555,136.6365766450156,0.6331397953629494,False
46,interference_stage3.1.wave_feature_conv2,11,2,1000,0.05,0.0,0.0,post_relu_mean,4072.487548828125,-4072.487548828125,413.2890625,0.0,0.0,1589.4686813354492,0.016302152386004447,-1.620478946208274,93.55724063443108,0.4545411404967308,False
51,source_localization_stage4.0.wave_feature_conv1,7,2,1000,0.005,0.0,0.0,post_relu_mean,845.5743408203125,-845.5743408203125,44.69091033935547,0.0,0.0,672.8483772277832,0.10916453457794374,-0.702741961386559,40.572322272427016,1.9086852484941483,False
51,source_localization_stage4.0.wave_feature_conv1,7,2,1000,0.005,0.0,0.0,post_relu_mean,836.8060302734375,-836.8060302734375,41.564453125,0.0,0.0,619.0922088623047,0.0903799529927917,-0.6519315675457804,37.63884769237468,1.7428052628040314,False
51,source_localization_stage4.0.wave_feature_conv1,7,2,1000,0.005,0.0,0.0,post_relu_mean,795.8782958984375,-795.8782958984375,37.511375427246094,0.0,0.0,548.1157035827637,0.05818785986323596,-0.5672525276419264,32.750043323105174,1.5509734493494034,False
51,source_localization_stage4.0.wave_feature_conv1,7,2,1000,0.01,0.0,0.0,post_relu_mean,1714.908203125,-1714.908203125,89.6341323852539,0.0,0.0,1407.3526496887207,0.12108953144045827,-1.4437539400704253,83.35413341916991,2.0000853657722475,False
51,source_localization_stage4.0.wave_feature_conv1,7,2,1000,0.01,0.0,0.0,post_relu_mean,1654.375,-1654.375,80.99180603027344,0.0,0.0,1259.2380828857422,0.09059439503677195,-1.299316650427247,75.01514601007052,1.781314263343811,False
51,source_localization_stage4.0.wave_feature_conv1,7,2,1000,0.01,0.0,0.0,post_relu_mean,1596.318115234375,-1596.318115234375,73.82957458496094,0.0,0.0,1130.6463432312012,0.07707293213567012,-1.1694086892730178,67.51500295853667,1.620509306192398,False
51,source_localization_stage4.0.wave_feature_conv1,7,2,1000,0.05,0.0,0.0,post_relu_mean,8521.017578125,-8521.017578125,443.760986328125,0.0,0.0,7151.081165313721,0.09176698199529004,-7.200186473045613,415.6977751437202,2.082049950361252,False
51,source_localization_stage4.0.wave_feature_conv1,7,2,1000,0.05,0.0,0.0,post_relu_mean,8328.96875,-8328.96875,404.64556884765625,0.0,0.0,6477.389694213867,0.0834174451649553,-6.54084397617753,377.6311108246428,1.8939256477355957,False
51,source_localization_stage4.0.wave_feature_conv1,7,2,1000,0.05,0.0,0.0,post_relu_mean,8057.02978515625,-8057.02978515625,366.12945556640625,0.0,0.0,5837.558574676514,0.06489329544551613,-5.9517376963965125,343.61957228772377,1.6893646293878555,False
51,source_localization_stage4.0.wave_feature_conv1,45,2,1000,0.005,0.0,0.0,post_relu_mean,610.4515991210938,-610.4515991210938,36.21844482421875,0.0,0.0,470.8051986694336,0.0837896954753395,-0.49092800581275514,28.343422535927886,1.4671315622329713,False
51,source_localization_stage4.0.wave_feature_conv1,45,2,1000,0.005,0.0,0.0,post_relu_mean,589.258544921875,-589.258544921875,32.72313690185547,0.0,0.0,419.0373344421387,0.07141288287982324,-0.43782873751226115,25.277754482322944,1.3270773607492448,False
51,source_localization_stage4.0.wave_feature_conv1,45,2,1000,0.005,0.0,0.0,post_relu_mean,557.5610961914062,-557.5610961914062,28.45195770263672,0.0,0.0,371.90625,0.06588646531823565,-0.3911642054585912,22.583639042822547,1.2068906450271606,False
51,source_localization_stage4.0.wave_feature_conv1,45,2,1000,0.01,0.0,0.0,post_relu_mean,1214.2550048828125,-1214.2550048828125,69.83172607421875,0.0,0.0,973.7687606811523,0.09103693208515673,-1.0096241344021881,58.28995167835045,1.5338702124357224,False
51,source_localization_stage4.0.wave_feature_conv1,45,2,1000,0.01,0.0,0.0,post_relu_mean,1178.4765625,-1178.4765625,62.24903869628906,0.0,0.0,875.3888053894043,0.08399980183649132,-0.8990657215923809,51.90697441325251,1.39742988884449,False
51,source_localization_stage4.0.wave_feature_conv1,45,2,1000,0.01,0.0,0.0,post_relu_mean,1141.92041015625,-1141.92041015625,55.55297088623047,0.0,0.0,793.6594848632812,0.08126827562742686,-0.8286864496441513,47.84380603041769,1.285245468020439,False
51,source_localization_stage4.0.wave_feature_conv1,45,2,1000,0.05,0.0,0.0,post_relu_mean,6258.83544921875,-6258.83544921875,349.3744812011719,0.0,0.0,5179.720848083496,0.07919923474696329,-5.296708511951081,305.8018546509356,1.6357776302099227,False
51,source_localization_stage4.0.wave_feature_conv1,45,2,1000,0.05,0.0,0.0,post_relu_mean,5942.6953125,-5942.6953125,306.2833251953125,0.0,0.0,4541.453319549561,0.07162126754589465,-4.589676188193767,264.98180410077197,1.470944452881813,False
51,source_localization_stage4.0.wave_feature_conv1,45,2,1000,0.05,0.0,0.0,post_relu_mean,5724.63720703125,-5724.63720703125,274.00128173828125,0.0,0.0,4065.686279296875,0.0660379528570836,-4.121623468687303,237.9591932842606,1.341386266350746,False
51,source_localization_stage4.0.wave_feature_conv1,102,2,1000,0.005,0.0,0.0,post_relu_mean,945.818359375,-945.818359375,45.859527587890625,0.0,0.0,778.7105197906494,0.3922293040286186,-0.8090134483434107,46.708097972785524,3.135582784414291,False
51,source_localization_stage4.0.wave_feature_conv1,102,2,1000,0.005,0.0,0.0,post_relu_mean,887.045654296875,-887.045654296875,42.33973693847656,0.0,0.0,675.020092010498,0.27853009119574745,-0.6970448725634643,40.24341061515708,2.664364432096481,False
51,source_localization_stage4.0.wave_feature_conv1,102,2,1000,0.005,0.0,0.0,post_relu_mean,871.446044921875,-871.446044921875,40.20414733886719,0.0,0.0,616.7569122314453,0.24169379611299158,-0.6381784024428492,36.84482420950802,2.4460005104541778,False
51,source_localization_stage4.0.wave_feature_conv1,102,2,1000,0.01,0.0,0.0,post_relu_mean,1840.386474609375,-1840.386474609375,88.93016815185547,0.0,0.0,1544.0667209625244,0.3712116050147416,-1.590270984924037,91.81335705400991,3.2382994961738585,False
51,source_localization_stage4.0.wave_feature_conv1,102,2,1000,0.01,0.0,0.0,post_relu_mean,1835.20166015625,-1835.20166015625,86.33055877685547,0.0,0.0,1425.217357635498,0.3035664991768338,-1.4949393836164266,86.30977957902061,2.90118369102478,False
51,source_localization_stage4.0.wave_feature_conv1,102,2,1000,0.01,0.0,0.0,post_relu_mean,1766.2230224609375,-1766.2230224609375,80.50598907470703,0.0,0.0,1269.7227325439453,0.2705480544126293,-1.305449030787537,75.36939545575453,2.658474074602127,False
51,source_localization_stage4.0.wave_feature_conv1,102,2,1000,0.05,0.0,0.0,post_relu_mean,9305.591796875,-9305.591796875,445.1368103027344,0.0,0.0,7940.652414321899,0.2913474293448272,-8.115096369718811,468.5195088932725,3.493921501636505,False
51,source_localization_stage4.0.wave_feature_conv1,102,2,1000,0.05,0.0,0.0,post_relu_mean,9244.4462890625,-9244.4462890625,434.5295715332031,0.0,0.0,7267.566722869873,0.2894571338369614,-7.343282608310324,423.9599067706742,3.210170509815216,False
51,source_localization_stage4.0.wave_feature_conv1,102,2,1000,0.05,0.0,0.0,post_relu_mean,8909.638671875,-8909.638671875,410.9624938964844,0.0,0.0,6430.399490356445,0.22226367555562565,-6.594051793555581,380.70305459191235,2.8139903008937837,False
51,source_localization_stage4.0.wave_feature_conv1,75,2,1000,0.005,0.0,0.0,post_relu_mean,964.7128295898438,-964.7128295898438,47.94782257080078,0.0,0.0,791.3816299438477,0.2900015643160275,-0.8040550612459159,46.421611393861625,3.0121108329296113,False
51,source_localization_stage4.0.wave_feature_conv1,75,2,1000,0.005,0.0,0.0,post_relu_mean,947.6729125976562,-947.6729125976562,45.694644927978516,0.0,0.0,720.5919570922852,0.2496894935106114,-0.7344919722083627,42.40554278664555,2.734066640138626,False
51,source_localization_stage4.0.wave_feature_conv1,75,2,1000,0.005,0.0,0.0,post_relu_mean,925.8419189453125,-925.8419189453125,43.473751068115234,0.0,0.0,651.5770645141602,0.20937170095922078,-0.6624168779726084,38.24420670127352,2.5023444974422455,False
51,source_localization_stage4.0.wave_feature_conv1,75,2,1000,0.01,0.0,0.0,post_relu_mean,1940.345458984375,-1940.345458984375,95.41627502441406,0.0,0.0,1624.6089248657227,0.356381883125698,-1.6542650272189423,95.50802061687733,3.331430469751358,False
51,source_localization_stage4.0.wave_feature_conv1,75,2,1000,0.01,0.0,0.0,post_relu_mean,1886.22998046875,-1886.22998046875,90.8209457397461,0.0,0.0,1456.0807266235352,0.2880127909979853,-1.461481118570933,84.37808053359635,2.9640137457847597,False
51,source_localization_stage4.0.wave_feature_conv1,75,2,1000,0.01,0.0,0.0,post_relu_mean,1896.4462890625,-1896.4462890625,88.49018859863281,0.0,0.0,1352.0828018188477,0.24916098646709342,-1.3930614533979069,80.42772467845674,2.6946506798267365,False
51,source_localization_stage4.0.wave_feature_conv1,75,2,1000,0.05,0.0,0.0,post_relu_mean,9628.771484375,-9628.771484375,470.06475830078125,0.0,0.0,8189.089393615723,0.2445399562599016,-8.224305613377638,474.82479230001525,3.435660886764526,False
51,source_localization_stage4.0.wave_feature_conv1,75,2,1000,0.05,0.0,0.0,post_relu_mean,9747.068359375,-9747.068359375,462.0647277832031,0.0,0.0,7646.322303771973,0.22738571465309299,-7.721643097718067,445.80372666540904,3.19372688293457,False
51,source_localization_stage4.0.wave_feature_conv1,75,2,1000,0.05,0.0,0.0,post_relu_mean,9393.0361328125,-9393.0361328125,434.74981689453125,0.0,0.0,6771.114784240723,0.20974242236075893,-6.829577139941194,394.30107028969275,2.9156829273700713,False
51,source_localization_stage4.0.wave_feature_conv1,81,2,1000,0.005,0.0,0.0,post_relu_mean,835.260986328125,-835.260986328125,41.22690200805664,0.0,0.0,691.4573917388916,0.3619307454839879,-0.7316861106799886,42.24351749885477,3.2539001178741453,False
51,source_localization_stage4.0.wave_feature_conv1,81,2,1000,0.005,0.0,0.0,post_relu_mean,817.6219482421875,-817.6219482421875,38.765647888183594,0.0,0.0,631.1408061981201,0.33936795517317936,-0.6679301916706243,38.562503199228566,3.01309504032135,False
51,source_localization_stage4.0.wave_feature_conv1,81,2,1000,0.005,0.0,0.0,post_relu_mean,800.4830322265625,-800.4830322265625,36.804359436035156,0.0,0.0,575.7083168029785,0.29003077863804394,-0.6145992111793152,35.48352162636513,2.7964611625671387,False
51,source_localization_stage4.0.wave_feature_conv1,81,2,1000,0.01,0.0,0.0,post_relu_mean,1695.57958984375,-1695.57958984375,82.43359375,0.0,0.0,1428.1559391021729,0.39406452199204556,-1.4620546936708083,84.41082189500132,3.4460481083393097,False
51,source_localization_stage4.0.wave_feature_conv1,81,2,1000,0.01,0.0,0.0,post_relu_mean,1691.797607421875,-1691.797607421875,78.75553894042969,0.0,0.0,1325.3619976043701,0.3713045852733243,-1.3941465208688322,80.49016868357164,3.263702255487442,False
51,source_localization_stage4.0.wave_feature_conv1,81,2,1000,0.01,0.0,0.0,post_relu_mean,1658.429443359375,-1658.429443359375,75.82210540771484,0.0,0.0,1199.548282623291,0.3401723271937611,-1.2562579412996067,72.52935793507592,2.990094894170761,False
51,source_localization_stage4.0.wave_feature_conv1,81,2,1000,0.05,0.0,0.0,post_relu_mean,8854.060546875,-8854.060546875,421.72149658203125,0.0,0.0,7568.773126602173,0.33906334341712574,-7.672152212862939,442.9468762824728,3.8471701085567473,False
51,source_localization_stage4.0.wave_feature_conv1,81,2,1000,0.05,0.0,0.0,post_relu_mean,8840.08984375,-8840.08984375,407.37188720703125,0.0,0.0,6994.880796432495,0.31314588484126643,-7.07634694798034,408.5487010120482,3.5897398591041565,False
51,source_localization_stage4.0.wave_feature_conv1,81,2,1000,0.05,0.0,0.0,post_relu_mean,8429.93359375,-8429.93359375,381.5063171386719,0.0,0.0,6136.946964263916,0.2649614030184976,-6.228820297777952,359.61696825004077,3.2206686413288117,False
53,source_localization_stage4.0.wave_feature_conv2,101,2,1000,0.005,0.0,0.0,post_relu_mean,428.4390563964844,-428.4390563964844,30.464752197265625,0.0,0.0,326.8763074874878,0.23388797995642174,-0.33956010258136093,19.604341532500854,1.8050219959020615,False
53,source_localization_stage4.0.wave_feature_conv2,101,2,1000,0.005,0.0,0.0,post_relu_mean,427.35565185546875,-427.35565185546875,29.645185470581055,0.0,0.0,288.085467338562,0.20858989915524145,-0.3023968389813383,17.458730490982518,1.627898725271225,False
53,source_localization_stage4.0.wave_feature_conv2,101,2,1000,0.005,0.0,0.0,post_relu_mean,402.6593933105469,-402.6593933105469,27.332550048828125,0.0,0.0,237.09885597229004,0.15960892966118145,-0.24935799225821711,14.396522096603407,1.3858296740055085,False
53,source_localization_stage4.0.wave_feature_conv2,101,2,1000,0.01,0.0,0.0,post_relu_mean,889.61083984375,-889.61083984375,63.09691619873047,0.0,0.0,690.1515760421753,0.2563100348259999,-0.7329549685427926,42.31673536358926,1.9752972364425658,False
53,source_localization_stage4.0.wave_feature_conv2,101,2,1000,0.01,0.0,0.0,post_relu_mean,865.738525390625,-865.738525390625,60.20907211303711,0.0,0.0,588.9308652877808,0.20916497229887007,-0.6050049425750413,34.929571109214386,1.710350016951561,False
53,source_localization_stage4.0.wave_feature_conv2,101,2,1000,0.01,0.0,0.0,post_relu_mean,836.31884765625,-836.31884765625,56.57062530517578,0.0,0.0,495.32984352111816,0.17938786109127117,-0.5129028634804005,29.612446490853376,1.4970600003004073,False
53,source_localization_stage4.0.wave_feature_conv2,101,2,1000,0.05,0.0,0.0,post_relu_mean,4510.59033203125,-4510.59033203125,322.2626037597656,0.0,0.0,3533.6339979171753,0.1937020991373777,-3.5787501323885635,206.6167117922892,2.1220169734954832,False
53,source_localization_stage4.0.wave_feature_conv2,101,2,1000,0.05,0.0,0.0,post_relu_mean,4445.04345703125,-4445.04345703125,309.8771667480469,0.0,0.0,3044.7293272018433,0.17642560576697053,-3.0464966051031146,175.88754794535043,1.8948674762248994,False
53,source_localization_stage4.0.wave_feature_conv2,101,2,1000,0.05,0.0,0.0,post_relu_mean,4243.50830078125,-4243.50830078125,288.3267822265625,0.0,0.0,2511.982370376587,0.1352384943255965,-2.546792908470173,147.03773922052872,1.5878958129882812,False
53,source_localization_stage4.0.wave_feature_conv2,254,2,1000,0.005,0.0,0.0,post_relu_mean,454.9182434082031,-454.9182434082031,30.125919342041016,0.0,0.0,355.4344072341919,0.2519033956816631,-0.37156752968964607,21.45228377431631,1.934599705338478,False
53,source_localization_stage4.0.wave_feature_conv2,254,2,1000,0.005,0.0,0.0,post_relu_mean,434.6290283203125,-434.6290283203125,28.359512329101562,0.0,0.0,302.2129764556885,0.2046517960172334,-0.30994382077340626,17.8946306356055,1.694354430437088,False
53,source_localization_stage4.0.wave_feature_conv2,254,2,1000,0.005,0.0,0.0,post_relu_mean,420.9159240722656,-420.9159240722656,26.58487319946289,0.0,0.0,260.91622734069824,0.17262850854670694,-0.27100957465495473,15.646629774751114,1.4957729852199555,False
53,source_localization_stage4.0.wave_feature_conv2,254,2,1000,0.01,0.0,0.0,post_relu_mean,918.0348510742188,-918.0348510742188,61.135536193847656,0.0,0.0,725.5221757888794,0.2616975655685175,-0.7615466029808706,43.96745076977851,2.080436302423477,False
53,source_localization_stage4.0.wave_feature_conv2,254,2,1000,0.01,0.0,0.0,post_relu_mean,921.2359619140625,-921.2359619140625,59.92993927001953,0.0,0.0,646.7530155181885,0.23251946190067319,-0.6712672994589757,38.755448562487835,1.8679282248020173,False
53,source_localization_stage4.0.wave_feature_conv2,254,2,1000,0.01,0.0,0.0,post_relu_mean,860.5255126953125,-860.5255126953125,54.25392150878906,0.0,0.0,534.5115032196045,0.18058258161246826,-0.5523092218083041,31.887255490509876,1.5901323038339614,False
53,source_localization_stage4.0.wave_feature_conv2,254,2,1000,0.05,0.0,0.0,post_relu_mean,4730.75732421875,-4730.75732421875,314.11773681640625,0.0,0.0,3779.297993659973,0.21683585206618777,-3.8514736024528533,222.362488516294,2.260089600086212,False
53,source_localization_stage4.0.wave_feature_conv2,254,2,1000,0.05,0.0,0.0,post_relu_mean,4595.74462890625,-4595.74462890625,296.90545654296875,0.0,0.0,3254.8716678619385,0.1780839277600207,-3.2879161175806737,189.8256276653573,2.002040101289749,False
53,source_localization_stage4.0.wave_feature_conv2,254,2,1000,0.05,0.0,0.0,post_relu_mean,4399.3212890625,-4399.3212890625,278.6132507324219,0.0,0.0,2727.1513957977295,0.15685049805100826,-2.76259210490272,159.49658243528648,1.747279607653618,False
53,source_localization_stage4.0.wave_feature_conv2,33,2,1000,0.005,0.0,0.0,post_relu_mean,198.60699462890625,-198.60699462890625,24.924222946166992,0.0,0.0,116.5929126739502,0.03625167673045167,-0.12247079485168895,7.0708043167062335,0.4320338281989098,False
53,source_localization_stage4.0.wave_feature_conv2,33,2,1000,0.005,0.0,0.0,post_relu_mean,171.88150024414062,-171.88150024414062,18.85537338256836,0.0,0.0,84.10954856872559,0.02430274214336348,-0.08829068809834871,5.097438655546197,0.3210271507501602,False
53,source_localization_stage4.0.wave_feature_conv2,33,2,1000,0.005,0.0,0.0,post_relu_mean,137.47235107421875,-137.47235107421875,13.51845932006836,0.0,0.0,57.75747013092041,0.022066854221179825,-0.05851894932283891,3.3785517522953,0.24233239620923996,False
53,source_localization_stage4.0.wave_feature_conv2,33,2,1000,0.01,0.0,0.0,post_relu_mean,393.22271728515625,-393.22271728515625,48.84153747558594,0.0,0.0,239.45668983459473,0.03743838726247931,-0.24902120937117667,14.377085288552651,0.44571182265877723,False
53,source_localization_stage4.0.wave_feature_conv2,33,2,1000,0.01,0.0,0.0,post_relu_mean,353.1258850097656,-353.1258850097656,38.1956901550293,0.0,0.0,178.3225154876709,0.026995079436546728,-0.18689776917350792,10.7904158675768,0.3478049401938915,False
53,source_localization_stage4.0.wave_feature_conv2,33,2,1000,0.01,0.0,0.0,post_relu_mean,282.8406982421875,-282.8406982421875,27.46161651611328,0.0,0.0,119.46687412261963,0.020931724599611033,-0.12472999613381446,7.20120480298642,0.2609521196782589,False
53,source_localization_stage4.0.wave_feature_conv2,33,2,1000,0.05,0.0,0.0,post_relu_mean,1937.76171875,-1937.76171875,234.67056274414062,0.0,0.0,1226.5085849761963,0.024157529847638373,-1.2342242788705216,71.25708474755434,0.46829668179154393,False
53,source_localization_stage4.0.wave_feature_conv2,33,2,1000,0.05,0.0,0.0,post_relu_mean,1827.09814453125,-1827.09814453125,194.97511291503906,0.0,0.0,946.78737449646,0.024515636212161265,-0.9825737425814794,56.72847947977475,0.376050828397274,False
53,source_localization_stage4.0.wave_feature_conv2,33,2,1000,0.05,0.0,0.0,post_relu_mean,1435.0184326171875,-1435.0184326171875,139.00259399414062,0.0,0.0,602.3987436294556,0.014310580359908565,-0.6148758849891658,35.499436533967945,0.2661643323302269,False
53,source_localization_stage4.0.wave_feature_conv2,88,2,1000,0.005,0.0,0.0,post_relu_mean,200.52777099609375,-200.52777099609375,26.46038055419922,0.0,0.0,116.13747501373291,0.07029391525133938,-0.12120885304389688,6.997963510257842,0.6072035446763039,False
53,source_localization_stage4.0.wave_feature_conv2,88,2,1000,0.005,0.0,0.0,post_relu_mean,187.56045532226562,-187.56045532226562,23.76860237121582,0.0,0.0,79.92421436309814,0.03402416171508152,-0.08216836750645938,4.743967217555555,0.3919802916049957,False
53,source_localization_stage4.0.wave_feature_conv2,88,2,1000,0.005,0.0,0.0,post_relu_mean,147.2632598876953,-147.2632598876953,17.37331199645996,0.0,0.0,46.6774845123291,0.02946495419444778,-0.04419470792555945,2.55155122433978,0.21739148169755937,False
53,source_localization_stage4.0.wave_feature_conv2,88,2,1000,0.01,0.0,0.0,post_relu_mean,393.5106506347656,-393.5106506347656,51.82061004638672,0.0,0.0,233.03967380523682,0.06588810478011417,-0.23852886741556353,13.771333681926638,0.6304333832859993,False
53,source_localization_stage4.0.wave_feature_conv2,88,2,1000,0.01,0.0,0.0,post_relu_mean,375.19189453125,-375.19189453125,47.26541519165039,0.0,0.0,161.81999683380127,0.03793876361752214,-0.16504216208386774,9.528603248057403,0.42010523945093153,False
53,source_localization_stage4.0.wave_feature_conv2,88,2,1000,0.01,0.0,0.0,post_relu_mean,295.6175231933594,-295.6175231933594,34.785438537597656,0.0,0.0,90.55898475646973,0.022591896782979,-0.09055828673854052,5.228323191993408,0.22573866672813891,False
53,source_localization_stage4.0.wave_feature_conv2,88,2,1000,0.05,0.0,0.0,post_relu_mean,2056.09375,-2056.09375,274.0158386230469,0.0,0.0,1229.0371103286743,0.05347215578864868,-1.2602734253231815,72.76130810664841,0.6936115130782128,False
53,source_localization_stage4.0.wave_feature_conv2,88,2,1000,0.05,0.0,0.0,post_relu_mean,1854.8609619140625,-1854.8609619140625,230.5401611328125,0.0,0.0,816.7527666091919,0.028774769991794368,-0.8270988581202567,47.75198208454998,0.43690680265426635,False
53,source_localization_stage4.0.wave_feature_conv2,88,2,1000,0.05,0.0,0.0,post_relu_mean,1543.941650390625,-1543.941650390625,180.04510498046875,0.0,0.0,467.3251132965088,0.01615464250190447,-0.47504372049914034,27.426338980773863,0.24559082135558127,False
53,source_localization_stage4.0.wave_feature_conv2,188,2,1000,0.005,0.0,0.0,post_relu_mean,148.4921417236328,-148.4921417236328,17.161287307739258,0.0,0.0,92.79726982116699,0.020811246242094808,-0.09772595239563606,5.642142234622923,0.3024069280922413,False
53,source_localization_stage4.0.wave_feature_conv2,188,2,1000,0.005,0.0,0.0,post_relu_mean,125.64097595214844,-125.64097595214844,12.487990379333496,0.0,0.0,69.57027816772461,0.012984309957444658,-0.07058952709779659,4.075459027707656,0.2373274314403534,False
53,source_localization_stage4.0.wave_feature_conv2,188,2,1000,0.005,0.0,0.0,post_relu_mean,100.13178253173828,-100.13178253173828,8.816415786743164,0.0,0.0,51.69480895996094,0.032022905569561624,-0.05055693918306972,2.91887237369308,0.19178835161030292,False
53,source_localization_stage4.0.wave_feature_conv2,188,2,1000,0.01,0.0,0.0,post_relu_mean,302.31549072265625,-302.31549072265625,34.662540435791016,0.0,0.0,194.11685752868652,0.023522872316236097,-0.20407294132396028,11.782031090367775,0.3218373593688011,False
53,source_localization_stage4.0.wave_feature_conv2,188,2,1000,0.01,0.0,0.0,post_relu_mean,257.93878173828125,-257.93878173828125,25.19413948059082,0.0,0.0,144.69041061401367,0.01488755797699297,-0.1529502025487802,8.83047707918729,0.25547690331935885,False
53,source_localization_stage4.0.wave_feature_conv2,188,2,1000,0.01,0.0,0.0,post_relu_mean,199.30484008789062,-199.30484008789062,17.317638397216797,0.0,0.0,99.86053085327148,0.02461612425268985,-0.10321761907573082,5.959212344205116,0.19952696464955808,False
53,source_localization_stage4.0.wave_feature_conv2,188,2,1000,0.05,0.0,0.0,post_relu_mean,1560.498291015625,-1560.498291015625,176.7302703857422,0.0,0.0,1026.096487045288,0.02097239195637872,-1.0406899738075726,60.083531273228715,0.3409512448310852,False
53,source_localization_stage4.0.wave_feature_conv2,188,2,1000,0.05,0.0,0.0,post_relu_mean,1329.3035888671875,-1329.3035888671875,129.43943786621094,0.0,0.0,746.9513664245605,0.013253897957759773,-0.7654186291180716,44.19092064968508,0.2679185493290424,False
53,source_localization_stage4.0.wave_feature_conv2,188,2,1000,0.05,0.0,0.0,post_relu_mean,1131.72607421875,-1131.72607421875,97.32870483398438,0.0,0.0,552.2153663635254,0.01479814674913514,-0.5732669125520251,33.09717713741022,0.21695657938718796,False
56,source_localization_stage4.0.skip_connection.0,74,2,1000,0.005,0.0,0.0,post_relu_mean,606.0308837890625,-606.0308837890625,55.46583557128906,0.0,0.0,422.3682975769043,0.09809561238141312,-0.4368065668087625,25.218738779384346,1.4665659642219544,False
56,source_localization_stage4.0.skip_connection.0,74,2,1000,0.005,0.0,0.0,post_relu_mean,576.666015625,-576.666015625,50.200653076171875,0.0,0.0,341.92918395996094,0.08987454236754935,-0.353054628245589,20.383429642934217,1.2345955580472947,False
56,source_localization_stage4.0.skip_connection.0,74,2,1000,0.005,0.0,0.0,post_relu_mean,539.665771484375,-539.665771484375,44.9181022644043,0.0,0.0,269.7544746398926,0.08605624540158689,-0.2744856937654216,15.847354613858107,0.9998286032676696,False
56,source_localization_stage4.0.skip_connection.0,74,2,1000,0.01,0.0,0.0,post_relu_mean,1210.582763671875,-1210.582763671875,110.46197509765625,0.0,0.0,861.9317741394043,0.10546070672392234,-0.8865482729902722,51.18425278504587,1.5220538949966431,False
56,source_localization_stage4.0.skip_connection.0,74,2,1000,0.01,0.0,0.0,post_relu_mean,1155.06884765625,-1155.06884765625,98.56356811523438,0.0,0.0,702.6988983154297,0.09649579181224431,-0.7286194143378976,42.066906822175234,1.286934533715248,False
56,source_localization_stage4.0.skip_connection.0,74,2,1000,0.01,0.0,0.0,post_relu_mean,1074.1300048828125,-1074.1300048828125,88.0163803100586,0.0,0.0,545.6290473937988,0.08535711277006226,-0.5608877523421238,32.38248892559694,1.0630494356155396,False
56,source_localization_stage4.0.skip_connection.0,74,2,1000,0.05,0.0,0.0,post_relu_mean,6101.556640625,-6101.556640625,541.9739990234375,0.0,0.0,4458.369701385498,0.09205050139874305,-4.523792405173898,261.17805965299175,1.6611180293560028,False
56,source_localization_stage4.0.skip_connection.0,74,2,1000,0.05,0.0,0.0,post_relu_mean,5987.59521484375,-5987.59521484375,504.59844970703125,0.0,0.0,3708.0682220458984,0.0897051943660488,-3.796959442296605,219.2149365806758,1.4185869842767715,False
56,source_localization_stage4.0.skip_connection.0,74,2,1000,0.05,0.0,0.0,post_relu_mean,5664.013671875,-5664.013671875,460.97076416015625,0.0,0.0,2897.786273956299,0.06153239193157941,-2.9379709207696005,169.62172160524565,1.1553315508365631,False
56,source_localization_stage4.0.skip_connection.0,238,2,1000,0.005,0.0,0.0,post_relu_mean,571.2418212890625,-571.2418212890625,45.40896987915039,0.0,0.0,422.5029544830322,0.13547931153492238,-0.44319207854311343,25.587394359490904,1.730502262711525,False
56,source_localization_stage4.0.skip_connection.0,238,2,1000,0.005,0.0,0.0,post_relu_mean,528.7473754882812,-528.7473754882812,39.86298370361328,0.0,0.0,345.31083488464355,0.09634809652337717,-0.35770691657275566,20.65196903634778,1.4592040419578551,False
56,source_localization_stage4.0.skip_connection.0,238,2,1000,0.005,0.0,0.0,post_relu_mean,489.91473388671875,-489.91473388671875,35.33942794799805,0.0,0.0,282.28387451171875,0.08737796431774458,-0.3016442803228589,17.415277946419472,1.2388417470455169,False
56,source_localization_stage4.0.skip_connection.0,238,2,1000,0.01,0.0,0.0,post_relu_mean,1175.526123046875,-1175.526123046875,90.10969543457031,0.0,0.0,892.6850833892822,0.1617663044265681,-0.9417866454656973,54.373569649717055,1.867523853778839,False
56,source_localization_stage4.0.skip_connection.0,238,2,1000,0.01,0.0,0.0,post_relu_mean,1081.7496337890625,-1081.7496337890625,79.6366958618164,0.0,0.0,719.3314037322998,0.10372153191184877,-0.7432022730347313,42.90830092813783,1.5195197129249574,False
56,source_localization_stage4.0.skip_connection.0,238,2,1000,0.01,0.0,0.0,post_relu_mean,997.772705078125,-997.772705078125,71.40570068359375,0.0,0.0,573.7442016601562,0.09237834984126164,-0.5931109504467957,34.24287147746766,1.2893254417181015,False
56,source_localization_stage4.0.skip_connection.0,238,2,1000,0.05,0.0,0.0,post_relu_mean,5873.87060546875,-5873.87060546875,449.2587585449219,0.0,0.0,4513.582300186157,0.13984492130432952,-4.56112458225274,263.33356463193275,1.9521096575260162,False
56,source_localization_stage4.0.skip_connection.0,238,2,1000,0.05,0.0,0.0,post_relu_mean,5768.08642578125,-5768.08642578125,416.6683349609375,0.0,0.0,3889.0257396698,0.11905809940408066,-3.9633844956841697,228.82336572913945,1.70363734126091,False
56,source_localization_stage4.0.skip_connection.0,238,2,1000,0.05,0.0,0.0,post_relu_mean,5308.72119140625,-5308.72119140625,366.3621826171875,0.0,0.0,3114.9537963867188,0.09197532591098768,-3.2697069127777993,188.77832781637457,1.4234159833192825,False
56,source_localization_stage4.0.skip_connection.0,131,2,1000,0.005,0.0,0.0,post_relu_mean,548.01953125,-548.01953125,48.70508575439453,0.0,0.0,390.2938537597656,0.07860206653366965,-0.4057384174701414,23.42503506542319,1.3807227325439453,False
56,source_localization_stage4.0.skip_connection.0,131,2,1000,0.005,0.0,0.0,post_relu_mean,526.9431762695312,-526.9431762695312,43.82439422607422,0.0,0.0,326.5870475769043,0.06994663492533518,-0.34248622128944334,19.773219542133255,1.1928531461954117,False
56,source_localization_stage4.0.skip_connection.0,131,2,1000,0.005,0.0,0.0,post_relu_mean,455.3204650878906,-455.3204650878906,35.797325134277344,0.0,0.0,245.85422325134277,0.07755557282403627,-0.2456242910322331,14.180971918632794,0.9615091246366501,False
56,source_localization_stage4.0.skip_connection.0,131,2,1000,0.01,0.0,0.0,post_relu_mean,1082.5045166015625,-1082.5045166015625,95.77918243408203,0.0,0.0,783.5565795898438,0.0880203354570977,-0.8007356731312083,46.2299464976613,1.4607014524936677,False
56,source_localization_stage4.0.skip_connection.0,131,2,1000,0.01,0.0,0.0,post_relu_mean,1056.5771484375,-1056.5771484375,86.74324035644531,0.0,0.0,663.0861930847168,0.06861010276213142,-0.6905045736952751,39.86585265369487,1.2243719232082366,False
56,source_localization_stage4.0.skip_connection.0,131,2,1000,0.01,0.0,0.0,post_relu_mean,936.1536865234375,-936.1536865234375,72.72584533691406,0.0,0.0,505.11632347106934,0.07149700754170348,-0.519278943605365,29.98021715509079,1.0393476602435112,False
56,source_localization_stage4.0.skip_connection.0,131,2,1000,0.05,0.0,0.0,post_relu_mean,5790.3251953125,-5790.3251953125,500.91534423828125,0.0,0.0,4275.968688964844,0.07868102882588762,-4.36243416424766,251.8621730720963,1.5726209300756455,False
56,source_localization_stage4.0.skip_connection.0,131,2,1000,0.05,0.0,0.0,post_relu_mean,5392.28076171875,-5392.28076171875,439.5580139160156,0.0,0.0,3411.1231803894043,0.06512629475159062,-3.45738844221838,199.61002205099194,1.3209629076719285,False
56,source_localization_stage4.0.skip_connection.0,131,2,1000,0.05,0.0,0.0,post_relu_mean,4972.255859375,-4972.255859375,378.84075927734375,0.0,0.0,2704.529134750366,0.054366531818036044,-2.7578652243405686,159.223433586449,1.099979394674301,False
56,source_localization_stage4.0.skip_connection.0,221,2,1000,0.005,0.0,0.0,post_relu_mean,554.4179077148438,-554.4179077148438,47.79555130004883,0.0,0.0,400.43627738952637,0.10922106227217564,-0.4098934516056992,23.664936173145055,1.6283781856298447,False
56,source_localization_stage4.0.skip_connection.0,221,2,1000,0.005,0.0,0.0,post_relu_mean,522.5610961914062,-522.5610961914062,43.23324966430664,0.0,0.0,325.88646697998047,0.07137303407654542,-0.3220390508999786,18.592714095537143,1.3488578486442566,False
56,source_localization_stage4.0.skip_connection.0,221,2,1000,0.005,0.0,0.0,post_relu_mean,467.8509826660156,-467.8509826660156,37.379573822021484,0.0,0.0,249.91850471496582,0.060790850564125636,-0.25085797332692716,14.483158217939648,1.0475106394290925,False
56,source_localization_stage4.0.skip_connection.0,221,2,1000,0.01,0.0,0.0,post_relu_mean,1073.1695556640625,-1073.1695556640625,92.33806610107422,0.0,0.0,785.5604228973389,0.11455442061302495,-0.7973461718134748,46.034229721423394,1.6909716659784317,False
56,source_localization_stage4.0.skip_connection.0,221,2,1000,0.01,0.0,0.0,post_relu_mean,1051.67431640625,-1051.67431640625,86.28292083740234,0.0,0.0,661.2761764526367,0.07484197805678153,-0.6779508973655738,39.141441211075374,1.3844615566730498,False
56,source_localization_stage4.0.skip_connection.0,221,2,1000,0.01,0.0,0.0,post_relu_mean,963.69970703125,-963.69970703125,75.56965637207031,0.0,0.0,516.6267261505127,0.062166657437738373,-0.5293832984557524,30.563604915956702,1.1167805862426758,False
56,source_localization_stage4.0.skip_connection.0,221,2,1000,0.05,0.0,0.0,post_relu_mean,5658.5068359375,-5658.5068359375,475.5777282714844,0.0,0.0,4221.178464889526,0.10702359965266643,-4.275623041454942,246.85016931485805,1.8544631844758988,False
56,source_localization_stage4.0.skip_connection.0,221,2,1000,0.05,0.0,0.0,post_relu_mean,5482.958984375,-5482.958984375,441.2198181152344,0.0,0.0,3495.3447189331055,0.07940182429239749,-3.5838119928217935,206.90891575300677,1.518022084236145,False
56,source_localization_stage4.0.skip_connection.0,221,2,1000,0.05,0.0,0.0,post_relu_mean,5041.43115234375,-5041.43115234375,387.39923095703125,0.0,0.0,2723.3806018829346,0.0535095285504309,-2.7652824177660102,159.65168635744473,1.1939716964960099,False
56,source_localization_stage4.0.skip_connection.0,37,2,1000,0.005,0.0,0.0,post_relu_mean,484.0751953125,-484.0751953125,47.07706069946289,0.0,0.0,333.04091453552246,0.1118801172555491,-0.3474693560530542,20.061113889638502,1.3118432426452638,False
56,source_localization_stage4.0.skip_connection.0,37,2,1000,0.005,0.0,0.0,post_relu_mean,462.9061584472656,-462.9061584472656,42.11071014404297,0.0,0.0,272.07944679260254,0.08776315896263182,-0.29037063125980006,16.764363028268466,1.0710140550136567,False
56,source_localization_stage4.0.skip_connection.0,37,2,1000,0.005,0.0,0.0,post_relu_mean,412.2046203613281,-412.2046203613281,36.07780075073242,0.0,0.0,202.883882522583,0.07851453754939215,-0.20849345704544098,12.037237180706121,0.8249308016896247,False
56,source_localization_stage4.0.skip_connection.0,37,2,1000,0.01,0.0,0.0,post_relu_mean,952.5886840820312,-952.5886840820312,91.24720001220703,0.0,0.0,669.043966293335,0.1095588358449744,-0.6926576414990209,39.99017553794017,1.3513713240623475,False
56,source_localization_stage4.0.skip_connection.0,37,2,1000,0.01,0.0,0.0,post_relu_mean,911.6318359375,-911.6318359375,83.40797424316406,0.0,0.0,534.9674472808838,0.08915517960972462,-0.5701410083317268,32.91787201052807,1.1100294703245164,False
56,source_localization_stage4.0.skip_connection.0,37,2,1000,0.01,0.0,0.0,post_relu_mean,850.0439453125,-850.0439453125,73.26371002197266,0.0,0.0,417.6077289581299,0.08611610235438934,-0.43677550729356607,25.216965924319656,0.9132465553283692,False
56,source_localization_stage4.0.skip_connection.0,37,2,1000,0.05,0.0,0.0,post_relu_mean,5061.7841796875,-5061.7841796875,472.69293212890625,0.0,0.0,3633.9022426605225,0.11519097134300751,-3.7834144358247626,218.43282586590294,1.5068614560365676,False
56,source_localization_stage4.0.skip_connection.0,37,2,1000,0.05,0.0,0.0,post_relu_mean,4903.30078125,-4903.30078125,439.45123291015625,0.0,0.0,2924.4417514801025,0.09720542255820046,-3.0023630899000007,173.33936418312652,1.2539392453432083,False
56,source_localization_stage4.0.skip_connection.0,37,2,1000,0.05,0.0,0.0,post_relu_mean,4471.115234375,-4471.115234375,377.76629638671875,0.0,0.0,2211.663637161255,0.06659279763994591,-2.263138628606096,130.66075923723906,0.9965048605203628,False
59,source_localization_stage4.1.wave_feature_conv1,152,2,1000,0.005,0.0,0.0,post_relu_mean,1063.3397216796875,-1063.3397216796875,96.23179626464844,0.0,0.0,741.5618438720703,0.5345944196334149,-0.7680485410725356,44.34290406761853,3.6953007376194,False
59,source_localization_stage4.1.wave_feature_conv1,152,2,1000,0.005,0.0,0.0,post_relu_mean,1026.904541015625,-1026.904541015625,83.03114318847656,0.0,0.0,630.4541969299316,0.5061294884991101,-0.6776777714273179,39.12532161266582,3.387706391811371,False
59,source_localization_stage4.1.wave_feature_conv1,152,2,1000,0.005,0.0,0.0,post_relu_mean,922.6275634765625,-922.6275634765625,63.43846130371094,0.0,0.0,529.4589195251465,0.40478397319111603,-0.5693062134521503,32.86854282896147,2.9266319930553437,False
59,source_localization_stage4.1.wave_feature_conv1,152,2,1000,0.01,0.0,0.0,post_relu_mean,2177.98876953125,-2177.98876953125,197.43161010742188,0.0,0.0,1552.6114654541016,0.5801840853910913,-1.6085860186360617,92.87114818296101,4.049197793006897,False
59,source_localization_stage4.1.wave_feature_conv1,152,2,1000,0.01,0.0,0.0,post_relu_mean,2098.852783203125,-2098.852783203125,169.93321228027344,0.0,0.0,1311.3431129455566,0.5189607949147231,-1.3786249310773782,79.59398018431577,3.6242964375019073,False
59,source_localization_stage4.1.wave_feature_conv1,152,2,1000,0.01,0.0,0.0,post_relu_mean,1843.09228515625,-1843.09228515625,125.80352020263672,0.0,0.0,1075.7333335876465,0.4127184637357025,-1.1142776654285742,64.33209397822257,3.0629634356498716,False
59,source_localization_stage4.1.wave_feature_conv1,152,2,1000,0.05,0.0,0.0,post_relu_mean,10733.5703125,-10733.5703125,946.6099243164062,0.0,0.0,7860.657730102539,0.4549883715869241,-7.892919631828688,455.69274668602344,4.278100118637085,False
59,source_localization_stage4.1.wave_feature_conv1,152,2,1000,0.05,0.0,0.0,post_relu_mean,10430.2421875,-10430.2421875,813.078857421875,0.0,0.0,6748.576999664307,0.42136458700634466,-6.8549128029958535,395.76376911068087,3.8697418105602264,False
59,source_localization_stage4.1.wave_feature_conv1,152,2,1000,0.05,0.0,0.0,post_relu_mean,9461.9033203125,-9461.9033203125,633.8937377929688,0.0,0.0,5646.0031089782715,0.3553658118090898,-5.742641833379819,331.5475610673901,3.432321928739548,False
59,source_localization_stage4.1.wave_feature_conv1,232,2,1000,0.005,0.0,0.0,post_relu_mean,927.8717651367188,-927.8717651367188,98.38062286376953,0.0,0.0,609.6975269317627,0.3669940143487927,-0.6476688278748717,37.39292109661392,2.4318074798583984,False
59,source_localization_stage4.1.wave_feature_conv1,232,2,1000,0.005,0.0,0.0,post_relu_mean,879.089111328125,-879.089111328125,89.66488647460938,0.0,0.0,462.89550590515137,0.21792358223559335,-0.48753255497494624,28.14741146869039,1.7980462807416915,False
59,source_localization_stage4.1.wave_feature_conv1,232,2,1000,0.005,0.0,0.0,post_relu_mean,793.3326416015625,-793.3326416015625,74.88816833496094,0.0,0.0,341.63276290893555,0.12476071262233385,-0.3630541692802574,20.960696720872896,1.315032274723053,False
59,source_localization_stage4.1.wave_feature_conv1,232,2,1000,0.01,0.0,0.0,post_relu_mean,1899.5113525390625,-1899.5113525390625,203.57406616210938,0.0,0.0,1265.7568531036377,0.36665165510374037,-1.2723338405420586,73.45765714986722,2.6400821709632876,False
59,source_localization_stage4.1.wave_feature_conv1,232,2,1000,0.01,0.0,0.0,post_relu_mean,1822.57763671875,-1822.57763671875,186.7455291748047,0.0,0.0,969.5211772918701,0.23512848722925608,-1.0006982148583254,57.7747503671327,1.9554939872026444,False
59,source_localization_stage4.1.wave_feature_conv1,232,2,1000,0.01,0.0,0.0,post_relu_mean,1605.9310302734375,-1605.9310302734375,153.22738647460938,0.0,0.0,684.1958427429199,0.1296788684097535,-0.7154972800101251,41.308773182541984,1.3672115606069566,False
59,source_localization_stage4.1.wave_feature_conv1,232,2,1000,0.05,0.0,0.0,post_relu_mean,9386.7373046875,-9386.7373046875,993.6665649414062,0.0,0.0,6382.704973220825,0.3389002194881902,-6.339632265586911,366.01440925706095,2.719001054763794,False
59,source_localization_stage4.1.wave_feature_conv1,232,2,1000,0.05,0.0,0.0,post_relu_mean,9271.8671875,-9271.8671875,936.096923828125,0.0,0.0,5046.729551315308,0.21984959153322073,-5.111136674473991,295.08833777630207,2.081934485435486,False
59,source_localization_stage4.1.wave_feature_conv1,232,2,1000,0.05,0.0,0.0,post_relu_mean,8041.029296875,-8041.029296875,758.6112670898438,0.0,0.0,3486.9909477233887,0.11874075353782106,-3.520800667721771,203.27101697159495,1.463020572066307,False
59,source_localization_stage4.1.wave_feature_conv1,198,2,1000,0.005,0.0,0.0,post_relu_mean,432.7245178222656,-432.7245178222656,52.15038299560547,0.0,0.0,261.07683181762695,0.13067154117115065,-0.28908366666304713,16.690061223374332,1.2314844834804535,False
59,source_localization_stage4.1.wave_feature_conv1,198,2,1000,0.005,0.0,0.0,post_relu_mean,420.0545349121094,-420.0545349121094,46.8133430480957,0.0,0.0,204.5742301940918,0.09314967552732666,-0.22087869956453499,12.752293178169452,0.9647320884466172,False
59,source_localization_stage4.1.wave_feature_conv1,198,2,1000,0.005,0.0,0.0,post_relu_mean,343.6182861328125,-343.6182861328125,36.78992462158203,0.0,0.0,128.4347686767578,0.0469193379258369,-0.1416719622015819,8.179745138975624,0.6287065568566322,False
59,source_localization_stage4.1.wave_feature_conv1,198,2,1000,0.01,0.0,0.0,post_relu_mean,952.866943359375,-952.866943359375,111.59427642822266,0.0,0.0,602.8875617980957,0.18757335417797724,-0.6539319513719045,37.75436484954492,1.4522844618558883,False
59,source_localization_stage4.1.wave_feature_conv1,198,2,1000,0.01,0.0,0.0,post_relu_mean,850.3695068359375,-850.3695068359375,94.44151306152344,0.0,0.0,420.5624351501465,0.10083664600970711,-0.4516232531896671,26.074297300614553,0.9898748248815536,False
59,source_localization_stage4.1.wave_feature_conv1,198,2,1000,0.01,0.0,0.0,post_relu_mean,766.1888427734375,-766.1888427734375,81.61280059814453,0.0,0.0,282.06805419921875,0.07160982712076477,-0.3016749667170024,17.41745385445256,0.7159455347061158,False
59,source_localization_stage4.1.wave_feature_conv1,198,2,1000,0.05,0.0,0.0,post_relu_mean,5115.82080078125,-5115.82080078125,586.0177612304688,0.0,0.0,3342.571033477783,0.1724268053135168,-3.4176170391808616,197.31562751117735,1.6253152799606323,False
59,source_localization_stage4.1.wave_feature_conv1,198,2,1000,0.05,0.0,0.0,post_relu_mean,4622.8125,-4622.8125,507.16290283203125,0.0,0.0,2335.759090423584,0.1002999724562094,-2.440483465272667,140.89971387696585,1.1232518768310547,False
59,source_localization_stage4.1.wave_feature_conv1,198,2,1000,0.05,0.0,0.0,post_relu_mean,4068.1259765625,-4068.1259765625,420.7172546386719,0.0,0.0,1549.3785400390625,0.059280636993478325,-1.5773288975779083,91.06611664801129,0.7775503340363502,False
59,source_localization_stage4.1.wave_feature_conv1,120,2,1000,0.005,0.0,0.0,post_relu_mean,1079.9371337890625,-1079.9371337890625,100.9015884399414,0.0,0.0,763.6539268493652,0.5075329103931719,-0.7893667901237325,45.57357966557614,3.494374774694443,False
59,source_localization_stage4.1.wave_feature_conv1,120,2,1000,0.005,0.0,0.0,post_relu_mean,1043.2646484375,-1043.2646484375,95.72127532958984,0.0,0.0,609.3261833190918,0.3223800769088751,-0.6185167008630781,35.70966056806145,2.697379332780838,False
59,source_localization_stage4.1.wave_feature_conv1,120,2,1000,0.005,0.0,0.0,post_relu_mean,1000.8963623046875,-1000.8963623046875,89.8878402709961,0.0,0.0,468.7622947692871,0.18568498549597057,-0.4898953495413313,28.283825980018243,2.0043965077400205,False
59,source_localization_stage4.1.wave_feature_conv1,120,2,1000,0.01,0.0,0.0,post_relu_mean,2152.12255859375,-2152.12255859375,200.32611083984375,0.0,0.0,1537.5658531188965,0.43140454669263945,-1.578711558792388,91.14585440233954,3.5752980744838716,False
59,source_localization_stage4.1.wave_feature_conv1,120,2,1000,0.01,0.0,0.0,post_relu_mean,2107.331787109375,-2107.331787109375,191.71197509765625,0.0,0.0,1241.4351921081543,0.28641068647266443,-1.276745445751012,73.71203655991296,2.766908675432205,False
59,source_localization_stage4.1.wave_feature_conv1,120,2,1000,0.01,0.0,0.0,post_relu_mean,2004.9703369140625,-2004.9703369140625,179.9639129638672,0.0,0.0,932.3798484802246,0.1681924038524261,-0.9465353630453308,54.64779184409825,2.0319737541675567,False
59,source_localization_stage4.1.wave_feature_conv1,120,2,1000,0.05,0.0,0.0,post_relu_mean,10460.568359375,-10460.568359375,974.013671875,0.0,0.0,7524.9489097595215,0.3053156819235107,-7.50718261682128,433.4226566462491,3.7032430291175844,False
59,source_localization_stage4.1.wave_feature_conv1,120,2,1000,0.05,0.0,0.0,post_relu_mean,10818.6484375,-10818.6484375,990.27685546875,0.0,0.0,6359.209606170654,0.2294292755763375,-6.35009005461953,366.6186627493293,2.9306752479076383,False
59,source_localization_stage4.1.wave_feature_conv1,120,2,1000,0.05,0.0,0.0,post_relu_mean,9995.38671875,-9995.38671875,894.3015747070312,0.0,0.0,4636.770107269287,0.12791237867219707,-4.665790002294003,269.37621058842313,2.079029018878937,False
59,source_localization_stage4.1.wave_feature_conv1,179,2,1000,0.005,0.0,0.0,post_relu_mean,451.3193359375,-451.3193359375,53.4044303894043,0.0,0.0,280.82118034362793,0.2163240257287095,-0.2984200577724099,17.229691483450495,1.5665012174844741,False
59,source_localization_stage4.1.wave_feature_conv1,179,2,1000,0.005,0.0,0.0,post_relu_mean,424.1964416503906,-424.1964416503906,47.970603942871094,0.0,0.0,208.44869422912598,0.1330201614596523,-0.22161837545847093,12.79508620799489,1.1483001405000686,False
59,source_localization_stage4.1.wave_feature_conv1,179,2,1000,0.005,0.0,0.0,post_relu_mean,363.0467224121094,-363.0467224121094,39.6935920715332,0.0,0.0,135.4099826812744,0.08348461288805348,-0.14189477669757297,8.192325470112895,0.7106821459531784,False
59,source_localization_stage4.1.wave_feature_conv1,179,2,1000,0.01,0.0,0.0,post_relu_mean,901.75439453125,-901.75439453125,105.8431625366211,0.0,0.0,573.9400463104248,0.23495020820436313,-0.5846821762127306,33.75663362791528,1.6895877742767333,False
59,source_localization_stage4.1.wave_feature_conv1,179,2,1000,0.01,0.0,0.0,post_relu_mean,859.79443359375,-859.79443359375,97.06434631347656,0.0,0.0,423.12485694885254,0.15026633748353518,-0.4401343061835823,25.41105066181337,1.22975899040699,False
59,source_localization_stage4.1.wave_feature_conv1,179,2,1000,0.01,0.0,0.0,post_relu_mean,770.2264404296875,-770.2264404296875,83.48873901367188,0.0,0.0,279.81882667541504,0.09456136531445625,-0.29537814696588116,17.053500350433627,0.8047600054740905,False
59,source_localization_stage4.1.wave_feature_conv1,179,2,1000,0.05,0.0,0.0,post_relu_mean,4631.48046875,-4631.48046875,532.6425170898438,0.0,0.0,3023.2681102752686,0.17979386146544715,-3.058242208923876,176.56589472468363,1.7881749147176742,False
59,source_localization_stage4.1.wave_feature_conv1,179,2,1000,0.05,0.0,0.0,post_relu_mean,4555.591796875,-4555.591796875,500.4111022949219,0.0,0.0,2303.8619174957275,0.1354829339232358,-2.4263732973329213,140.08628157617014,1.3664604622125625,False
59,source_localization_stage4.1.wave_feature_conv1,179,2,1000,0.05,0.0,0.0,post_relu_mean,4149.8115234375,-4149.8115234375,448.07403564453125,0.0,0.0,1471.8920078277588,0.07961811606449407,-1.4953745071043767,86.33442755521507,0.8888274145126343,False
61,source_localization_stage4.1.wave_feature_conv2,201,2,1000,0.005,0.0,0.0,post_relu_mean,664.7052001953125,-664.7052001953125,92.49761199951172,0.0,0.0,374.42544174194336,0.34703708020210605,-0.4115840501298177,23.762584555429203,2.21022469162941,False
61,source_localization_stage4.1.wave_feature_conv2,201,2,1000,0.005,0.0,0.0,post_relu_mean,605.2228393554688,-605.2228393554688,81.77652740478516,0.0,0.0,237.45066452026367,0.1973294567956642,-0.25178874594392936,14.53685060385815,1.4605410438776016,False
61,source_localization_stage4.1.wave_feature_conv2,201,2,1000,0.005,0.0,0.0,post_relu_mean,518.448974609375,-518.448974609375,68.51665496826172,0.0,0.0,120.58041000366211,0.10110726820977067,-0.12240643468021517,7.067073316313804,0.7211039665341378,False
61,source_localization_stage4.1.wave_feature_conv2,201,2,1000,0.01,0.0,0.0,post_relu_mean,1361.579833984375,-1361.579833984375,188.5980682373047,0.0,0.0,782.9987144470215,0.381348240713781,-0.8332632610401439,48.10811613659049,2.4538513195514677,False
61,source_localization_stage4.1.wave_feature_conv2,201,2,1000,0.01,0.0,0.0,post_relu_mean,1251.3714599609375,-1251.3714599609375,168.7234344482422,0.0,0.0,492.3382377624512,0.22198919352880292,-0.5047115928417009,29.139274492778064,1.6022055649757385,False
61,source_localization_stage4.1.wave_feature_conv2,201,2,1000,0.01,0.0,0.0,post_relu_mean,1048.6474609375,-1048.6474609375,138.10394287109375,0.0,0.0,233.25515365600586,0.09107828848724843,-0.2387994886029377,13.786988237013503,0.7517012628912926,False
61,source_localization_stage4.1.wave_feature_conv2,201,2,1000,0.05,0.0,0.0,post_relu_mean,6726.52197265625,-6726.52197265625,930.734375,0.0,0.0,3921.5319175720215,0.289595191782591,-4.022401358434839,232.2307890687572,2.6072900700569153,False
61,source_localization_stage4.1.wave_feature_conv2,201,2,1000,0.05,0.0,0.0,post_relu_mean,6508.56494140625,-6508.56494140625,880.5226440429688,0.0,0.0,2546.435344696045,0.1784198385901691,-2.634142805840654,152.08123313691613,1.7594094628095627,False
61,source_localization_stage4.1.wave_feature_conv2,201,2,1000,0.05,0.0,0.0,post_relu_mean,6142.34130859375,-6142.34130859375,806.8037719726562,0.0,0.0,1314.7499046325684,0.0977877957501824,-1.3791531028510091,79.62447061299102,0.9137614995241166,False
61,source_localization_stage4.1.wave_feature_conv2,254,2,1000,0.005,0.0,0.0,post_relu_mean,560.0537109375,-560.0537109375,90.41951751708984,0.0,0.0,279.82335662841797,0.2606884288297997,-0.2972980869779312,17.16470059135039,1.7452504652738572,False
61,source_localization_stage4.1.wave_feature_conv2,254,2,1000,0.005,0.0,0.0,post_relu_mean,501.00714111328125,-501.00714111328125,78.29537200927734,0.0,0.0,152.73748779296875,0.11287974104607106,-0.15726016703884393,9.079381558935413,0.989830576479435,False
61,source_localization_stage4.1.wave_feature_conv2,254,2,1000,0.005,0.0,0.0,post_relu_mean,306.66943359375,-306.66943359375,46.101173400878906,0.0,0.0,47.1532096862793,0.15081852219186573,-0.03723368354670902,2.1497697183756346,0.24984507381916046,False
61,source_localization_stage4.1.wave_feature_conv2,254,2,1000,0.01,0.0,0.0,post_relu_mean,1117.920654296875,-1117.920654296875,180.1479034423828,0.0,0.0,568.5051193237305,0.2577879123633568,-0.5842280186643337,33.73007036241375,1.8335975807905198,False
61,source_localization_stage4.1.wave_feature_conv2,254,2,1000,0.01,0.0,0.0,post_relu_mean,1003.2156982421875,-1003.2156982421875,156.86331176757812,0.0,0.0,301.39031982421875,0.12524150028243464,-0.3068565014906623,17.71617571095699,1.056176359653473,False
61,source_localization_stage4.1.wave_feature_conv2,254,2,1000,0.01,0.0,0.0,post_relu_mean,751.7042846679688,-751.7042846679688,113.1169662475586,0.0,0.0,90.09333419799805,0.10911138131395998,-0.089447610137397,5.164221680866612,0.29093402698636056,False
61,source_localization_stage4.1.wave_feature_conv2,254,2,1000,0.05,0.0,0.0,post_relu_mean,5608.89794921875,-5608.89794921875,905.4713134765625,0.0,0.0,2883.512077331543,0.2031399468228732,-2.8894735985342987,166.82200327412235,1.9828890138864517,False
61,source_localization_stage4.1.wave_feature_conv2,254,2,1000,0.05,0.0,0.0,post_relu_mean,5216.318359375,-5216.318359375,813.489013671875,0.0,0.0,1559.6771850585938,0.10895670054271711,-1.5953505242660364,92.10646011884845,1.15315416097641,False
61,source_localization_stage4.1.wave_feature_conv2,254,2,1000,0.05,0.0,0.0,post_relu_mean,4164.09228515625,-4164.09228515625,624.814697265625,0.0,0.0,432.2949333190918,0.0582329389296408,-0.4418903986393605,25.51223934804983,0.3268942868709564,False
61,source_localization_stage4.1.wave_feature_conv2,221,2,1000,0.005,0.0,0.0,post_relu_mean,574.0621948242188,-574.0621948242188,90.07019805908203,0.0,0.0,295.45649337768555,0.2512663406804648,-0.3129795845871183,18.069783344529665,1.712845242023468,False
61,source_localization_stage4.1.wave_feature_conv2,221,2,1000,0.005,0.0,0.0,post_relu_mean,519.9407958984375,-519.9407958984375,79.68160247802734,0.0,0.0,166.01316833496094,0.11336731843956029,-0.17576795692017547,10.148148532163223,1.0076074877381325,False
61,source_localization_stage4.1.wave_feature_conv2,221,2,1000,0.005,0.0,0.0,post_relu_mean,365.2562255859375,-365.2562255859375,54.20710754394531,0.0,0.0,57.687828063964844,0.15668562451721885,-0.05031984525351659,2.9053309667908,0.29389568880200384,False
61,source_localization_stage4.1.wave_feature_conv2,221,2,1000,0.01,0.0,0.0,post_relu_mean,1197.320556640625,-1197.320556640625,186.1842803955078,0.0,0.0,630.3726005554199,0.2930865184429537,-0.654066978917515,37.76224128467282,1.9156368535757065,False
61,source_localization_stage4.1.wave_feature_conv2,221,2,1000,0.01,0.0,0.0,post_relu_mean,1091.92578125,-1091.92578125,166.70680236816406,0.0,0.0,346.38475036621094,0.1376533676049719,-0.3524757820025824,20.349974857977525,1.0892198866605758,False
61,source_localization_stage4.1.wave_feature_conv2,221,2,1000,0.01,0.0,0.0,post_relu_mean,815.204345703125,-815.204345703125,121.0049057006836,0.0,0.0,106.84917449951172,0.11511006395219402,-0.1018667223730154,5.881211252161454,0.31328419521450995,False
61,source_localization_stage4.1.wave_feature_conv2,221,2,1000,0.05,0.0,0.0,post_relu_mean,5794.259765625,-5794.259765625,907.723876953125,0.0,0.0,3062.6930351257324,0.20988358943122218,-3.095098930512813,178.69358618646842,1.998719238638878,False
61,source_localization_stage4.1.wave_feature_conv2,221,2,1000,0.05,0.0,0.0,post_relu_mean,5434.861328125,-5434.861328125,830.520751953125,0.0,0.0,1702.1576385498047,0.11863161315199296,-1.7343572650595558,100.1321683658964,1.1903187745809556,False
61,source_localization_stage4.1.wave_feature_conv2,221,2,1000,0.05,0.0,0.0,post_relu_mean,4342.78515625,-4342.78515625,642.9718017578125,0.0,0.0,502.6285934448242,0.062093101780934024,-0.5159364253271371,29.78724526569347,0.35281009927392004,False
61,source_localization_stage4.1.wave_feature_conv2,152,2,1000,0.005,0.0,0.0,post_relu_mean,620.492919921875,-620.492919921875,91.16847229003906,0.0,0.0,339.8952407836914,0.344402395992533,-0.35809663055449675,20.67454846206657,2.1628187692165373,False
61,source_localization_stage4.1.wave_feature_conv2,152,2,1000,0.005,0.0,0.0,post_relu_mean,555.7001953125,-555.7001953125,79.08432006835938,0.0,0.0,205.7707405090332,0.1839220199985547,-0.20856137358023788,12.041176187070668,1.3921483558416368,False
61,source_localization_stage4.1.wave_feature_conv2,152,2,1000,0.005,0.0,0.0,post_relu_mean,440.5686340332031,-440.5686340332031,61.21167755126953,0.0,0.0,92.29080200195312,0.12552067810060244,-0.08747941630211897,5.050813369467386,0.6164028427004814,False
61,source_localization_stage4.1.wave_feature_conv2,152,2,1000,0.01,0.0,0.0,post_relu_mean,1221.219482421875,-1221.219482421875,178.6981201171875,0.0,0.0,678.0328750610352,0.3420905999250105,-0.6972062092690012,40.25339696220442,2.2763618302345274,False
61,source_localization_stage4.1.wave_feature_conv2,152,2,1000,0.01,0.0,0.0,post_relu_mean,1163.8111572265625,-1163.8111572265625,165.4429168701172,0.0,0.0,425.2680549621582,0.1948116560361398,-0.44343110488162585,25.60124634909197,1.4951027977466582,False
61,source_localization_stage4.1.wave_feature_conv2,152,2,1000,0.01,0.0,0.0,post_relu_mean,950.9666137695312,-950.9666137695312,132.2057342529297,0.0,0.0,176.7244873046875,0.09786209384018918,-0.17124702789505775,9.886837699761625,0.6604587495326996,False
61,source_localization_stage4.1.wave_feature_conv2,152,2,1000,0.05,0.0,0.0,post_relu_mean,6134.50146484375,-6134.50146484375,899.9246215820312,0.0,0.0,3427.6352920532227,0.2496755086354033,-3.484957842024664,201.20164713113493,2.4385150694847106,False
61,source_localization_stage4.1.wave_feature_conv2,152,2,1000,0.05,0.0,0.0,post_relu_mean,5725.21826171875,-5725.21826171875,813.400146484375,0.0,0.0,2070.8674812316895,0.15090914143674203,-2.091891611560308,120.77420456917181,1.5966433399915696,False
61,source_localization_stage4.1.wave_feature_conv2,152,2,1000,0.05,0.0,0.0,post_relu_mean,4969.068359375,-4969.068359375,688.0579223632812,0.0,0.0,859.7129516601562,0.06772284676743626,-0.8587652349389789,49.58022636400909,0.7204939636588097,False
61,source_localization_stage4.1.wave_feature_conv2,101,2,1000,0.005,0.0,0.0,post_relu_mean,807.3981323242188,-807.3981323242188,171.2480926513672,0.0,0.0,286.93905448913574,0.20571492438815928,-0.3036445304672045,17.530765123969438,1.326153400540352,False
61,source_localization_stage4.1.wave_feature_conv2,101,2,1000,0.005,0.0,0.0,post_relu_mean,408.3143310546875,-408.3143310546875,74.1673583984375,0.0,0.0,80.8908462524414,0.0612366502917777,-0.08715508098426339,5.032179346737958,0.42789804250001906,False
61,source_localization_stage4.1.wave_feature_conv2,101,2,1000,0.005,0.0,0.0,post_relu_mean,24.909984588623047,-24.909984588623047,3.9572806358337402,0.0,0.0,20.54037094116211,0.16727500661792105,-0.0014791709337983387,0.08556119549032877,0.0740530039742589,False
61,source_localization_stage4.1.wave_feature_conv2,101,2,1000,0.01,0.0,0.0,post_relu_mean,1614.3580322265625,-1614.3580322265625,337.9522705078125,0.0,0.0,593.7864055633545,0.20918694037748145,-0.61798122267815,35.67875312131995,1.4294561833143233,False
61,source_localization_stage4.1.wave_feature_conv2,101,2,1000,0.01,0.0,0.0,post_relu_mean,855.7406005859375,-855.7406005859375,154.91925048828125,0.0,0.0,164.93363189697266,0.06258875098010581,-0.18096039351667384,10.448330852170827,0.47906545862555505,False
61,source_localization_stage4.1.wave_feature_conv2,101,2,1000,0.01,0.0,0.0,post_relu_mean,37.48330307006836,-37.48330307006836,5.877198696136475,0.0,0.0,21.594181060791016,0.12613557019473695,-0.0019318902028489433,0.1115575541125877,0.08329913102090358,False
61,source_localization_stage4.1.wave_feature_conv2,101,2,1000,0.05,0.0,0.0,post_relu_mean,7987.02880859375,-7987.02880859375,1679.167724609375,0.0,0.0,2942.8110637664795,0.16168754407198863,-2.9528549511345203,170.48121019624807,1.500230386853218,False
61,source_localization_stage4.1.wave_feature_conv2,101,2,1000,0.05,0.0,0.0,post_relu_mean,4874.638671875,-4874.638671875,878.095703125,0.0,0.0,929.5376358032227,0.059328177210973006,-0.9638269371651281,55.64590688680436,0.5394249594211579,False
61,source_localization_stage4.1.wave_feature_conv2,101,2,1000,0.05,0.0,0.0,post_relu_mean,236.78675842285156,-236.78675842285156,37.64468002319336,0.0,0.0,30.292755126953125,0.06410938153683189,-0.0125944226753557,0.727151302759236,0.0938011410087347,False
36,interference_stage3.0.wave_feature_conv1,31,3,1000,0.005,0.0,0.0,post_relu_mean,1314.3599853515625,-1314.3599853515625,117.34931182861328,0.0,0.0,902.6015014648438,0.08350406259532231,-0.9468313788838374,54.66471817110193,2.183747022151947,False
36,interference_stage3.0.wave_feature_conv1,31,3,1000,0.005,0.0,0.0,post_relu_mean,1219.7357177734375,-1219.7357177734375,101.29454040527344,0.0,0.0,727.8926315307617,0.07647390837839278,-0.7584540996581555,43.788843207015255,1.8605828386545182,False
36,interference_stage3.0.wave_feature_conv1,31,3,1000,0.005,0.0,0.0,post_relu_mean,1093.151611328125,-1093.151611328125,83.67359924316406,0.0,0.0,578.7851943969727,0.09842853531152336,-0.5960357859654499,34.41171376446432,1.5803372740745545,False
36,interference_stage3.0.wave_feature_conv1,31,3,1000,0.01,0.0,0.0,post_relu_mean,2604.294677734375,-2604.294677734375,229.83648681640625,0.0,0.0,1855.0746459960938,0.09502118050451051,-1.914031657859317,110.50534681349541,2.246942479610443,False
36,interference_stage3.0.wave_feature_conv1,31,3,1000,0.01,0.0,0.0,post_relu_mean,2421.80322265625,-2421.80322265625,198.1170196533203,0.0,0.0,1494.2589645385742,0.0830982938255023,-1.5606848388983163,90.10507898967785,1.9169984501600266,False
36,interference_stage3.0.wave_feature_conv1,31,3,1000,0.01,0.0,0.0,post_relu_mean,2176.534423828125,-2176.534423828125,163.55885314941406,0.0,0.0,1182.8564834594727,0.081872351106514,-1.2233778420601873,70.6308846100683,1.6251180899143218,False
36,interference_stage3.0.wave_feature_conv1,31,3,1000,0.05,0.0,0.0,post_relu_mean,13335.8134765625,-13335.8134765625,1166.8238525390625,0.0,0.0,9775.631286621094,0.08407373670972344,-9.986503816159855,576.5639780783957,2.358118804693222,False
36,interference_stage3.0.wave_feature_conv1,31,3,1000,0.05,0.0,0.0,post_relu_mean,12344.525390625,-12344.525390625,995.9255981445312,0.0,0.0,7826.842704772949,0.07224454669803913,-7.986610892323089,461.101446596552,2.021621550321579,False
36,interference_stage3.0.wave_feature_conv1,31,3,1000,0.05,0.0,0.0,post_relu_mean,11225.66015625,-11225.66015625,829.948486328125,0.0,0.0,6233.64444732666,0.06617460020709583,-6.366614282422489,367.572066096608,1.7167424595355987,False
36,interference_stage3.0.wave_feature_conv1,97,3,1000,0.005,0.0,0.0,post_relu_mean,931.6804809570312,-931.6804809570312,98.55178833007812,0.0,0.0,612.0202484130859,0.07203729650318592,-0.6415008067920203,37.036861072896095,1.6875144600868226,False
36,interference_stage3.0.wave_feature_conv1,97,3,1000,0.005,0.0,0.0,post_relu_mean,835.92041015625,-835.92041015625,80.06647491455078,0.0,0.0,475.72122955322266,0.09128301095036948,-0.4939697609871887,28.519015878695154,1.4184205794334412,False
36,interference_stage3.0.wave_feature_conv1,97,3,1000,0.005,0.0,0.0,post_relu_mean,688.2705688476562,-688.2705688476562,59.74481201171875,0.0,0.0,354.0064926147461,0.14133514603411906,-0.3534705844834231,20.407395575950968,1.1823988950252533,False
36,interference_stage3.0.wave_feature_conv1,97,3,1000,0.01,0.0,0.0,post_relu_mean,1870.3111572265625,-1870.3111572265625,193.02442932128906,0.0,0.0,1267.232894897461,0.08872231115544293,-1.328804859953042,76.71764105350078,1.7577534049749375,False
36,interference_stage3.0.wave_feature_conv1,97,3,1000,0.01,0.0,0.0,post_relu_mean,1687.7593994140625,-1687.7593994140625,159.69412231445312,0.0,0.0,969.2358169555664,0.08468436103828944,-1.00280247811249,57.896129093977684,1.4703401398658753,False
36,interference_stage3.0.wave_feature_conv1,97,3,1000,0.01,0.0,0.0,post_relu_mean,1390.7716064453125,-1390.7716064453125,118.50455474853516,0.0,0.0,703.9490585327148,0.10864654802781318,-0.7291436792755758,42.09697021489833,1.2374445861577987,False
36,interference_stage3.0.wave_feature_conv1,97,3,1000,0.05,0.0,0.0,post_relu_mean,9663.8837890625,-9663.8837890625,964.5160522460938,0.0,0.0,6746.331039428711,0.09098343735528466,-6.896343750146489,398.1556417778733,1.8959180814027787,False
36,interference_stage3.0.wave_feature_conv1,97,3,1000,0.05,0.0,0.0,post_relu_mean,8702.076171875,-8702.076171875,796.1019897460938,0.0,0.0,5119.717140197754,0.07518914681114272,-5.224315204132544,301.6223286942889,1.5812902849912644,False
36,interference_stage3.0.wave_feature_conv1,97,3,1000,0.05,0.0,0.0,post_relu_mean,7356.6396484375,-7356.6396484375,607.2902221679688,0.0,0.0,3737.1032333374023,0.06771180151170395,-3.862208329500229,222.98216403066778,1.3170206880569457,False
36,interference_stage3.0.wave_feature_conv1,45,3,1000,0.005,0.0,0.0,post_relu_mean,856.902587890625,-856.902587890625,90.99474334716797,0.0,0.0,562.3991546630859,0.07508838231233085,-0.5709701216270031,32.96463751892268,1.7960805070400239,False
36,interference_stage3.0.wave_feature_conv1,45,3,1000,0.005,0.0,0.0,post_relu_mean,754.8031005859375,-754.8031005859375,72.73616790771484,0.0,0.0,430.1047058105469,0.08291149973874973,-0.4312651724755644,24.89879824083981,1.4952005934715271,False
36,interference_stage3.0.wave_feature_conv1,45,3,1000,0.005,0.0,0.0,post_relu_mean,651.9068603515625,-651.9068603515625,57.42668533325195,0.0,0.0,334.09461975097656,0.1199340477419921,-0.31930305977070816,18.43475158491187,1.2624295389652251,False
36,interference_stage3.0.wave_feature_conv1,45,3,1000,0.01,0.0,0.0,post_relu_mean,1685.8172607421875,-1685.8172607421875,175.13270568847656,0.0,0.0,1138.9000091552734,0.0920830854938166,-1.1786426691764709,68.0481405947915,1.8629790222644806,False
36,interference_stage3.0.wave_feature_conv1,45,3,1000,0.01,0.0,0.0,post_relu_mean,1497.349365234375,-1497.349365234375,140.2299346923828,0.0,0.0,868.9289855957031,0.07902071688506898,-0.8894391142890145,51.35117762633188,1.5599402862787246,False
36,interference_stage3.0.wave_feature_conv1,45,3,1000,0.01,0.0,0.0,post_relu_mean,1314.1763916015625,-1314.1763916015625,111.67726135253906,0.0,0.0,670.8606719970703,0.09610922067496222,-0.6813057860778795,39.3347572401441,1.365578745007515,False
36,interference_stage3.0.wave_feature_conv1,45,3,1000,0.05,0.0,0.0,post_relu_mean,8309.919921875,-8309.919921875,850.283203125,0.0,0.0,5737.551132202148,0.07739356904388422,-5.872078319902333,339.0206113007326,1.9253993737697601,False
36,interference_stage3.0.wave_feature_conv1,45,3,1000,0.05,0.0,0.0,post_relu_mean,7821.52294921875,-7821.52294921875,708.3556518554688,0.0,0.0,4636.537200927734,0.0766002361524705,-4.757241256898122,274.656231679954,1.701604923605919,False
36,interference_stage3.0.wave_feature_conv1,45,3,1000,0.05,0.0,0.0,post_relu_mean,6699.47216796875,-6699.47216796875,564.6577758789062,0.0,0.0,3338.2732696533203,0.06799000935097328,-3.442014859636627,198.72235863172443,1.4239853209257125,False
36,interference_stage3.0.wave_feature_conv1,19,3,1000,0.005,0.0,0.0,post_relu_mean,714.3629150390625,-714.3629150390625,83.41559600830078,0.0,0.0,450.30237579345703,0.0793929922992566,-0.4592251894310053,26.513062588433108,1.350160093307495,False
36,interference_stage3.0.wave_feature_conv1,19,3,1000,0.005,0.0,0.0,post_relu_mean,602.3424072265625,-602.3424072265625,63.68708038330078,0.0,0.0,326.15924072265625,0.1147274281102971,-0.3216646688254303,18.571091622772453,1.108025358915329,False
36,interference_stage3.0.wave_feature_conv1,19,3,1000,0.005,0.0,0.0,post_relu_mean,472.73529052734375,-472.73529052734375,45.465389251708984,0.0,0.0,234.5740966796875,0.1710828217760803,-0.20913617275933002,12.074355416649741,0.9590711292624473,False
36,interference_stage3.0.wave_feature_conv1,19,3,1000,0.01,0.0,0.0,post_relu_mean,1401.950927734375,-1401.950927734375,160.47677612304688,0.0,0.0,906.7068862915039,0.0749218040284891,-0.9290338685469091,53.63714090091123,1.3969964891672135,False
36,interference_stage3.0.wave_feature_conv1,19,3,1000,0.01,0.0,0.0,post_relu_mean,1200.542724609375,-1200.542724609375,124.4437026977539,0.0,0.0,650.9547729492188,0.08936422715111003,-0.6714105709622111,38.763430774167965,1.170624008178711,False
36,interference_stage3.0.wave_feature_conv1,19,3,1000,0.01,0.0,0.0,post_relu_mean,959.358642578125,-959.358642578125,89.04725646972656,0.0,0.0,459.7062072753906,0.12593983748376325,-0.4537885229204704,26.199206475545306,1.0136086922883987,False
36,interference_stage3.0.wave_feature_conv1,19,3,1000,0.05,0.0,0.0,post_relu_mean,7060.5302734375,-7060.5302734375,790.4299926757812,0.0,0.0,4675.426490783691,0.05391721999869648,-4.756230641239664,274.5977032238548,1.4623305183649062,False
36,interference_stage3.0.wave_feature_conv1,19,3,1000,0.05,0.0,0.0,post_relu_mean,6136.9716796875,-6136.9716796875,617.560302734375,0.0,0.0,3368.35888671875,0.060195098114118224,-3.4401231768465115,198.61319473477639,1.2513658893108368,False
36,interference_stage3.0.wave_feature_conv1,19,3,1000,0.05,0.0,0.0,post_relu_mean,4996.0986328125,-4996.0986328125,454.968994140625,0.0,0.0,2300.915802001953,0.0746234820099132,-2.350378366881047,135.69754481189264,1.0801234078407287,False
36,interference_stage3.0.wave_feature_conv1,67,3,1000,0.005,0.0,0.0,post_relu_mean,686.83203125,-686.83203125,76.0322265625,0.0,0.0,444.9765968322754,0.07125249957842736,-0.45292369350707157,26.149276692722445,1.4734463834762572,False
36,interference_stage3.0.wave_feature_conv1,67,3,1000,0.005,0.0,0.0,post_relu_mean,594.9695434570312,-594.9695434570312,59.810604095458984,0.0,0.0,336.2861518859863,0.09880199080307397,-0.32938933870685644,19.017082099026652,1.2636963677406312,False
36,interference_stage3.0.wave_feature_conv1,67,3,1000,0.005,0.0,0.0,post_relu_mean,498.08856201171875,-498.08856201171875,45.5479850769043,0.0,0.0,259.4880485534668,0.15135642115541767,-0.23938470543901655,13.820814154511451,1.1059788662195205,False
36,interference_stage3.0.wave_feature_conv1,67,3,1000,0.01,0.0,0.0,post_relu_mean,1357.236328125,-1357.236328125,146.1483612060547,0.0,0.0,905.0325050354004,0.07851429838873064,-0.9442767176051958,54.517288900868095,1.54647374689579,False
36,interference_stage3.0.wave_feature_conv1,67,3,1000,0.01,0.0,0.0,post_relu_mean,1202.0643310546875,-1202.0643310546875,117.78255462646484,0.0,0.0,682.5071601867676,0.08181353134319386,-0.6985478823524545,40.3303803300478,1.3233951926231384,False
36,interference_stage3.0.wave_feature_conv1,67,3,1000,0.01,0.0,0.0,post_relu_mean,1008.968505859375,-1008.968505859375,89.1334457397461,0.0,0.0,508.8552360534668,0.11422925830910396,-0.5159036681300334,29.785543630697962,1.1738465219736098,False
36,interference_stage3.0.wave_feature_conv1,67,3,1000,0.05,0.0,0.0,post_relu_mean,6970.18115234375,-6970.18115234375,723.4646606445312,0.0,0.0,4786.028354644775,0.07300768408054059,-4.894532425932718,282.5824655057671,1.6570805835723876,False
36,interference_stage3.0.wave_feature_conv1,67,3,1000,0.05,0.0,0.0,post_relu_mean,6175.56103515625,-6175.56103515625,576.8528442382812,0.0,0.0,3590.18745803833,0.06767074007530774,-3.6901825391093763,213.05016726571563,1.4411493372917175,False
36,interference_stage3.0.wave_feature_conv1,67,3,1000,0.05,0.0,0.0,post_relu_mean,5169.35400390625,-5169.35400390625,444.4768371582031,0.0,0.0,2537.1803092956543,0.06844036360761721,-2.5990667117141792,150.0553279739634,1.2370620799064636,False
38,interference_stage3.0.wave_feature_conv2,120,3,1000,0.005,0.0,0.0,post_relu_mean,795.90576171875,-795.90576171875,55.47010040283203,0.0,0.0,587.2709197998047,0.08100976076706483,-0.6131649385213512,35.40065778628825,1.447262727022171,False
38,interference_stage3.0.wave_feature_conv2,120,3,1000,0.005,0.0,0.0,post_relu_mean,772.6459350585938,-772.6459350585938,51.61686325073242,0.0,0.0,508.0643615722656,0.06792047330742834,-0.5324577238729064,30.74113183553447,1.2741437649726868,False
38,interference_stage3.0.wave_feature_conv2,120,3,1000,0.005,0.0,0.0,post_relu_mean,732.3428344726562,-732.3428344726562,46.51348876953125,0.0,0.0,430.8750801086426,0.05277685608945832,-0.4534619813554421,26.18034163146171,1.113363609313965,False
38,interference_stage3.0.wave_feature_conv2,120,3,1000,0.01,0.0,0.0,post_relu_mean,1573.9376220703125,-1573.9376220703125,108.3667221069336,0.0,0.0,1206.6128387451172,0.08770846393043354,-1.2385240610171748,71.50533350909973,1.498896496295929,False
38,interference_stage3.0.wave_feature_conv2,120,3,1000,0.01,0.0,0.0,post_relu_mean,1526.4251708984375,-1526.4251708984375,101.01616668701172,0.0,0.0,1039.5467224121094,0.07082663304646332,-1.0658048723404363,61.5335074409482,1.3125990617275238,False
38,interference_stage3.0.wave_feature_conv2,120,3,1000,0.01,0.0,0.0,post_relu_mean,1441.7755126953125,-1441.7755126953125,90.1400146484375,0.0,0.0,878.5486030578613,0.05675882269813459,-0.9055983191724567,52.28409948097936,1.1449424743652343,False
38,interference_stage3.0.wave_feature_conv2,120,3,1000,0.05,0.0,0.0,post_relu_mean,7937.765625,-7937.765625,541.738525390625,0.0,0.0,6270.325241088867,0.07087264342267699,-6.351085929369914,366.6756237662179,1.5727994310855866,False
38,interference_stage3.0.wave_feature_conv2,120,3,1000,0.05,0.0,0.0,post_relu_mean,7556.44921875,-7556.44921875,492.6878967285156,0.0,0.0,5307.047821044922,0.05558174359729689,-5.392519175284069,311.3336464865303,1.3724776554107665,False
38,interference_stage3.0.wave_feature_conv2,120,3,1000,0.05,0.0,0.0,post_relu_mean,7268.19384765625,-7268.19384765625,447.39794921875,0.0,0.0,4561.419330596924,0.05298579364666057,-4.617917449156932,266.6123418327578,1.2131876575946807,False
38,interference_stage3.0.wave_feature_conv2,84,3,1000,0.005,0.0,0.0,post_relu_mean,660.1373901367188,-660.1373901367188,51.42152786254883,0.0,0.0,466.61280822753906,0.07749727139993466,-0.4913213583513416,28.366099377421822,1.3360921639204024,False
38,interference_stage3.0.wave_feature_conv2,84,3,1000,0.005,0.0,0.0,post_relu_mean,627.82421875,-627.82421875,46.06422424316406,0.0,0.0,391.2283000946045,0.06399056500015832,-0.4084947353023425,23.58419387047795,1.1473222827911378,False
38,interference_stage3.0.wave_feature_conv2,84,3,1000,0.005,0.0,0.0,post_relu_mean,580.1640014648438,-580.1640014648438,39.92148208618164,0.0,0.0,321.2812614440918,0.04818627468978539,-0.33192625387534097,19.163539677379944,0.9715505266189575,False
38,interference_stage3.0.wave_feature_conv2,84,3,1000,0.01,0.0,0.0,post_relu_mean,1290.1463623046875,-1290.1463623046875,98.65836334228516,0.0,0.0,954.9112701416016,0.08675194966381218,-0.9884627914800653,57.068269906780465,1.396115284562111,False
38,interference_stage3.0.wave_feature_conv2,84,3,1000,0.01,0.0,0.0,post_relu_mean,1244.9085693359375,-1244.9085693359375,90.19005584716797,0.0,0.0,809.7464275360107,0.0730371902701893,-0.8450771712255454,48.78994590094667,1.2066257005929948,False
38,interference_stage3.0.wave_feature_conv2,84,3,1000,0.01,0.0,0.0,post_relu_mean,1143.9595947265625,-1143.9595947265625,78.08861541748047,0.0,0.0,656.0740776062012,0.05914667352028464,-0.6767953425520209,39.074336248924666,1.0213385719060897,False
38,interference_stage3.0.wave_feature_conv2,84,3,1000,0.05,0.0,0.0,post_relu_mean,6443.2177734375,-6443.2177734375,483.8630065917969,0.0,0.0,4952.368911743164,0.06871055696536851,-5.084991655125851,293.57847270513105,1.4660160285234451,False
38,interference_stage3.0.wave_feature_conv2,84,3,1000,0.05,0.0,0.0,post_relu_mean,6234.724609375,-6234.724609375,445.0428771972656,0.0,0.0,4202.724821090698,0.05857665748068882,-4.290732355222944,247.72257416649575,1.2588143903017044,False
38,interference_stage3.0.wave_feature_conv2,84,3,1000,0.05,0.0,0.0,post_relu_mean,5852.66162109375,-5852.66162109375,388.0760498046875,0.0,0.0,3504.8514823913574,0.05420456572571833,-3.5656740300953804,205.86176454470348,1.0909341114759445,False
38,interference_stage3.0.wave_feature_conv2,69,3,1000,0.005,0.0,0.0,post_relu_mean,569.755615234375,-569.755615234375,47.19966506958008,0.0,0.0,396.7030391693115,0.06697154223144572,-0.420579464285191,24.28190325137119,1.277488265633583,False
38,interference_stage3.0.wave_feature_conv2,69,3,1000,0.005,0.0,0.0,post_relu_mean,538.8599853515625,-538.8599853515625,42.589500427246094,0.0,0.0,325.7967891693115,0.04800344273832555,-0.3399428172960183,19.626366899274814,1.0660093027353286,False
38,interference_stage3.0.wave_feature_conv2,69,3,1000,0.005,0.0,0.0,post_relu_mean,512.3984375,-512.3984375,38.137916564941406,0.0,0.0,272.2036476135254,0.0421853732146992,-0.2821714601893673,16.291001403484152,0.8998557046055794,False
38,interference_stage3.0.wave_feature_conv2,69,3,1000,0.01,0.0,0.0,post_relu_mean,1125.4835205078125,-1125.4835205078125,91.6567611694336,0.0,0.0,819.0596675872803,0.07897217568125185,-0.8613906029260838,49.73188346811827,1.3343331283330917,False
38,interference_stage3.0.wave_feature_conv2,69,3,1000,0.01,0.0,0.0,post_relu_mean,1077.0343017578125,-1077.0343017578125,83.98126983642578,0.0,0.0,677.7081661224365,0.06020287340261212,-0.7117199008924195,41.0906641912344,1.1227754336595535,False
38,interference_stage3.0.wave_feature_conv2,69,3,1000,0.01,0.0,0.0,post_relu_mean,1022.4068603515625,-1022.4068603515625,75.4540786743164,0.0,0.0,558.3150978088379,0.04958521738611384,-0.5821646256641037,33.61088809459305,0.9389918321371078,False
38,interference_stage3.0.wave_feature_conv2,69,3,1000,0.05,0.0,0.0,post_relu_mean,5722.16552734375,-5722.16552734375,458.3181457519531,0.0,0.0,4315.757360458374,0.07302846136967163,-4.407380851940732,254.45710122784547,1.4348871725797654,False
38,interference_stage3.0.wave_feature_conv2,69,3,1000,0.05,0.0,0.0,post_relu_mean,5382.85595703125,-5382.85595703125,410.75567626953125,0.0,0.0,3513.045141220093,0.05545541832581737,-3.584588210591495,206.9537720630308,1.1857751417160034,False
38,interference_stage3.0.wave_feature_conv2,69,3,1000,0.05,0.0,0.0,post_relu_mean,4934.26708984375,-4934.26708984375,358.7308349609375,0.0,0.0,2770.514804840088,0.04067856007501095,-2.8374649838658077,163.81907441723882,0.9773683232069016,False
38,interference_stage3.0.wave_feature_conv2,109,3,1000,0.005,0.0,0.0,post_relu_mean,574.40234375,-574.40234375,52.81221389770508,0.0,0.0,385.4840908050537,0.0455104929004716,-0.4033836294592056,23.289092725885585,0.9742643070220948,False
38,interference_stage3.0.wave_feature_conv2,109,3,1000,0.005,0.0,0.0,post_relu_mean,538.5264892578125,-538.5264892578125,46.58159637451172,0.0,0.0,308.4820613861084,0.0344459305214208,-0.31810751617209615,18.365725492496466,0.8129779642820358,False
38,interference_stage3.0.wave_feature_conv2,109,3,1000,0.005,0.0,0.0,post_relu_mean,476.12213134765625,-476.12213134765625,38.37240219116211,0.0,0.0,235.51485061645508,0.03626511573458359,-0.24361819611820243,14.065128656011641,0.6717778813838958,False
38,interference_stage3.0.wave_feature_conv2,109,3,1000,0.01,0.0,0.0,post_relu_mean,1143.6109619140625,-1143.6109619140625,104.35150146484375,0.0,0.0,800.0748500823975,0.05430532038680985,-0.839022813872959,48.44042804720897,1.0204662150144577,False
38,interference_stage3.0.wave_feature_conv2,109,3,1000,0.01,0.0,0.0,post_relu_mean,1049.2825927734375,-1049.2825927734375,90.49522399902344,0.0,0.0,621.6268367767334,0.03763969001485795,-0.6380327242556064,36.83637634961602,0.8387825620174408,False
38,interference_stage3.0.wave_feature_conv2,109,3,1000,0.01,0.0,0.0,post_relu_mean,941.0593872070312,-941.0593872070312,74.69674682617188,0.0,0.0,482.50603103637695,0.036936482257526736,-0.4988917232849033,28.803167902934224,0.6963525843620301,False
38,interference_stage3.0.wave_feature_conv2,109,3,1000,0.05,0.0,0.0,post_relu_mean,5685.89794921875,-5685.89794921875,511.97735595703125,0.0,0.0,4119.484212875366,0.04313325377451541,-4.19023319339087,241.92022529105733,1.0531221282482148,False
38,interference_stage3.0.wave_feature_conv2,109,3,1000,0.05,0.0,0.0,post_relu_mean,5321.8984375,-5321.8984375,447.8583679199219,0.0,0.0,3286.108404159546,0.036385791443644,-3.3587919371446198,193.91753970648978,0.8891031929850578,False
38,interference_stage3.0.wave_feature_conv2,109,3,1000,0.05,0.0,0.0,post_relu_mean,4788.162109375,-4788.162109375,376.8090515136719,0.0,0.0,2516.934986114502,0.030238614876146656,-2.5881656886087674,149.42596943317918,0.7373560965061188,False
38,interference_stage3.0.wave_feature_conv2,104,3,1000,0.005,0.0,0.0,post_relu_mean,606.20458984375,-606.20458984375,55.94061279296875,0.0,0.0,413.9645576477051,0.05982570925432496,-0.43667053158567737,25.210879029318594,1.030682756304741,False
38,interference_stage3.0.wave_feature_conv2,104,3,1000,0.005,0.0,0.0,post_relu_mean,572.245361328125,-572.245361328125,49.631473541259766,0.0,0.0,334.60988426208496,0.04393028143917507,-0.3501310921216023,20.214577490985636,0.8552734798192978,False
38,interference_stage3.0.wave_feature_conv2,104,3,1000,0.005,0.0,0.0,post_relu_mean,492.2771911621094,-492.2771911621094,39.96839141845703,0.0,0.0,248.29730606079102,0.04255603846173776,-0.2620695231011451,15.130432864779545,0.6835334888100624,False
38,interference_stage3.0.wave_feature_conv2,104,3,1000,0.01,0.0,0.0,post_relu_mean,1216.3792724609375,-1216.3792724609375,111.33040618896484,0.0,0.0,857.9698677062988,0.06382035731955689,-0.8940493048611614,51.61733598261665,1.0734728628396988,False
38,interference_stage3.0.wave_feature_conv2,104,3,1000,0.01,0.0,0.0,post_relu_mean,1135.649169921875,-1135.649169921875,97.44759368896484,0.0,0.0,682.8411464691162,0.047406450510574266,-0.7176231750611881,41.431491710770096,0.885647220313549,False
38,interference_stage3.0.wave_feature_conv2,104,3,1000,0.01,0.0,0.0,post_relu_mean,1001.2936401367188,-1001.2936401367188,79.48973846435547,0.0,0.0,520.1856880187988,0.03974042921967642,-0.5406068231005702,31.21157085525432,0.7282482102513314,False
38,interference_stage3.0.wave_feature_conv2,104,3,1000,0.05,0.0,0.0,post_relu_mean,6263.09130859375,-6263.09130859375,569.2371215820312,0.0,0.0,4530.961688995361,0.05109927201760196,-4.642952548789306,268.0576617610982,1.1302403712272644,False
38,interference_stage3.0.wave_feature_conv2,104,3,1000,0.05,0.0,0.0,post_relu_mean,5855.69140625,-5855.69140625,496.184814453125,0.0,0.0,3608.565999984741,0.039882919607997246,-3.6846529008073827,212.73097049260295,0.9250765183568,False
38,interference_stage3.0.wave_feature_conv2,104,3,1000,0.05,0.0,0.0,post_relu_mean,5242.52734375,-5242.52734375,413.9881286621094,0.0,0.0,2754.429096221924,0.028390634593598828,-2.812275411133325,162.36477150052548,0.7586277496814727,False
41,interference_stage3.0.skip_connection.0,32,3,1000,0.005,0.0,0.0,post_relu_mean,968.3628540039062,-968.3628540039062,79.66747283935547,0.0,0.0,703.2826061248779,0.0856225204845383,-0.7280029560553467,42.0307566032201,1.9760750806331635,False
41,interference_stage3.0.skip_connection.0,32,3,1000,0.005,0.0,0.0,post_relu_mean,907.2073364257812,-907.2073364257812,69.63207244873047,0.0,0.0,582.8683013916016,0.08389808000833567,-0.6033132656700818,34.83198252581975,1.733828849196434,False
41,interference_stage3.0.skip_connection.0,32,3,1000,0.005,0.0,0.0,post_relu_mean,817.827392578125,-817.827392578125,58.85896301269531,0.0,0.0,468.76201248168945,0.10816156315229075,-0.48239708544746085,27.850866010223665,1.5107274270057678,False
41,interference_stage3.0.skip_connection.0,32,3,1000,0.01,0.0,0.0,post_relu_mean,1969.590087890625,-1969.590087890625,160.79495239257812,0.0,0.0,1461.127332687378,0.10075580469790786,-1.539366047841381,88.87423399656508,2.0645805060863496,False
41,interference_stage3.0.skip_connection.0,32,3,1000,0.01,0.0,0.0,post_relu_mean,1822.5272216796875,-1822.5272216796875,138.6449737548828,0.0,0.0,1187.6300201416016,0.08602747228296669,-1.2331296120385187,71.19389681398083,1.7854339909553527,False
41,interference_stage3.0.skip_connection.0,32,3,1000,0.01,0.0,0.0,post_relu_mean,1629.629150390625,-1629.629150390625,115.96598052978516,0.0,0.0,937.9216499328613,0.08777281358018689,-0.9613183244925363,55.50104768783378,1.5518409937620163,False
41,interference_stage3.0.skip_connection.0,32,3,1000,0.05,0.0,0.0,post_relu_mean,10272.720703125,-10272.720703125,841.4082641601562,0.0,0.0,7722.418226242065,0.08583641007622062,-7.883999707170412,455.1772804457905,2.178648054599762,False
41,interference_stage3.0.skip_connection.0,32,3,1000,0.05,0.0,0.0,post_relu_mean,9501.267578125,-9501.267578125,720.9348754882812,0.0,0.0,6246.065811157227,0.07630382344536446,-6.392886193736875,369.0888819434051,1.8874977791309357,False
41,interference_stage3.0.skip_connection.0,32,3,1000,0.05,0.0,0.0,post_relu_mean,8705.58203125,-8705.58203125,610.1168823242188,0.0,0.0,5048.969257354736,0.0707298668666375,-5.167946711607244,298.3679187979397,1.6674925178289413,False
41,interference_stage3.0.skip_connection.0,30,3,1000,0.005,0.0,0.0,post_relu_mean,799.6741333007812,-799.6741333007812,70.47848510742188,0.0,0.0,563.0352325439453,0.07677260976315094,-0.5933619121728043,34.258117303252746,1.6773631757497787,False
41,interference_stage3.0.skip_connection.0,30,3,1000,0.005,0.0,0.0,post_relu_mean,746.5661010742188,-746.5661010742188,59.99174499511719,0.0,0.0,466.49304962158203,0.07985559620904659,-0.48216423804302383,27.8374496793485,1.4281739449501039,False
41,interference_stage3.0.skip_connection.0,30,3,1000,0.005,0.0,0.0,post_relu_mean,677.4188842773438,-677.4188842773438,50.031524658203125,0.0,0.0,382.21276473999023,0.11004604565928638,-0.3880346358329368,22.403047031613724,1.2354857605695724,False
41,interference_stage3.0.skip_connection.0,30,3,1000,0.01,0.0,0.0,post_relu_mean,1597.72119140625,-1597.72119140625,138.21792602539062,0.0,0.0,1157.8639678955078,0.09290361747039211,-1.21793829083398,70.31713855654974,1.7660211408138276,False
41,interference_stage3.0.skip_connection.0,30,3,1000,0.01,0.0,0.0,post_relu_mean,1505.508544921875,-1505.508544921875,118.25165557861328,0.0,0.0,963.2659072875977,0.07795093602621442,-1.007986968030524,58.19559472993781,1.4994697785377502,False
41,interference_stage3.0.skip_connection.0,30,3,1000,0.01,0.0,0.0,post_relu_mean,1380.30517578125,-1380.30517578125,100.33129119873047,0.0,0.0,783.3004722595215,0.09170291227211848,-0.8255042839236264,47.65996645490546,1.2977604377269745,False
41,interference_stage3.0.skip_connection.0,30,3,1000,0.05,0.0,0.0,post_relu_mean,8276.890625,-8276.890625,710.3970947265625,0.0,0.0,6120.495803833008,0.08530997932937899,-6.3199220830130125,364.87633299611514,1.8696603399515153,False
41,interference_stage3.0.skip_connection.0,30,3,1000,0.05,0.0,0.0,post_relu_mean,7896.35595703125,-7896.35595703125,608.1939697265625,0.0,0.0,5149.373207092285,0.07798155221348886,-5.31926549616377,307.10433509828295,1.6339548826217651,False
41,interference_stage3.0.skip_connection.0,30,3,1000,0.05,0.0,0.0,post_relu_mean,7382.3037109375,-7382.3037109375,518.9617919921875,0.0,0.0,4273.516231536865,0.07427497010865886,-4.397907115158348,253.91011708263107,1.4062416654825212,False
41,interference_stage3.0.skip_connection.0,123,3,1000,0.005,0.0,0.0,post_relu_mean,749.7591552734375,-749.7591552734375,78.46687316894531,0.0,0.0,492.3708190917969,0.06537924356518804,-0.5132306585252522,29.631420095157733,1.4475808185338974,False
41,interference_stage3.0.skip_connection.0,123,3,1000,0.005,0.0,0.0,post_relu_mean,669.721435546875,-669.721435546875,64.28670501708984,0.0,0.0,373.5738983154297,0.06753252011655941,-0.3898005656928532,22.504933561846478,1.1889189845323562,False
41,interference_stage3.0.skip_connection.0,123,3,1000,0.005,0.0,0.0,post_relu_mean,571.6056518554688,-571.6056518554688,50.12520217895508,0.0,0.0,279.12738037109375,0.08492906857203525,-0.28491884684049473,16.449625632757144,0.9586955919861794,False
41,interference_stage3.0.skip_connection.0,123,3,1000,0.01,0.0,0.0,post_relu_mean,1511.45458984375,-1511.45458984375,154.54922485351562,0.0,0.0,1025.8191833496094,0.08523002021440536,-1.0666496975076964,61.58232303719311,1.5345388543605805,False
41,interference_stage3.0.skip_connection.0,123,3,1000,0.01,0.0,0.0,post_relu_mean,1330.27490234375,-1330.27490234375,125.20196533203125,0.0,0.0,760.0087127685547,0.0672037327853338,-0.7847726903926991,45.3083072194634,1.2361751967668533,False
41,interference_stage3.0.skip_connection.0,123,3,1000,0.01,0.0,0.0,post_relu_mean,1169.056396484375,-1169.056396484375,100.47914123535156,0.0,0.0,574.4544677734375,0.07069075428010115,-0.5948148237168454,34.34136004820942,1.021915241777897,False
41,interference_stage3.0.skip_connection.0,123,3,1000,0.05,0.0,0.0,post_relu_mean,7687.37060546875,-7687.37060546875,775.9873657226562,0.0,0.0,5337.420501708984,0.07640847356766366,-5.395660037741177,311.51479934517585,1.6250487065315247,False
41,interference_stage3.0.skip_connection.0,123,3,1000,0.05,0.0,0.0,post_relu_mean,6849.68701171875,-6849.68701171875,642.3342895507812,0.0,0.0,3952.325241088867,0.05809795444056702,-4.052635178794508,233.977100710477,1.2978404027223587,False
41,interference_stage3.0.skip_connection.0,123,3,1000,0.05,0.0,0.0,post_relu_mean,5993.2275390625,-5993.2275390625,512.6676025390625,0.0,0.0,2925.494873046875,0.0509172296734013,-3.0240017878498717,174.58864435122726,1.0783097207546235,False
41,interference_stage3.0.skip_connection.0,80,3,1000,0.005,0.0,0.0,post_relu_mean,676.4775390625,-676.4775390625,60.249935150146484,0.0,0.0,474.00003242492676,0.06698037089557256,-0.4797099958474304,27.69572972349922,1.4541368967294692,False
41,interference_stage3.0.skip_connection.0,80,3,1000,0.005,0.0,0.0,post_relu_mean,614.7529296875,-614.7529296875,50.341678619384766,0.0,0.0,381.6210289001465,0.06540398820172647,-0.3864912143662357,22.31382050820119,1.24725199341774,False
41,interference_stage3.0.skip_connection.0,80,3,1000,0.005,0.0,0.0,post_relu_mean,544.3446044921875,-544.3446044921875,40.756324768066406,0.0,0.0,308.3456039428711,0.10193909049389602,-0.31390759495473586,18.123361030586214,1.0893484169244767,False
41,interference_stage3.0.skip_connection.0,80,3,1000,0.01,0.0,0.0,post_relu_mean,1365.1365966796875,-1365.1365966796875,119.57202911376953,0.0,0.0,984.6928424835205,0.08066429094807764,-1.0268714201985907,59.28600813096613,1.5166149693727493,False
41,interference_stage3.0.skip_connection.0,80,3,1000,0.01,0.0,0.0,post_relu_mean,1214.828857421875,-1214.828857421875,97.42622375488281,0.0,0.0,769.8165245056152,0.06234684241955208,-0.8026281957097755,46.3392502210239,1.2879153496026994,False
41,interference_stage3.0.skip_connection.0,80,3,1000,0.01,0.0,0.0,post_relu_mean,1075.5152587890625,-1075.5152587890625,80.73697662353516,0.0,0.0,599.6323471069336,0.08006405318545717,-0.6124008408056271,35.356553453008274,1.1005132126808166,False
41,interference_stage3.0.skip_connection.0,80,3,1000,0.05,0.0,0.0,post_relu_mean,6954.265625,-6954.265625,589.6240844726562,0.0,0.0,5163.665864944458,0.07183785921122515,-5.26427431510983,303.92932564227834,1.6192281675338744,False
41,interference_stage3.0.skip_connection.0,80,3,1000,0.05,0.0,0.0,post_relu_mean,6369.142578125,-6369.142578125,499.8707275390625,0.0,0.0,4113.13024520874,0.0530985514796493,-4.206903655623616,242.88269469443298,1.3708533656597137,False
41,interference_stage3.0.skip_connection.0,80,3,1000,0.05,0.0,0.0,post_relu_mean,5707.8388671875,-5707.8388671875,416.7311096191406,0.0,0.0,3215.991111755371,0.05451051075534829,-3.295987659701258,190.291597625608,1.1826514798402785,False
41,interference_stage3.0.skip_connection.0,60,3,1000,0.005,0.0,0.0,post_relu_mean,767.5381469726562,-767.5381469726562,74.01754760742188,0.0,0.0,524.5418453216553,0.07961146172396709,-0.544702040173685,31.44801163656101,1.5982606244087219,False
41,interference_stage3.0.skip_connection.0,60,3,1000,0.005,0.0,0.0,post_relu_mean,702.841796875,-702.841796875,63.52546310424805,0.0,0.0,411.1759490966797,0.0912979905866573,-0.42077754449354393,24.293308480873772,1.3249815142154693,False
41,interference_stage3.0.skip_connection.0,60,3,1000,0.005,0.0,0.0,post_relu_mean,610.07373046875,-610.07373046875,50.99320983886719,0.0,0.0,313.4555892944336,0.12447834900631767,-0.31225286756283893,18.02773154628107,1.1207655435800552,False
41,interference_stage3.0.skip_connection.0,60,3,1000,0.01,0.0,0.0,post_relu_mean,1528.172119140625,-1528.172119140625,146.07846069335938,0.0,0.0,1068.9931392669678,0.08226906196730463,-1.1113361988712802,64.16227749562371,1.6429907196760178,False
41,interference_stage3.0.skip_connection.0,60,3,1000,0.01,0.0,0.0,post_relu_mean,1396.4266357421875,-1396.4266357421875,124.68352508544922,0.0,0.0,829.5495147705078,0.08079453700846641,-0.8511830055730639,49.14248429018065,1.380159112215042,False
41,interference_stage3.0.skip_connection.0,60,3,1000,0.01,0.0,0.0,post_relu_mean,1254.1397705078125,-1254.1397705078125,102.25238037109375,0.0,0.0,649.9666061401367,0.09757739582856495,-0.6755514173651461,39.00249871361121,1.1933279436826707,False
41,interference_stage3.0.skip_connection.0,60,3,1000,0.05,0.0,0.0,post_relu_mean,7762.91259765625,-7762.91259765625,727.2637939453125,0.0,0.0,5560.177465438843,0.07194049639887051,-5.63920646441454,325.57568553134877,1.7476524639129638,False
41,interference_stage3.0.skip_connection.0,60,3,1000,0.05,0.0,0.0,post_relu_mean,7085.1552734375,-7085.1552734375,621.3325805664062,0.0,0.0,4283.357437133789,0.06405499607302594,-4.383008526446071,253.04995313907824,1.4485191053152084,False
41,interference_stage3.0.skip_connection.0,60,3,1000,0.05,0.0,0.0,post_relu_mean,6453.2373046875,-6453.2373046875,517.4132690429688,0.0,0.0,3358.0989303588867,0.06888656920412489,-3.4716792355844057,200.4351462161131,1.2385716015100479,False
44,interference_stage3.1.wave_feature_conv1,81,3,1000,0.005,0.0,0.0,post_relu_mean,917.59912109375,-917.59912109375,92.26367950439453,0.0,0.0,588.7634239196777,0.09403923065559608,-0.6192099048692039,35.74968639436921,1.6641526788473129,False
44,interference_stage3.1.wave_feature_conv1,81,3,1000,0.005,0.0,0.0,post_relu_mean,838.95458984375,-838.95458984375,77.03854370117188,0.0,0.0,455.92086029052734,0.06854295821267335,-0.48344094551307865,27.91119665714884,1.3222553986310959,False
44,interference_stage3.1.wave_feature_conv1,81,3,1000,0.005,0.0,0.0,post_relu_mean,719.7427368164062,-719.7427368164062,61.48562240600586,0.0,0.0,330.15316009521484,0.04802501922512723,-0.3436489108486257,19.84038215906136,1.0366540110111238,False
44,interference_stage3.1.wave_feature_conv1,81,3,1000,0.01,0.0,0.0,post_relu_mean,1789.2696533203125,-1789.2696533203125,178.66905212402344,0.0,0.0,1201.2177696228027,0.09730440661757038,-1.2379451571860582,71.47190820540573,1.7096101689338683,False
44,interference_stage3.1.wave_feature_conv1,81,3,1000,0.01,0.0,0.0,post_relu_mean,1655.119140625,-1655.119140625,150.84959411621094,0.0,0.0,939.9356918334961,0.07358761401032198,-0.9639466127644403,55.65279963610361,1.369285609126091,False
44,interference_stage3.1.wave_feature_conv1,81,3,1000,0.01,0.0,0.0,post_relu_mean,1407.4281005859375,-1407.4281005859375,119.01643371582031,0.0,0.0,672.6536178588867,0.054547775377005794,-0.6947735162647867,40.11227603158982,1.0800434201955795,False
44,interference_stage3.1.wave_feature_conv1,81,3,1000,0.05,0.0,0.0,post_relu_mean,8976.298828125,-8976.298828125,892.6394653320312,0.0,0.0,6246.335689544678,0.0757923754431996,-6.345308213027592,366.3419667712975,1.7886195826530455,False
44,interference_stage3.1.wave_feature_conv1,81,3,1000,0.05,0.0,0.0,post_relu_mean,8033.5751953125,-8033.5751953125,725.786865234375,0.0,0.0,4731.17391204834,0.054570234346187796,-4.800623839265415,277.16070650523204,1.4171932190656662,False
44,interference_stage3.1.wave_feature_conv1,81,3,1000,0.05,0.0,0.0,post_relu_mean,7144.2421875,-7144.2421875,596.249755859375,0.0,0.0,3546.067802429199,0.043209656787506004,-3.6314519271673187,209.65948364483185,1.1278435200452805,False
44,interference_stage3.1.wave_feature_conv1,42,3,1000,0.005,0.0,0.0,post_relu_mean,927.5411987304688,-927.5411987304688,94.955078125,0.0,0.0,593.6915283203125,0.0772330956107148,-0.6158489024786656,35.55560965393539,1.5712027341127395,False
44,interference_stage3.1.wave_feature_conv1,42,3,1000,0.005,0.0,0.0,post_relu_mean,855.1443481445312,-855.1443481445312,81.3248519897461,0.0,0.0,455.91781997680664,0.06077793645405053,-0.4737897428682666,27.353936729314853,1.2659500187635422,False
44,interference_stage3.1.wave_feature_conv1,42,3,1000,0.005,0.0,0.0,post_relu_mean,722.46826171875,-722.46826171875,63.5245246887207,0.0,0.0,323.77612686157227,0.043419142117640204,-0.3277059638740724,18.919879359666837,0.9912106785178184,False
44,interference_stage3.1.wave_feature_conv1,42,3,1000,0.01,0.0,0.0,post_relu_mean,1819.7078857421875,-1819.7078857421875,185.7498779296875,0.0,0.0,1213.4738159179688,0.08112228013364829,-1.2617350867121286,72.8454224490826,1.6221576207876205,False
44,interference_stage3.1.wave_feature_conv1,42,3,1000,0.01,0.0,0.0,post_relu_mean,1692.561767578125,-1692.561767578125,160.34645080566406,0.0,0.0,937.7380409240723,0.07025673202951217,-0.9523616063424046,54.98393927618399,1.315679569840431,False
44,interference_stage3.1.wave_feature_conv1,42,3,1000,0.01,0.0,0.0,post_relu_mean,1426.060791015625,-1426.060791015625,124.60218048095703,0.0,0.0,660.9027137756348,0.04959170112600195,-0.6782825657830167,39.160180063278,1.033494335412979,False
44,interference_stage3.1.wave_feature_conv1,42,3,1000,0.05,0.0,0.0,post_relu_mean,9316.2783203125,-9316.2783203125,952.2179565429688,0.0,0.0,6410.640075683594,0.0779333152539446,-6.522456377327401,376.56951557516544,1.7269745880365373,False
44,interference_stage3.1.wave_feature_conv1,42,3,1000,0.05,0.0,0.0,post_relu_mean,8507.353515625,-8507.353515625,807.63330078125,0.0,0.0,4839.739200592041,0.05786175740293879,-4.934473802335781,284.8886024613923,1.37289724111557,False
44,interference_stage3.1.wave_feature_conv1,42,3,1000,0.05,0.0,0.0,post_relu_mean,7109.60888671875,-7109.60888671875,616.8549194335938,0.0,0.0,3390.934513092041,0.042036835907735354,-3.4481557476558984,199.07687785715572,1.0845054453611374,False
44,interference_stage3.1.wave_feature_conv1,127,3,1000,0.005,0.0,0.0,post_relu_mean,941.4351196289062,-941.4351196289062,98.31148529052734,0.0,0.0,598.7989883422852,0.08823835471659587,-0.6271434572271778,36.207698484978835,1.6211448603868484,False
44,interference_stage3.1.wave_feature_conv1,127,3,1000,0.005,0.0,0.0,post_relu_mean,862.6873779296875,-862.6873779296875,84.93122100830078,0.0,0.0,448.5297317504883,0.06162355585232673,-0.4783239928974908,27.615712451322338,1.2841372048854829,False
44,interference_stage3.1.wave_feature_conv1,127,3,1000,0.005,0.0,0.0,post_relu_mean,745.5724487304688,-745.5724487304688,67.77228546142578,0.0,0.0,322.7060890197754,0.04882678572215191,-0.3319067382354725,19.16241047552013,0.9849745362997055,False
44,interference_stage3.1.wave_feature_conv1,127,3,1000,0.01,0.0,0.0,post_relu_mean,1860.2559814453125,-1860.2559814453125,193.76052856445312,0.0,0.0,1231.2726821899414,0.08992565505364225,-1.2822244538962593,74.02839754436752,1.6672385120391846,False
44,interference_stage3.1.wave_feature_conv1,127,3,1000,0.01,0.0,0.0,post_relu_mean,1707.4930419921875,-1707.4930419921875,166.71212768554688,0.0,0.0,925.3212966918945,0.07315599884820301,-0.964220275672907,55.66861283337192,1.3335889583826066,False
44,interference_stage3.1.wave_feature_conv1,127,3,1000,0.01,0.0,0.0,post_relu_mean,1470.544189453125,-1470.544189453125,132.4744873046875,0.0,0.0,659.4646339416504,0.0511792151453374,-0.6861395408786586,39.61380382866801,1.0245998519659043,False
44,interference_stage3.1.wave_feature_conv1,127,3,1000,0.05,0.0,0.0,post_relu_mean,9249.9365234375,-9249.9365234375,956.1099243164062,0.0,0.0,6333.904762268066,0.0731745914791931,-6.43522531325002,371.533282750209,1.7407646191120147,False
44,interference_stage3.1.wave_feature_conv1,127,3,1000,0.05,0.0,0.0,post_relu_mean,8603.3251953125,-8603.3251953125,836.5012817382812,0.0,0.0,4807.102180480957,0.05471854853109834,-4.8999035110765465,282.8925971334483,1.3780798119306565,False
44,interference_stage3.1.wave_feature_conv1,127,3,1000,0.05,0.0,0.0,post_relu_mean,7578.677734375,-7578.677734375,680.1583251953125,0.0,0.0,3481.4951515197754,0.04302178596273532,-3.5425404191623335,204.5261417722099,1.082077442407608,False
44,interference_stage3.1.wave_feature_conv1,12,3,1000,0.005,0.0,0.0,post_relu_mean,1120.4359130859375,-1120.4359130859375,109.18511962890625,0.0,0.0,754.3416213989258,0.09721525943923445,-0.7973975107434328,46.03722452383011,1.8682750087976456,False
44,interference_stage3.1.wave_feature_conv1,12,3,1000,0.005,0.0,0.0,post_relu_mean,1038.3240966796875,-1038.3240966796875,96.3874740600586,0.0,0.0,581.8817596435547,0.06694369789029003,-0.6143089886909038,35.46673063592504,1.4948513025045396,False
44,interference_stage3.1.wave_feature_conv1,12,3,1000,0.005,0.0,0.0,post_relu_mean,930.9732055664062,-930.9732055664062,81.66249084472656,0.0,0.0,434.1398277282715,0.06190970660781956,-0.44914796098357057,25.93127047594587,1.1770290005207062,False
44,interference_stage3.1.wave_feature_conv1,12,3,1000,0.01,0.0,0.0,post_relu_mean,2238.145263671875,-2238.145263671875,218.0161895751953,0.0,0.0,1545.557746887207,0.10944320613659,-1.6060471743116818,92.72411479095747,1.934465265274048,False
44,interference_stage3.1.wave_feature_conv1,12,3,1000,0.01,0.0,0.0,post_relu_mean,2090.980712890625,-2090.980712890625,193.1393585205078,0.0,0.0,1199.1548309326172,0.07717842938157583,-1.2433728735064078,71.78529699705328,1.5524189800024033,False
44,interference_stage3.1.wave_feature_conv1,12,3,1000,0.01,0.0,0.0,post_relu_mean,1854.8443603515625,-1854.8443603515625,161.0194854736328,0.0,0.0,881.8689842224121,0.061522877204428096,-0.9231524732820469,53.297594818508585,1.2194560849666596,False
44,interference_stage3.1.wave_feature_conv1,12,3,1000,0.05,0.0,0.0,post_relu_mean,11051.046875,-11051.046875,1066.644775390625,0.0,0.0,7812.573371887207,0.08253522812021644,-7.931331626796529,457.910138390098,1.9937144070863724,False
44,interference_stage3.1.wave_feature_conv1,12,3,1000,0.05,0.0,0.0,post_relu_mean,10533.232421875,-10533.232421875,969.2164916992188,0.0,0.0,6149.059616088867,0.0654712126461473,-6.236223339543448,360.0440623205248,1.6089583480358123,False
44,interference_stage3.1.wave_feature_conv1,12,3,1000,0.05,0.0,0.0,post_relu_mean,9564.470703125,-9564.470703125,828.9909057617188,0.0,0.0,4583.666957855225,0.053423505675977805,-4.677059219144054,270.02677113928075,1.274988330602646,False
44,interference_stage3.1.wave_feature_conv1,31,3,1000,0.005,0.0,0.0,post_relu_mean,889.531982421875,-889.531982421875,99.10960388183594,0.0,0.0,558.0420608520508,0.08408756951677317,-0.5842549842051104,33.73156753742212,1.518896416425705,False
44,interference_stage3.1.wave_feature_conv1,31,3,1000,0.005,0.0,0.0,post_relu_mean,798.624755859375,-798.624755859375,84.28060913085938,0.0,0.0,401.0916404724121,0.06337308377405196,-0.41082434151613073,23.71866704029245,1.1851265579462051,False
44,interference_stage3.1.wave_feature_conv1,31,3,1000,0.005,0.0,0.0,post_relu_mean,681.1366577148438,-681.1366577148438,66.17913818359375,0.0,0.0,281.68223571777344,0.06560172270726443,-0.29262119733535324,16.894287201114665,0.9193275392055511,False
44,interference_stage3.1.wave_feature_conv1,31,3,1000,0.01,0.0,0.0,post_relu_mean,1750.8526611328125,-1750.8526611328125,193.90933227539062,0.0,0.0,1134.963508605957,0.09065578271711447,-1.1729501048652926,67.71953837453616,1.5722260892391204,False
44,interference_stage3.1.wave_feature_conv1,31,3,1000,0.01,0.0,0.0,post_relu_mean,1603.6727294921875,-1603.6727294921875,167.1380157470703,0.0,0.0,833.2812767028809,0.07416524626444508,-0.8683155946696518,50.131602833819066,1.2384323954582215,False
44,interference_stage3.1.wave_feature_conv1,31,3,1000,0.01,0.0,0.0,post_relu_mean,1346.867431640625,-1346.867431640625,129.2900848388672,0.0,0.0,568.7473602294922,0.06637689240822017,-0.5941864753436463,34.30499057862169,0.9752550485730171,False
44,interference_stage3.1.wave_feature_conv1,31,3,1000,0.05,0.0,0.0,post_relu_mean,8957.4169921875,-8957.4169921875,984.0078735351562,0.0,0.0,5971.2324295043945,0.08213633317060123,-6.1070622417415885,352.58711772534105,1.6798366779088973,False
44,interference_stage3.1.wave_feature_conv1,31,3,1000,0.05,0.0,0.0,post_relu_mean,8052.53369140625,-8052.53369140625,828.9646606445312,0.0,0.0,4303.922023773193,0.06609470307783025,-4.372869023141594,252.46459002986802,1.3184469759464263,False
44,interference_stage3.1.wave_feature_conv1,31,3,1000,0.05,0.0,0.0,post_relu_mean,7127.9306640625,-7127.9306640625,677.02587890625,0.0,0.0,3063.395797729492,0.05868245418742393,-3.128071795178669,180.5970611354669,1.0525829249620438,False
46,interference_stage3.1.wave_feature_conv2,38,3,1000,0.005,0.0,0.0,post_relu_mean,823.9002685546875,-823.9002685546875,53.503074645996094,0.0,0.0,617.2336578369141,0.10091744884499422,-0.6381049813110561,36.84056221660575,1.580520886182785,False
46,interference_stage3.1.wave_feature_conv2,38,3,1000,0.005,0.0,0.0,post_relu_mean,819.3422241210938,-819.3422241210938,52.64740753173828,0.0,0.0,542.7282905578613,0.0873757657594842,-0.569369223702028,32.872280291961225,1.3932834792137145,False
46,interference_stage3.1.wave_feature_conv2,38,3,1000,0.005,0.0,0.0,post_relu_mean,800.5067138671875,-800.5067138671875,50.225799560546875,0.0,0.0,465.90810775756836,0.07318047151018425,-0.4890019051318567,28.232217086627898,1.2025590181350707,False
46,interference_stage3.1.wave_feature_conv2,38,3,1000,0.01,0.0,0.0,post_relu_mean,1649.2646484375,-1649.2646484375,107.3021469116211,0.0,0.0,1281.2007598876953,0.10515734060625766,-1.3280317208125518,76.67299254162775,1.6588022774457931,False
46,interference_stage3.1.wave_feature_conv2,38,3,1000,0.01,0.0,0.0,post_relu_mean,1623.7578125,-1623.7578125,103.70919799804688,0.0,0.0,1117.3658027648926,0.09077574161611501,-1.1699964175892725,67.54893631030525,1.448535342812538,False
46,interference_stage3.1.wave_feature_conv2,38,3,1000,0.01,0.0,0.0,post_relu_mean,1589.709228515625,-1589.709228515625,99.92485809326172,0.0,0.0,956.9162864685059,0.07321315089177281,-1.000582593132333,57.76803287233517,1.244686066508293,False
46,interference_stage3.1.wave_feature_conv2,38,3,1000,0.05,0.0,0.0,post_relu_mean,8377.0283203125,-8377.0283203125,546.3974609375,0.0,0.0,6691.67854309082,0.0795795675967417,-6.779929700757166,391.43485497722503,1.7206666845083236,False
46,interference_stage3.1.wave_feature_conv2,38,3,1000,0.05,0.0,0.0,post_relu_mean,8253.6650390625,-8253.6650390625,527.6826171875,0.0,0.0,5839.392658233643,0.0666217885677654,-5.946879192487626,343.3389605693853,1.5036681324243546,False
46,interference_stage3.1.wave_feature_conv2,38,3,1000,0.05,0.0,0.0,post_relu_mean,8058.60595703125,-8058.60595703125,506.2174072265625,0.0,0.0,4988.057949066162,0.05706456255461768,-5.087140716664889,293.70257041305405,1.294643176794052,False
46,interference_stage3.1.wave_feature_conv2,75,3,1000,0.005,0.0,0.0,post_relu_mean,647.861572265625,-647.861572265625,51.245182037353516,0.0,0.0,459.4264678955078,0.10185746236118258,-0.4798195160948969,27.702050686416936,1.2716215664148331,False
46,interference_stage3.1.wave_feature_conv2,75,3,1000,0.005,0.0,0.0,post_relu_mean,632.669189453125,-632.669189453125,48.30387496948242,0.0,0.0,387.1911849975586,0.09083053383238897,-0.4036006849725686,23.30163985146699,1.0951020038127899,False
46,interference_stage3.1.wave_feature_conv2,75,3,1000,0.005,0.0,0.0,post_relu_mean,604.5532836914062,-604.5532836914062,43.659385681152344,0.0,0.0,321.07541275024414,0.07516823051654911,-0.3431407514924202,19.811004788255453,0.9273724159598351,False
46,interference_stage3.1.wave_feature_conv2,75,3,1000,0.01,0.0,0.0,post_relu_mean,1276.736572265625,-1276.736572265625,100.77460479736328,0.0,0.0,939.7131500244141,0.09864810979328732,-0.9746818446919913,56.27258181874467,1.3166045987606048,False
46,interference_stage3.1.wave_feature_conv2,75,3,1000,0.01,0.0,0.0,post_relu_mean,1239.0850830078125,-1239.0850830078125,92.8259048461914,0.0,0.0,793.2579574584961,0.09057222256377019,-0.8272012878202814,47.75792275330912,1.1439961940050125,False
46,interference_stage3.1.wave_feature_conv2,75,3,1000,0.01,0.0,0.0,post_relu_mean,1208.8541259765625,-1208.8541259765625,86.36050415039062,0.0,0.0,669.1695289611816,0.08155639902150662,-0.6977286328062743,40.282926550035455,0.9764627933502197,False
46,interference_stage3.1.wave_feature_conv2,75,3,1000,0.05,0.0,0.0,post_relu_mean,6404.5361328125,-6404.5361328125,500.2129211425781,0.0,0.0,4869.197891235352,0.08092472903963956,-4.953435048522698,285.9834352043134,1.3782377380132675,False
46,interference_stage3.1.wave_feature_conv2,75,3,1000,0.05,0.0,0.0,post_relu_mean,6398.26611328125,-6398.26611328125,476.06103515625,0.0,0.0,4227.880638122559,0.07786467339537358,-4.282428006989237,247.24309133452172,1.220173780322075,False
46,interference_stage3.1.wave_feature_conv2,75,3,1000,0.05,0.0,0.0,post_relu_mean,6011.580078125,-6011.580078125,429.7586669921875,0.0,0.0,3411.506504058838,0.06030086934381098,-3.4624266836529305,199.9008198155726,1.01143938601017,False
46,interference_stage3.1.wave_feature_conv2,104,3,1000,0.005,0.0,0.0,post_relu_mean,546.1751098632812,-546.1751098632812,52.87007522583008,0.0,0.0,366.24509620666504,0.06374420751554778,-0.3754449454650673,21.67605798405185,0.986681869328022,False
46,interference_stage3.1.wave_feature_conv2,104,3,1000,0.005,0.0,0.0,post_relu_mean,536.29541015625,-536.29541015625,50.23783493041992,0.0,0.0,295.6487579345703,0.051692401111120154,-0.31000885872671713,17.898155912363123,0.8006800681352615,False
46,interference_stage3.1.wave_feature_conv2,104,3,1000,0.005,0.0,0.0,post_relu_mean,498.846435546875,-498.846435546875,44.847354888916016,0.0,0.0,221.92927932739258,0.034343432704203015,-0.23507589817583574,13.571948641379423,0.6185597628355026,False
46,interference_stage3.1.wave_feature_conv2,104,3,1000,0.01,0.0,0.0,post_relu_mean,1100.02099609375,-1100.02099609375,106.18186950683594,0.0,0.0,760.1556186676025,0.06979987740407383,-0.7920012796462491,45.72565648509558,1.0393800169229508,False
46,interference_stage3.1.wave_feature_conv2,104,3,1000,0.01,0.0,0.0,post_relu_mean,1053.4183349609375,-1053.4183349609375,98.1786880493164,0.0,0.0,597.0378570556641,0.051294345356562736,-0.6218704152219896,35.903317376716856,0.8263250094652176,False
46,interference_stage3.1.wave_feature_conv2,104,3,1000,0.01,0.0,0.0,post_relu_mean,1003.0134887695312,-1003.0134887695312,89.00513458251953,0.0,0.0,461.1496467590332,0.04052740492488394,-0.48462566014376196,27.97968352018194,0.6516442844271659,False
46,interference_stage3.1.wave_feature_conv2,104,3,1000,0.05,0.0,0.0,post_relu_mean,5528.24267578125,-5528.24267578125,524.45556640625,0.0,0.0,3933.5561923980713,0.051928914652315264,-4.005311266021397,231.24388362075257,1.0844619286060333,False
46,interference_stage3.1.wave_feature_conv2,104,3,1000,0.05,0.0,0.0,post_relu_mean,5497.4853515625,-5497.4853515625,507.3050231933594,0.0,0.0,3200.036392211914,0.04594398356128109,-3.2405702680408814,187.09210184516422,0.8853211590647697,False
46,interference_stage3.1.wave_feature_conv2,104,3,1000,0.05,0.0,0.0,post_relu_mean,5134.3642578125,-5134.3642578125,454.1000061035156,0.0,0.0,2401.931140899658,0.033507097547413094,-2.4557649557694017,141.78194352166844,0.6806410750746728,False
46,interference_stage3.1.wave_feature_conv2,103,3,1000,0.005,0.0,0.0,post_relu_mean,443.8423156738281,-443.8423156738281,50.29826736450195,0.0,0.0,273.45909881591797,0.05343242829196111,-0.28535415626525307,16.474740386966918,0.729191857278347,False
46,interference_stage3.1.wave_feature_conv2,103,3,1000,0.005,0.0,0.0,post_relu_mean,414.7208557128906,-414.7208557128906,45.068565368652344,0.0,0.0,199.18840980529785,0.03766979200867358,-0.20774249664011368,11.993887013875508,0.5443080550432206,False
46,interference_stage3.1.wave_feature_conv2,103,3,1000,0.005,0.0,0.0,post_relu_mean,355.5030517578125,-355.5030517578125,36.221981048583984,0.0,0.0,132.21178817749023,0.023347857827696585,-0.14081121950686706,8.129640075787155,0.37670004218816755,False
46,interference_stage3.1.wave_feature_conv2,103,3,1000,0.01,0.0,0.0,post_relu_mean,876.3660278320312,-876.3660278320312,99.31922912597656,0.0,0.0,558.9199142456055,0.05134152679307471,-0.5806667484954946,33.52439686536095,0.7509392890334129,False
46,interference_stage3.1.wave_feature_conv2,103,3,1000,0.01,0.0,0.0,post_relu_mean,829.1864624023438,-829.1864624023438,89.37419128417969,0.0,0.0,414.27869606018066,0.04032194982653513,-0.43015161589672063,24.83451014417035,0.5675059488415718,False
46,interference_stage3.1.wave_feature_conv2,103,3,1000,0.01,0.0,0.0,post_relu_mean,714.5104370117188,-714.5104370117188,72.20209503173828,0.0,0.0,275.3384666442871,0.02532437628108579,-0.2828517571917569,16.330266125680925,0.39760052859783174,False
46,interference_stage3.1.wave_feature_conv2,103,3,1000,0.05,0.0,0.0,post_relu_mean,4447.86083984375,-4447.86083984375,501.2602844238281,0.0,0.0,2924.591667175293,0.04096557736869848,-2.949949798732761,170.31333761837723,0.7920171716809272,False
46,interference_stage3.1.wave_feature_conv2,103,3,1000,0.05,0.0,0.0,post_relu_mean,4196.12890625,-4196.12890625,452.7254943847656,0.0,0.0,2146.14035987854,0.030883470317125,-2.217188989234008,128.0078898455898,0.5985338053107262,False
46,interference_stage3.1.wave_feature_conv2,103,3,1000,0.05,0.0,0.0,post_relu_mean,3569.81494140625,-3569.81494140625,360.6720886230469,0.0,0.0,1399.823085784912,0.019963443124509584,-1.4251376827328395,82.27935724360279,0.41912730306386947,False
46,interference_stage3.1.wave_feature_conv2,125,3,1000,0.005,0.0,0.0,post_relu_mean,457.76043701171875,-457.76043701171875,52.1633415222168,0.0,0.0,282.6068363189697,0.0441803223757089,-0.29713541868469195,17.154910843186002,0.7540117737650871,False
46,interference_stage3.1.wave_feature_conv2,125,3,1000,0.005,0.0,0.0,post_relu_mean,431.600830078125,-431.600830078125,46.69648742675781,0.0,0.0,209.57709503173828,0.032175512349288164,-0.2209001218835403,12.75352257154694,0.5716088765859604,False
46,interference_stage3.1.wave_feature_conv2,125,3,1000,0.005,0.0,0.0,post_relu_mean,370.6559753417969,-370.6559753417969,37.25436782836914,0.0,0.0,142.01424026489258,0.019598912088797864,-0.14905055898187,8.60533270644172,0.41009279489517214,False
46,interference_stage3.1.wave_feature_conv2,125,3,1000,0.01,0.0,0.0,post_relu_mean,918.4996948242188,-918.4996948242188,104.4474868774414,0.0,0.0,586.4936466217041,0.04602082727417418,-0.6173660761730836,35.64322710663914,0.7844246709346772,False
46,interference_stage3.1.wave_feature_conv2,125,3,1000,0.01,0.0,0.0,post_relu_mean,863.68359375,-863.68359375,92.92121124267578,0.0,0.0,433.64859771728516,0.033962030227690794,-0.4545568421696504,26.24353877310944,0.5929352685809135,False
46,interference_stage3.1.wave_feature_conv2,125,3,1000,0.01,0.0,0.0,post_relu_mean,749.7328491210938,-749.7328491210938,74.9051513671875,0.0,0.0,295.1864204406738,0.022399540912243603,-0.31344601347272455,18.096588399210017,0.4272005616128445,False
46,interference_stage3.1.wave_feature_conv2,125,3,1000,0.05,0.0,0.0,post_relu_mean,4733.7509765625,-4733.7509765625,538.3235473632812,0.0,0.0,3100.116693496704,0.038615040780432555,-3.1764083738934286,183.3877504562814,0.8282185152173043,False
46,interference_stage3.1.wave_feature_conv2,125,3,1000,0.05,0.0,0.0,post_relu_mean,4366.08203125,-4366.08203125,467.7766418457031,0.0,0.0,2249.197608947754,0.027342141468405856,-2.3072551129268954,133.20778042724695,0.6273697552084923,False
46,interference_stage3.1.wave_feature_conv2,125,3,1000,0.05,0.0,0.0,post_relu_mean,3799.8369140625,-3799.8369140625,376.7406311035156,0.0,0.0,1534.277545928955,0.02061992675549368,-1.5694605856357347,90.61178996415194,0.4563319469988346,False
51,source_localization_stage4.0.wave_feature_conv1,7,3,1000,0.005,0.0,0.0,post_relu_mean,808.0116577148438,-808.0116577148438,42.522254943847656,0.0,0.0,636.4573631286621,0.14573175264259516,-0.6737330600776006,38.89752745400475,1.8988654816150665,False
51,source_localization_stage4.0.wave_feature_conv1,7,3,1000,0.005,0.0,0.0,post_relu_mean,778.8343505859375,-778.8343505859375,38.28465270996094,0.0,0.0,569.6486625671387,0.1310696526045568,-0.5940461337384875,34.29685363177828,1.7195701801776886,False
51,source_localization_stage4.0.wave_feature_conv1,7,3,1000,0.005,0.0,0.0,post_relu_mean,748.0991821289062,-748.0991821289062,34.235660552978516,0.0,0.0,512.8632164001465,0.10823556338604637,-0.5351688747968211,30.89764994514356,1.5533217805624009,False
51,source_localization_stage4.0.wave_feature_conv1,7,3,1000,0.01,0.0,0.0,post_relu_mean,1639.126708984375,-1639.126708984375,85.6417465209961,0.0,0.0,1338.2138938903809,0.17059214561147681,-1.3868191258919655,80.06706025371872,2.0278683817386627,False
51,source_localization_stage4.0.wave_feature_conv1,7,3,1000,0.01,0.0,0.0,post_relu_mean,1548.73974609375,-1548.73974609375,75.13388061523438,0.0,0.0,1173.73246383667,0.13864988070659962,-1.2225404747362334,70.5825435446351,1.8026001054048537,False
51,source_localization_stage4.0.wave_feature_conv1,7,3,1000,0.01,0.0,0.0,post_relu_mean,1505.4984130859375,-1505.4984130859375,68.22320556640625,0.0,0.0,1066.337215423584,0.12107725125844124,-1.098492267619801,63.42090566409973,1.6378450500965118,False
51,source_localization_stage4.0.wave_feature_conv1,7,3,1000,0.05,0.0,0.0,post_relu_mean,8142.43505859375,-8142.43505859375,420.05926513671875,0.0,0.0,6838.269802093506,0.1210434282017256,-6.939499171683393,400.64722793729004,2.0981764149665834,False
51,source_localization_stage4.0.wave_feature_conv1,7,3,1000,0.05,0.0,0.0,post_relu_mean,7932.23046875,-7932.23046875,380.5655517578125,0.0,0.0,6182.78080368042,0.11437136318100931,-6.280841729051037,362.620040166672,1.9227423566579818,False
51,source_localization_stage4.0.wave_feature_conv1,7,3,1000,0.05,0.0,0.0,post_relu_mean,7584.60986328125,-7584.60986328125,341.88116455078125,0.0,0.0,5503.500789642334,0.09831636394569078,-5.619948357107365,324.46386238172,1.7345114010572433,False
51,source_localization_stage4.0.wave_feature_conv1,45,3,1000,0.005,0.0,0.0,post_relu_mean,588.5802612304688,-588.5802612304688,34.81560516357422,0.0,0.0,452.69757080078125,0.06974569305219201,-0.469181554879143,27.087957920265406,1.390742584466934,False
51,source_localization_stage4.0.wave_feature_conv1,45,3,1000,0.005,0.0,0.0,post_relu_mean,562.281494140625,-562.281494140625,30.258697509765625,0.0,0.0,401.8372440338135,0.05962528548924814,-0.41697874534570883,24.074074460576455,1.2642760050296784,False
51,source_localization_stage4.0.wave_feature_conv1,45,3,1000,0.005,0.0,0.0,post_relu_mean,523.3894653320312,-523.3894653320312,26.19659423828125,0.0,0.0,349.08552742004395,0.04843635999791114,-0.35594905753991507,20.550585495491866,1.1465334790945052,False
51,source_localization_stage4.0.wave_feature_conv1,45,3,1000,0.01,0.0,0.0,post_relu_mean,1157.777099609375,-1157.777099609375,66.78765106201172,0.0,0.0,925.9783020019531,0.08863853054041446,-0.9482429253877098,54.74614920148868,1.4778455650806428,False
51,source_localization_stage4.0.wave_feature_conv1,45,3,1000,0.01,0.0,0.0,post_relu_mean,1114.0501708984375,-1114.0501708984375,59.26807403564453,0.0,0.0,823.0637454986572,0.07595175672925193,-0.8537514358574295,49.29074942227747,1.3347760707139968,False
51,source_localization_stage4.0.wave_feature_conv1,45,3,1000,0.01,0.0,0.0,post_relu_mean,1070.2593994140625,-1070.2593994140625,52.30536651611328,0.0,0.0,739.302812576294,0.06722514420373359,-0.7623574175627582,44.01418327105421,1.2271538680791856,False
51,source_localization_stage4.0.wave_feature_conv1,45,3,1000,0.05,0.0,0.0,post_relu_mean,5762.2109375,-5762.2109375,335.56256103515625,0.0,0.0,4724.087554931641,0.07112715157205662,-4.820965318261375,278.33512292009925,1.5314524054527283,False
51,source_localization_stage4.0.wave_feature_conv1,45,3,1000,0.05,0.0,0.0,post_relu_mean,5701.6396484375,-5701.6396484375,299.59185791015625,0.0,0.0,4329.196435928345,0.06789911352399032,-4.405182270670047,254.3301996233188,1.4169454681873321,False
51,source_localization_stage4.0.wave_feature_conv1,45,3,1000,0.05,0.0,0.0,post_relu_mean,5335.2529296875,-5335.2529296875,261.2718505859375,0.0,0.0,3750.497453689575,0.0564671657961998,-3.8440350446627374,221.93274364596385,1.2665111887454987,False
51,source_localization_stage4.0.wave_feature_conv1,102,3,1000,0.005,0.0,0.0,post_relu_mean,862.0073852539062,-862.0073852539062,44.61262893676758,0.0,0.0,698.4561290740967,0.28119997125567053,-0.7452684846936847,43.02771736872434,2.6538009250164034,False
51,source_localization_stage4.0.wave_feature_conv1,102,3,1000,0.005,0.0,0.0,post_relu_mean,868.478515625,-868.478515625,43.187705993652344,0.0,0.0,651.586254119873,0.2883039934407701,-0.6739120047367639,38.90785675181624,2.576312130689621,False
51,source_localization_stage4.0.wave_feature_conv1,102,3,1000,0.005,0.0,0.0,post_relu_mean,845.6087646484375,-845.6087646484375,40.92972946166992,0.0,0.0,584.6485710144043,0.27002547565121354,-0.6089962998586683,35.159994662724266,2.349554092884064,False
51,source_localization_stage4.0.wave_feature_conv1,102,3,1000,0.01,0.0,0.0,post_relu_mean,1694.79150390625,-1694.79150390625,86.85197448730469,0.0,0.0,1404.5222301483154,0.29008552708936386,-1.4295708115664316,82.5352853121663,2.7912319886684416,False
51,source_localization_stage4.0.wave_feature_conv1,102,3,1000,0.01,0.0,0.0,post_relu_mean,1688.459228515625,-1688.459228515625,83.4722671508789,0.0,0.0,1290.2863883972168,0.27516772146368984,-1.3315760988507135,76.87770129050264,2.600255562067032,False
51,source_localization_stage4.0.wave_feature_conv1,102,3,1000,0.01,0.0,0.0,post_relu_mean,1686.467041015625,-1686.467041015625,80.73605346679688,0.0,0.0,1186.6689567565918,0.2640048786633591,-1.2451718356404953,71.8892370153293,2.432406531572342,False
51,source_localization_stage4.0.wave_feature_conv1,102,3,1000,0.05,0.0,0.0,post_relu_mean,8857.310546875,-8857.310546875,443.5881652832031,0.0,0.0,7496.83253288269,0.28065139629095326,-7.592299886720802,438.33651583425836,3.183971959352493,False
51,source_localization_stage4.0.wave_feature_conv1,102,3,1000,0.05,0.0,0.0,post_relu_mean,8551.3017578125,-8551.3017578125,409.62548828125,0.0,0.0,6685.439708709717,0.21328983447602426,-6.857553330068603,395.9167523745027,2.796312277317047,False
51,source_localization_stage4.0.wave_feature_conv1,102,3,1000,0.05,0.0,0.0,post_relu_mean,8366.8818359375,-8366.8818359375,394.1802978515625,0.0,0.0,5986.417980194092,0.2030170854377726,-6.076113318970671,350.8003929841067,2.5637390530109405,False
51,source_localization_stage4.0.wave_feature_conv1,75,3,1000,0.005,0.0,0.0,post_relu_mean,863.30908203125,-863.30908203125,44.29060363769531,0.0,0.0,703.1778907775879,0.2954789378383536,-0.732574964932595,42.29471545143326,2.7163380968570707,False
51,source_localization_stage4.0.wave_feature_conv1,75,3,1000,0.005,0.0,0.0,post_relu_mean,848.5958251953125,-848.5958251953125,41.982765197753906,0.0,0.0,639.594072341919,0.2599652559593198,-0.6621536711055716,38.22900274631194,2.461203762292862,False
51,source_localization_stage4.0.wave_feature_conv1,75,3,1000,0.005,0.0,0.0,post_relu_mean,825.601806640625,-825.601806640625,39.93632888793945,0.0,0.0,573.0845336914062,0.21232885263111706,-0.6075886682704787,35.07885190274545,2.204738174676895,False
51,source_localization_stage4.0.wave_feature_conv1,75,3,1000,0.01,0.0,0.0,post_relu_mean,1747.3057861328125,-1747.3057861328125,88.12419891357422,0.0,0.0,1455.6738624572754,0.28414444074283624,-1.50739909510311,87.0287253281793,2.832628672122955,False
51,source_localization_stage4.0.wave_feature_conv1,75,3,1000,0.01,0.0,0.0,post_relu_mean,1713.0015869140625,-1713.0015869140625,83.67103576660156,0.0,0.0,1316.4026050567627,0.2636951416550999,-1.3659507941555957,78.86238277924488,2.6149633145332336,False
51,source_localization_stage4.0.wave_feature_conv1,75,3,1000,0.01,0.0,0.0,post_relu_mean,1722.57861328125,-1722.57861328125,82.4315414428711,0.0,0.0,1215.090087890625,0.2595490709530267,-1.2704841345856643,73.350612632406,2.449155354499817,False
51,source_localization_stage4.0.wave_feature_conv1,75,3,1000,0.05,0.0,0.0,post_relu_mean,8872.08984375,-8872.08984375,440.70166015625,0.0,0.0,7522.725498199463,0.23043906960976562,-7.595317751962352,438.51045664817275,3.0974520659446716,False
51,source_localization_stage4.0.wave_feature_conv1,75,3,1000,0.05,0.0,0.0,post_relu_mean,8800.9521484375,-8800.9521484375,426.2957458496094,0.0,0.0,6862.541765213013,0.21879378182262124,-6.923022488037787,399.6960088547136,2.849723629951477,False
51,source_localization_stage4.0.wave_feature_conv1,75,3,1000,0.05,0.0,0.0,post_relu_mean,8675.1953125,-8675.1953125,405.0704345703125,0.0,0.0,6231.8731689453125,0.18860518076093158,-6.36017314373289,367.20023171985304,2.573148853778839,False
51,source_localization_stage4.0.wave_feature_conv1,81,3,1000,0.005,0.0,0.0,post_relu_mean,750.0391235351562,-750.0391235351562,37.36045837402344,0.0,0.0,620.9979381561279,0.2949596168334803,-0.6612128199857219,38.17482447584291,2.7549399054050445,False
51,source_localization_stage4.0.wave_feature_conv1,81,3,1000,0.005,0.0,0.0,post_relu_mean,726.0444946289062,-726.0444946289062,34.95260238647461,0.0,0.0,559.0379066467285,0.29255375665477945,-0.5928522281507965,34.22794845519569,2.594990259408951,False
51,source_localization_stage4.0.wave_feature_conv1,81,3,1000,0.005,0.0,0.0,post_relu_mean,714.7896118164062,-714.7896118164062,33.28379821777344,0.0,0.0,512.606803894043,0.23792413637604268,-0.5483874441679157,31.66099692879178,2.358597809076309,False
51,source_localization_stage4.0.wave_feature_conv1,81,3,1000,0.01,0.0,0.0,post_relu_mean,1521.6373291015625,-1521.6373291015625,74.22144317626953,0.0,0.0,1282.0131969451904,0.36698816406689866,-1.3417382045268906,77.46441775988978,3.021791714429855,False
51,source_localization_stage4.0.wave_feature_conv1,81,3,1000,0.01,0.0,0.0,post_relu_mean,1472.4383544921875,-1472.4383544921875,69.1956787109375,0.0,0.0,1151.3379554748535,0.31014289346118634,-1.1810738480437108,68.18848250120361,2.7429762828350066,False
51,source_localization_stage4.0.wave_feature_conv1,81,3,1000,0.01,0.0,0.0,post_relu_mean,1500.890869140625,-1500.890869140625,68.4805679321289,0.0,0.0,1087.527458190918,0.2960719996979382,-1.1380166560285834,65.70271652423014,2.591949599981308,False
51,source_localization_stage4.0.wave_feature_conv1,81,3,1000,0.05,0.0,0.0,post_relu_mean,7668.96240234375,-7668.96240234375,371.514892578125,0.0,0.0,6537.458143234253,0.2804642282810058,-6.662778465335657,384.6721540998047,3.1499675452709197,False
51,source_localization_stage4.0.wave_feature_conv1,81,3,1000,0.05,0.0,0.0,post_relu_mean,7685.89794921875,-7685.89794921875,359.9785461425781,0.0,0.0,6056.2747230529785,0.24959741541126532,-6.202888261781739,358.12002896086585,2.8859555995464325,False
51,source_localization_stage4.0.wave_feature_conv1,81,3,1000,0.05,0.0,0.0,post_relu_mean,7627.87744140625,-7627.87744140625,341.5270080566406,0.0,0.0,5576.2353439331055,0.23496049716040018,-5.760835750508021,332.59791893034645,2.7151006186008453,False
53,source_localization_stage4.0.wave_feature_conv2,101,3,1000,0.005,0.0,0.0,post_relu_mean,418.4873962402344,-418.4873962402344,29.68487548828125,0.0,0.0,321.8995614051819,0.2396335390043773,-0.33830125271259215,19.531872387400814,1.6878990530967712,False
53,source_localization_stage4.0.wave_feature_conv2,101,3,1000,0.005,0.0,0.0,post_relu_mean,402.19256591796875,-402.19256591796875,27.887422561645508,0.0,0.0,272.14513874053955,0.21322159847415653,-0.2902603011623752,16.758428849482776,1.491093140244484,False
53,source_localization_stage4.0.wave_feature_conv2,101,3,1000,0.005,0.0,0.0,post_relu_mean,397.3277587890625,-397.3277587890625,26.795167922973633,0.0,0.0,234.98191738128662,0.19150228786675536,-0.2608366736687643,15.05942072496922,1.323958579301834,False
53,source_localization_stage4.0.wave_feature_conv2,101,3,1000,0.01,0.0,0.0,post_relu_mean,855.1057739257812,-855.1057739257812,60.03580093383789,0.0,0.0,667.4651436805725,0.26320965204757585,-0.7194911855218254,41.53934030830666,1.8816028833389282,False
53,source_localization_stage4.0.wave_feature_conv2,101,3,1000,0.01,0.0,0.0,post_relu_mean,854.6744995117188,-854.6744995117188,58.6888542175293,0.0,0.0,586.0206270217896,0.2502109756883896,-0.6319692979888585,36.48678086168585,1.7057419085502625,False
53,source_localization_stage4.0.wave_feature_conv2,101,3,1000,0.01,0.0,0.0,post_relu_mean,787.20849609375,-787.20849609375,52.958946228027344,0.0,0.0,467.8800039291382,0.18327111080310524,-0.4928741166222026,28.45578917776796,1.3527450531721115,False
53,source_localization_stage4.0.wave_feature_conv2,101,3,1000,0.05,0.0,0.0,post_relu_mean,4168.2841796875,-4168.2841796875,293.3805236816406,0.0,0.0,3280.6093697547913,0.2200167574069116,-3.3851717596040483,195.440589429907,1.9775303387641907,False
53,source_localization_stage4.0.wave_feature_conv2,101,3,1000,0.05,0.0,0.0,post_relu_mean,4190.1318359375,-4190.1318359375,286.5862121582031,0.0,0.0,2895.939877510071,0.20685262225230613,-2.9471445392702202,170.1514231583585,1.8254446601867675,False
53,source_localization_stage4.0.wave_feature_conv2,101,3,1000,0.05,0.0,0.0,post_relu_mean,3927.320068359375,-3927.320068359375,264.0370788574219,0.0,0.0,2341.522826194763,0.14983612928875337,-2.4080443571453056,139.03152191179737,1.4551149326562882,False
53,source_localization_stage4.0.wave_feature_conv2,254,3,1000,0.005,0.0,0.0,post_relu_mean,408.0121765136719,-408.0121765136719,27.77150535583496,0.0,0.0,317.72593879699707,0.23912547286504138,-0.3350357746446713,19.343068516557203,1.684690411090851,False
53,source_localization_stage4.0.wave_feature_conv2,254,3,1000,0.005,0.0,0.0,post_relu_mean,395.68963623046875,-395.68963623046875,25.90245819091797,0.0,0.0,275.1393003463745,0.20332167079467448,-0.28995397256604993,16.74041568040314,1.494020237326622,False
53,source_localization_stage4.0.wave_feature_conv2,254,3,1000,0.005,0.0,0.0,post_relu_mean,391.8728942871094,-391.8728942871094,24.89750099182129,0.0,0.0,241.48106861114502,0.19049486858163567,-0.25775100753785324,14.88109167953001,1.3579127013683319,False
53,source_localization_stage4.0.wave_feature_conv2,254,3,1000,0.01,0.0,0.0,post_relu_mean,876.8098754882812,-876.8098754882812,58.7627067565918,0.0,0.0,693.5500049591064,0.29355392198323055,-0.7341398897216083,42.38523256208464,1.9977559900283814,False
53,source_localization_stage4.0.wave_feature_conv2,254,3,1000,0.01,0.0,0.0,post_relu_mean,836.7762451171875,-836.7762451171875,54.406471252441406,0.0,0.0,587.9578733444214,0.24230959431009969,-0.5934621575073068,34.26327783052358,1.6891584646701814,False
53,source_localization_stage4.0.wave_feature_conv2,254,3,1000,0.01,0.0,0.0,post_relu_mean,798.8860473632812,-798.8860473632812,50.4351692199707,0.0,0.0,495.26820850372314,0.19023944823664113,-0.5025208967016167,29.012709358351145,1.4326662772893906,False
53,source_localization_stage4.0.wave_feature_conv2,254,3,1000,0.05,0.0,0.0,post_relu_mean,4289.01416015625,-4289.01416015625,286.9744567871094,0.0,0.0,3421.1190967559814,0.21029219404938831,-3.544538899239082,204.64195044144674,2.01807344853878,False
53,source_localization_stage4.0.wave_feature_conv2,254,3,1000,0.05,0.0,0.0,post_relu_mean,4302.99853515625,-4302.99853515625,278.41192626953125,0.0,0.0,3046.155749320984,0.21902570242781824,-3.0994641202089626,178.94638078833677,1.9041142678260803,False
53,source_localization_stage4.0.wave_feature_conv2,254,3,1000,0.05,0.0,0.0,post_relu_mean,4235.94970703125,-4235.94970703125,264.1971740722656,0.0,0.0,2649.7597856521606,0.16316800289264505,-2.7271999643008655,157.45314103549575,1.5885969179868697,False
53,source_localization_stage4.0.wave_feature_conv2,153,3,1000,0.005,0.0,0.0,post_relu_mean,563.3372802734375,-563.3372802734375,66.0112075805664,0.0,0.0,359.85580921173096,0.4436765865323545,-0.39546684565551626,22.83271300157085,1.554155559539795,False
53,source_localization_stage4.0.wave_feature_conv2,153,3,1000,0.005,0.0,0.0,post_relu_mean,527.1643676757812,-527.1643676757812,59.5753288269043,0.0,0.0,256.6188507080078,0.25682172335511233,-0.29636777080849747,17.111570230264128,1.0289522105455398,False
53,source_localization_stage4.0.wave_feature_conv2,153,3,1000,0.005,0.0,0.0,post_relu_mean,445.17852783203125,-445.17852783203125,47.492740631103516,0.0,0.0,160.75686264038086,0.1097558292560191,-0.210616458499994,12.16030319179625,0.6039378687739372,False
53,source_localization_stage4.0.wave_feature_conv2,153,3,1000,0.01,0.0,0.0,post_relu_mean,1140.147216796875,-1140.147216796875,133.56849670410156,0.0,0.0,733.9938707351685,0.40621167832590527,-0.7425385739166185,42.87047755513201,1.6609155988693238,False
53,source_localization_stage4.0.wave_feature_conv2,153,3,1000,0.01,0.0,0.0,post_relu_mean,1107.4940185546875,-1107.4940185546875,125.25731658935547,0.0,0.0,541.3795928955078,0.2520897785530204,-0.5524812030212866,31.897469825696213,1.1059983849525452,False
53,source_localization_stage4.0.wave_feature_conv2,153,3,1000,0.01,0.0,0.0,post_relu_mean,999.2505493164062,-999.2505493164062,107.93531036376953,0.0,0.0,352.17345809936523,0.12048928899925306,-0.38438107305069097,22.192322332051443,0.6488157901167869,False
53,source_localization_stage4.0.wave_feature_conv2,153,3,1000,0.05,0.0,0.0,post_relu_mean,5629.59228515625,-5629.59228515625,661.7593383789062,0.0,0.0,3638.866368293762,0.2765848957656497,-3.596449363443559,207.63862886344666,1.765383231639862,False
53,source_localization_stage4.0.wave_feature_conv2,153,3,1000,0.05,0.0,0.0,post_relu_mean,5424.435546875,-5424.435546875,606.1699829101562,0.0,0.0,2694.214126586914,0.1719446030007981,-2.6554081268413547,153.30846559400297,1.1771606248617172,False
53,source_localization_stage4.0.wave_feature_conv2,153,3,1000,0.05,0.0,0.0,post_relu_mean,5152.3291015625,-5152.3291015625,555.8666381835938,0.0,0.0,1817.6641807556152,0.09062522479833646,-1.8177574184838021,104.94702119984427,0.7012370330095291,False
53,source_localization_stage4.0.wave_feature_conv2,152,3,1000,0.005,0.0,0.0,post_relu_mean,261.3033447265625,-261.3033447265625,23.951515197753906,0.0,0.0,184.3417992591858,0.1153433845808839,-0.19921035240160173,11.501691020130274,0.9221485635638237,False
53,source_localization_stage4.0.wave_feature_conv2,152,3,1000,0.005,0.0,0.0,post_relu_mean,250.2137451171875,-250.2137451171875,22.22173309326172,0.0,0.0,148.10224533081055,0.08807002192757583,-0.15971673077227322,9.22120891726202,0.7459413674473763,False
53,source_localization_stage4.0.wave_feature_conv2,152,3,1000,0.005,0.0,0.0,post_relu_mean,226.4775390625,-226.4775390625,19.35344886779785,0.0,0.0,111.23643970489502,0.04677747000396957,-0.12247053474959003,7.070759600046962,0.5394845786690712,False
53,source_localization_stage4.0.wave_feature_conv2,152,3,1000,0.01,0.0,0.0,post_relu_mean,539.1099243164062,-539.1099243164062,49.16963195800781,0.0,0.0,386.4940209388733,0.12883978824149278,-0.4026668032270875,23.247706286184243,1.010930822789669,False
53,source_localization_stage4.0.wave_feature_conv2,152,3,1000,0.01,0.0,0.0,post_relu_mean,521.5831298828125,-521.5831298828125,46.30510330200195,0.0,0.0,311.0964469909668,0.09666080484088886,-0.3191561754948109,18.426557162271184,0.7985654935240746,False
53,source_localization_stage4.0.wave_feature_conv2,152,3,1000,0.01,0.0,0.0,post_relu_mean,480.6859436035156,-480.6859436035156,41.01630401611328,0.0,0.0,235.46771717071533,0.06289414707204241,-0.25200151879941407,14.549504152627147,0.5892244440317154,False
53,source_localization_stage4.0.wave_feature_conv2,152,3,1000,0.05,0.0,0.0,post_relu_mean,2919.32763671875,-2919.32763671875,266.3306884765625,0.0,0.0,2115.2284569740295,0.13050760873865858,-2.1308325728162734,123.02262782103757,1.1566177058219909,False
53,source_localization_stage4.0.wave_feature_conv2,152,3,1000,0.05,0.0,0.0,post_relu_mean,2644.671875,-2644.671875,232.6366424560547,0.0,0.0,1595.6933097839355,0.07797936650108965,-1.6085555187280562,92.86885847610195,0.8634273812174798,False
53,source_localization_stage4.0.wave_feature_conv2,152,3,1000,0.05,0.0,0.0,post_relu_mean,2572.97802734375,-2572.97802734375,220.34378051757812,0.0,0.0,1251.7948808670044,0.06881693809772661,-1.2569201121812714,72.5674118928511,0.6783673885464668,False
53,source_localization_stage4.0.wave_feature_conv2,90,3,1000,0.005,0.0,0.0,post_relu_mean,172.68081665039062,-172.68081665039062,22.92572021484375,0.0,0.0,99.24206495285034,0.022694868444216327,-0.09942845755897314,5.740434213505327,0.33301722034811976,False
53,source_localization_stage4.0.wave_feature_conv2,90,3,1000,0.005,0.0,0.0,post_relu_mean,115.71247100830078,-115.71247100830078,12.401175498962402,0.0,0.0,58.24147415161133,0.01568343228836758,-0.0579151107529443,3.3436908321812835,0.2158191717416048,False
53,source_localization_stage4.0.wave_feature_conv2,90,3,1000,0.005,0.0,0.0,post_relu_mean,90.71874237060547,-90.71874237060547,8.69190502166748,0.0,0.0,39.89749240875244,0.023158869653403153,-0.038366268177700544,2.215053018591115,0.1626202093064785,False
53,source_localization_stage4.0.wave_feature_conv2,90,3,1000,0.01,0.0,0.0,post_relu_mean,338.37432861328125,-338.37432861328125,45.046688079833984,0.0,0.0,198.57267713546753,0.02376379325373539,-0.2076692496688638,11.989662281101872,0.3452313223481178,False
53,source_localization_stage4.0.wave_feature_conv2,90,3,1000,0.01,0.0,0.0,post_relu_mean,228.2640838623047,-228.2640838623047,24.409164428710938,0.0,0.0,116.75713729858398,0.01527092366646772,-0.12107125025003672,6.989970697787839,0.22542581163346767,False
53,source_localization_stage4.0.wave_feature_conv2,90,3,1000,0.01,0.0,0.0,post_relu_mean,178.13327026367188,-178.13327026367188,17.077308654785156,0.0,0.0,76.99959659576416,0.017635317958610414,-0.076332164413348,4.406985577460821,0.16952417261898517,False
53,source_localization_stage4.0.wave_feature_conv2,90,3,1000,0.05,0.0,0.0,post_relu_mean,1741.9521484375,-1741.9521484375,237.53839111328125,0.0,0.0,1024.675323009491,0.021390554463929484,-1.030692814439502,59.506356431946735,0.3684709806740284,False
53,source_localization_stage4.0.wave_feature_conv2,90,3,1000,0.05,0.0,0.0,post_relu_mean,1223.4945068359375,-1223.4945068359375,133.2089080810547,0.0,0.0,622.3887367248535,0.0125360553866545,-0.6345032318968985,36.6326153259268,0.24609657302498816,False
53,source_localization_stage4.0.wave_feature_conv2,90,3,1000,0.05,0.0,0.0,post_relu_mean,918.1790771484375,-918.1790771484375,86.74617004394531,0.0,0.0,399.0322046279907,0.012487199154145374,-0.4066559026951749,23.478016503519935,0.18618017233908177,False
56,source_localization_stage4.0.skip_connection.0,74,3,1000,0.005,0.0,0.0,post_relu_mean,578.9385375976562,-578.9385375976562,51.53117370605469,0.0,0.0,404.3562660217285,0.08204619617881206,-0.42423657722790725,24.49303960300222,1.3938973623514175,False
56,source_localization_stage4.0.skip_connection.0,74,3,1000,0.005,0.0,0.0,post_relu_mean,569.7664184570312,-569.7664184570312,47.389801025390625,0.0,0.0,344.27522468566895,0.08640379662764999,-0.36917136954302765,21.314100216683073,1.2173623031377792,False
56,source_localization_stage4.0.skip_connection.0,74,3,1000,0.005,0.0,0.0,post_relu_mean,508.65740966796875,-508.65740966796875,40.63859176635742,0.0,0.0,260.3404235839844,0.06952502655343018,-0.2821465695486381,16.28958253867316,0.9758236461877823,False
56,source_localization_stage4.0.skip_connection.0,74,3,1000,0.01,0.0,0.0,post_relu_mean,1180.68115234375,-1180.68115234375,103.58277893066406,0.0,0.0,849.944034576416,0.09720312099177068,-0.886431388903619,51.17759729458969,1.4735143196582794,False
56,source_localization_stage4.0.skip_connection.0,74,3,1000,0.01,0.0,0.0,post_relu_mean,1111.3353271484375,-1111.3353271484375,91.3382797241211,0.0,0.0,688.076005935669,0.09295194602097402,-0.7128635611062395,41.15670141520095,1.253097425699234,False
56,source_localization_stage4.0.skip_connection.0,74,3,1000,0.01,0.0,0.0,post_relu_mean,1034.471435546875,-1034.471435546875,81.40210723876953,0.0,0.0,541.5733337402344,0.08981501609639696,-0.5798788152076849,33.47980080126275,1.0712798416614533,False
56,source_localization_stage4.0.skip_connection.0,74,3,1000,0.05,0.0,0.0,post_relu_mean,6000.9404296875,-6000.9404296875,516.9773559570312,0.0,0.0,4430.019535064697,0.09595720433204617,-4.488236727707743,259.1254171937142,1.5868224984407424,False
56,source_localization_stage4.0.skip_connection.0,74,3,1000,0.05,0.0,0.0,post_relu_mean,5798.234375,-5798.234375,471.7870788574219,0.0,0.0,3662.9555225372314,0.08502641245956082,-3.6947172740597822,213.31195865416296,1.362814314365387,False
56,source_localization_stage4.0.skip_connection.0,74,3,1000,0.05,0.0,0.0,post_relu_mean,5309.720703125,-5309.720703125,409.6946716308594,0.0,0.0,2847.0672912597656,0.06711771511058419,-2.898311026073991,167.33200155956243,1.120954502224922,False
56,source_localization_stage4.0.skip_connection.0,131,3,1000,0.005,0.0,0.0,post_relu_mean,518.0350952148438,-518.0350952148438,45.06505584716797,0.0,0.0,369.5038080215454,0.07306588136820788,-0.38225918286812144,22.069516356879692,1.3509608012437822,False
56,source_localization_stage4.0.skip_connection.0,131,3,1000,0.005,0.0,0.0,post_relu_mean,486.8621826171875,-486.8621826171875,39.98887252807617,0.0,0.0,301.36647605895996,0.0855456809196745,-0.3143940466607063,18.151573457303147,1.180508999824524,False
56,source_localization_stage4.0.skip_connection.0,131,3,1000,0.005,0.0,0.0,post_relu_mean,425.19647216796875,-425.19647216796875,33.09199142456055,0.0,0.0,228.88908576965332,0.09593356979921347,-0.23221578375000143,13.406965746047613,0.922458718419075,False
56,source_localization_stage4.0.skip_connection.0,131,3,1000,0.01,0.0,0.0,post_relu_mean,1015.792236328125,-1015.792236328125,87.02210998535156,0.0,0.0,741.3897638320923,0.08237749485709822,-0.7666133905392313,44.25990835058205,1.4311864137649537,False
56,source_localization_stage4.0.skip_connection.0,131,3,1000,0.01,0.0,0.0,post_relu_mean,963.7464599609375,-963.7464599609375,78.13118743896484,0.0,0.0,606.6103420257568,0.07655073123211967,-0.6301901418613958,36.3836452522173,1.2131505727767944,False
56,source_localization_stage4.0.skip_connection.0,131,3,1000,0.01,0.0,0.0,post_relu_mean,882.070068359375,-882.070068359375,67.67765808105469,0.0,0.0,478.2486743927002,0.08160049543852216,-0.48927846321615814,28.248167091902253,1.012914706170559,False
56,source_localization_stage4.0.skip_connection.0,131,3,1000,0.05,0.0,0.0,post_relu_mean,5325.2294921875,-5325.2294921875,456.31536865234375,0.0,0.0,3942.947319984436,0.06443229525338497,-4.041316427197788,233.3226106752186,1.529905574321747,False
56,source_localization_stage4.0.skip_connection.0,131,3,1000,0.05,0.0,0.0,post_relu_mean,5052.42529296875,-5052.42529296875,410.2577209472656,0.0,0.0,3200.7198390960693,0.05424138986634227,-3.280636707873264,189.40531794363406,1.2621990805864334,False
56,source_localization_stage4.0.skip_connection.0,131,3,1000,0.05,0.0,0.0,post_relu_mean,4515.1611328125,-4515.1611328125,345.2173156738281,0.0,0.0,2446.1017322540283,0.06398198107333089,-2.4828332804267372,143.3446628609648,1.0706749564409257,False
56,source_localization_stage4.0.skip_connection.0,252,3,1000,0.005,0.0,0.0,post_relu_mean,429.10125732421875,-429.10125732421875,37.015132904052734,0.0,0.0,304.77856636047363,0.07310164736331792,-0.3124539281618637,18.03934441919668,1.1455003905296326,False
56,source_localization_stage4.0.skip_connection.0,252,3,1000,0.005,0.0,0.0,post_relu_mean,404.18804931640625,-404.18804931640625,32.411041259765625,0.0,0.0,252.85177993774414,0.0672275982446,-0.2682710472798746,15.491125622016346,0.9946197119355201,False
56,source_localization_stage4.0.skip_connection.0,252,3,1000,0.005,0.0,0.0,post_relu_mean,363.9378356933594,-363.9378356933594,27.672088623046875,0.0,0.0,200.20938873291016,0.07230615982858728,-0.19956626180821754,11.521823503757423,0.854380501806736,False
56,source_localization_stage4.0.skip_connection.0,252,3,1000,0.01,0.0,0.0,post_relu_mean,847.9999389648438,-847.9999389648438,73.01339721679688,0.0,0.0,615.6824359893799,0.08385088790501294,-0.627669356216022,36.23810647813064,1.1994921219348909,False
56,source_localization_stage4.0.skip_connection.0,252,3,1000,0.01,0.0,0.0,post_relu_mean,791.3021240234375,-791.3021240234375,62.52956771850586,0.0,0.0,504.43246841430664,0.06568011310103822,-0.533131309079541,30.78692135007916,1.021412288248539,False
56,source_localization_stage4.0.skip_connection.0,252,3,1000,0.01,0.0,0.0,post_relu_mean,726.7125854492188,-726.7125854492188,53.85816192626953,0.0,0.0,405.86768341064453,0.06279148657059805,-0.41749851522929926,24.104026846709868,0.9033311966061592,False
56,source_localization_stage4.0.skip_connection.0,252,3,1000,0.05,0.0,0.0,post_relu_mean,4414.90478515625,-4414.90478515625,371.15203857421875,0.0,0.0,3288.171449661255,0.07189191311408172,-3.408972062863583,196.81482444826472,1.281326127052307,False
56,source_localization_stage4.0.skip_connection.0,252,3,1000,0.05,0.0,0.0,post_relu_mean,4201.11865234375,-4201.11865234375,324.6686706542969,0.0,0.0,2734.623020172119,0.06829631525203883,-2.8155154670492735,162.5519772923805,1.1218116635084152,False
56,source_localization_stage4.0.skip_connection.0,252,3,1000,0.05,0.0,0.0,post_relu_mean,3884.560546875,-3884.560546875,276.9870300292969,0.0,0.0,2224.942512512207,0.0555685419447073,-2.3256080501438796,134.26737629371155,1.0054752412438392,False
56,source_localization_stage4.0.skip_connection.0,37,3,1000,0.005,0.0,0.0,post_relu_mean,446.6026306152344,-446.6026306152344,43.81149673461914,0.0,0.0,303.3044319152832,0.08755321215120543,-0.32331066851729273,18.66619967233799,1.1464232921600341,False
56,source_localization_stage4.0.skip_connection.0,37,3,1000,0.005,0.0,0.0,post_relu_mean,417.3231201171875,-417.3231201171875,38.964473724365234,0.0,0.0,237.9181671142578,0.07695100818807983,-0.2482767503338279,14.334235641995951,0.929123295545578,False
56,source_localization_stage4.0.skip_connection.0,37,3,1000,0.005,0.0,0.0,post_relu_mean,360.7301025390625,-360.7301025390625,31.280908584594727,0.0,0.0,176.77872848510742,0.06252248655407394,-0.18134477543686026,10.4698386377342,0.7158752655982972,False
56,source_localization_stage4.0.skip_connection.0,37,3,1000,0.01,0.0,0.0,post_relu_mean,924.43408203125,-924.43408203125,89.27538299560547,0.0,0.0,644.7441902160645,0.1309746815395362,-0.6970954898109514,40.24637030921396,1.2923626923561096,False
56,source_localization_stage4.0.skip_connection.0,37,3,1000,0.01,0.0,0.0,post_relu_mean,841.3984375,-841.3984375,76.45658111572266,0.0,0.0,493.27899169921875,0.08714424252935123,-0.5175405483006948,29.87987328135548,0.9872146382927894,False
56,source_localization_stage4.0.skip_connection.0,37,3,1000,0.01,0.0,0.0,post_relu_mean,766.1829223632812,-766.1829223632812,65.61936950683594,0.0,0.0,376.2007865905762,0.06795461799132584,-0.4032536316947963,23.28167988688933,0.8030422356724739,False
56,source_localization_stage4.0.skip_connection.0,37,3,1000,0.05,0.0,0.0,post_relu_mean,4894.2666015625,-4894.2666015625,456.5444030761719,0.0,0.0,3512.7695808410645,0.10718947756978417,-3.6299349139001915,209.57200060856064,1.3719059026241303,False
56,source_localization_stage4.0.skip_connection.0,37,3,1000,0.05,0.0,0.0,post_relu_mean,4562.126953125,-4562.126953125,405.4313659667969,0.0,0.0,2733.6209716796875,0.07049940611821688,-2.8488928553169877,164.47899799765807,1.0973393362760544,False
56,source_localization_stage4.0.skip_connection.0,37,3,1000,0.05,0.0,0.0,post_relu_mean,4292.39111328125,-4292.39111328125,360.95245361328125,0.0,0.0,2130.4103507995605,0.05884173453916196,-2.20455855912389,127.27884719137349,0.8951147517561913,False
56,source_localization_stage4.0.skip_connection.0,24,3,1000,0.005,0.0,0.0,post_relu_mean,542.2745361328125,-542.2745361328125,49.24984359741211,0.0,0.0,383.27075004577637,0.08777066699806212,-0.40659906691606496,23.474880660787733,1.4454202562570573,False
56,source_localization_stage4.0.skip_connection.0,24,3,1000,0.005,0.0,0.0,post_relu_mean,523.7600708007812,-523.7600708007812,44.8607292175293,0.0,0.0,318.43494987487793,0.06620035014193451,-0.3229533999076905,18.645678654113265,1.2297529864311219,False
56,source_localization_stage4.0.skip_connection.0,24,3,1000,0.005,0.0,0.0,post_relu_mean,493.3600158691406,-493.3600158691406,40.535133361816406,0.0,0.0,254.49983024597168,0.05829944479072814,-0.25598593782593587,14.779226502187269,1.0099197655916214,False
56,source_localization_stage4.0.skip_connection.0,24,3,1000,0.01,0.0,0.0,post_relu_mean,1145.91064453125,-1145.91064453125,101.34465026855469,0.0,0.0,830.6224346160889,0.1138969794631827,-0.8662451440588992,50.01224456955684,1.602184665799141,False
56,source_localization_stage4.0.skip_connection.0,24,3,1000,0.01,0.0,0.0,post_relu_mean,1076.8070068359375,-1076.8070068359375,91.38016510009766,0.0,0.0,662.1444225311279,0.07646031911807558,-0.6742250146524659,38.925975006324116,1.3074428647756577,False
56,source_localization_stage4.0.skip_connection.0,24,3,1000,0.01,0.0,0.0,post_relu_mean,960.7259521484375,-960.7259521484375,78.11094665527344,0.0,0.0,496.41088676452637,0.05562750369807805,-0.5015924840183382,28.9591010811839,1.063866307735443,False
56,source_localization_stage4.0.skip_connection.0,24,3,1000,0.05,0.0,0.0,post_relu_mean,5815.94970703125,-5815.94970703125,508.2418518066406,0.0,0.0,4279.969846725464,0.10066388493676039,-4.315723401690999,249.16540933492647,1.729871205687523,False
56,source_localization_stage4.0.skip_connection.0,24,3,1000,0.05,0.0,0.0,post_relu_mean,5585.478515625,-5585.478515625,460.78118896484375,0.0,0.0,3508.5113048553467,0.08040195181151046,-3.5396741210644525,204.3607536868537,1.4532801860570908,False
56,source_localization_stage4.0.skip_connection.0,24,3,1000,0.05,0.0,0.0,post_relu_mean,5130.22705078125,-5130.22705078125,408.4153137207031,0.0,0.0,2684.0857219696045,0.05615380801651712,-2.7194316875744162,157.00455671086476,1.1917339712381363,False
59,source_localization_stage4.1.wave_feature_conv1,152,3,1000,0.005,0.0,0.0,post_relu_mean,873.9506225585938,-873.9506225585938,61.31006622314453,0.0,0.0,664.9027671813965,0.4827189887171409,-0.7031819712576555,40.597750851375956,3.147065854072571,False
59,source_localization_stage4.1.wave_feature_conv1,152,3,1000,0.005,0.0,0.0,post_relu_mean,856.264892578125,-856.264892578125,57.93857192993164,0.0,0.0,577.5681686401367,0.43737174747021296,-0.6145285686051453,35.47950470773312,2.86344694852829,False
59,source_localization_stage4.1.wave_feature_conv1,152,3,1000,0.005,0.0,0.0,post_relu_mean,834.2035522460938,-834.2035522460938,54.85287857055664,0.0,0.0,494.2575874328613,0.3658111811973314,-0.5221526713704951,30.1461813663971,2.5012999784946444,False
59,source_localization_stage4.1.wave_feature_conv1,152,3,1000,0.01,0.0,0.0,post_relu_mean,1739.010498046875,-1739.010498046875,120.72473907470703,0.0,0.0,1351.7186851501465,0.4790207873306116,-1.4077179294289486,81.27386710941623,3.396444125175476,False
59,source_localization_stage4.1.wave_feature_conv1,152,3,1000,0.01,0.0,0.0,post_relu_mean,1711.999755859375,-1711.999755859375,115.494140625,0.0,0.0,1174.3029708862305,0.40257282093548696,-1.2230720506629607,70.61439345542125,2.9754972076416015,False
59,source_localization_stage4.1.wave_feature_conv1,152,3,1000,0.01,0.0,0.0,post_relu_mean,1718.2564697265625,-1718.2564697265625,112.50888061523438,0.0,0.0,1032.374439239502,0.3982844136376136,-1.081246133814478,62.42504463932609,2.7238132882118227,False
59,source_localization_stage4.1.wave_feature_conv1,152,3,1000,0.05,0.0,0.0,post_relu_mean,9133.08984375,-9133.08984375,624.1087036132812,0.0,0.0,7235.646053314209,0.48455231733971493,-7.755238250341024,447.7439944256289,3.985362238883972,False
59,source_localization_stage4.1.wave_feature_conv1,152,3,1000,0.05,0.0,0.0,post_relu_mean,8676.8388671875,-8676.8388671875,578.2281494140625,0.0,0.0,6056.8393478393555,0.33943068910340796,-6.338016710915819,365.92149392518365,3.2939834773540495,False
59,source_localization_stage4.1.wave_feature_conv1,152,3,1000,0.05,0.0,0.0,post_relu_mean,8912.251953125,-8912.251953125,579.7848510742188,0.0,0.0,5422.714282989502,0.3636835814090642,-5.486647153239377,316.76796556427166,3.059416412115097,False
59,source_localization_stage4.1.wave_feature_conv1,232,3,1000,0.005,0.0,0.0,post_relu_mean,628.54150390625,-628.54150390625,58.15886306762695,0.0,0.0,435.7363452911377,0.23852719827036414,-0.46315776850414914,26.740288406637163,1.8282562577724457,False
59,source_localization_stage4.1.wave_feature_conv1,232,3,1000,0.005,0.0,0.0,post_relu_mean,594.1061401367188,-594.1061401367188,53.61482238769531,0.0,0.0,341.6948184967041,0.15215276790791682,-0.35499839492599866,20.495596450129675,1.4047075581550599,False
59,source_localization_stage4.1.wave_feature_conv1,232,3,1000,0.005,0.0,0.0,post_relu_mean,569.3370361328125,-569.3370361328125,50.41889572143555,0.0,0.0,262.862979888916,0.11205964620332565,-0.2725463346239418,15.735276986446967,1.0873090827465057,False
59,source_localization_stage4.1.wave_feature_conv1,232,3,1000,0.01,0.0,0.0,post_relu_mean,1264.322021484375,-1264.322021484375,115.79041290283203,0.0,0.0,898.6222400665283,0.2504766787927012,-0.914851355887779,52.8183587321968,1.9672090750932694,False
59,source_localization_stage4.1.wave_feature_conv1,232,3,1000,0.01,0.0,0.0,post_relu_mean,1195.8082275390625,-1195.8082275390625,107.2285385131836,0.0,0.0,702.1351566314697,0.1630787739089587,-0.7219021772388792,41.678573729661345,1.5113527232408523,False
59,source_localization_stage4.1.wave_feature_conv1,232,3,1000,0.01,0.0,0.0,post_relu_mean,1123.833251953125,-1123.833251953125,98.6195297241211,0.0,0.0,528.1553993225098,0.1157053747979837,-0.5544576674109236,32.01147194504333,1.1464331299066544,False
59,source_localization_stage4.1.wave_feature_conv1,232,3,1000,0.05,0.0,0.0,post_relu_mean,6397.78857421875,-6397.78857421875,592.9086303710938,0.0,0.0,4600.733934402466,0.23223314107049878,-4.694135853152187,271.01270554725045,2.169251891374588,False
59,source_localization_stage4.1.wave_feature_conv1,232,3,1000,0.05,0.0,0.0,post_relu_mean,6283.3544921875,-6283.3544921875,561.8152465820312,0.0,0.0,3744.0411624908447,0.1527861588410757,-3.8517628584635513,222.3791957155604,1.6604152363538742,False
59,source_localization_stage4.1.wave_feature_conv1,232,3,1000,0.05,0.0,0.0,post_relu_mean,5906.75048828125,-5906.75048828125,518.5629272460938,0.0,0.0,2791.4123573303223,0.10269842137348958,-2.9142013234168744,168.2494571727924,1.2452459001541138,False
59,source_localization_stage4.1.wave_feature_conv1,120,3,1000,0.005,0.0,0.0,post_relu_mean,1007.0779418945312,-1007.0779418945312,90.79692077636719,0.0,0.0,718.3992404937744,0.8390530187481187,-1.1607799873646742,67.03864036050214,3.161002676486969,False
59,source_localization_stage4.1.wave_feature_conv1,120,3,1000,0.005,0.0,0.0,post_relu_mean,1068.538818359375,-1068.538818359375,96.28814697265625,0.0,0.0,626.1500358581543,0.6884599555879043,-0.7655138289010204,44.19979577301895,2.5484506845474244,False
59,source_localization_stage4.1.wave_feature_conv1,120,3,1000,0.005,0.0,0.0,post_relu_mean,1038.7093505859375,-1038.7093505859375,92.14140319824219,0.0,0.0,483.9646110534668,0.45472157176495087,-0.5749198534193091,33.19593646517634,1.8971742016077042,False
59,source_localization_stage4.1.wave_feature_conv1,120,3,1000,0.01,0.0,0.0,post_relu_mean,2237.089111328125,-2237.089111328125,204.3459014892578,0.0,0.0,1607.7634372711182,0.907936260134826,-1.774232284212867,102.44071816950249,3.324060331583023,False
59,source_localization_stage4.1.wave_feature_conv1,120,3,1000,0.01,0.0,0.0,post_relu_mean,2183.87890625,-2183.87890625,197.4964599609375,0.0,0.0,1286.0526237487793,0.6354123222149068,-1.3338326173303263,77.00972919084846,2.6693249416351317,False
59,source_localization_stage4.1.wave_feature_conv1,120,3,1000,0.01,0.0,0.0,post_relu_mean,2148.12939453125,-2148.12939453125,191.0235137939453,0.0,0.0,1000.0919303894043,0.4318751929164099,-1.0290591841059453,59.41219514435049,1.9732320761680604,False
59,source_localization_stage4.1.wave_feature_conv1,120,3,1000,0.05,0.0,0.0,post_relu_mean,11276.283203125,-11276.283203125,1023.6030883789062,0.0,0.0,8189.185678482056,0.6681678388354236,-7.993186916831122,461.4813806100646,3.606346057653427,False
59,source_localization_stage4.1.wave_feature_conv1,120,3,1000,0.05,0.0,0.0,post_relu_mean,10835.353515625,-10835.353515625,972.9768676757812,0.0,0.0,6447.865367889404,0.46997063212223145,-6.288131603314498,363.04172842153156,2.857346168756485,False
59,source_localization_stage4.1.wave_feature_conv1,120,3,1000,0.05,0.0,0.0,post_relu_mean,10368.51171875,-10368.51171875,914.1917724609375,0.0,0.0,4881.464977264404,0.29511594521460915,-4.870267801372768,281.18178148617307,2.0541747391223906,False
59,source_localization_stage4.1.wave_feature_conv1,198,3,1000,0.005,0.0,0.0,post_relu_mean,430.1369934082031,-430.1369934082031,51.628807067871094,0.0,0.0,263.9561777114868,0.10863841439729763,-0.2821350685553943,16.288894869139497,1.1146189332008363,False
59,source_localization_stage4.1.wave_feature_conv1,198,3,1000,0.005,0.0,0.0,post_relu_mean,399.0517578125,-399.0517578125,45.18171691894531,0.0,0.0,191.66447067260742,0.07810728905312339,-0.20148306950547906,11.63250069879572,0.8404483944177628,False
59,source_localization_stage4.1.wave_feature_conv1,198,3,1000,0.005,0.0,0.0,post_relu_mean,343.8330993652344,-343.8330993652344,35.58123016357422,0.0,0.0,133.50098419189453,0.04463411720582844,-0.13801773551952934,7.968417652166334,0.6007685294747352,False
59,source_localization_stage4.1.wave_feature_conv1,198,3,1000,0.01,0.0,0.0,post_relu_mean,919.3072509765625,-919.3072509765625,108.51976013183594,0.0,0.0,582.4535837173462,0.15980600510624057,-0.6099013468073519,35.21229781429974,1.3085273385047913,False
59,source_localization_stage4.1.wave_feature_conv1,198,3,1000,0.01,0.0,0.0,post_relu_mean,818.6118774414062,-818.6118774414062,91.71790313720703,0.0,0.0,401.8117485046387,0.09280153402137978,-0.4218033985014054,24.352556968504842,0.9160552498698235,False
59,source_localization_stage4.1.wave_feature_conv1,198,3,1000,0.01,0.0,0.0,post_relu_mean,735.29931640625,-735.29931640625,75.71819305419922,0.0,0.0,284.1454391479492,0.05583803996595219,-0.2926551347911506,16.896251020243408,0.663975290954113,False
59,source_localization_stage4.1.wave_feature_conv1,198,3,1000,0.05,0.0,0.0,post_relu_mean,4611.55712890625,-4611.55712890625,542.3565063476562,0.0,0.0,2973.1931467056274,0.1174899066569696,-3.021743750014649,174.45830027206304,1.339696068763733,False
59,source_localization_stage4.1.wave_feature_conv1,198,3,1000,0.05,0.0,0.0,post_relu_mean,4283.22998046875,-4283.22998046875,478.0616760253906,0.0,0.0,2127.882823944092,0.08095940620056893,-2.192442888068051,126.57919017363892,0.9743873852491379,False
59,source_localization_stage4.1.wave_feature_conv1,198,3,1000,0.05,0.0,0.0,post_relu_mean,3720.921142578125,-3720.921142578125,377.70318603515625,0.0,0.0,1457.8571701049805,0.054367177858595274,-1.5063577042306915,86.96863437004023,0.7102675646543503,False
59,source_localization_stage4.1.wave_feature_conv1,44,3,1000,0.005,0.0,0.0,post_relu_mean,390.51666259765625,-390.51666259765625,47.445648193359375,0.0,0.0,239.07386207580566,0.045406245464249165,-0.2464314440426318,14.22756362034106,0.8151382493972779,False
59,source_localization_stage4.1.wave_feature_conv1,44,3,1000,0.005,0.0,0.0,post_relu_mean,353.6239013671875,-353.6239013671875,39.85547637939453,0.0,0.0,172.40596389770508,0.02542479935149125,-0.17482498487099019,10.093424990522,0.6167019745707512,False
59,source_localization_stage4.1.wave_feature_conv1,44,3,1000,0.005,0.0,0.0,post_relu_mean,295.2744445800781,-295.2744445800781,30.083744049072266,0.0,0.0,120.14123344421387,0.045432875774328654,-0.1212547836240767,7.000597032328263,0.4566608867049217,False
59,source_localization_stage4.1.wave_feature_conv1,44,3,1000,0.01,0.0,0.0,post_relu_mean,805.1099853515625,-805.1099853515625,97.75199127197266,0.0,0.0,502.74814796447754,0.05515987249490703,-0.5178111591537957,29.895488983949225,0.8754057800769806,False
59,source_localization_stage4.1.wave_feature_conv1,44,3,1000,0.01,0.0,0.0,post_relu_mean,727.6119384765625,-727.6119384765625,81.43873596191406,0.0,0.0,359.26933670043945,0.04255396558443043,-0.37344550266436105,21.56063803037511,0.6829440703988076,False
59,source_localization_stage4.1.wave_feature_conv1,44,3,1000,0.01,0.0,0.0,post_relu_mean,577.7434692382812,-577.7434692382812,58.930049896240234,0.0,0.0,229.53243827819824,0.03930915148440908,-0.24045874660660463,13.882746182287308,0.46349311113357544,False
59,source_localization_stage4.1.wave_feature_conv1,44,3,1000,0.05,0.0,0.0,post_relu_mean,4231.943359375,-4231.943359375,508.51116943359375,0.0,0.0,2697.3040561676025,0.05782196513996428,-2.773290250774336,160.114516474743,0.9670924165844917,False
59,source_localization_stage4.1.wave_feature_conv1,44,3,1000,0.05,0.0,0.0,post_relu_mean,3803.49951171875,-3803.49951171875,420.0675964355469,0.0,0.0,1911.3270149230957,0.03720233754024798,-1.9554395635403583,112.89598456463798,0.7395529729127884,False
59,source_localization_stage4.1.wave_feature_conv1,44,3,1000,0.05,0.0,0.0,post_relu_mean,3145.339111328125,-3145.339111328125,317.1585998535156,0.0,0.0,1247.7567119598389,0.03192588492708843,-1.2741238134835204,73.5606754818499,0.5125727558135986,False
61,source_localization_stage4.1.wave_feature_conv2,201,3,1000,0.005,0.0,0.0,post_relu_mean,604.3208618164062,-604.3208618164062,85.40442657470703,0.0,0.0,337.9580612182617,0.29117056840598166,-0.3462889806955868,19.992769262626748,1.8929173803329469,False
61,source_localization_stage4.1.wave_feature_conv2,201,3,1000,0.005,0.0,0.0,post_relu_mean,590.8030395507812,-590.8030395507812,80.32781982421875,0.0,0.0,228.1475124359131,0.1899447255189772,-0.2434867349955233,14.057768630303032,1.279095703959465,False
61,source_localization_stage4.1.wave_feature_conv2,201,3,1000,0.005,0.0,0.0,post_relu_mean,508.29583740234375,-508.29583740234375,66.9583511352539,0.0,0.0,114.33455657958984,0.08093960535300067,-0.11973834430394452,6.9130214815102695,0.6789090853929519,False
61,source_localization_stage4.1.wave_feature_conv2,201,3,1000,0.01,0.0,0.0,post_relu_mean,1245.606689453125,-1245.606689453125,175.14663696289062,0.0,0.0,710.0172348022461,0.2886238822279253,-0.7240646869748405,41.80349837052811,2.0189856618642805,False
61,source_localization_stage4.1.wave_feature_conv2,201,3,1000,0.01,0.0,0.0,post_relu_mean,1216.8614501953125,-1216.8614501953125,164.79638671875,0.0,0.0,474.0973720550537,0.2035550485737983,-0.51195770261383,29.557617008586625,1.4214302188158034,False
61,source_localization_stage4.1.wave_feature_conv2,201,3,1000,0.01,0.0,0.0,post_relu_mean,1076.53369140625,-1076.53369140625,141.85997009277344,0.0,0.0,233.1627426147461,0.09617225104205894,-0.24432200245924113,14.105769348192435,0.7499495899677276,False
61,source_localization_stage4.1.wave_feature_conv2,201,3,1000,0.05,0.0,0.0,post_relu_mean,6543.14453125,-6543.14453125,911.999755859375,0.0,0.0,3796.995750427246,0.2558588092432311,-3.8508287720010386,222.3252107349524,2.327507094144821,False
61,source_localization_stage4.1.wave_feature_conv2,201,3,1000,0.05,0.0,0.0,post_relu_mean,6035.806640625,-6035.806640625,817.2514038085938,0.0,0.0,2356.994955062866,0.15079498232308464,-2.523621554894341,145.699710439945,1.4985255646705626,False
61,source_localization_stage4.1.wave_feature_conv2,201,3,1000,0.05,0.0,0.0,post_relu_mean,5837.9765625,-5837.9765625,766.68017578125,0.0,0.0,1245.6843490600586,0.09794300535575637,-1.3463974004745622,77.73340465958186,0.8559554091095924,False
61,source_localization_stage4.1.wave_feature_conv2,13,3,1000,0.005,0.0,0.0,post_relu_mean,1101.96826171875,-1101.96826171875,169.53887939453125,0.0,0.0,584.3181762695312,0.6619699328930745,-0.7351960097372796,42.453953810684396,2.4156168723106384,False
61,source_localization_stage4.1.wave_feature_conv2,13,3,1000,0.005,0.0,0.0,post_relu_mean,1070.711181640625,-1070.711181640625,163.5884552001953,0.0,0.0,334.50532722473145,0.2929566496897129,-0.35288453205898024,20.373881569732895,1.3254811441898346,False
61,source_localization_stage4.1.wave_feature_conv2,13,3,1000,0.005,0.0,0.0,post_relu_mean,691.787353515625,-691.787353515625,100.23441314697266,0.0,0.0,99.29874229431152,0.054661804088842136,-0.1106616713803465,6.389037694915295,0.39718292862176896,False
61,source_localization_stage4.1.wave_feature_conv2,13,3,1000,0.01,0.0,0.0,post_relu_mean,2360.158203125,-2360.158203125,364.551513671875,0.0,0.0,1257.47021484375,0.6942112968983549,-1.3061092292077812,75.40773456935551,2.6844314634799957,False
61,source_localization_stage4.1.wave_feature_conv2,13,3,1000,0.01,0.0,0.0,post_relu_mean,2226.227783203125,-2226.227783203125,339.86981201171875,0.0,0.0,696.7558155059814,0.2896796914266312,-0.7123622590381654,41.12828114952212,1.4504264146089554,False
61,source_localization_stage4.1.wave_feature_conv2,13,3,1000,0.01,0.0,0.0,post_relu_mean,1498.4913330078125,-1498.4913330078125,218.1499481201172,0.0,0.0,198.50955772399902,0.06272076008558154,-0.2142130264377215,12.36745477926488,0.4511885192990303,False
61,source_localization_stage4.1.wave_feature_conv2,13,3,1000,0.05,0.0,0.0,post_relu_mean,11421.640625,-11421.640625,1756.3388671875,0.0,0.0,6143.590576171875,0.4737328228640839,-6.056760075740176,349.68303554761076,2.7760191559791565,False
61,source_localization_stage4.1.wave_feature_conv2,13,3,1000,0.05,0.0,0.0,post_relu_mean,11245.802734375,-11245.802734375,1713.2353515625,0.0,0.0,3536.185869216919,0.22385111131077823,-3.5406886208532162,204.4195173936955,1.6127131897211076,False
61,source_localization_stage4.1.wave_feature_conv2,13,3,1000,0.05,0.0,0.0,post_relu_mean,7861.6318359375,-7861.6318359375,1145.792236328125,0.0,0.0,995.7963008880615,0.048840773273056096,-1.0177951279836686,58.7617665280053,0.4810833366215229,False
61,source_localization_stage4.1.wave_feature_conv2,101,3,1000,0.005,0.0,0.0,post_relu_mean,596.121337890625,-596.121337890625,117.2480239868164,0.0,0.0,237.53200149536133,0.1813351253402831,-0.36297302971667306,20.95610605964543,1.0878978741168976,False
61,source_localization_stage4.1.wave_feature_conv2,101,3,1000,0.005,0.0,0.0,post_relu_mean,399.2875671386719,-399.2875671386719,71.442138671875,0.0,0.0,79.94107437133789,0.049708104352763745,-0.0870671744859112,5.026785883572314,0.4138240522146225,False
61,source_localization_stage4.1.wave_feature_conv2,101,3,1000,0.005,0.0,0.0,post_relu_mean,21.746883392333984,-21.746883392333984,3.379300832748413,0.0,0.0,12.602598190307617,0.07532936339898727,-0.001298424461763583,0.07502406281220193,0.07765991795808076,False
61,source_localization_stage4.1.wave_feature_conv2,101,3,1000,0.01,0.0,0.0,post_relu_mean,1409.943115234375,-1409.943115234375,284.85357666015625,0.0,0.0,548.5371284484863,0.22430624796824922,-0.6963894079041429,40.20563409415667,1.2488749253749847,False
61,source_localization_stage4.1.wave_feature_conv2,101,3,1000,0.01,0.0,0.0,post_relu_mean,867.8463134765625,-867.8463134765625,155.0178985595703,0.0,0.0,172.40887832641602,0.06767531100257045,-0.18668807819743832,10.77831865619039,0.4909875124692917,False
61,source_localization_stage4.1.wave_feature_conv2,101,3,1000,0.01,0.0,0.0,post_relu_mean,35.48424530029297,-35.48424530029297,5.537164211273193,0.0,0.0,13.392780303955078,0.05656516663337392,-0.0018625569141502098,0.10755081686202064,0.08352742459625005,False
61,source_localization_stage4.1.wave_feature_conv2,101,3,1000,0.05,0.0,0.0,post_relu_mean,8461.412109375,-8461.412109375,1747.7789306640625,0.0,0.0,3211.22993850708,0.266122145279888,-3.311031090108307,191.1606963567163,1.5551325833797456,False
61,source_localization_stage4.1.wave_feature_conv2,101,3,1000,0.05,0.0,0.0,post_relu_mean,4944.2470703125,-4944.2470703125,887.5922241210938,0.0,0.0,952.2251625061035,0.07713255931961394,-0.9729846915606483,56.17462221167242,0.5986166080832481,False
61,source_localization_stage4.1.wave_feature_conv2,101,3,1000,0.05,0.0,0.0,post_relu_mean,245.49295043945312,-245.49295043945312,38.9250373840332,0.0,0.0,23.074237823486328,0.030611702476634674,-0.013397586072616898,0.7735177705084402,0.09924706470221281,False
61,source_localization_stage4.1.wave_feature_conv2,221,3,1000,0.005,0.0,0.0,post_relu_mean,568.7343139648438,-568.7343139648438,90.78009033203125,0.0,0.0,290.0486469268799,0.23917559258740875,-0.3073870348917842,17.74679010708448,1.5924170476198196,False
61,source_localization_stage4.1.wave_feature_conv2,221,3,1000,0.005,0.0,0.0,post_relu_mean,514.535400390625,-514.535400390625,78.93634796142578,0.0,0.0,161.96773529052734,0.13459311965952675,-0.17116090888264635,9.882017886378888,0.9441936236619949,False
61,source_localization_stage4.1.wave_feature_conv2,221,3,1000,0.005,0.0,0.0,post_relu_mean,352.5850830078125,-352.5850830078125,52.1968994140625,0.0,0.0,51.04087829589844,0.06608527917697292,-0.04516926404300244,2.607817923216529,0.2601567707210779,False
61,source_localization_stage4.1.wave_feature_conv2,221,3,1000,0.01,0.0,0.0,post_relu_mean,1126.2752685546875,-1126.2752685546875,179.2627410888672,0.0,0.0,582.1416645050049,0.23352837591680645,-0.5819339726275748,33.597661593674005,1.6725987833738327,False
61,source_localization_stage4.1.wave_feature_conv2,221,3,1000,0.01,0.0,0.0,post_relu_mean,1057.071044921875,-1057.071044921875,161.75570678710938,0.0,0.0,331.81624603271484,0.14459456891559944,-0.3473754278091571,20.055501799623144,1.0363379848003387,False
61,source_localization_stage4.1.wave_feature_conv2,221,3,1000,0.01,0.0,0.0,post_relu_mean,787.9168701171875,-787.9168701171875,116.88488006591797,0.0,0.0,98.24479675292969,0.050128930251740575,-0.0959739915433921,5.541044304361,0.2988393688201904,False
61,source_localization_stage4.1.wave_feature_conv2,221,3,1000,0.05,0.0,0.0,post_relu_mean,5519.525390625,-5519.525390625,882.0192260742188,0.0,0.0,2867.12237739563,0.15387435773167263,-2.986338754355089,172.4148599267954,1.7181530952453614,False
61,source_localization_stage4.1.wave_feature_conv2,221,3,1000,0.05,0.0,0.0,post_relu_mean,5617.5869140625,-5617.5869140625,856.1024169921875,0.0,0.0,1767.771873474121,0.1511700519787462,-1.855515448372049,107.1269782719426,1.2206223356723784,False
61,source_localization_stage4.1.wave_feature_conv2,221,3,1000,0.05,0.0,0.0,post_relu_mean,4509.94140625,-4509.94140625,669.3832397460938,0.0,0.0,505.27928161621094,0.04091253484149329,-0.5202585715277647,30.03681019781963,0.3475860920548439,False
61,source_localization_stage4.1.wave_feature_conv2,254,3,1000,0.005,0.0,0.0,post_relu_mean,528.2265625,-528.2265625,86.19672393798828,0.0,0.0,263.60007095336914,0.2400514997044914,-0.27698025061329046,15.991522954325658,1.545360690355301,False
61,source_localization_stage4.1.wave_feature_conv2,254,3,1000,0.005,0.0,0.0,post_relu_mean,495.3656311035156,-495.3656311035156,77.61280822753906,0.0,0.0,149.0647792816162,0.14723031068987638,-0.16466373309418184,9.506877537938745,0.9781264767050744,False
61,source_localization_stage4.1.wave_feature_conv2,254,3,1000,0.005,0.0,0.0,post_relu_mean,306.4248352050781,-306.4248352050781,45.95484161376953,0.0,0.0,42.645639419555664,0.07564084300015624,-0.04023966630812499,2.323366282674191,0.24786317199468613,False
61,source_localization_stage4.1.wave_feature_conv2,254,3,1000,0.01,0.0,0.0,post_relu_mean,1056.0550537109375,-1056.0550537109375,172.2518768310547,0.0,0.0,533.263126373291,0.2301771992934,-0.5497943275684554,31.742037004785768,1.6269893074035644,False
61,source_localization_stage4.1.wave_feature_conv2,254,3,1000,0.01,0.0,0.0,post_relu_mean,1035.5753173828125,-1035.5753173828125,161.91989135742188,0.0,0.0,309.89256858825684,0.14939533878746736,-0.3382825666527894,19.53069065303428,1.0629803901910782,False
61,source_localization_stage4.1.wave_feature_conv2,254,3,1000,0.01,0.0,0.0,post_relu_mean,732.9808959960938,-732.9808959960938,110.04077911376953,0.0,0.0,84.68607521057129,0.05520301190681834,-0.08574457246257816,4.9504580332271955,0.293921884149313,False
61,source_localization_stage4.1.wave_feature_conv2,254,3,1000,0.05,0.0,0.0,post_relu_mean,5603.12060546875,-5603.12060546875,908.7814331054688,0.0,0.0,2870.7400550842285,0.2039928243875772,-2.91392881007328,168.2340675007358,1.8048778283596039,False
61,source_localization_stage4.1.wave_feature_conv2,254,3,1000,0.05,0.0,0.0,post_relu_mean,5359.8642578125,-5359.8642578125,837.1136474609375,0.0,0.0,1595.8095607757568,0.16626737336359307,-1.672574748450743,96.56528961202356,1.2085706675052643,False
61,source_localization_stage4.1.wave_feature_conv2,254,3,1000,0.05,0.0,0.0,post_relu_mean,4405.4658203125,-4405.4658203125,661.2013549804688,0.0,0.0,450.2076816558838,0.045247435673079685,-0.46844300245689735,27.045242430170227,0.352918648570776,False
36,interference_stage3.0.wave_feature_conv1,31,4,1000,0.005,0.0,0.0,post_relu_mean,1348.465576171875,-1348.465576171875,118.1422348022461,0.0,0.0,942.4651145935059,0.07246828224396125,-0.9663523037660904,55.791679410469136,2.2669952416419985,False
36,interference_stage3.0.wave_feature_conv1,31,4,1000,0.005,0.0,0.0,post_relu_mean,1264.34619140625,-1264.34619140625,104.66658020019531,0.0,0.0,763.6103057861328,0.0569780333983549,-0.7804733629082914,45.06010011758293,1.907132362127304,False
36,interference_stage3.0.wave_feature_conv1,31,4,1000,0.005,0.0,0.0,post_relu_mean,1133.365234375,-1133.365234375,86.7774658203125,0.0,0.0,604.8017044067383,0.08918904045112078,-0.6169842725224625,35.621404557666445,1.618343436717987,False
36,interference_stage3.0.wave_feature_conv1,31,4,1000,0.01,0.0,0.0,post_relu_mean,2681.13330078125,-2681.13330078125,232.89076232910156,0.0,0.0,1930.8871726989746,0.0827749423081303,-1.98258456397323,114.46314580133668,2.3382275712490084,False
36,interference_stage3.0.wave_feature_conv1,31,4,1000,0.01,0.0,0.0,post_relu_mean,2515.378173828125,-2515.378173828125,205.36900329589844,0.0,0.0,1561.4813995361328,0.0701517792857548,-1.5970975948898232,92.20737857900555,1.9820386630296707,False
36,interference_stage3.0.wave_feature_conv1,31,4,1000,0.01,0.0,0.0,post_relu_mean,2243.85009765625,-2243.85009765625,170.67794799804688,0.0,0.0,1211.8837356567383,0.0738617369802963,-1.2367370176533468,71.40215558956348,1.6549624347686767,False
36,interference_stage3.0.wave_feature_conv1,31,4,1000,0.05,0.0,0.0,post_relu_mean,13689.7470703125,-13689.7470703125,1181.781494140625,0.0,0.0,10092.828578948975,0.07875578200430879,-10.282361101141786,593.6451775013205,2.419478952884674,False
36,interference_stage3.0.wave_feature_conv1,31,4,1000,0.05,0.0,0.0,post_relu_mean,12812.8154296875,-12812.8154296875,1047.003173828125,0.0,0.0,8071.565017700195,0.05987273544664477,-8.276323207762811,477.82781430763805,2.0219701993465424,False
36,interference_stage3.0.wave_feature_conv1,31,4,1000,0.05,0.0,0.0,post_relu_mean,11498.478515625,-11498.478515625,866.3806762695312,0.0,0.0,6292.295600891113,0.05660366660999504,-6.427682231850718,371.09787768795513,1.7108793556690216,False
36,interference_stage3.0.wave_feature_conv1,97,4,1000,0.005,0.0,0.0,post_relu_mean,931.5571899414062,-931.5571899414062,97.21363830566406,0.0,0.0,613.6074256896973,0.061577288813832946,-0.6276368010579658,36.23617843718712,1.67542114675045,False
36,interference_stage3.0.wave_feature_conv1,97,4,1000,0.005,0.0,0.0,post_relu_mean,830.2498168945312,-830.2498168945312,78.9936752319336,0.0,0.0,470.5984878540039,0.08027234638047798,-0.47677913065227756,27.526513702752233,1.4109515661001206,False
36,interference_stage3.0.wave_feature_conv1,97,4,1000,0.005,0.0,0.0,post_relu_mean,703.3704223632812,-703.3704223632812,60.78406524658203,0.0,0.0,356.61524963378906,0.12663984167281386,-0.352666501255732,20.360965406233934,1.2080307400226593,False
36,interference_stage3.0.wave_feature_conv1,97,4,1000,0.01,0.0,0.0,post_relu_mean,1833.498779296875,-1833.498779296875,187.3682098388672,0.0,0.0,1245.0853309631348,0.07609543992229911,-1.2819650777371725,74.01337201550697,1.7329822438955307,False
36,interference_stage3.0.wave_feature_conv1,97,4,1000,0.01,0.0,0.0,post_relu_mean,1657.1170654296875,-1657.1170654296875,153.48007202148438,0.0,0.0,962.2769241333008,0.07214204029854306,-0.9827811969255529,56.740191579745,1.4878359204530716,False
36,interference_stage3.0.wave_feature_conv1,97,4,1000,0.01,0.0,0.0,post_relu_mean,1416.086181640625,-1416.086181640625,119.0750503540039,0.0,0.0,719.5850982666016,0.09827065595828946,-0.7279578721645775,42.028148937487984,1.2651752907037734,False
36,interference_stage3.0.wave_feature_conv1,97,4,1000,0.05,0.0,0.0,post_relu_mean,9234.6630859375,-9234.6630859375,930.1943359375,0.0,0.0,6417.771244049072,0.07437427394355098,-6.55634564496925,378.52611786905743,1.8259154814481735,False
36,interference_stage3.0.wave_feature_conv1,97,4,1000,0.05,0.0,0.0,post_relu_mean,8476.509765625,-8476.509765625,772.9547119140625,0.0,0.0,4994.034065246582,0.06147538566496509,-5.09533498005419,294.1756368020636,1.5565612488985061,False
36,interference_stage3.0.wave_feature_conv1,97,4,1000,0.05,0.0,0.0,post_relu_mean,7292.4462890625,-7292.4462890625,591.18408203125,0.0,0.0,3763.291030883789,0.06975360101078854,-3.825491128428114,220.86209568687732,1.359031527042389,False
36,interference_stage3.0.wave_feature_conv1,45,4,1000,0.005,0.0,0.0,post_relu_mean,856.500732421875,-856.500732421875,93.2657699584961,0.0,0.0,556.0406455993652,0.08231183115738963,-0.5737766013806718,33.12662170691106,1.778562929034233,False
36,interference_stage3.0.wave_feature_conv1,45,4,1000,0.005,0.0,0.0,post_relu_mean,775.9781494140625,-775.9781494140625,75.09223937988281,0.0,0.0,439.59447479248047,0.09057006292589038,-0.454982786053416,26.268121729226163,1.504832751750946,False
36,interference_stage3.0.wave_feature_conv1,45,4,1000,0.005,0.0,0.0,post_relu_mean,647.3568725585938,-647.3568725585938,56.8656005859375,0.0,0.0,329.8888473510742,0.11200310152862557,-0.32142422044285235,18.557211546635656,1.2834366685152054,False
36,interference_stage3.0.wave_feature_conv1,45,4,1000,0.01,0.0,0.0,post_relu_mean,1703.537353515625,-1703.537353515625,181.78977966308594,0.0,0.0,1137.505184173584,0.09555130791837979,-1.164510940166082,67.23223402099806,1.8635321134328842,False
36,interference_stage3.0.wave_feature_conv1,45,4,1000,0.01,0.0,0.0,post_relu_mean,1581.480224609375,-1581.480224609375,148.87660217285156,0.0,0.0,913.0669174194336,0.08575948962835858,-0.9261119386413615,53.468459828999094,1.5879439598321914,False
36,interference_stage3.0.wave_feature_conv1,45,4,1000,0.01,0.0,0.0,post_relu_mean,1307.458740234375,-1307.458740234375,112.17855072021484,0.0,0.0,658.1130294799805,0.08482381003758914,-0.6650585107095939,38.396720580461796,1.3439581364393234,False
36,interference_stage3.0.wave_feature_conv1,45,4,1000,0.05,0.0,0.0,post_relu_mean,8454.740234375,-8454.740234375,889.5847778320312,0.0,0.0,5765.323055267334,0.08532442731809406,-5.846167256232187,337.5244250560653,1.957796585559845,False
36,interference_stage3.0.wave_feature_conv1,45,4,1000,0.05,0.0,0.0,post_relu_mean,7554.453125,-7554.453125,711.5101318359375,0.0,0.0,4354.188621520996,0.06765574704117483,-4.458770382528606,257.42413263653776,1.630939543247223,False
36,interference_stage3.0.wave_feature_conv1,45,4,1000,0.05,0.0,0.0,post_relu_mean,6882.3037109375,-6882.3037109375,574.81005859375,0.0,0.0,3457.1689376831055,0.06831326650224434,-3.5256696953312514,203.5520998405048,1.451404247879982,False
36,interference_stage3.0.wave_feature_conv1,59,4,1000,0.005,0.0,0.0,post_relu_mean,658.1780395507812,-658.1780395507812,76.75869750976562,0.0,0.0,415.61241149902344,0.06356856655356423,-0.41824414851704295,24.14704355812647,1.4188567954301834,False
36,interference_stage3.0.wave_feature_conv1,59,4,1000,0.005,0.0,0.0,post_relu_mean,571.9359130859375,-571.9359130859375,58.24180221557617,0.0,0.0,319.8490676879883,0.07294951990641381,-0.3141050765992355,18.134657921465564,1.2408190923929214,False
36,interference_stage3.0.wave_feature_conv1,59,4,1000,0.005,0.0,0.0,post_relu_mean,469.3280029296875,-469.3280029296875,42.24519348144531,0.0,0.0,248.14889526367188,0.10729598459487857,-0.23267444437499482,13.433363688600524,1.1124177777767181,False
36,interference_stage3.0.wave_feature_conv1,59,4,1000,0.01,0.0,0.0,post_relu_mean,1303.1829833984375,-1303.1829833984375,146.93106079101562,0.0,0.0,850.1002349853516,0.07189071488591134,-0.8688190919525184,50.16075956745716,1.4855506485700607,False
36,interference_stage3.0.wave_feature_conv1,59,4,1000,0.01,0.0,0.0,post_relu_mean,1126.46826171875,-1126.46826171875,111.5746078491211,0.0,0.0,634.3838272094727,0.0669806019592851,-0.6533989820463896,37.72354771534536,1.281376566886902,False
36,interference_stage3.0.wave_feature_conv1,59,4,1000,0.01,0.0,0.0,post_relu_mean,955.1196899414062,-955.1196899414062,83.14221954345703,0.0,0.0,488.55841064453125,0.08477942623324486,-0.49634952472780325,28.656422036729086,1.154537410736084,False
36,interference_stage3.0.wave_feature_conv1,59,4,1000,0.05,0.0,0.0,post_relu_mean,6495.9404296875,-6495.9404296875,722.6953125,0.0,0.0,4315.564956665039,0.06612008915748388,-4.4355451023116395,256.0832039403191,1.5439475244283676,False
36,interference_stage3.0.wave_feature_conv1,59,4,1000,0.05,0.0,0.0,post_relu_mean,5777.6279296875,-5777.6279296875,556.8511352539062,0.0,0.0,3281.7991104125977,0.05867840612352517,-3.372023822324074,194.68147325987715,1.3684969121217727,False
36,interference_stage3.0.wave_feature_conv1,59,4,1000,0.05,0.0,0.0,post_relu_mean,4787.0029296875,-4787.0029296875,409.2892150878906,0.0,0.0,2363.5596313476562,0.057681493204971346,-2.4114084980420407,139.22104080980813,1.2000270879268646,False
36,interference_stage3.0.wave_feature_conv1,67,4,1000,0.005,0.0,0.0,post_relu_mean,708.6251220703125,-708.6251220703125,79.6668930053711,0.0,0.0,457.55849838256836,0.06779509191431747,-0.4615557783964131,26.64764806466216,1.4892636704444886,False
36,interference_stage3.0.wave_feature_conv1,67,4,1000,0.005,0.0,0.0,post_relu_mean,617.9345703125,-617.9345703125,62.32356643676758,0.0,0.0,347.70594024658203,0.08350845221023738,-0.34351056562363763,19.83238669066519,1.2883541917800903,False
36,interference_stage3.0.wave_feature_conv1,67,4,1000,0.005,0.0,0.0,post_relu_mean,492.97149658203125,-492.97149658203125,45.19256591796875,0.0,0.0,254.33689880371094,0.12831280912714121,-0.23424693395502608,13.524108917281547,1.1180953413248063,False
36,interference_stage3.0.wave_feature_conv1,67,4,1000,0.01,0.0,0.0,post_relu_mean,1411.492431640625,-1411.492431640625,152.49118041992188,0.0,0.0,941.9529685974121,0.07675732779275837,-0.9845743607426853,56.84372774839685,1.5679818767309188,False
36,interference_stage3.0.wave_feature_conv1,67,4,1000,0.01,0.0,0.0,post_relu_mean,1224.474609375,-1224.474609375,120.31153869628906,0.0,0.0,693.3001174926758,0.07616437243999942,-0.705704570104487,40.7433684781779,1.343468450307846,False
36,interference_stage3.0.wave_feature_conv1,67,4,1000,0.01,0.0,0.0,post_relu_mean,984.432861328125,-984.432861328125,87.99327850341797,0.0,0.0,488.99400329589844,0.09954162332703038,-0.4782523822662827,27.61161106224134,1.1755108779668808,False
36,interference_stage3.0.wave_feature_conv1,67,4,1000,0.05,0.0,0.0,post_relu_mean,7000.77734375,-7000.77734375,738.3024291992188,0.0,0.0,4773.804164886475,0.07193763619826882,-4.871133897610137,281.2315687181994,1.6676817172765732,False
36,interference_stage3.0.wave_feature_conv1,67,4,1000,0.05,0.0,0.0,post_relu_mean,6444.54931640625,-6444.54931640625,609.64306640625,0.0,0.0,3711.382942199707,0.05886905841205447,-3.787562163297246,218.672303361602,1.4369366031885147,False
36,interference_stage3.0.wave_feature_conv1,67,4,1000,0.05,0.0,0.0,post_relu_mean,5311.04248046875,-5311.04248046875,455.5035705566406,0.0,0.0,2610.541793823242,0.06205967648243678,-2.6675730438793193,154.01053089356478,1.2750992518663407,False
38,interference_stage3.0.wave_feature_conv2,84,4,1000,0.005,0.0,0.0,post_relu_mean,684.9746704101562,-684.9746704101562,53.29106521606445,0.0,0.0,488.8475875854492,0.07611217184846324,-0.5024393076486457,29.008009736862732,1.3914312708377838,False
38,interference_stage3.0.wave_feature_conv2,84,4,1000,0.005,0.0,0.0,post_relu_mean,647.2677612304688,-647.2677612304688,47.72783279418945,0.0,0.0,405.6034393310547,0.05713322419493587,-0.41952766193575014,24.221177034570804,1.1855487364530564,False
38,interference_stage3.0.wave_feature_conv2,84,4,1000,0.005,0.0,0.0,post_relu_mean,599.1713256835938,-599.1713256835938,41.20859909057617,0.0,0.0,334.3954849243164,0.04006655455602066,-0.34303939305483366,19.80514948361791,1.002669089138508,False
38,interference_stage3.0.wave_feature_conv2,84,4,1000,0.01,0.0,0.0,post_relu_mean,1347.6839599609375,-1347.6839599609375,103.95063018798828,0.0,0.0,999.5781784057617,0.08214653070354765,-1.0312270058643556,59.53722208714314,1.4504068410396576,False
38,interference_stage3.0.wave_feature_conv2,84,4,1000,0.01,0.0,0.0,post_relu_mean,1267.63623046875,-1267.63623046875,92.04943084716797,0.0,0.0,826.5247650146484,0.06625165067277977,-0.8504477100605493,49.10002618118596,1.2329507553577423,False
38,interference_stage3.0.wave_feature_conv2,84,4,1000,0.01,0.0,0.0,post_relu_mean,1193.39892578125,-1193.39892578125,81.14590454101562,0.0,0.0,688.9992446899414,0.05262300936206006,-0.7191168193664068,41.51771380324917,1.0535115146636962,False
38,interference_stage3.0.wave_feature_conv2,84,4,1000,0.05,0.0,0.0,post_relu_mean,6611.40625,-6611.40625,500.0588073730469,0.0,0.0,5074.976127624512,0.06506519328154627,-5.17169295730196,298.5841033412876,1.4979367005825042,False
38,interference_stage3.0.wave_feature_conv2,84,4,1000,0.05,0.0,0.0,post_relu_mean,6391.5927734375,-6391.5927734375,459.56298828125,0.0,0.0,4296.670516967773,0.05879768986603878,-4.364568579363409,251.98533735453623,1.2939457666873933,False
38,interference_stage3.0.wave_feature_conv2,84,4,1000,0.05,0.0,0.0,post_relu_mean,5988.64794921875,-5988.64794921875,404.5726623535156,0.0,0.0,3543.687660217285,0.05002043721773445,-3.6002649477858037,207.8589310242152,1.1127104794979095,False
38,interference_stage3.0.wave_feature_conv2,120,4,1000,0.005,0.0,0.0,post_relu_mean,784.0352783203125,-784.0352783203125,54.34718704223633,0.0,0.0,584.8556137084961,0.06076397399082932,-0.6055884754510221,34.96324991885748,1.4399800300598145,False
38,interference_stage3.0.wave_feature_conv2,120,4,1000,0.005,0.0,0.0,post_relu_mean,756.77783203125,-756.77783203125,50.860748291015625,0.0,0.0,501.1325168609619,0.043822989904404315,-0.512246699844254,29.57421118031767,1.265707221031189,False
38,interference_stage3.0.wave_feature_conv2,120,4,1000,0.005,0.0,0.0,post_relu_mean,726.4632568359375,-726.4632568359375,46.76408004760742,0.0,0.0,428.4729537963867,0.03608154045198138,-0.43739542729443487,25.25272246386679,1.114720031619072,False
38,interference_stage3.0.wave_feature_conv2,120,4,1000,0.01,0.0,0.0,post_relu_mean,1538.964599609375,-1538.964599609375,105.8209228515625,0.0,0.0,1185.3637313842773,0.06664316395651664,-1.2184140791263924,70.34429358722494,1.4793338465690613,False
38,interference_stage3.0.wave_feature_conv2,120,4,1000,0.01,0.0,0.0,post_relu_mean,1502.6865234375,-1502.6865234375,100.23747253417969,0.0,0.0,1024.8459568023682,0.05131089258712726,-1.0542454455221244,60.86613978562748,1.30755100607872,False
38,interference_stage3.0.wave_feature_conv2,120,4,1000,0.01,0.0,0.0,post_relu_mean,1435.7769775390625,-1435.7769775390625,91.42655181884766,0.0,0.0,869.8118209838867,0.04226642932251621,-0.8986210915343684,51.88126685969377,1.1487750393152236,False
38,interference_stage3.0.wave_feature_conv2,120,4,1000,0.05,0.0,0.0,post_relu_mean,7855.5302734375,-7855.5302734375,536.7354736328125,0.0,0.0,6209.18563079834,0.05963381157171639,-6.3357015004476676,365.78739640215747,1.5486646527051926,False
38,interference_stage3.0.wave_feature_conv2,120,4,1000,0.05,0.0,0.0,post_relu_mean,7738.6318359375,-7738.6318359375,506.7483825683594,0.0,0.0,5431.492197036743,0.05372599342293295,-5.539705604090297,319.8310653441124,1.3776613104343414,False
38,interference_stage3.0.wave_feature_conv2,120,4,1000,0.05,0.0,0.0,post_relu_mean,7304.2099609375,-7304.2099609375,462.7240905761719,0.0,0.0,4510.459403991699,0.041426660911218764,-4.596116380204427,265.3535999660851,1.1880910670757294,False
38,interference_stage3.0.wave_feature_conv2,69,4,1000,0.005,0.0,0.0,post_relu_mean,582.1653442382812,-582.1653442382812,48.801780700683594,0.0,0.0,407.34548568725586,0.0772335449999297,-0.4228173244690614,24.41107802924912,1.2706373345851898,False
38,interference_stage3.0.wave_feature_conv2,69,4,1000,0.005,0.0,0.0,post_relu_mean,561.9957275390625,-561.9957275390625,44.51432800292969,0.0,0.0,342.7219715118408,0.05919753782073481,-0.35510082760156164,20.501512442688973,1.079848306775093,False
38,interference_stage3.0.wave_feature_conv2,69,4,1000,0.005,0.0,0.0,post_relu_mean,508.1482849121094,-508.1482849121094,38.3665771484375,0.0,0.0,268.4448051452637,0.04084856258638938,-0.2767467559835053,15.97779843252653,0.87517982006073,False
38,interference_stage3.0.wave_feature_conv2,69,4,1000,0.01,0.0,0.0,post_relu_mean,1149.34130859375,-1149.34130859375,95.84962463378906,0.0,0.0,833.3778953552246,0.08258912651220533,-0.867111205047582,50.06208583265048,1.3224256056547166,False
38,interference_stage3.0.wave_feature_conv2,69,4,1000,0.01,0.0,0.0,post_relu_mean,1108.0089111328125,-1108.0089111328125,86.67208862304688,0.0,0.0,699.025224685669,0.06616069186017673,-0.7272048747629825,41.984717244755224,1.1240299624204635,False
38,interference_stage3.0.wave_feature_conv2,69,4,1000,0.01,0.0,0.0,post_relu_mean,1011.2227783203125,-1011.2227783203125,75.11106872558594,0.0,0.0,551.0523796081543,0.04767776810804757,-0.5680927692213912,32.79861707608451,0.914939530491829,False
38,interference_stage3.0.wave_feature_conv2,69,4,1000,0.05,0.0,0.0,post_relu_mean,5841.603515625,-5841.603515625,479.24273681640625,0.0,0.0,4375.460475921631,0.07267212057785363,-4.4661793704266435,257.8518417833659,1.4039437776803971,False
38,interference_stage3.0.wave_feature_conv2,69,4,1000,0.05,0.0,0.0,post_relu_mean,5539.9794921875,-5539.9794921875,430.79754638671875,0.0,0.0,3582.4313526153564,0.05810650692829707,-3.646502624113454,210.52844823122027,1.18514342546463,False
38,interference_stage3.0.wave_feature_conv2,69,4,1000,0.05,0.0,0.0,post_relu_mean,5203.8251953125,-5203.8251953125,377.262451171875,0.0,0.0,2930.7464714050293,0.046426597377132714,-2.97854204777971,171.9642730142724,0.9926435467600823,False
38,interference_stage3.0.wave_feature_conv2,109,4,1000,0.005,0.0,0.0,post_relu_mean,571.4432983398438,-571.4432983398438,51.53933334350586,0.0,0.0,389.524658203125,0.04454701133363484,-0.40184955704214864,23.200519257912294,0.9844628661870957,False
38,interference_stage3.0.wave_feature_conv2,109,4,1000,0.005,0.0,0.0,post_relu_mean,523.9008178710938,-523.9008178710938,44.62715148925781,0.0,0.0,305.2460880279541,0.02771819864007171,-0.3145959576571201,18.163026796039862,0.8158254778385162,False
38,interference_stage3.0.wave_feature_conv2,109,4,1000,0.005,0.0,0.0,post_relu_mean,465.0838317871094,-465.0838317871094,37.17720413208008,0.0,0.0,233.6561508178711,0.033733960861141256,-0.23580234912977313,13.61389629313323,0.6785438081622124,False
38,interference_stage3.0.wave_feature_conv2,109,4,1000,0.01,0.0,0.0,post_relu_mean,1117.7447509765625,-1117.7447509765625,100.16297149658203,0.0,0.0,789.9552001953125,0.04783329616998039,-0.8086317937672562,46.68582168064257,1.0130415922403335,False
38,interference_stage3.0.wave_feature_conv2,109,4,1000,0.01,0.0,0.0,post_relu_mean,1038.4058837890625,-1038.4058837890625,87.50912475585938,0.0,0.0,626.7822513580322,0.03711578236267759,-0.6430229866464435,37.12450010024578,0.8466403907537461,False
38,interference_stage3.0.wave_feature_conv2,109,4,1000,0.01,0.0,0.0,post_relu_mean,910.0842895507812,-910.0842895507812,72.24356079101562,0.0,0.0,468.2584762573242,0.03172730776850308,-0.47894018338159866,27.651301129067622,0.6968499812483787,False
38,interference_stage3.0.wave_feature_conv2,109,4,1000,0.05,0.0,0.0,post_relu_mean,5554.20556640625,-5554.20556640625,492.7406921386719,0.0,0.0,4048.6827392578125,0.04304112990229794,-4.113418421398035,237.4853674806116,1.0515084624290467,False
38,interference_stage3.0.wave_feature_conv2,109,4,1000,0.05,0.0,0.0,post_relu_mean,5209.42236328125,-5209.42236328125,443.4715881347656,0.0,0.0,3195.967737197876,0.03288743492424067,-3.2599902724618897,188.21330852262327,0.8704794946312905,False
38,interference_stage3.0.wave_feature_conv2,109,4,1000,0.05,0.0,0.0,post_relu_mean,4694.2509765625,-4694.2509765625,368.4206237792969,0.0,0.0,2475.3628463745117,0.0313594302193044,-2.5115206422335854,145.00094995640254,0.7507906395196915,False
38,interference_stage3.0.wave_feature_conv2,104,4,1000,0.005,0.0,0.0,post_relu_mean,604.726318359375,-604.726318359375,54.84195327758789,0.0,0.0,418.5855522155762,0.049962750788881315,-0.4365801646948522,25.205653210512427,1.033082328438759,False
38,interference_stage3.0.wave_feature_conv2,104,4,1000,0.005,0.0,0.0,post_relu_mean,569.5940551757812,-569.5940551757812,49.3704948425293,0.0,0.0,335.34564208984375,0.03881465185195949,-0.3517966350800614,20.31078897446835,0.8554527091979981,False
38,interference_stage3.0.wave_feature_conv2,104,4,1000,0.005,0.0,0.0,post_relu_mean,505.6720886230469,-505.6720886230469,41.23092269897461,0.0,0.0,255.73909378051758,0.04960238923826024,-0.263594708478094,15.218469935079494,0.694422719180584,False
38,interference_stage3.0.wave_feature_conv2,104,4,1000,0.01,0.0,0.0,post_relu_mean,1208.1934814453125,-1208.1934814453125,108.8621826171875,0.0,0.0,859.9920463562012,0.053286098168031225,-0.9046987246000731,52.232158345738846,1.0668054932355882,False
38,interference_stage3.0.wave_feature_conv2,104,4,1000,0.01,0.0,0.0,post_relu_mean,1142.6854248046875,-1142.6854248046875,97.58594512939453,0.0,0.0,691.467529296875,0.043663713246986875,-0.7276961481226973,42.013083966092545,0.8898630055785179,False
38,interference_stage3.0.wave_feature_conv2,104,4,1000,0.01,0.0,0.0,post_relu_mean,1028.6201171875,-1028.6201171875,82.95156860351562,0.0,0.0,528.3632392883301,0.042983768055464826,-0.5499901838137384,31.753340582493387,0.725780093073845,False
38,interference_stage3.0.wave_feature_conv2,104,4,1000,0.05,0.0,0.0,post_relu_mean,6240.08740234375,-6240.08740234375,554.04052734375,0.0,0.0,4556.350933074951,0.04813994023936753,-4.646272473279117,268.2493222769439,1.1270703756809235,False
38,interference_stage3.0.wave_feature_conv2,104,4,1000,0.05,0.0,0.0,post_relu_mean,5935.76416015625,-5935.76416015625,501.33343505859375,0.0,0.0,3667.6824951171875,0.0355707216800598,-3.782567224092712,218.38389546209655,0.936433299779892,False
38,interference_stage3.0.wave_feature_conv2,104,4,1000,0.05,0.0,0.0,post_relu_mean,5355.2509765625,-5355.2509765625,423.39410400390625,0.0,0.0,2812.338764190674,0.03258672192781446,-2.892346956440024,166.98770993109795,0.7744502770900726,False
41,interference_stage3.0.skip_connection.0,30,4,1000,0.005,0.0,0.0,post_relu_mean,834.674072265625,-834.674072265625,75.19961547851562,0.0,0.0,585.3805923461914,0.08045778790463377,-0.6136557086031034,35.429022188299285,1.7521533435583114,False
41,interference_stage3.0.skip_connection.0,30,4,1000,0.005,0.0,0.0,post_relu_mean,769.1868896484375,-769.1868896484375,61.82858657836914,0.0,0.0,481.2580032348633,0.08073752329840728,-0.5025696875637222,29.015571492857678,1.4858719217777252,False
41,interference_stage3.0.skip_connection.0,30,4,1000,0.005,0.0,0.0,post_relu_mean,712.794677734375,-712.794677734375,52.44818878173828,0.0,0.0,402.3996353149414,0.09210725520863468,-0.413203515596618,23.85604270158684,1.2881233459711074,False
41,interference_stage3.0.skip_connection.0,30,4,1000,0.01,0.0,0.0,post_relu_mean,1704.9542236328125,-1704.9542236328125,149.33099365234375,0.0,0.0,1233.2665786743164,0.0982299205872703,-1.2915081788024925,74.56434946168169,1.8596371871232986,False
41,interference_stage3.0.skip_connection.0,30,4,1000,0.01,0.0,0.0,post_relu_mean,1575.1236572265625,-1575.1236572265625,124.89746856689453,0.0,0.0,1003.3847732543945,0.08690366270811285,-1.0501106904808852,60.62742298635213,1.5841787070035935,False
41,interference_stage3.0.skip_connection.0,30,4,1000,0.01,0.0,0.0,post_relu_mean,1463.416015625,-1463.416015625,105.25224304199219,0.0,0.0,836.1966934204102,0.08190022814423575,-0.8829260878311508,50.97519916471333,1.3696738785505296,False
41,interference_stage3.0.skip_connection.0,30,4,1000,0.05,0.0,0.0,post_relu_mean,8663.3212890625,-8663.3212890625,749.3615112304688,0.0,0.0,6391.542213439941,0.08449096831004027,-6.5496852415206845,378.1416244957348,1.9433310437202453,False
41,interference_stage3.0.skip_connection.0,30,4,1000,0.05,0.0,0.0,post_relu_mean,8040.7841796875,-8040.7841796875,629.7456665039062,0.0,0.0,5197.228462219238,0.06994573335957054,-5.380713056888922,310.6517506379734,1.6511053329706191,False
41,interference_stage3.0.skip_connection.0,30,4,1000,0.05,0.0,0.0,post_relu_mean,7603.9375,-7603.9375,541.9194946289062,0.0,0.0,4356.714515686035,0.06506487495894651,-4.509684054601364,260.3635161294287,1.44581380546093,False
41,interference_stage3.0.skip_connection.0,32,4,1000,0.005,0.0,0.0,post_relu_mean,991.590576171875,-991.590576171875,82.22758483886719,0.0,0.0,723.2869281768799,0.08032954015683852,-0.7591010342732931,43.82652286607169,2.0245893400907518,False
41,interference_stage3.0.skip_connection.0,32,4,1000,0.005,0.0,0.0,post_relu_mean,924.19091796875,-924.19091796875,71.46161651611328,0.0,0.0,595.0110206604004,0.08011676883916101,-0.6192259260827223,35.75077736309856,1.758662297129631,False
41,interference_stage3.0.skip_connection.0,32,4,1000,0.005,0.0,0.0,post_relu_mean,829.2960205078125,-829.2960205078125,60.04591369628906,0.0,0.0,475.43619537353516,0.10857690064331343,-0.48599370457589075,28.059014966350496,1.5113842684030532,False
41,interference_stage3.0.skip_connection.0,32,4,1000,0.01,0.0,0.0,post_relu_mean,1981.8597412109375,-1981.8597412109375,162.92391967773438,0.0,0.0,1471.4671039581299,0.09552992168256572,-1.514507815942469,87.43912381746955,2.0986769723892214,False
41,interference_stage3.0.skip_connection.0,32,4,1000,0.01,0.0,0.0,post_relu_mean,1858.818115234375,-1858.818115234375,142.37200927734375,0.0,0.0,1210.541416168213,0.08398647294226208,-1.2536578977065975,72.37906864865619,1.8042272460460662,False
41,interference_stage3.0.skip_connection.0,32,4,1000,0.01,0.0,0.0,post_relu_mean,1714.5775146484375,-1714.5775146484375,122.14210510253906,0.0,0.0,988.140510559082,0.09546118713962512,-1.0352944597235534,59.77206400892685,1.5800752526521682,False
41,interference_stage3.0.skip_connection.0,32,4,1000,0.05,0.0,0.0,post_relu_mean,10255.884765625,-10255.884765625,834.166015625,0.0,0.0,7731.765810012817,0.07987731701098674,-7.880734551811061,454.9887629766624,2.2038363993167875,False
41,interference_stage3.0.skip_connection.0,32,4,1000,0.05,0.0,0.0,post_relu_mean,9452.33984375,-9452.33984375,722.7534790039062,0.0,0.0,6192.346591949463,0.06936662467448323,-6.337108544046609,365.8687074805243,1.867048699259758,False
41,interference_stage3.0.skip_connection.0,32,4,1000,0.05,0.0,0.0,post_relu_mean,8781.951171875,-8781.951171875,620.6616821289062,0.0,0.0,5064.396614074707,0.07060480022738337,-5.241365795680536,302.60666335046847,1.6382123506069184,False
41,interference_stage3.0.skip_connection.0,80,4,1000,0.005,0.0,0.0,post_relu_mean,686.3956298828125,-686.3956298828125,60.72633361816406,0.0,0.0,485.3313674926758,0.053629862125012834,-0.49469975338098054,28.56116161002093,1.4625547981262208,False
41,interference_stage3.0.skip_connection.0,80,4,1000,0.005,0.0,0.0,post_relu_mean,622.5443115234375,-622.5443115234375,49.85504150390625,0.0,0.0,393.3612251281738,0.05784171768661928,-0.39907475104632745,23.040315743905687,1.278014102578163,False
41,interference_stage3.0.skip_connection.0,80,4,1000,0.005,0.0,0.0,post_relu_mean,550.1771240234375,-550.1771240234375,41.49200439453125,0.0,0.0,310.4395446777344,0.08940309761619075,-0.30789698936733056,17.776227170288912,1.0974305242300033,False
41,interference_stage3.0.skip_connection.0,80,4,1000,0.01,0.0,0.0,post_relu_mean,1355.90625,-1355.90625,117.03421783447266,0.0,0.0,985.918342590332,0.06434920063482878,-1.0134159323831728,58.50888899414579,1.520756822824478,False
41,interference_stage3.0.skip_connection.0,80,4,1000,0.01,0.0,0.0,post_relu_mean,1247.9052734375,-1247.9052734375,98.96234130859375,0.0,0.0,797.7393074035645,0.059466239576677585,-0.8160528687136857,47.114247311194696,1.3210900330543518,False
41,interference_stage3.0.skip_connection.0,80,4,1000,0.01,0.0,0.0,post_relu_mean,1103.52783203125,-1103.52783203125,81.51729583740234,0.0,0.0,623.6385192871094,0.07269201041420177,-0.6346194259104523,36.63936349672384,1.1511844342947006,False
41,interference_stage3.0.skip_connection.0,80,4,1000,0.05,0.0,0.0,post_relu_mean,6901.5126953125,-6901.5126953125,588.3905029296875,0.0,0.0,5117.4560623168945,0.060376898207775816,-5.199483300437004,300.1886605328852,1.5830459743738174,False
41,interference_stage3.0.skip_connection.0,80,4,1000,0.05,0.0,0.0,post_relu_mean,6364.9677734375,-6364.9677734375,501.0271911621094,0.0,0.0,4105.510303497314,0.0466306699071198,-4.181109787327203,241.3934729444826,1.370210108757019,False
41,interference_stage3.0.skip_connection.0,80,4,1000,0.05,0.0,0.0,post_relu_mean,5776.0859375,-5776.0859375,419.2334289550781,0.0,0.0,3269.8997497558594,0.05295442446446349,-3.3764847675879404,194.93901996600155,1.2063834905624389,False
41,interference_stage3.0.skip_connection.0,123,4,1000,0.005,0.0,0.0,post_relu_mean,775.6500244140625,-775.6500244140625,81.13826751708984,0.0,0.0,513.6543579101562,0.05549483751922864,-0.5120332617385259,29.56192697989975,1.4903655469417572,False
41,interference_stage3.0.skip_connection.0,123,4,1000,0.005,0.0,0.0,post_relu_mean,681.265380859375,-681.265380859375,65.91905975341797,0.0,0.0,380.1020965576172,0.05781955467520845,-0.3808999721681885,21.991003371768976,1.203166782259941,False
41,interference_stage3.0.skip_connection.0,123,4,1000,0.005,0.0,0.0,post_relu_mean,591.6045532226562,-591.6045532226562,52.375667572021484,0.0,0.0,286.87640380859375,0.08669688626370199,-0.28439679888481584,16.41947285190987,0.9838011598587036,False
41,interference_stage3.0.skip_connection.0,123,4,1000,0.01,0.0,0.0,post_relu_mean,1526.875244140625,-1526.875244140625,158.07177734375,0.0,0.0,1034.0790405273438,0.059558208366278356,-1.051661804652416,60.71697652829536,1.5376008141040802,False
41,interference_stage3.0.skip_connection.0,123,4,1000,0.01,0.0,0.0,post_relu_mean,1353.283203125,-1353.283203125,129.53445434570312,0.0,0.0,765.8506622314453,0.052626092336225797,-0.7848756496927558,45.31434758238424,1.2392396438121795,False
41,interference_stage3.0.skip_connection.0,123,4,1000,0.01,0.0,0.0,post_relu_mean,1175.43212890625,-1175.43212890625,103.22857666015625,0.0,0.0,565.5865173339844,0.07070178336085876,-0.5788017182424189,33.41675546253914,1.0283245667815208,False
41,interference_stage3.0.skip_connection.0,123,4,1000,0.05,0.0,0.0,post_relu_mean,7705.62841796875,-7705.62841796875,795.19580078125,0.0,0.0,5301.460144042969,0.06394590965174594,-5.360770886703808,309.500433967487,1.6197608596086501,False
41,interference_stage3.0.skip_connection.0,123,4,1000,0.05,0.0,0.0,post_relu_mean,6956.28466796875,-6956.28466796875,652.9746704101562,0.0,0.0,4013.3711700439453,0.05140515318511097,-4.077030567182637,235.38457006442118,1.3160051697492599,False
41,interference_stage3.0.skip_connection.0,123,4,1000,0.05,0.0,0.0,post_relu_mean,6075.75244140625,-6075.75244140625,527.4088134765625,0.0,0.0,2920.825408935547,0.05033308109159876,-2.9822670051004203,172.17916534781858,1.0696030139923096,False
41,interference_stage3.0.skip_connection.0,60,4,1000,0.005,0.0,0.0,post_relu_mean,804.1241455078125,-804.1241455078125,77.85449981689453,0.0,0.0,553.871654510498,0.08233062336658872,-0.5725229912745498,33.0545203620802,1.6459617847204209,False
41,interference_stage3.0.skip_connection.0,60,4,1000,0.005,0.0,0.0,post_relu_mean,730.4467163085938,-730.4467163085938,65.82272338867188,0.0,0.0,431.63061904907227,0.08454438502021724,-0.4532480065770565,26.168046628224772,1.3452429908514023,False
41,interference_stage3.0.skip_connection.0,60,4,1000,0.005,0.0,0.0,post_relu_mean,638.9692993164062,-638.9692993164062,53.3916015625,0.0,0.0,330.08105087280273,0.11998814677625816,-0.3303943146216596,19.075099891685852,1.1141487163305284,False
41,interference_stage3.0.skip_connection.0,60,4,1000,0.01,0.0,0.0,post_relu_mean,1606.006103515625,-1606.006103515625,154.69371032714844,0.0,0.0,1125.2360343933105,0.08497221392116958,-1.157751242410821,66.84201117803678,1.688654181957245,False
41,interference_stage3.0.skip_connection.0,60,4,1000,0.01,0.0,0.0,post_relu_mean,1463.763916015625,-1463.763916015625,130.01048278808594,0.0,0.0,876.1029090881348,0.07591662287681623,-0.9002607701758707,51.97607183864894,1.41183690905571,False
41,interference_stage3.0.skip_connection.0,60,4,1000,0.01,0.0,0.0,post_relu_mean,1281.636962890625,-1281.636962890625,105.45492553710938,0.0,0.0,660.3687705993652,0.09129084458655423,-0.676922347680274,39.08166723072139,1.1649125552177428,False
41,interference_stage3.0.skip_connection.0,60,4,1000,0.05,0.0,0.0,post_relu_mean,8062.205078125,-8062.205078125,764.0348510742188,0.0,0.0,5753.411571502686,0.07478266386307537,-5.856223284610435,338.10501743960026,1.7548019152879715,False
41,interference_stage3.0.skip_connection.0,60,4,1000,0.05,0.0,0.0,post_relu_mean,7596.8720703125,-7596.8720703125,662.7679443359375,0.0,0.0,4611.802188873291,0.062462613829526746,-4.732809449386625,273.24580652464414,1.4911866110563279,False
41,interference_stage3.0.skip_connection.0,60,4,1000,0.05,0.0,0.0,post_relu_mean,6793.13134765625,-6793.13134765625,544.0156860351562,0.0,0.0,3540.4984703063965,0.0656813068545603,-3.6161544835740034,208.77617957054716,1.262602471113205,False
44,interference_stage3.1.wave_feature_conv1,81,4,1000,0.005,0.0,0.0,post_relu_mean,920.0570068359375,-920.0570068359375,91.53778076171875,0.0,0.0,597.0544509887695,0.09047633101707712,-0.6220679227307832,35.91473084135149,1.6075939589738846,False
44,interference_stage3.1.wave_feature_conv1,81,4,1000,0.005,0.0,0.0,post_relu_mean,840.3575439453125,-840.3575439453125,77.22123718261719,0.0,0.0,458.5513343811035,0.06447018497272983,-0.473626758858974,27.344541429172335,1.2889300006628037,False
44,interference_stage3.1.wave_feature_conv1,81,4,1000,0.005,0.0,0.0,post_relu_mean,743.7748413085938,-743.7748413085938,63.35592269897461,0.0,0.0,343.4072608947754,0.04441424136556869,-0.34636363846107876,19.99708011204177,1.0432678681612015,False
44,interference_stage3.1.wave_feature_conv1,81,4,1000,0.01,0.0,0.0,post_relu_mean,1819.7095947265625,-1819.7095947265625,179.979736328125,0.0,0.0,1231.3811721801758,0.09824199888796636,-1.2828673711227543,74.06545926497348,1.6611377584934235,False
44,interference_stage3.1.wave_feature_conv1,81,4,1000,0.01,0.0,0.0,post_relu_mean,1654.187255859375,-1654.187255859375,151.094482421875,0.0,0.0,939.9514503479004,0.06525536794136326,-0.9702272323348611,56.01542339004393,1.3277597892284394,False
44,interference_stage3.1.wave_feature_conv1,81,4,1000,0.01,0.0,0.0,post_relu_mean,1435.5040283203125,-1435.5040283203125,120.56464385986328,0.0,0.0,691.8840980529785,0.051031413622308834,-0.706366638307193,40.78159661596346,1.086880608201027,False
44,interference_stage3.1.wave_feature_conv1,81,4,1000,0.05,0.0,0.0,post_relu_mean,9182.3916015625,-9182.3916015625,907.4191284179688,0.0,0.0,6411.745063781738,0.07947895597914345,-6.518651858142159,376.3501606393261,1.7381900173425675,False
44,interference_stage3.1.wave_feature_conv1,81,4,1000,0.05,0.0,0.0,post_relu_mean,8412.0341796875,-8412.0341796875,774.1018676757812,0.0,0.0,4894.265048980713,0.05690341383449674,-4.993144143972251,288.2757114373831,1.3919164609909058,False
44,interference_stage3.1.wave_feature_conv1,81,4,1000,0.05,0.0,0.0,post_relu_mean,7287.23828125,-7287.23828125,611.5792846679688,0.0,0.0,3597.5306434631348,0.042024116536196914,-3.712206201578379,214.32167615168623,1.134200000166893,False
44,interference_stage3.1.wave_feature_conv1,127,4,1000,0.005,0.0,0.0,post_relu_mean,976.6737060546875,-976.6737060546875,101.57288360595703,0.0,0.0,627.8246231079102,0.07876146278704987,-0.6430653346442303,37.12693361514331,1.6896330916881561,False
44,interference_stage3.1.wave_feature_conv1,127,4,1000,0.005,0.0,0.0,post_relu_mean,890.6768188476562,-890.6768188476562,86.97848510742188,0.0,0.0,469.2708854675293,0.05088909854033244,-0.4795588153406227,27.686997757226017,1.3245673787593841,False
44,interference_stage3.1.wave_feature_conv1,127,4,1000,0.005,0.0,0.0,post_relu_mean,771.295654296875,-771.295654296875,70.51432037353516,0.0,0.0,332.33470153808594,0.04303575617217841,-0.3352024918329258,19.352684371114826,1.033510875105858,False
44,interference_stage3.1.wave_feature_conv1,127,4,1000,0.01,0.0,0.0,post_relu_mean,1915.341796875,-1915.341796875,200.10678100585938,0.0,0.0,1270.8910293579102,0.07513994064426714,-1.299733041116555,75.03919867407032,1.7183976292610168,False
44,interference_stage3.1.wave_feature_conv1,127,4,1000,0.01,0.0,0.0,post_relu_mean,1757.65576171875,-1757.65576171875,171.71156311035156,0.0,0.0,954.951000213623,0.05814776908019164,-0.9910199679583055,57.215870655772534,1.3693223190307617,False
44,interference_stage3.1.wave_feature_conv1,127,4,1000,0.01,0.0,0.0,post_relu_mean,1516.068603515625,-1516.068603515625,136.53309631347656,0.0,0.0,680.9949798583984,0.049169090540159596,-0.6918404122517615,39.9429412672604,1.0835722714662552,False
44,interference_stage3.1.wave_feature_conv1,127,4,1000,0.05,0.0,0.0,post_relu_mean,9488.9931640625,-9488.9931640625,994.7500610351562,0.0,0.0,6460.61270904541,0.06257283186264846,-6.5717705884541635,379.41691570592405,1.7735833233594895,False
44,interference_stage3.1.wave_feature_conv1,127,4,1000,0.05,0.0,0.0,post_relu_mean,8699.0517578125,-8699.0517578125,844.9871215820312,0.0,0.0,4866.606639862061,0.05021579897210263,-4.917203468477825,283.8913627911902,1.4128390443325043,False
44,interference_stage3.1.wave_feature_conv1,127,4,1000,0.05,0.0,0.0,post_relu_mean,7563.02294921875,-7563.02294921875,680.6483764648438,0.0,0.0,3463.257797241211,0.039066674984484275,-3.507703540733049,202.51494966640325,1.1135562640428542,False
44,interference_stage3.1.wave_feature_conv1,42,4,1000,0.005,0.0,0.0,post_relu_mean,943.0719604492188,-943.0719604492188,96.7410888671875,0.0,0.0,609.4990997314453,0.07279418193507241,-0.6309147624015307,36.42543336704372,1.5854143446683884,False
44,interference_stage3.1.wave_feature_conv1,42,4,1000,0.005,0.0,0.0,post_relu_mean,857.3777465820312,-857.3777465820312,81.85889434814453,0.0,0.0,459.799861907959,0.048689105168479324,-0.46778770726592384,27.007422246135487,1.2607855087518691,False
44,interference_stage3.1.wave_feature_conv1,42,4,1000,0.005,0.0,0.0,post_relu_mean,753.85986328125,-753.85986328125,66.69552612304688,0.0,0.0,338.6105728149414,0.041341490151210046,-0.3413289851136659,19.706421158256816,1.0102283528447151,False
44,interference_stage3.1.wave_feature_conv1,42,4,1000,0.01,0.0,0.0,post_relu_mean,1848.12841796875,-1848.12841796875,190.1511993408203,0.0,0.0,1234.325210571289,0.07636782798064148,-1.2642443572075632,72.99027734967974,1.6291858452558516,False
44,interference_stage3.1.wave_feature_conv1,42,4,1000,0.01,0.0,0.0,post_relu_mean,1709.361328125,-1709.361328125,162.95326232910156,0.0,0.0,946.8587913513184,0.05961039045069312,-0.9759259580244388,56.34444088907488,1.3140842294692994,False
44,interference_stage3.1.wave_feature_conv1,42,4,1000,0.01,0.0,0.0,post_relu_mean,1487.00048828125,-1487.00048828125,130.42079162597656,0.0,0.0,689.3995742797852,0.04445354014286732,-0.6996385112874891,40.39317421178589,1.0504333263635635,False
44,interference_stage3.1.wave_feature_conv1,42,4,1000,0.05,0.0,0.0,post_relu_mean,9277.380859375,-9277.380859375,951.5606689453125,0.0,0.0,6379.349136352539,0.06313248773278562,-6.458964846313539,372.9038645760892,1.6995368707180023,False
44,interference_stage3.1.wave_feature_conv1,42,4,1000,0.05,0.0,0.0,post_relu_mean,8631.224609375,-8631.224609375,820.8966064453125,0.0,0.0,4907.977077484131,0.050411408120201055,-4.972234234627839,287.06851966124617,1.366914907693863,False
44,interference_stage3.1.wave_feature_conv1,42,4,1000,0.05,0.0,0.0,post_relu_mean,7422.9658203125,-7422.9658203125,646.5693969726562,0.0,0.0,3528.4731826782227,0.03563957175367538,-3.6112055106675514,208.49045605666774,1.0880375212430955,False
44,interference_stage3.1.wave_feature_conv1,12,4,1000,0.005,0.0,0.0,post_relu_mean,1080.43603515625,-1080.43603515625,106.23223876953125,0.0,0.0,733.6891212463379,0.07317475494017095,-0.7696092013658985,44.43298648825123,1.8389554649591446,False
44,interference_stage3.1.wave_feature_conv1,12,4,1000,0.005,0.0,0.0,post_relu_mean,984.0261840820312,-984.0261840820312,91.5211410522461,0.0,0.0,558.4440956115723,0.061150373880643635,-0.5762752719788454,33.270954465472975,1.4486044728755951,False
44,interference_stage3.1.wave_feature_conv1,12,4,1000,0.005,0.0,0.0,post_relu_mean,894.3353881835938,-894.3353881835938,78.35594940185547,0.0,0.0,424.7760314941406,0.0912291440278216,-0.4392123453827922,25.35783564607569,1.1555716282129287,False
44,interference_stage3.1.wave_feature_conv1,12,4,1000,0.01,0.0,0.0,post_relu_mean,2162.202392578125,-2162.202392578125,210.6776580810547,0.0,0.0,1502.1192359924316,0.09020942873330455,-1.5743137551827469,90.89196067948048,1.8928226149082183,False
44,interference_stage3.1.wave_feature_conv1,12,4,1000,0.01,0.0,0.0,post_relu_mean,2002.0416259765625,-2002.0416259765625,185.06201171875,0.0,0.0,1155.5256385803223,0.06302323998244556,-1.2074455641756032,69.71105117802733,1.509472577571869,False
44,interference_stage3.1.wave_feature_conv1,12,4,1000,0.01,0.0,0.0,post_relu_mean,1794.0037841796875,-1794.0037841796875,156.03469848632812,0.0,0.0,858.3719177246094,0.07087869586615875,-0.8901880415662735,51.39438904110233,1.1941653388738631,False
44,interference_stage3.1.wave_feature_conv1,12,4,1000,0.05,0.0,0.0,post_relu_mean,10930.22265625,-10930.22265625,1068.3094482421875,0.0,0.0,7697.244235992432,0.07593053269537901,-7.867518520116324,454.22580211156617,1.9469722038507462,False
44,interference_stage3.1.wave_feature_conv1,12,4,1000,0.05,0.0,0.0,post_relu_mean,10299.244140625,-10299.244140625,956.684326171875,0.0,0.0,5980.427616119385,0.057936988981016076,-6.095813051820437,351.937572028641,1.5652786660194398,False
44,interference_stage3.1.wave_feature_conv1,12,4,1000,0.05,0.0,0.0,post_relu_mean,9439.787109375,-9439.787109375,817.6865234375,0.0,0.0,4534.244293212891,0.053586086473546846,-4.673723752456604,269.8343287816617,1.2628718841075897,False
44,interference_stage3.1.wave_feature_conv1,31,4,1000,0.005,0.0,0.0,post_relu_mean,876.060791015625,-876.060791015625,99.44933319091797,0.0,0.0,551.0040626525879,0.08104440557970073,-0.5778393402477274,33.36117180231822,1.5377363103628159,False
44,interference_stage3.1.wave_feature_conv1,31,4,1000,0.005,0.0,0.0,post_relu_mean,805.708740234375,-805.708740234375,86.46509552001953,0.0,0.0,404.23584747314453,0.060101341048235224,-0.4249611811736943,24.534858572541317,1.1880218529701232,False
44,interference_stage3.1.wave_feature_conv1,31,4,1000,0.005,0.0,0.0,post_relu_mean,669.6672973632812,-669.6672973632812,66.78993225097656,0.0,0.0,270.87648010253906,0.07020098638492821,-0.28507745156702646,16.458757178416004,0.8927278769016266,False
44,interference_stage3.1.wave_feature_conv1,31,4,1000,0.01,0.0,0.0,post_relu_mean,1745.3231201171875,-1745.3231201171875,196.78724670410156,0.0,0.0,1128.2527198791504,0.09391379476348392,-1.1853283409874555,68.43411043272928,1.6089217495918273,False
44,interference_stage3.1.wave_feature_conv1,31,4,1000,0.01,0.0,0.0,post_relu_mean,1606.3795166015625,-1606.3795166015625,170.26182556152344,0.0,0.0,827.8213272094727,0.06813558661504715,-0.8497036238466997,49.05706480552875,1.2274311584234239,False
44,interference_stage3.1.wave_feature_conv1,31,4,1000,0.01,0.0,0.0,post_relu_mean,1351.9970703125,-1351.9970703125,133.90789794921875,0.0,0.0,550.4984588623047,0.06627422364149092,-0.5733124307111583,33.099817886927475,0.9309987133741379,False
44,interference_stage3.1.wave_feature_conv1,31,4,1000,0.05,0.0,0.0,post_relu_mean,8893.208984375,-8893.208984375,991.2444458007812,0.0,0.0,5892.7668800354,0.07737512108868393,-5.969422213094389,344.6405671975338,1.6620232963562012,False
44,interference_stage3.1.wave_feature_conv1,31,4,1000,0.05,0.0,0.0,post_relu_mean,8168.6494140625,-8168.6494140625,853.6224365234375,0.0,0.0,4314.96866607666,0.06820643606344631,-4.40456279821302,254.29453251719184,1.3109122735261918,False
44,interference_stage3.1.wave_feature_conv1,31,4,1000,0.05,0.0,0.0,post_relu_mean,7119.35546875,-7119.35546875,685.030029296875,0.0,0.0,3011.124069213867,0.06565638528616562,-3.0804089940505346,177.84531454032424,1.0572385227680205,False
46,interference_stage3.1.wave_feature_conv2,38,4,1000,0.005,0.0,0.0,post_relu_mean,815.1107177734375,-815.1107177734375,52.56210708618164,0.0,0.0,619.5867462158203,0.09176074284187014,-0.6446112099457759,37.21618660157623,1.5747885024547577,False
46,interference_stage3.1.wave_feature_conv2,38,4,1000,0.005,0.0,0.0,post_relu_mean,811.0647583007812,-811.0647583007812,51.78972625732422,0.0,0.0,545.9860305786133,0.0784965139054859,-0.5689352280804089,32.84734252406326,1.3955140346288681,False
46,interference_stage3.1.wave_feature_conv2,38,4,1000,0.005,0.0,0.0,post_relu_mean,790.112548828125,-790.112548828125,49.530582427978516,0.0,0.0,466.716760635376,0.057870725299775876,-0.48513973400024696,28.009216694398592,1.1996045696735382,False
46,interference_stage3.1.wave_feature_conv2,38,4,1000,0.01,0.0,0.0,post_relu_mean,1631.33984375,-1631.33984375,106.01573181152344,0.0,0.0,1275.455093383789,0.09381132769797897,-1.317533272834995,76.06690296183228,1.6220565432310103,False
46,interference_stage3.1.wave_feature_conv2,38,4,1000,0.01,0.0,0.0,post_relu_mean,1612.73974609375,-1612.73974609375,102.92818450927734,0.0,0.0,1117.5380325317383,0.08463629471487394,-1.1573316032577325,66.81782643444122,1.4521888762712478,False
46,interference_stage3.1.wave_feature_conv2,38,4,1000,0.01,0.0,0.0,post_relu_mean,1585.6181640625,-1585.6181640625,99.49385833740234,0.0,0.0,962.4427433013916,0.06407385701618586,-0.9998274960536121,57.72435599430361,1.234708657860756,False
46,interference_stage3.1.wave_feature_conv2,38,4,1000,0.05,0.0,0.0,post_relu_mean,8188.1572265625,-8188.1572265625,531.821044921875,0.0,0.0,6554.856704711914,0.0753246265245273,-6.6519439599759504,384.045371816136,1.6944430375099182,False
46,interference_stage3.1.wave_feature_conv2,38,4,1000,0.05,0.0,0.0,post_relu_mean,8127.81884765625,-8127.81884765625,517.662109375,0.0,0.0,5766.314399719238,0.06525739567927052,-5.878466830933469,339.38925909735093,1.4925388079881667,False
46,interference_stage3.1.wave_feature_conv2,38,4,1000,0.05,0.0,0.0,post_relu_mean,8055.92529296875,-8055.92529296875,504.4840087890625,0.0,0.0,5002.809198379517,0.056531420932482486,-5.109237379982352,294.9786159976121,1.291636237502098,False
46,interference_stage3.1.wave_feature_conv2,75,4,1000,0.005,0.0,0.0,post_relu_mean,733.2836303710938,-733.2836303710938,59.23518753051758,0.0,0.0,524.9071235656738,0.13172108155119028,-0.5562153775524075,32.11281568675462,1.3869526815414428,False
46,interference_stage3.1.wave_feature_conv2,75,4,1000,0.005,0.0,0.0,post_relu_mean,713.3192138671875,-713.3192138671875,55.33063507080078,0.0,0.0,439.55578422546387,0.10265303274857471,-0.46040650682099576,26.58127242981697,1.1643578159809111,False
46,interference_stage3.1.wave_feature_conv2,75,4,1000,0.005,0.0,0.0,post_relu_mean,645.2406005859375,-645.2406005859375,46.64318084716797,0.0,0.0,346.5013198852539,0.07712622713389984,-0.35647415931339443,20.58079675392825,0.9608219075202942,False
46,interference_stage3.1.wave_feature_conv2,75,4,1000,0.01,0.0,0.0,post_relu_mean,1491.2330322265625,-1491.2330322265625,123.55415344238281,0.0,0.0,1089.899616241455,0.12802645175994973,-1.1386179311007432,65.73733059441847,1.4452872049808503,False
46,interference_stage3.1.wave_feature_conv2,75,4,1000,0.01,0.0,0.0,post_relu_mean,1417.129638671875,-1417.129638671875,110.52555847167969,0.0,0.0,894.9890727996826,0.09811993990249543,-0.9145189567239179,52.79912313263487,1.2057417076826096,False
46,interference_stage3.1.wave_feature_conv2,75,4,1000,0.01,0.0,0.0,post_relu_mean,1274.8499755859375,-1274.8499755859375,92.5796890258789,0.0,0.0,700.4916152954102,0.07303977044145692,-0.7169873580183009,41.39478679480139,0.992168534398079,False
46,interference_stage3.1.wave_feature_conv2,75,4,1000,0.05,0.0,0.0,post_relu_mean,7638.3203125,-7638.3203125,650.5676879882812,0.0,0.0,5655.94624710083,0.09661770574551677,-5.757782459698211,332.42179132090143,1.5201440459489823,False
46,interference_stage3.1.wave_feature_conv2,75,4,1000,0.05,0.0,0.0,post_relu_mean,7178.40234375,-7178.40234375,570.2691650390625,0.0,0.0,4587.415830612183,0.06810305925388102,-4.677476626368784,270.0508813125063,1.242141867876053,False
46,interference_stage3.1.wave_feature_conv2,75,4,1000,0.05,0.0,0.0,post_relu_mean,6624.5517578125,-6624.5517578125,490.32855224609375,0.0,0.0,3663.700355529785,0.057465204124692734,-3.7204694604669806,214.79889739168684,1.0460021877288819,False
46,interference_stage3.1.wave_feature_conv2,11,4,1000,0.005,0.0,0.0,post_relu_mean,474.5863037109375,-474.5863037109375,52.83165740966797,0.0,0.0,299.20873069763184,0.046816747544535006,-0.3155916471916924,18.220482962574433,0.7675621438026429,False
46,interference_stage3.1.wave_feature_conv2,11,4,1000,0.005,0.0,0.0,post_relu_mean,438.0119934082031,-438.0119934082031,46.977996826171875,0.0,0.0,215.78286170959473,0.02882671470707507,-0.22762928938030574,13.142020669042802,0.5716584447026253,False
46,interference_stage3.1.wave_feature_conv2,11,4,1000,0.005,0.0,0.0,post_relu_mean,387.5306091308594,-387.5306091308594,39.33192825317383,0.0,0.0,146.7653465270996,0.025125520359808546,-0.1577940640570763,9.110146872619607,0.40987344324588776,False
46,interference_stage3.1.wave_feature_conv2,11,4,1000,0.01,0.0,0.0,post_relu_mean,952.1885986328125,-952.1885986328125,105.6429443359375,0.0,0.0,618.3771572113037,0.05029619334010301,-0.6415981480927404,37.04229861931927,0.7974653524160386,False
46,interference_stage3.1.wave_feature_conv2,11,4,1000,0.01,0.0,0.0,post_relu_mean,901.5215454101562,-901.5215454101562,96.27210998535156,0.0,0.0,457.4689121246338,0.03649964834221154,-0.48226968386306823,27.843548471020263,0.6043731456995011,False
46,interference_stage3.1.wave_feature_conv2,11,4,1000,0.01,0.0,0.0,post_relu_mean,777.4695434570312,-777.4695434570312,78.46569061279297,0.0,0.0,301.90172958374023,0.02573419255789947,-0.31607920568345016,18.248620029765018,0.4297612789273262,False
46,interference_stage3.1.wave_feature_conv2,11,4,1000,0.05,0.0,0.0,post_relu_mean,4708.126953125,-4708.126953125,520.30126953125,0.0,0.0,3130.3405361175537,0.035893152776081426,-3.192740374966894,184.3306561284923,0.8159725308418274,False
46,interference_stage3.1.wave_feature_conv2,11,4,1000,0.05,0.0,0.0,post_relu_mean,4567.4091796875,-4567.4091796875,486.64410400390625,0.0,0.0,2366.682596206665,0.02910256524018978,-2.4075865046650584,139.00035197173486,0.6266796344518661,False
46,interference_stage3.1.wave_feature_conv2,11,4,1000,0.05,0.0,0.0,post_relu_mean,4062.697265625,-4062.697265625,409.8564453125,0.0,0.0,1598.7849082946777,0.02065279142578361,-1.6587296208589297,95.76560628842579,0.451652991771698,False
46,interference_stage3.1.wave_feature_conv2,103,4,1000,0.005,0.0,0.0,post_relu_mean,427.8431396484375,-427.8431396484375,47.97977066040039,0.0,0.0,267.18729400634766,0.04104824594601819,-0.27888319186739435,16.101132389423757,0.7054914945363998,False
46,interference_stage3.1.wave_feature_conv2,103,4,1000,0.005,0.0,0.0,post_relu_mean,398.46661376953125,-398.46661376953125,42.994747161865234,0.0,0.0,194.33011436462402,0.028539424145672197,-0.20680457406790398,11.939721933564496,0.5297979658842087,False
46,interference_stage3.1.wave_feature_conv2,103,4,1000,0.005,0.0,0.0,post_relu_mean,332.87030029296875,-332.87030029296875,33.960514068603516,0.0,0.0,124.50345039367676,0.02778424307062313,-0.13221225499051784,7.633191785516019,0.36989128425717355,False
46,interference_stage3.1.wave_feature_conv2,103,4,1000,0.01,0.0,0.0,post_relu_mean,854.127685546875,-854.127685546875,95.61479187011719,0.0,0.0,550.5668106079102,0.043162188328933135,-0.5692519304330875,32.86537039675036,0.7311449900269509,False
46,interference_stage3.1.wave_feature_conv2,103,4,1000,0.01,0.0,0.0,post_relu_mean,797.4541015625,-797.4541015625,85.76666259765625,0.0,0.0,400.84398460388184,0.0339526419631822,-0.41921957623830725,24.203379881663434,0.5583524143695832,False
46,interference_stage3.1.wave_feature_conv2,103,4,1000,0.01,0.0,0.0,post_relu_mean,681.4025268554688,-681.4025268554688,69.13801574707031,0.0,0.0,261.9706745147705,0.026760491337682272,-0.28186045128880904,16.27308904769587,0.39430139437317846,False
46,interference_stage3.1.wave_feature_conv2,103,4,1000,0.05,0.0,0.0,post_relu_mean,4357.30322265625,-4357.30322265625,484.65118408203125,0.0,0.0,2886.6330947875977,0.03813881272538487,-2.938000812019812,169.62345558421035,0.7802759963274002,False
46,interference_stage3.1.wave_feature_conv2,103,4,1000,0.05,0.0,0.0,post_relu_mean,4095.744140625,-4095.744140625,437.9199523925781,0.0,0.0,2114.444356918335,0.03107963963987055,-2.1640605348629807,124.94053190185896,0.5922815814614296,False
46,interference_stage3.1.wave_feature_conv2,103,4,1000,0.05,0.0,0.0,post_relu_mean,3564.622802734375,-3564.622802734375,361.13372802734375,0.0,0.0,1393.2167987823486,0.02401154041884725,-1.4375029327820599,82.99324180261469,0.42640868738293647,False
46,interference_stage3.1.wave_feature_conv2,104,4,1000,0.005,0.0,0.0,post_relu_mean,569.8731079101562,-569.8731079101562,54.08927917480469,0.0,0.0,391.2492389678955,0.07563644318028835,-0.40666655713634053,23.4786370666294,1.0518182528018951,False
46,interference_stage3.1.wave_feature_conv2,104,4,1000,0.005,0.0,0.0,post_relu_mean,551.3342895507812,-551.3342895507812,51.20713806152344,0.0,0.0,310.60665130615234,0.05303085621647433,-0.3183588250976416,18.38022636134003,0.8479395416378975,False
46,interference_stage3.1.wave_feature_conv2,104,4,1000,0.005,0.0,0.0,post_relu_mean,504.5062561035156,-504.5062561035156,45.10317611694336,0.0,0.0,229.6522331237793,0.030010949839606102,-0.23441377518889267,13.533765948918479,0.6473466569185257,False
46,interference_stage3.1.wave_feature_conv2,104,4,1000,0.01,0.0,0.0,post_relu_mean,1128.932373046875,-1128.932373046875,107.06255340576172,0.0,0.0,791.3887042999268,0.0695471047934868,-0.8119432718026205,46.87701246466425,1.0797995609045028,False
46,interference_stage3.1.wave_feature_conv2,104,4,1000,0.01,0.0,0.0,post_relu_mean,1108.0869140625,-1108.0869140625,102.28924560546875,0.0,0.0,637.4897689819336,0.052969001665784284,-0.6607308425050713,38.14684811506228,0.8842996105551719,False
46,interference_stage3.1.wave_feature_conv2,104,4,1000,0.01,0.0,0.0,post_relu_mean,1016.0161743164062,-1016.0161743164062,90.67658996582031,0.0,0.0,467.72163009643555,0.03260408017226353,-0.4764555044967433,27.507838222305374,0.6681791388988495,False
46,interference_stage3.1.wave_feature_conv2,104,4,1000,0.05,0.0,0.0,post_relu_mean,5713.6083984375,-5713.6083984375,535.7382202148438,0.0,0.0,4090.0375080108643,0.0514892438734165,-4.169661246047753,240.7325027968561,1.1281000018119811,False
46,interference_stage3.1.wave_feature_conv2,104,4,1000,0.05,0.0,0.0,post_relu_mean,5526.87255859375,-5526.87255859375,506.7822570800781,0.0,0.0,3236.056785583496,0.03701132308228489,-3.2802411801017675,189.3824764785014,0.9026798164844513,False
46,interference_stage3.1.wave_feature_conv2,104,4,1000,0.05,0.0,0.0,post_relu_mean,5261.72119140625,-5261.72119140625,464.3758239746094,0.0,0.0,2471.2313346862793,0.030744286891794016,-2.532646891977963,146.22071008153964,0.7146939989924431,False
51,source_localization_stage4.0.wave_feature_conv1,7,4,1000,0.005,0.0,0.0,post_relu_mean,843.8876953125,-843.8876953125,44.81374740600586,0.0,0.0,669.8212356567383,0.13774722773961942,-0.7020366826919695,40.53172334109517,1.9554649287462234,False
51,source_localization_stage4.0.wave_feature_conv1,7,4,1000,0.005,0.0,0.0,post_relu_mean,815.0643920898438,-815.0643920898438,39.701202392578125,0.0,0.0,604.5680866241455,0.11507244010572065,-0.6241408131913503,36.03438453567859,1.7550826561450958,False
51,source_localization_stage4.0.wave_feature_conv1,7,4,1000,0.005,0.0,0.0,post_relu_mean,772.8690185546875,-772.8690185546875,35.099666595458984,0.0,0.0,538.214412689209,0.08500706778981214,-0.5513936466270544,31.834454861445078,1.571041795015335,False
51,source_localization_stage4.0.wave_feature_conv1,7,4,1000,0.01,0.0,0.0,post_relu_mean,1663.773681640625,-1663.773681640625,88.54671478271484,0.0,0.0,1358.5083084106445,0.14026537383336746,-1.4069625438145719,81.23001095223647,2.0235100281238556,False
51,source_localization_stage4.0.wave_feature_conv1,7,4,1000,0.01,0.0,0.0,post_relu_mean,1623.3282470703125,-1623.3282470703125,79.19005584716797,0.0,0.0,1235.1321125030518,0.12068652418373947,-1.2728141073857655,73.48508214350576,1.826807497739792,False
51,source_localization_stage4.0.wave_feature_conv1,7,4,1000,0.01,0.0,0.0,post_relu_mean,1554.01220703125,-1554.01220703125,69.2474365234375,0.0,0.0,1114.471004486084,0.09546737251796017,-1.1530181405475075,66.56871066267863,1.6366285711526871,False
51,source_localization_stage4.0.wave_feature_conv1,7,4,1000,0.05,0.0,0.0,post_relu_mean,8609.5439453125,-8609.5439453125,453.8507995605469,0.0,0.0,7208.3664627075195,0.1220887450967694,-7.352239547565837,424.4765171108508,2.146315435171127,False
51,source_localization_stage4.0.wave_feature_conv1,7,4,1000,0.05,0.0,0.0,post_relu_mean,8212.8359375,-8212.8359375,392.20697021484375,0.0,0.0,6416.063386917114,0.10007065410444918,-6.561126900242819,378.80233432697537,1.9312025701999664,False
51,source_localization_stage4.0.wave_feature_conv1,7,4,1000,0.05,0.0,0.0,post_relu_mean,7775.853515625,-7775.853515625,345.951904296875,0.0,0.0,5676.085506439209,0.07795940087732858,-5.772964994779167,333.29820979088316,1.7162711310386658,False
51,source_localization_stage4.0.wave_feature_conv1,75,4,1000,0.005,0.0,0.0,post_relu_mean,849.5709838867188,-849.5709838867188,44.026611328125,0.0,0.0,689.6319427490234,0.2373881062957131,-0.7217355676964433,41.66891329939354,2.663677742481232,False
51,source_localization_stage4.0.wave_feature_conv1,75,4,1000,0.005,0.0,0.0,post_relu_mean,825.510986328125,-825.510986328125,41.227874755859375,0.0,0.0,619.9790592193604,0.17473370544722316,-0.6398787347765971,36.94298247170974,2.322483514547348,False
51,source_localization_stage4.0.wave_feature_conv1,75,4,1000,0.005,0.0,0.0,post_relu_mean,826.1669311523438,-826.1669311523438,39.04566192626953,0.0,0.0,579.739200592041,0.1743316421592615,-0.6140013851222136,35.449100111901295,2.204198746681213,False
51,source_localization_stage4.0.wave_feature_conv1,75,4,1000,0.01,0.0,0.0,post_relu_mean,1738.3997802734375,-1738.3997802734375,88.26822662353516,0.0,0.0,1445.7358856201172,0.2564859161822049,-1.5326895730987025,88.48880076743853,2.806458812952042,False
51,source_localization_stage4.0.wave_feature_conv1,75,4,1000,0.01,0.0,0.0,post_relu_mean,1705.081298828125,-1705.081298828125,83.99601745605469,0.0,0.0,1307.092767715454,0.23704976066894726,-1.3772912774357442,79.51709054334651,2.5573404669761657,False
51,source_localization_stage4.0.wave_feature_conv1,75,4,1000,0.01,0.0,0.0,post_relu_mean,1687.0458984375,-1687.0458984375,79.65750122070312,0.0,0.0,1196.9470863342285,0.19189317418749152,-1.2637598721034917,72.96230347982977,2.2855815398693085,False
51,source_localization_stage4.0.wave_feature_conv1,75,4,1000,0.05,0.0,0.0,post_relu_mean,8894.04296875,-8894.04296875,448.048828125,0.0,0.0,7522.03727722168,0.21829307982074325,-7.68710189422216,443.80950773942004,2.990007619857788,False
51,source_localization_stage4.0.wave_feature_conv1,75,4,1000,0.05,0.0,0.0,post_relu_mean,8873.4189453125,-8873.4189453125,431.9241027832031,0.0,0.0,6909.754266738892,0.203335852490929,-7.077338405383965,408.6054197691776,2.7045889484882353,False
51,source_localization_stage4.0.wave_feature_conv1,75,4,1000,0.05,0.0,0.0,post_relu_mean,8730.90234375,-8730.90234375,410.04998779296875,0.0,0.0,6258.4487953186035,0.16644342931585088,-6.370451429254481,367.79359109290505,2.4076415145397188,False
51,source_localization_stage4.0.wave_feature_conv1,45,4,1000,0.005,0.0,0.0,post_relu_mean,636.9468994140625,-636.9468994140625,41.98334503173828,0.0,0.0,483.7820854187012,0.0820168514626652,-0.5019177946718565,28.97788677642868,1.4676453334093094,False
51,source_localization_stage4.0.wave_feature_conv1,45,4,1000,0.005,0.0,0.0,post_relu_mean,590.9049682617188,-590.9049682617188,33.758975982666016,0.0,0.0,419.6312713623047,0.06571279010409242,-0.4285889397906334,24.74428713495253,1.3262615841627121,False
51,source_localization_stage4.0.wave_feature_conv1,45,4,1000,0.005,0.0,0.0,post_relu_mean,538.5889282226562,-538.5889282226562,27.2393798828125,0.0,0.0,363.6508369445801,0.05740509267591986,-0.37263905848439666,21.514069990570153,1.19180301964283,False
51,source_localization_stage4.0.wave_feature_conv1,45,4,1000,0.01,0.0,0.0,post_relu_mean,1285.6324462890625,-1285.6324462890625,84.591796875,0.0,0.0,1004.6422843933105,0.09144814627741614,-1.0485109780790172,60.535092878421565,1.5422137993574143,False
51,source_localization_stage4.0.wave_feature_conv1,45,4,1000,0.01,0.0,0.0,post_relu_mean,1174.246337890625,-1174.246337890625,66.14007568359375,0.0,0.0,857.2576751708984,0.07377691782252388,-0.8955962687977113,51.706637304701275,1.3801184844970704,False
51,source_localization_stage4.0.wave_feature_conv1,45,4,1000,0.01,0.0,0.0,post_relu_mean,1067.932861328125,-1067.932861328125,53.217281341552734,0.0,0.0,737.1273384094238,0.06312168434903975,-0.7652285874407602,44.17997252422979,1.2613452410697936,False
51,source_localization_stage4.0.wave_feature_conv1,45,4,1000,0.05,0.0,0.0,post_relu_mean,6340.419921875,-6340.419921875,420.1017150878906,0.0,0.0,5052.899974822998,0.07350506253765834,-5.135481885582296,296.49355185834617,1.6046619373559952,False
51,source_localization_stage4.0.wave_feature_conv1,45,4,1000,0.05,0.0,0.0,post_relu_mean,6013.1455078125,-6013.1455078125,341.7188720703125,0.0,0.0,4456.052352905273,0.06270726725054211,-4.545413377521937,262.4263262177571,1.4442179518938065,False
51,source_localization_stage4.0.wave_feature_conv1,45,4,1000,0.05,0.0,0.0,post_relu_mean,5552.1943359375,-5552.1943359375,278.889404296875,0.0,0.0,3867.356098175049,0.05006885791291591,-3.9269751384897895,226.7212161902434,1.3203291803598405,False
51,source_localization_stage4.0.wave_feature_conv1,102,4,1000,0.005,0.0,0.0,post_relu_mean,806.97412109375,-806.97412109375,39.3842887878418,0.0,0.0,665.4785213470459,0.21873551301937558,-0.6895774373576871,39.81227616372712,2.539094178676605,False
51,source_localization_stage4.0.wave_feature_conv1,102,4,1000,0.005,0.0,0.0,post_relu_mean,769.6226196289062,-769.6226196289062,36.32378005981445,0.0,0.0,590.7018127441406,0.17504918776450776,-0.6168038988724962,35.61112927294222,2.2587425458431243,False
51,source_localization_stage4.0.wave_feature_conv1,102,4,1000,0.005,0.0,0.0,post_relu_mean,789.6238403320312,-789.6238403320312,36.13252258300781,0.0,0.0,565.2439498901367,0.18907851418369712,-0.5960530633138875,34.41302491262102,2.191044319868088,False
51,source_localization_stage4.0.wave_feature_conv1,102,4,1000,0.01,0.0,0.0,post_relu_mean,1631.5333251953125,-1631.5333251953125,80.03755187988281,0.0,0.0,1368.077886581421,0.24166896891222006,-1.4116758534502913,81.50213667727475,2.6939181804656984,False
51,source_localization_stage4.0.wave_feature_conv1,102,4,1000,0.01,0.0,0.0,post_relu_mean,1545.3590087890625,-1545.3590087890625,72.77754211425781,0.0,0.0,1202.3963317871094,0.18991951066447707,-1.2585900982363427,72.6639267696206,2.3416501486301424,False
51,source_localization_stage4.0.wave_feature_conv1,102,4,1000,0.01,0.0,0.0,post_relu_mean,1579.041015625,-1579.041015625,72.11905670166016,0.0,0.0,1138.7418746948242,0.20714365056996328,-1.2034535847069274,69.48062343017702,2.2688291800022125,False
51,source_localization_stage4.0.wave_feature_conv1,102,4,1000,0.05,0.0,0.0,post_relu_mean,8882.5478515625,-8882.5478515625,425.7710266113281,0.0,0.0,7581.892095565796,0.28315777880876264,-7.857727549389905,453.6606720878224,3.1386753368377684,False
51,source_localization_stage4.0.wave_feature_conv1,102,4,1000,0.05,0.0,0.0,post_relu_mean,8023.8251953125,-8023.8251953125,373.269287109375,0.0,0.0,6328.649505615234,0.17436185114783512,-6.449925550018634,372.38207673676817,2.481056512594223,False
51,source_localization_stage4.0.wave_feature_conv1,102,4,1000,0.05,0.0,0.0,post_relu_mean,8357.189453125,-8357.189453125,382.648681640625,0.0,0.0,6053.712577819824,0.1980684120394524,-6.253795822190476,361.0588636751191,2.4239489221572876,False
51,source_localization_stage4.0.wave_feature_conv1,153,4,1000,0.005,0.0,0.0,post_relu_mean,432.5135803222656,-432.5135803222656,28.96178436279297,0.0,0.0,331.9462146759033,0.08122137202770106,-0.34211590710757755,19.75183697890828,1.19968337059021,False
51,source_localization_stage4.0.wave_feature_conv1,153,4,1000,0.005,0.0,0.0,post_relu_mean,397.6459045410156,-397.6459045410156,24.246986389160156,0.0,0.0,282.78762435913086,0.06403592526428652,-0.28812310982365624,16.634631882800786,1.03854063808918,False
51,source_localization_stage4.0.wave_feature_conv1,153,4,1000,0.005,0.0,0.0,post_relu_mean,373.0049133300781,-373.0049133300781,21.05502700805664,0.0,0.0,248.86304092407227,0.07419181941256055,-0.25049610840338143,14.462231390056424,0.9460862073302269,False
51,source_localization_stage4.0.wave_feature_conv1,153,4,1000,0.01,0.0,0.0,post_relu_mean,851.047607421875,-851.047607421875,54.83126449584961,0.0,0.0,672.8718128204346,0.0849258013598116,-0.6913900677869731,39.916929136261714,1.25289801299572,False
51,source_localization_stage4.0.wave_feature_conv1,153,4,1000,0.01,0.0,0.0,post_relu_mean,814.672607421875,-814.672607421875,48.10353469848633,0.0,0.0,592.4598045349121,0.0704404403884523,-0.6108857903408643,35.26907686344758,1.1007732033729554,False
51,source_localization_stage4.0.wave_feature_conv1,153,4,1000,0.01,0.0,0.0,post_relu_mean,740.0510864257812,-740.0510864257812,41.26999282836914,0.0,0.0,494.6194190979004,0.06543756021297926,-0.5103871259501214,29.466961714803983,0.9693844398856163,False
51,source_localization_stage4.0.wave_feature_conv1,153,4,1000,0.05,0.0,0.0,post_relu_mean,4407.9501953125,-4407.9501953125,277.7530212402344,0.0,0.0,3561.009141921997,0.07873040969353809,-3.625521564247602,209.31751067520284,1.3577968859672547,False
51,source_localization_stage4.0.wave_feature_conv1,153,4,1000,0.05,0.0,0.0,post_relu_mean,4259.796875,-4259.796875,245.2965087890625,0.0,0.0,3150.2157859802246,0.07327075011664871,-3.204631737131319,185.01722038793915,1.222172327041626,False
51,source_localization_stage4.0.wave_feature_conv1,153,4,1000,0.05,0.0,0.0,post_relu_mean,3962.5517578125,-3962.5517578125,213.18238830566406,0.0,0.0,2685.6458168029785,0.061406733777296024,-2.7530817854796954,158.9472974288096,1.0687152242660523,False
53,source_localization_stage4.0.wave_feature_conv2,128,4,1000,0.005,0.0,0.0,post_relu_mean,704.51123046875,-704.51123046875,67.535400390625,0.0,0.0,492.1802396774292,0.4260458802563201,-0.5256652952426105,30.34940335822885,2.4579646611213684,False
53,source_localization_stage4.0.wave_feature_conv2,128,4,1000,0.005,0.0,0.0,post_relu_mean,671.0831298828125,-671.0831298828125,63.428409576416016,0.0,0.0,379.8346014022827,0.3096425443838546,-0.40973543898839165,23.655810529135106,1.915442380309105,False
53,source_localization_stage4.0.wave_feature_conv2,128,4,1000,0.005,0.0,0.0,post_relu_mean,648.8466796875,-648.8466796875,60.59776306152344,0.0,0.0,283.3435459136963,0.2084561279784512,-0.29968597952284015,17.30222716094537,1.3896981143951417,False
53,source_localization_stage4.0.wave_feature_conv2,128,4,1000,0.01,0.0,0.0,post_relu_mean,1418.397216796875,-1418.397216796875,136.20736694335938,0.0,0.0,1000.0503568649292,0.40041075035949814,-1.0284580071807703,59.37768262109177,2.600609529018402,False
53,source_localization_stage4.0.wave_feature_conv2,128,4,1000,0.01,0.0,0.0,post_relu_mean,1381.3455810546875,-1381.3455810546875,130.86927795410156,0.0,0.0,786.6131658554077,0.29675598078345033,-0.7937085483258907,45.82453774037153,2.0191909116506577,False
53,source_localization_stage4.0.wave_feature_conv2,128,4,1000,0.01,0.0,0.0,post_relu_mean,1344.1541748046875,-1344.1541748046875,126.00731658935547,0.0,0.0,586.1937351226807,0.20575125732887198,-0.5970190733192402,34.46852165152435,1.4728976279497146,False
53,source_localization_stage4.0.wave_feature_conv2,128,4,1000,0.05,0.0,0.0,post_relu_mean,7000.81005859375,-7000.81005859375,673.1534423828125,0.0,0.0,4971.624819755554,0.26970604994369435,-5.019808998642935,289.8160217074466,2.776928428411484,False
53,source_localization_stage4.0.wave_feature_conv2,128,4,1000,0.05,0.0,0.0,post_relu_mean,6716.91015625,-6716.91015625,637.2399291992188,0.0,0.0,3843.5098943710327,0.19803645199296138,-3.853193293638493,222.46161035947523,2.135536413192749,False
53,source_localization_stage4.0.wave_feature_conv2,128,4,1000,0.05,0.0,0.0,post_relu_mean,6738.4130859375,-6738.4130859375,629.1283569335938,0.0,0.0,2961.726511001587,0.14680064892778066,-2.983202563218377,172.2332002800269,1.5728702247142792,False
53,source_localization_stage4.0.wave_feature_conv2,2,4,1000,0.005,0.0,0.0,post_relu_mean,989.0715942382812,-989.0715942382812,69.34186553955078,0.0,0.0,771.589204788208,0.6651538570179358,-0.8127772625773164,46.92578685754225,3.8849747586250305,False
53,source_localization_stage4.0.wave_feature_conv2,2,4,1000,0.005,0.0,0.0,post_relu_mean,984.9168701171875,-984.9168701171875,68.57989501953125,0.0,0.0,670.7562322616577,0.5629420668035456,-0.7161618874914011,41.34765143812099,3.378829207420349,False
53,source_localization_stage4.0.wave_feature_conv2,2,4,1000,0.005,0.0,0.0,post_relu_mean,977.0357055664062,-977.0357055664062,67.34037017822266,0.0,0.0,571.3480033874512,0.4716873454392737,-0.6067326981331271,35.02943996829728,2.875318670272827,False
53,source_localization_stage4.0.wave_feature_conv2,2,4,1000,0.01,0.0,0.0,post_relu_mean,2004.134033203125,-2004.134033203125,140.54067993164062,0.0,0.0,1573.0551471710205,0.6140802619248196,-1.5918007145430102,91.90154317284434,4.090607397556305,False
53,source_localization_stage4.0.wave_feature_conv2,2,4,1000,0.01,0.0,0.0,post_relu_mean,2008.7388916015625,-2008.7388916015625,139.79566955566406,0.0,0.0,1374.1073064804077,0.5232194945991772,-1.3788555737453008,79.60735878330341,3.554116085767746,False
53,source_localization_stage4.0.wave_feature_conv2,2,4,1000,0.01,0.0,0.0,post_relu_mean,1946.211181640625,-1946.211181640625,134.38217163085938,0.0,0.0,1138.272747039795,0.43432597941592604,-1.1547156138009893,66.66711187248151,3.0127405059337615,False
53,source_localization_stage4.0.wave_feature_conv2,2,4,1000,0.05,0.0,0.0,post_relu_mean,10194.5556640625,-10194.5556640625,715.0218505859375,0.0,0.0,8040.0334186553955,0.43983986607316183,-8.162034636803421,471.23059764255,4.438986341953278,False
53,source_localization_stage4.0.wave_feature_conv2,2,4,1000,0.05,0.0,0.0,post_relu_mean,10219.75390625,-10219.75390625,712.642578125,0.0,0.0,7007.311163902283,0.3701427833033038,-7.004119006661688,404.378323188379,3.8003128218650817,False
53,source_localization_stage4.0.wave_feature_conv2,2,4,1000,0.05,0.0,0.0,post_relu_mean,9683.1474609375,-9683.1474609375,667.337646484375,0.0,0.0,5677.47611618042,0.2983131497536138,-5.654298405433768,326.4470200282647,3.172798762321472,False
53,source_localization_stage4.0.wave_feature_conv2,254,4,1000,0.005,0.0,0.0,post_relu_mean,395.83709716796875,-395.83709716796875,26.96215057373047,0.0,0.0,307.110463142395,0.157386370718569,-0.3215802945542083,18.566215376559867,1.5237166863679885,False
53,source_localization_stage4.0.wave_feature_conv2,254,4,1000,0.005,0.0,0.0,post_relu_mean,389.515380859375,-389.515380859375,25.471216201782227,0.0,0.0,270.96978187561035,0.15334597063331634,-0.28989024078247827,16.7367441645086,1.424098125100136,False
53,source_localization_stage4.0.wave_feature_conv2,254,4,1000,0.005,0.0,0.0,post_relu_mean,388.1319274902344,-388.1319274902344,24.708576202392578,0.0,0.0,239.87042140960693,0.12440179362668177,-0.2567418397991993,14.822986212753014,1.2306301611661912,False
53,source_localization_stage4.0.wave_feature_conv2,254,4,1000,0.01,0.0,0.0,post_relu_mean,820.8804321289062,-820.8804321289062,55.32224655151367,0.0,0.0,647.0735063552856,0.21459123817250678,-0.6992274448890031,40.3695638288615,1.7298060649633407,False
53,source_localization_stage4.0.wave_feature_conv2,254,4,1000,0.01,0.0,0.0,post_relu_mean,795.3189697265625,-795.3189697265625,52.019222259521484,0.0,0.0,557.3073673248291,0.19572135084104852,-0.5870277526438893,33.89168953099864,1.5478095036745072,False
53,source_localization_stage4.0.wave_feature_conv2,254,4,1000,0.01,0.0,0.0,post_relu_mean,773.6721801757812,-773.6721801757812,48.92074966430664,0.0,0.0,480.13763332366943,0.1337942790792757,-0.5045976259956425,29.13285219624393,1.2763096910715104,False
53,source_localization_stage4.0.wave_feature_conv2,254,4,1000,0.05,0.0,0.0,post_relu_mean,4271.7880859375,-4271.7880859375,282.7850036621094,0.0,0.0,3415.592915534973,0.17444345560513494,-3.4558113228953764,199.5189922380166,1.8154684489965438,False
53,source_localization_stage4.0.wave_feature_conv2,254,4,1000,0.05,0.0,0.0,post_relu_mean,4203.171875,-4203.171875,271.8581848144531,0.0,0.0,2975.884943008423,0.15706177998362297,-3.034747780925969,175.20947940239205,1.586891283392906,False
53,source_localization_stage4.0.wave_feature_conv2,254,4,1000,0.05,0.0,0.0,post_relu_mean,4100.16455078125,-4100.16455078125,258.3499755859375,0.0,0.0,2550.0546560287476,0.12145586986455377,-2.637646192863806,152.28281075586085,1.369433154463768,False
53,source_localization_stage4.0.wave_feature_conv2,153,4,1000,0.005,0.0,0.0,post_relu_mean,526.8330688476562,-526.8330688476562,64.09136199951172,0.0,0.0,327.1087236404419,0.258699067238675,-0.36184676697148144,20.891118719459552,1.5350190389156342,False
53,source_localization_stage4.0.wave_feature_conv2,153,4,1000,0.005,0.0,0.0,post_relu_mean,494.8287353515625,-494.8287353515625,58.40419387817383,0.0,0.0,228.47693157196045,0.1435109982505918,-0.251639425949638,14.52841085504222,0.989943972826004,False
53,source_localization_stage4.0.wave_feature_conv2,153,4,1000,0.005,0.0,0.0,post_relu_mean,396.09063720703125,-396.09063720703125,42.773555755615234,0.0,0.0,139.83372497558594,0.04595811940256579,-0.15861383534100068,9.15746173537538,0.5196245223283767,False
53,source_localization_stage4.0.wave_feature_conv2,153,4,1000,0.01,0.0,0.0,post_relu_mean,1095.1702880859375,-1095.1702880859375,134.51797485351562,0.0,0.0,684.1660661697388,0.2640759762073726,-0.7024198487042254,40.55449781588097,1.6446908980607986,False
53,source_localization_stage4.0.wave_feature_conv2,153,4,1000,0.01,0.0,0.0,post_relu_mean,1055.354248046875,-1055.354248046875,125.40656280517578,0.0,0.0,487.4917936325073,0.16170441893845358,-0.5112732937036805,29.518269850442007,1.0934323900938034,False
53,source_localization_stage4.0.wave_feature_conv2,153,4,1000,0.01,0.0,0.0,post_relu_mean,839.7298583984375,-839.7298583984375,90.03754425048828,0.0,0.0,299.8889923095703,0.05487677866088447,-0.3209470190902111,18.529658286784837,0.5599782180786133,False
53,source_localization_stage4.0.wave_feature_conv2,153,4,1000,0.05,0.0,0.0,post_relu_mean,5398.0849609375,-5398.0849609375,656.7320556640625,0.0,0.0,3420.4384050369263,0.18078553515961196,-3.4369272835946876,198.42867910482798,1.7254258233308792,False
53,source_localization_stage4.0.wave_feature_conv2,153,4,1000,0.05,0.0,0.0,post_relu_mean,5163.12158203125,-5163.12158203125,613.2816162109375,0.0,0.0,2399.821322441101,0.1106544859862831,-2.437320315576249,140.7170527522534,1.129313696026802,False
53,source_localization_stage4.0.wave_feature_conv2,153,4,1000,0.05,0.0,0.0,post_relu_mean,4645.71240234375,-4645.71240234375,505.062744140625,0.0,0.0,1615.7203521728516,0.05503592016925041,-1.6409079022751931,94.73716199363676,0.6316948133707047,False
53,source_localization_stage4.0.wave_feature_conv2,101,4,1000,0.005,0.0,0.0,post_relu_mean,396.714111328125,-396.714111328125,28.546859741210938,0.0,0.0,304.38033866882324,0.1736638382226664,-0.31938981879850953,18.439817974461747,1.5220133227109909,False
53,source_localization_stage4.0.wave_feature_conv2,101,4,1000,0.005,0.0,0.0,post_relu_mean,384.5118408203125,-384.5118408203125,26.87154197692871,0.0,0.0,260.81843852996826,0.14215092985520933,-0.27321666675471207,15.774201521278348,1.3104301124811173,False
53,source_localization_stage4.0.wave_feature_conv2,101,4,1000,0.005,0.0,0.0,post_relu_mean,367.8685302734375,-367.8685302734375,25.181493759155273,0.0,0.0,217.92984771728516,0.1280992491975974,-0.23065297031137938,13.31676705181037,1.1579554843902589,False
53,source_localization_stage4.0.wave_feature_conv2,101,4,1000,0.01,0.0,0.0,post_relu_mean,793.3197021484375,-793.3197021484375,56.7187385559082,0.0,0.0,616.4702434539795,0.17747485803362983,-0.6485715037315629,37.44494623999354,1.5991111236810684,False
53,source_localization_stage4.0.wave_feature_conv2,101,4,1000,0.01,0.0,0.0,post_relu_mean,791.3771362304688,-791.3771362304688,55.1147346496582,0.0,0.0,540.589373588562,0.15885991865685084,-0.5631831499828024,32.51505899081435,1.4313960564136505,False
53,source_localization_stage4.0.wave_feature_conv2,101,4,1000,0.01,0.0,0.0,post_relu_mean,750.86669921875,-750.86669921875,51.39728546142578,0.0,0.0,443.6332473754883,0.12126920816734545,-0.4574856576309427,26.412752311717323,1.1803461414575578,False
53,source_localization_stage4.0.wave_feature_conv2,101,4,1000,0.05,0.0,0.0,post_relu_mean,4128.87939453125,-4128.87939453125,292.6009521484375,0.0,0.0,3244.383451461792,0.16428181239233258,-3.2994847340055573,190.49361941108245,1.7576026821136475,False
53,source_localization_stage4.0.wave_feature_conv2,101,4,1000,0.05,0.0,0.0,post_relu_mean,4010.165771484375,-4010.165771484375,278.9410400390625,0.0,0.0,2752.159686088562,0.12982099927674062,-2.7930410006465975,161.2543026360478,1.4705655056238174,False
53,source_localization_stage4.0.wave_feature_conv2,101,4,1000,0.05,0.0,0.0,post_relu_mean,3880.1767578125,-3880.1767578125,263.5553283691406,0.0,0.0,2299.995002746582,0.11060198686927096,-2.3257220686498608,134.27395312214375,1.2847721445560456,False
56,source_localization_stage4.0.skip_connection.0,74,4,1000,0.005,0.0,0.0,post_relu_mean,598.9657592773438,-598.9657592773438,49.71410369873047,0.0,0.0,434.6665449142456,0.08501262636792115,-0.43912691314749897,25.35269666562528,1.633844776749611,False
56,source_localization_stage4.0.skip_connection.0,74,4,1000,0.005,0.0,0.0,post_relu_mean,566.6219482421875,-566.6219482421875,45.40398406982422,0.0,0.0,354.5567378997803,0.07259761977128885,-0.3541302278284496,20.445471618027337,1.382204983830452,False
56,source_localization_stage4.0.skip_connection.0,74,4,1000,0.005,0.0,0.0,post_relu_mean,516.9745483398438,-516.9745483398438,39.3111457824707,0.0,0.0,280.77002143859863,0.07798541797921904,-0.2837566933245292,16.382560108108933,1.1483924317359924,False
56,source_localization_stage4.0.skip_connection.0,74,4,1000,0.01,0.0,0.0,post_relu_mean,1172.02587890625,-1172.02587890625,96.61312866210938,0.0,0.0,867.0296125411987,0.09510810400603067,-0.8773446801532586,50.652886982593856,1.6773828464746474,False
56,source_localization_stage4.0.skip_connection.0,74,4,1000,0.01,0.0,0.0,post_relu_mean,1131.329833984375,-1131.329833984375,88.96321105957031,0.0,0.0,723.248083114624,0.08744404242953448,-0.7555064862339329,43.61868035193662,1.4627323353290558,False
56,source_localization_stage4.0.skip_connection.0,74,4,1000,0.01,0.0,0.0,post_relu_mean,1028.0994873046875,-1028.0994873046875,77.18745422363281,0.0,0.0,564.6370868682861,0.07424809319942177,-0.5732081225767216,33.09377503952653,1.1812136882543565,False
56,source_localization_stage4.0.skip_connection.0,74,4,1000,0.05,0.0,0.0,post_relu_mean,6045.583984375,-6045.583984375,486.4969482421875,0.0,0.0,4570.936350822449,0.0914300369148272,-4.648478608754768,268.37668811032006,1.8171625351905822,False
56,source_localization_stage4.0.skip_connection.0,74,4,1000,0.05,0.0,0.0,post_relu_mean,5805.36279296875,-5805.36279296875,450.72735595703125,0.0,0.0,3769.342565536499,0.08329672550393266,-3.8113547836254495,220.04597441925623,1.547917955517769,False
56,source_localization_stage4.0.skip_connection.0,74,4,1000,0.05,0.0,0.0,post_relu_mean,5366.5224609375,-5366.5224609375,399.30743408203125,0.0,0.0,2970.3400897979736,0.060925436963498864,-3.0230224971932884,174.53212620551426,1.28483828663826,False
56,source_localization_stage4.0.skip_connection.0,238,4,1000,0.005,0.0,0.0,post_relu_mean,542.02294921875,-542.02294921875,43.021732330322266,0.0,0.0,399.92542457580566,0.10379582320778881,-0.4076210507328723,23.53372655976957,1.6493821465969085,False
56,source_localization_stage4.0.skip_connection.0,238,4,1000,0.005,0.0,0.0,post_relu_mean,503.81353759765625,-503.81353759765625,38.43136978149414,0.0,0.0,325.2620220184326,0.08570307381652457,-0.3271844401853455,18.889814002623915,1.3831258088350296,False
56,source_localization_stage4.0.skip_connection.0,238,4,1000,0.005,0.0,0.0,post_relu_mean,463.1161804199219,-463.1161804199219,32.92755126953125,0.0,0.0,267.36250495910645,0.07739030166748317,-0.26681844199883065,15.40511438604319,1.1843577766418456,False
56,source_localization_stage4.0.skip_connection.0,238,4,1000,0.01,0.0,0.0,post_relu_mean,1097.053955078125,-1097.053955078125,87.86622619628906,0.0,0.0,820.4229221343994,0.12432249276434176,-0.8674755211165435,50.083402962821665,1.7492298930883408,False
56,source_localization_stage4.0.skip_connection.0,238,4,1000,0.01,0.0,0.0,post_relu_mean,1018.0361938476562,-1018.0361938476562,75.88652038574219,0.0,0.0,670.9365215301514,0.09361142281370212,-0.6894697216826172,39.80632547688938,1.478065356016159,False
56,source_localization_stage4.0.skip_connection.0,238,4,1000,0.01,0.0,0.0,post_relu_mean,941.2152709960938,-941.2152709960938,65.41448211669922,0.0,0.0,550.5400257110596,0.08106896625213941,-0.5636415707450793,32.54163799692867,1.2559454506635666,False
56,source_localization_stage4.0.skip_connection.0,238,4,1000,0.05,0.0,0.0,post_relu_mean,5554.2763671875,-5554.2763671875,431.93646240234375,0.0,0.0,4245.434457778931,0.11472141990022751,-4.346474718142368,250.9412857280225,1.8901468902826308,False
56,source_localization_stage4.0.skip_connection.0,238,4,1000,0.05,0.0,0.0,post_relu_mean,5051.630859375,-5051.630859375,369.1172790527344,0.0,0.0,3384.9926738739014,0.08363070958137742,-3.4826985757041387,201.07119650414202,1.5674136638641358,False
56,source_localization_stage4.0.skip_connection.0,238,4,1000,0.05,0.0,0.0,post_relu_mean,4895.2333984375,-4895.2333984375,333.661865234375,0.0,0.0,2895.073839187622,0.08069802410743995,-2.9622802630002267,171.02526877523724,1.3773713392019271,False
56,source_localization_stage4.0.skip_connection.0,252,4,1000,0.005,0.0,0.0,post_relu_mean,457.630615234375,-457.630615234375,37.72586441040039,0.0,0.0,331.66759300231934,0.06366331983669651,-0.3453824326565196,19.940706810225606,1.2952225184440613,False
56,source_localization_stage4.0.skip_connection.0,252,4,1000,0.005,0.0,0.0,post_relu_mean,428.1755676269531,-428.1755676269531,33.14955520629883,0.0,0.0,273.64057540893555,0.0549854317706384,-0.28175554182097956,16.267808429532682,1.1154180729389191,False
56,source_localization_stage4.0.skip_connection.0,252,4,1000,0.005,0.0,0.0,post_relu_mean,371.915283203125,-371.915283203125,27.317163467407227,0.0,0.0,210.07373237609863,0.07036956953860332,-0.20522724537000753,11.849270342852627,0.9215163519978523,False
56,source_localization_stage4.0.skip_connection.0,252,4,1000,0.01,0.0,0.0,post_relu_mean,911.8390502929688,-911.8390502929688,74.87665557861328,0.0,0.0,674.4236965179443,0.0740216716590186,-0.6885715225918977,39.75438547204926,1.3539454448223114,False
56,source_localization_stage4.0.skip_connection.0,252,4,1000,0.01,0.0,0.0,post_relu_mean,832.2030029296875,-832.2030029296875,63.44609451293945,0.0,0.0,541.333568572998,0.06213236290625003,-0.563423308055846,32.52886841677085,1.1664673781394959,False
56,source_localization_stage4.0.skip_connection.0,252,4,1000,0.01,0.0,0.0,post_relu_mean,755.9420776367188,-755.9420776367188,54.1020393371582,0.0,0.0,433.39126777648926,0.06991766375437147,-0.451974707906516,26.0944814768565,1.0117558708786965,False
56,source_localization_stage4.0.skip_connection.0,252,4,1000,0.05,0.0,0.0,post_relu_mean,4615.2802734375,-4615.2802734375,372.5364990234375,0.0,0.0,3484.885488510132,0.06388434806016528,-3.5555496562584965,205.27724033461004,1.3923324251174927,False
56,source_localization_stage4.0.skip_connection.0,252,4,1000,0.05,0.0,0.0,post_relu_mean,4426.0439453125,-4426.0439453125,329.61480712890625,0.0,0.0,2937.415355682373,0.060664448762817416,-3.060229415647501,176.68062017210187,1.2531754261255263,False
56,source_localization_stage4.0.skip_connection.0,252,4,1000,0.05,0.0,0.0,post_relu_mean,3991.00341796875,-3991.00341796875,284.9046936035156,0.0,0.0,2283.6366291046143,0.052749288726635514,-2.348798036814934,135.6062307162891,1.0575021868944168,False
56,source_localization_stage4.0.skip_connection.0,37,4,1000,0.005,0.0,0.0,post_relu_mean,467.8402404785156,-467.8402404785156,42.648765563964844,0.0,0.0,329.6673517227173,0.061323353379881075,-0.3305573824953534,19.084502020695492,1.1835690623521804,False
56,source_localization_stage4.0.skip_connection.0,37,4,1000,0.005,0.0,0.0,post_relu_mean,430.3815002441406,-430.3815002441406,37.77191162109375,0.0,0.0,257.61959648132324,0.044641915965332006,-0.25846318684898884,14.922432065748449,0.9726050078868866,False
56,source_localization_stage4.0.skip_connection.0,37,4,1000,0.005,0.0,0.0,post_relu_mean,383.6178283691406,-383.6178283691406,32.101009368896484,0.0,0.0,195.66177558898926,0.06875699610554786,-0.1929806375042188,11.141638367282884,0.7709955054521561,False
56,source_localization_stage4.0.skip_connection.0,37,4,1000,0.01,0.0,0.0,post_relu_mean,925.9786987304688,-925.9786987304688,84.22473907470703,0.0,0.0,663.0778436660767,0.07005414697408086,-0.6845355819717025,39.521277554982134,1.2412421596050263,False
56,source_localization_stage4.0.skip_connection.0,37,4,1000,0.01,0.0,0.0,post_relu_mean,864.29150390625,-864.29150390625,74.9659423828125,0.0,0.0,524.1564617156982,0.05665398136140757,-0.5379080212326354,31.05577241276299,1.0328379455208778,False
56,source_localization_stage4.0.skip_connection.0,37,4,1000,0.01,0.0,0.0,post_relu_mean,770.229736328125,-770.229736328125,63.869930267333984,0.0,0.0,391.66015815734863,0.05254574014261624,-0.3907579212307456,22.560142454714782,0.8154585072398186,False
56,source_localization_stage4.0.skip_connection.0,37,4,1000,0.05,0.0,0.0,post_relu_mean,4727.8515625,-4727.8515625,418.40570068359375,0.0,0.0,3462.4079217910767,0.07400636877356002,-3.4857991378373314,201.2502259807932,1.3766189014911652,False
56,source_localization_stage4.0.skip_connection.0,37,4,1000,0.05,0.0,0.0,post_relu_mean,4437.09716796875,-4437.09716796875,372.95147705078125,0.0,0.0,2756.0271282196045,0.06163625263599578,-2.7993029205612947,161.61594884710942,1.0965127903223038,False
56,source_localization_stage4.0.skip_connection.0,37,4,1000,0.05,0.0,0.0,post_relu_mean,4173.8955078125,-4173.8955078125,338.59637451171875,0.0,0.0,2146.967378616333,0.055023292990715095,-2.1872505747275026,126.27942098687176,0.9423219951987266,False
56,source_localization_stage4.0.skip_connection.0,221,4,1000,0.005,0.0,0.0,post_relu_mean,497.3009948730469,-497.3009948730469,40.869991302490234,0.0,0.0,365.7778329849243,0.07927614233472083,-0.3739392730728913,21.589354745061442,1.480779030919075,False
56,source_localization_stage4.0.skip_connection.0,221,4,1000,0.005,0.0,0.0,post_relu_mean,470.7752685546875,-470.7752685546875,37.29566192626953,0.0,0.0,301.4775199890137,0.06158491934981246,-0.3008671660921467,17.370370276220545,1.281701355576515,False
56,source_localization_stage4.0.skip_connection.0,221,4,1000,0.005,0.0,0.0,post_relu_mean,440.33123779296875,-440.33123779296875,33.70054626464844,0.0,0.0,244.10662078857422,0.06462836728656239,-0.24493464942061782,14.141351739359381,1.067794319987297,False
56,source_localization_stage4.0.skip_connection.0,221,4,1000,0.01,0.0,0.0,post_relu_mean,1021.75341796875,-1021.75341796875,83.46913146972656,0.0,0.0,762.4328012466431,0.11570871273225122,-0.79414468088753,45.849435702310274,1.6439221215248108,False
56,source_localization_stage4.0.skip_connection.0,221,4,1000,0.01,0.0,0.0,post_relu_mean,964.3712158203125,-964.3712158203125,76.15916442871094,0.0,0.0,620.1876945495605,0.07701034237675441,-0.6329460189934923,36.54270552630108,1.36804019510746,False
56,source_localization_stage4.0.skip_connection.0,221,4,1000,0.01,0.0,0.0,post_relu_mean,914.5016479492188,-914.5016479492188,69.7874984741211,0.0,0.0,501.75533294677734,0.06588843481213576,-0.5095101776042935,29.416218728229154,1.1307168090343476,False
56,source_localization_stage4.0.skip_connection.0,221,4,1000,0.05,0.0,0.0,post_relu_mean,5127.92333984375,-5127.92333984375,412.1445617675781,0.0,0.0,3882.576539039612,0.08248475558416786,-3.988188345089487,230.25531650076343,1.680089835524559,False
56,source_localization_stage4.0.skip_connection.0,221,4,1000,0.05,0.0,0.0,post_relu_mean,5041.1494140625,-5041.1494140625,392.1962585449219,0.0,0.0,3274.798839569092,0.07169127018105041,-3.3509490639487662,193.46472548096915,1.4379829263687134,False
56,source_localization_stage4.0.skip_connection.0,221,4,1000,0.05,0.0,0.0,post_relu_mean,4761.134765625,-4761.134765625,358.7384033203125,0.0,0.0,2614.683006286621,0.06071809522267455,-2.7100010808986044,156.46011993561544,1.209168759584427,False
59,source_localization_stage4.1.wave_feature_conv1,152,4,1000,0.005,0.0,0.0,post_relu_mean,987.263916015625,-987.263916015625,87.15845489501953,0.0,0.0,694.8899726867676,0.39528572959309166,-0.7690227005278403,44.399074087015116,3.1525412821769714,False
59,source_localization_stage4.1.wave_feature_conv1,152,4,1000,0.005,0.0,0.0,post_relu_mean,894.7871704101562,-894.7871704101562,67.51285552978516,0.0,0.0,568.1075592041016,0.32946712769225506,-0.5937446427722581,34.279448570354575,2.7424898207187653,False
59,source_localization_stage4.1.wave_feature_conv1,152,4,1000,0.005,0.0,0.0,post_relu_mean,787.5816040039062,-787.5816040039062,53.04684066772461,0.0,0.0,454.4556694030762,0.23675015056520662,-0.46229499054126744,26.690417717296075,2.270438160896301,False
59,source_localization_stage4.1.wave_feature_conv1,152,4,1000,0.01,0.0,0.0,post_relu_mean,2077.878662109375,-2077.878662109375,186.11044311523438,0.0,0.0,1488.6487617492676,0.42000068081715103,-1.5762174008268663,91.00199133417891,3.421696969270706,False
59,source_localization_stage4.1.wave_feature_conv1,152,4,1000,0.01,0.0,0.0,post_relu_mean,1865.0262451171875,-1865.0262451171875,147.10894775390625,0.0,0.0,1180.1642608642578,0.33212655607664326,-1.2144953532438165,70.11813969232335,2.904519271850586,False
59,source_localization_stage4.1.wave_feature_conv1,152,4,1000,0.01,0.0,0.0,post_relu_mean,1622.416259765625,-1622.416259765625,111.31153106689453,0.0,0.0,939.7021598815918,0.2660144563786662,-0.9749687584047511,56.28977110472282,2.4598019230365753,False
59,source_localization_stage4.1.wave_feature_conv1,152,4,1000,0.05,0.0,0.0,post_relu_mean,10151.787109375,-10151.787109375,891.841552734375,0.0,0.0,7445.364093780518,0.32185613630930276,-7.471726034117649,431.3749998865045,3.5191561651229857,False
59,source_localization_stage4.1.wave_feature_conv1,152,4,1000,0.05,0.0,0.0,post_relu_mean,9694.5673828125,-9694.5673828125,772.9548950195312,0.0,0.0,6193.39875793457,0.31492249017139584,-6.303414478672513,363.9233004618413,3.238422358036041,False
59,source_localization_stage4.1.wave_feature_conv1,152,4,1000,0.05,0.0,0.0,post_relu_mean,8794.978515625,-8794.978515625,602.4830322265625,0.0,0.0,5165.235179901123,0.2521054746401443,-5.2462560133339275,302.8889860448971,2.73812077999115,False
59,source_localization_stage4.1.wave_feature_conv1,232,4,1000,0.005,0.0,0.0,post_relu_mean,894.0914306640625,-894.0914306640625,96.09111785888672,0.0,0.0,581.7844123840332,0.30919898463160383,-0.6433006477398873,37.14078812853238,2.2885259008407592,False
59,source_localization_stage4.1.wave_feature_conv1,232,4,1000,0.005,0.0,0.0,post_relu_mean,860.6508178710938,-860.6508178710938,88.12136840820312,0.0,0.0,448.1377372741699,0.1987046428168666,-0.47959952910413334,27.689451400510706,1.700084754228592,False
59,source_localization_stage4.1.wave_feature_conv1,232,4,1000,0.005,0.0,0.0,post_relu_mean,734.3389892578125,-734.3389892578125,68.80184173583984,0.0,0.0,313.62778091430664,0.10253059712768209,-0.3318893216547332,19.161469749138472,1.209143626689911,False
59,source_localization_stage4.1.wave_feature_conv1,232,4,1000,0.01,0.0,0.0,post_relu_mean,1853.4339599609375,-1853.4339599609375,198.61180114746094,0.0,0.0,1233.5649299621582,0.3249319248925151,-1.2695432337285484,73.29623667872407,2.4409815776348114,False
59,source_localization_stage4.1.wave_feature_conv1,232,4,1000,0.01,0.0,0.0,post_relu_mean,1729.1524658203125,-1729.1524658203125,176.29591369628906,0.0,0.0,919.8539237976074,0.20717861793473855,-0.9701283791860422,56.00970360727711,1.8098624569177628,False
59,source_localization_stage4.1.wave_feature_conv1,232,4,1000,0.01,0.0,0.0,post_relu_mean,1492.7818603515625,-1492.7818603515625,140.42166137695312,0.0,0.0,642.3517189025879,0.12614630667051432,-0.6778736522551246,39.13679221486782,1.2959026604890824,False
59,source_localization_stage4.1.wave_feature_conv1,232,4,1000,0.05,0.0,0.0,post_relu_mean,9159.3271484375,-9159.3271484375,969.95361328125,0.0,0.0,6225.432605743408,0.24291947196609676,-6.286936224308928,362.97193677313203,2.5294621706008913,False
59,source_localization_stage4.1.wave_feature_conv1,232,4,1000,0.05,0.0,0.0,post_relu_mean,8915.361328125,-8915.361328125,903.7615966796875,0.0,0.0,4832.467144012451,0.1749935582161569,-5.008563541786297,289.166018302947,1.9677746641635894,False
59,source_localization_stage4.1.wave_feature_conv1,232,4,1000,0.05,0.0,0.0,post_relu_mean,7695.400390625,-7695.400390625,712.7559814453125,0.0,0.0,3410.964084625244,0.11691719208934256,-3.4984552953667594,201.98141510803416,1.4153700596094132,False
59,source_localization_stage4.1.wave_feature_conv1,120,4,1000,0.005,0.0,0.0,post_relu_mean,1028.4805908203125,-1028.4805908203125,93.70283508300781,0.0,0.0,724.0981597900391,0.4983158813072926,-0.7766981955768376,44.84224075388576,3.0765735864639283,False
59,source_localization_stage4.1.wave_feature_conv1,120,4,1000,0.005,0.0,0.0,post_relu_mean,999.9794921875,-999.9794921875,89.86043548583984,0.0,0.0,580.4048156738281,0.3743884866136366,-0.6155037851318597,35.53580357273678,2.431384276151657,False
59,source_localization_stage4.1.wave_feature_conv1,120,4,1000,0.005,0.0,0.0,post_relu_mean,994.7444458007812,-994.7444458007812,87.95680236816406,0.0,0.0,459.87205505371094,0.2532206674315845,-0.4995801224605199,28.843628470968483,1.8448621171712876,False
59,source_localization_stage4.1.wave_feature_conv1,120,4,1000,0.01,0.0,0.0,post_relu_mean,2093.652587890625,-2093.652587890625,190.1259307861328,0.0,0.0,1500.0008697509766,0.48744413575748685,-1.5355185466855907,88.65236306417648,3.263409354686737,False
59,source_localization_stage4.1.wave_feature_conv1,120,4,1000,0.01,0.0,0.0,post_relu_mean,2045.31396484375,-2045.31396484375,185.1384735107422,0.0,0.0,1196.9881896972656,0.3734002795875417,-1.2403395955717986,71.6102165117176,2.6270125663280486,False
59,source_localization_stage4.1.wave_feature_conv1,120,4,1000,0.01,0.0,0.0,post_relu_mean,2006.084716796875,-2006.084716796875,176.2177734375,0.0,0.0,941.6465301513672,0.25092244024921045,-0.9600322056238663,55.42715069917815,1.9566684997081756,False
59,source_localization_stage4.1.wave_feature_conv1,120,4,1000,0.05,0.0,0.0,post_relu_mean,10615.548828125,-10615.548828125,959.0927734375,0.0,0.0,7714.996597290039,0.3449816238231256,-7.867175007500186,454.2066978474864,3.4964573621749877,False
59,source_localization_stage4.1.wave_feature_conv1,120,4,1000,0.05,0.0,0.0,post_relu_mean,10331.345703125,-10331.345703125,919.9256591796875,0.0,0.0,6176.477447509766,0.26299209780682503,-6.2512436940562175,360.9124478900098,2.771167598962784,False
59,source_localization_stage4.1.wave_feature_conv1,120,4,1000,0.05,0.0,0.0,post_relu_mean,9948.1845703125,-9948.1845703125,869.4398193359375,0.0,0.0,4724.414352416992,0.17700123031415252,-4.798366884709226,277.03051933556276,2.038917955160141,False
59,source_localization_stage4.1.wave_feature_conv1,101,4,1000,0.005,0.0,0.0,post_relu_mean,641.7984008789062,-641.7984008789062,83.9968490600586,0.0,0.0,375.59314727783203,0.17340128840181665,-0.4027675946873036,23.25413468895265,1.4646030867099762,False
59,source_localization_stage4.1.wave_feature_conv1,101,4,1000,0.005,0.0,0.0,post_relu_mean,520.548828125,-520.548828125,62.04364776611328,0.0,0.0,235.26155471801758,0.06288138858785096,-0.24875747875218485,14.361884566346278,0.9168655279278756,False
59,source_localization_stage4.1.wave_feature_conv1,101,4,1000,0.005,0.0,0.0,post_relu_mean,378.2449951171875,-378.2449951171875,39.34743118286133,0.0,0.0,144.19338989257812,0.041754232486278985,-0.13912915432291323,8.03252933926269,0.6228582960367203,False
59,source_localization_stage4.1.wave_feature_conv1,101,4,1000,0.01,0.0,0.0,post_relu_mean,1284.0650634765625,-1284.0650634765625,169.6383819580078,0.0,0.0,760.935188293457,0.16690522386523454,-0.783876234830065,45.25656741439012,1.5217720037698745,False
59,source_localization_stage4.1.wave_feature_conv1,101,4,1000,0.01,0.0,0.0,post_relu_mean,1081.2945556640625,-1081.2945556640625,129.8629913330078,0.0,0.0,490.8202095031738,0.07735424221709143,-0.5049307063059877,29.15184030451005,0.9814657458662986,False
59,source_localization_stage4.1.wave_feature_conv1,101,4,1000,0.01,0.0,0.0,post_relu_mean,743.2398681640625,-743.2398681640625,77.7866439819336,0.0,0.0,278.5530090332031,0.035602644434260734,-0.28123283151048506,16.236828071734486,0.6376319238543511,False
59,source_localization_stage4.1.wave_feature_conv1,101,4,1000,0.05,0.0,0.0,post_relu_mean,6679.70751953125,-6679.70751953125,886.251220703125,0.0,0.0,4006.739143371582,0.16070187623267598,-4.035531096773513,232.98864421908212,1.7223053628206253,False
59,source_localization_stage4.1.wave_feature_conv1,101,4,1000,0.05,0.0,0.0,post_relu_mean,5803.92724609375,-5803.92724609375,709.9220581054688,0.0,0.0,2603.187213897705,0.07210207879296904,-2.6410718247692513,152.48048976294658,1.0795028007030487,False
59,source_localization_stage4.1.wave_feature_conv1,101,4,1000,0.05,0.0,0.0,post_relu_mean,4005.85986328125,-4005.85986328125,420.8175964355469,0.0,0.0,1482.9873352050781,0.032141222675432,-1.5119835116544418,87.29333749855621,0.6746507993340493,False
59,source_localization_stage4.1.wave_feature_conv1,198,4,1000,0.005,0.0,0.0,post_relu_mean,475.6279296875,-475.6279296875,56.666561126708984,0.0,0.0,292.7897491455078,0.10992523496670746,-0.3089208307668934,17.83544280964319,1.2470512855052949,False
59,source_localization_stage4.1.wave_feature_conv1,198,4,1000,0.005,0.0,0.0,post_relu_mean,445.72039794921875,-445.72039794921875,49.47040939331055,0.0,0.0,218.39692878723145,0.07215830193706597,-0.22815926851876125,13.172897129990499,0.919414165019989,False
59,source_localization_stage4.1.wave_feature_conv1,198,4,1000,0.005,0.0,0.0,post_relu_mean,347.7685852050781,-347.7685852050781,36.392391204833984,0.0,0.0,132.8394660949707,0.0472629167763777,-0.13390390458919185,7.730863111432076,0.614141720533371,False
59,source_localization_stage4.1.wave_feature_conv1,198,4,1000,0.01,0.0,0.0,post_relu_mean,977.20458984375,-977.20458984375,115.93383026123047,0.0,0.0,616.5645904541016,0.12328337136875812,-0.6436740128326819,37.16209057304639,1.3361755162477493,False
59,source_localization_stage4.1.wave_feature_conv1,198,4,1000,0.01,0.0,0.0,post_relu_mean,910.159912109375,-910.159912109375,98.87752532958984,0.0,0.0,460.50442695617676,0.09270307719078134,-0.4906124422443448,28.325342128874055,0.9984145900607109,False
59,source_localization_stage4.1.wave_feature_conv1,198,4,1000,0.01,0.0,0.0,post_relu_mean,736.9107666015625,-736.9107666015625,76.44265747070312,0.0,0.0,281.6800422668457,0.05382002521964321,-0.2975858570506011,17.180921937074977,0.6803155168890953,False
59,source_localization_stage4.1.wave_feature_conv1,198,4,1000,0.05,0.0,0.0,post_relu_mean,4844.2412109375,-4844.2412109375,563.0488891601562,0.0,0.0,3142.2559967041016,0.10511857317316645,-3.2088610551445425,185.26138868954482,1.435557081103325,False
59,source_localization_stage4.1.wave_feature_conv1,198,4,1000,0.05,0.0,0.0,post_relu_mean,4439.6552734375,-4439.6552734375,486.6103820800781,0.0,0.0,2245.2018146514893,0.0708190606901284,-2.279675856856138,131.6156279288442,1.0327902871370316,False
59,source_localization_stage4.1.wave_feature_conv1,198,4,1000,0.05,0.0,0.0,post_relu_mean,3901.810791015625,-3901.810791015625,401.7330017089844,0.0,0.0,1494.838062286377,0.0506343236607178,-1.5504458075013887,89.51396207318137,0.7282571238279343,False
61,source_localization_stage4.1.wave_feature_conv2,13,4,1000,0.005,0.0,0.0,post_relu_mean,1040.433349609375,-1040.433349609375,159.78041076660156,0.0,0.0,545.2994194030762,0.3592708406850225,-0.5782996384144222,33.38829545651701,2.32624391078949,False
61,source_localization_stage4.1.wave_feature_conv2,13,4,1000,0.005,0.0,0.0,post_relu_mean,1032.24755859375,-1032.24755859375,156.76751708984375,0.0,0.0,321.4259796142578,0.18223123495863588,-0.33730469647239225,19.474266372685904,1.3335485303401946,False
61,source_localization_stage4.1.wave_feature_conv2,13,4,1000,0.005,0.0,0.0,post_relu_mean,694.526611328125,-694.526611328125,100.19686126708984,0.0,0.0,98.4026985168457,0.056392026598030866,-0.10475770780225316,6.048134294564156,0.409554982483387,False
61,source_localization_stage4.1.wave_feature_conv2,13,4,1000,0.01,0.0,0.0,post_relu_mean,2160.386962890625,-2160.386962890625,331.1142883300781,0.0,0.0,1151.2513847351074,0.3631804750841211,-1.1873497333038794,68.55085443118216,2.5063352406024935,False
61,source_localization_stage4.1.wave_feature_conv2,13,4,1000,0.01,0.0,0.0,post_relu_mean,2083.79541015625,-2083.79541015625,316.5624084472656,0.0,0.0,653.8968048095703,0.17745927065892134,-0.6694464428566281,38.65008110595172,1.4114901959896087,False
61,source_localization_stage4.1.wave_feature_conv2,13,4,1000,0.01,0.0,0.0,post_relu_mean,1457.9185791015625,-1457.9185791015625,210.6859130859375,0.0,0.0,198.8603401184082,0.048788849232588055,-0.21038680317288694,12.146551700614832,0.41865635246038435,False
61,source_localization_stage4.1.wave_feature_conv2,13,4,1000,0.05,0.0,0.0,post_relu_mean,10596.359375,-10596.359375,1622.510009765625,0.0,0.0,5713.036418914795,0.24934141644163252,-5.72860355188079,330.73731082662994,2.6243522465229034,False
61,source_localization_stage4.1.wave_feature_conv2,13,4,1000,0.05,0.0,0.0,post_relu_mean,10370.009765625,-10370.009765625,1573.75244140625,0.0,0.0,3282.756301879883,0.1287522062713098,-3.3042430358854675,190.76824873756448,1.47437275826931,False
61,source_localization_stage4.1.wave_feature_conv2,13,4,1000,0.05,0.0,0.0,post_relu_mean,7843.68017578125,-7843.68017578125,1130.0135498046875,0.0,0.0,1068.6563606262207,0.04276057883581746,-1.0804954349932971,62.381664258870366,0.4887921217083931,False
61,source_localization_stage4.1.wave_feature_conv2,201,4,1000,0.005,0.0,0.0,post_relu_mean,611.7578735351562,-611.7578735351562,87.3652114868164,0.0,0.0,338.3276901245117,0.18777727897430876,-0.35456651404230666,20.470663325388827,1.7442053192853928,False
61,source_localization_stage4.1.wave_feature_conv2,201,4,1000,0.005,0.0,0.0,post_relu_mean,554.8955688476562,-554.8955688476562,76.45561218261719,0.0,0.0,209.9616470336914,0.13513965148727788,-0.2200945313397239,12.707039193546597,1.1905209749937058,False
61,source_localization_stage4.1.wave_feature_conv2,201,4,1000,0.005,0.0,0.0,post_relu_mean,446.8598937988281,-446.8598937988281,59.35894012451172,0.0,0.0,100.27348709106445,0.047420602666649686,-0.09843157268201727,5.682999714437094,0.5679520258307457,False
61,source_localization_stage4.1.wave_feature_conv2,201,4,1000,0.01,0.0,0.0,post_relu_mean,1207.0159912109375,-1207.0159912109375,171.49900817871094,0.0,0.0,681.184440612793,0.19405427968531141,-0.7117954776414573,41.09516288512933,1.8643972939252853,False
61,source_localization_stage4.1.wave_feature_conv2,201,4,1000,0.01,0.0,0.0,post_relu_mean,1121.893310546875,-1121.893310546875,153.8480682373047,0.0,0.0,428.69336700439453,0.12867316043178587,-0.4462289334638151,25.762998060785865,1.246914553642273,False
61,source_localization_stage4.1.wave_feature_conv2,201,4,1000,0.01,0.0,0.0,post_relu_mean,931.0056762695312,-931.0056762695312,123.21658325195312,0.0,0.0,201.27339553833008,0.04685095999282904,-0.19985251611881114,11.538348143174503,0.6113570347428322,False
61,source_localization_stage4.1.wave_feature_conv2,201,4,1000,0.05,0.0,0.0,post_relu_mean,6530.9892578125,-6530.9892578125,919.376953125,0.0,0.0,3761.523857116699,0.19054475014074743,-3.8292072724791746,221.0769330538815,2.095661610364914,False
61,source_localization_stage4.1.wave_feature_conv2,201,4,1000,0.05,0.0,0.0,post_relu_mean,5769.6650390625,-5769.6650390625,786.8513793945312,0.0,0.0,2227.950080871582,0.103869137468131,-2.261583183195302,130.57094629226216,1.288217657804489,False
61,source_localization_stage4.1.wave_feature_conv2,201,4,1000,0.05,0.0,0.0,post_relu_mean,4743.41455078125,-4743.41455078125,626.3031005859375,0.0,0.0,995.1631660461426,0.0431122921460798,-1.0127587954713515,58.47092998996026,0.6234929990768433,False
61,source_localization_stage4.1.wave_feature_conv2,101,4,1000,0.005,0.0,0.0,post_relu_mean,719.12890625,-719.12890625,148.06893920898438,0.0,0.0,265.4864330291748,0.14499546001015315,-0.2944524335993532,17.000243830476325,1.1334354984760284,False
61,source_localization_stage4.1.wave_feature_conv2,101,4,1000,0.005,0.0,0.0,post_relu_mean,408.5560302734375,-408.5560302734375,73.31419372558594,0.0,0.0,79.66841506958008,0.024882909831354914,-0.08129220496595178,4.693352206374186,0.4129509398341179,False
61,source_localization_stage4.1.wave_feature_conv2,101,4,1000,0.005,0.0,0.0,post_relu_mean,26.415781021118164,-26.415781021118164,4.138490200042725,0.0,0.0,13.07302474975586,0.08439501184490535,-0.0014941316640520992,0.08643349446271287,0.08355691593140363,False
61,source_localization_stage4.1.wave_feature_conv2,101,4,1000,0.01,0.0,0.0,post_relu_mean,1507.7974853515625,-1507.7974853515625,313.38775634765625,0.0,0.0,558.1985607147217,0.16763542865900835,-0.5845660341795409,33.74958404277287,1.2837871623039245,False
61,source_localization_stage4.1.wave_feature_conv2,101,4,1000,0.01,0.0,0.0,post_relu_mean,864.0360107421875,-864.0360107421875,154.70985412597656,0.0,0.0,168.86793899536133,0.042364215871029405,-0.17994079786687053,10.388766965984841,0.4815208603441715,False
61,source_localization_stage4.1.wave_feature_conv2,101,4,1000,0.01,0.0,0.0,post_relu_mean,36.73953628540039,-36.73953628540039,5.75147819519043,0.0,0.0,13.718851089477539,0.06502488539850884,-0.0014857089152028916,0.08578647590194924,0.08706348184496164,False
61,source_localization_stage4.1.wave_feature_conv2,101,4,1000,0.05,0.0,0.0,post_relu_mean,7666.703125,-7666.703125,1589.68505859375,0.0,0.0,2888.212293624878,0.12508280964645005,-2.95622330273833,170.67556082724948,1.3270951795578003,False
61,source_localization_stage4.1.wave_feature_conv2,101,4,1000,0.05,0.0,0.0,post_relu_mean,4620.76611328125,-4620.76611328125,828.56298828125,0.0,0.0,893.2589302062988,0.03626079478954932,-0.9320081515831842,53.80907340750905,0.4887272733449936,False
61,source_localization_stage4.1.wave_feature_conv2,101,4,1000,0.05,0.0,0.0,post_relu_mean,242.41162109375,-242.41162109375,38.27656936645508,0.0,0.0,24.240381240844727,0.03398025219741211,-0.015167321016521507,0.8756810344893768,0.10760666508227587,False
61,source_localization_stage4.1.wave_feature_conv2,152,4,1000,0.005,0.0,0.0,post_relu_mean,553.0693969726562,-553.0693969726562,82.9997787475586,0.0,0.0,295.3948516845703,0.1909449253859169,-0.3094916419465052,17.868311942102768,1.7430975419282912,False
61,source_localization_stage4.1.wave_feature_conv2,152,4,1000,0.005,0.0,0.0,post_relu_mean,485.009765625,-485.009765625,70.4802474975586,0.0,0.0,169.6397876739502,0.09679797066106792,-0.17444062548478387,10.071223913596018,1.0468648022413254,False
61,source_localization_stage4.1.wave_feature_conv2,152,4,1000,0.005,0.0,0.0,post_relu_mean,358.73919677734375,-358.73919677734375,50.18001174926758,0.0,0.0,69.91658401489258,0.06139298340633254,-0.06439408409526644,3.7177607905815284,0.44663268625736235,False
61,source_localization_stage4.1.wave_feature_conv2,152,4,1000,0.01,0.0,0.0,post_relu_mean,1092.6173095703125,-1092.6173095703125,164.20054626464844,0.0,0.0,591.3404693603516,0.17862780897581,-0.6033429882072735,34.833702628076,1.7868790650367736,False
61,source_localization_stage4.1.wave_feature_conv2,152,4,1000,0.01,0.0,0.0,post_relu_mean,994.10400390625,-994.10400390625,144.14236450195312,0.0,0.0,347.25450325012207,0.10615325107559083,-0.36946865543281643,21.331860680397657,1.115265634059906,False
61,source_localization_stage4.1.wave_feature_conv2,152,4,1000,0.01,0.0,0.0,post_relu_mean,722.7027587890625,-722.7027587890625,101.09626007080078,0.0,0.0,128.38264846801758,0.0471521849569834,-0.12781985699544832,7.3795964182478455,0.44344406589865687,False
61,source_localization_stage4.1.wave_feature_conv2,152,4,1000,0.05,0.0,0.0,post_relu_mean,5497.82568359375,-5497.82568359375,826.187744140625,0.0,0.0,3010.5872344970703,0.1470746213646239,-3.0690553361856505,177.18989555221563,1.8346880465745925,False
61,source_localization_stage4.1.wave_feature_conv2,152,4,1000,0.05,0.0,0.0,post_relu_mean,5196.076171875,-5196.076171875,751.496337890625,0.0,0.0,1816.133897781372,0.11072464902515243,-1.8379052527460649,106.11024444514258,1.2121354979276657,False
61,source_localization_stage4.1.wave_feature_conv2,152,4,1000,0.05,0.0,0.0,post_relu_mean,4398.140625,-4398.140625,612.1799926757812,0.0,0.0,737.3180122375488,0.043319776453432206,-0.7561407970135777,43.6553922151033,0.5221273347735405,False
61,source_localization_stage4.1.wave_feature_conv2,254,4,1000,0.005,0.0,0.0,post_relu_mean,494.90606689453125,-494.90606689453125,82.1518783569336,0.0,0.0,239.84762573242188,0.1391442298134176,-0.2469408820105146,14.256968423542125,1.4193221235275268,False
61,source_localization_stage4.1.wave_feature_conv2,254,4,1000,0.005,0.0,0.0,post_relu_mean,424.0,-424.0,67.10449981689453,0.0,0.0,123.89370155334473,0.05642526033744827,-0.12347672966802807,7.128907148518152,0.7926136323809624,False
61,source_localization_stage4.1.wave_feature_conv2,254,4,1000,0.005,0.0,0.0,post_relu_mean,241.23007202148438,-241.23007202148438,36.218536376953125,0.0,0.0,36.24956512451172,0.09378490690022795,-0.026629366639012168,1.5374289251548519,0.21182116977870463,False
61,source_localization_stage4.1.wave_feature_conv2,254,4,1000,0.01,0.0,0.0,post_relu_mean,1005.085693359375,-1005.085693359375,166.37692260742188,0.0,0.0,497.35211181640625,0.14703055289901235,-0.5147650070264818,29.719644019794618,1.5029732966423035,False
61,source_localization_stage4.1.wave_feature_conv2,254,4,1000,0.01,0.0,0.0,post_relu_mean,899.6124267578125,-899.6124267578125,141.78004455566406,0.0,0.0,263.4661808013916,0.07945144610271497,-0.27149991619053176,15.67491781376115,0.8782265630364418,False
61,source_localization_stage4.1.wave_feature_conv2,254,4,1000,0.01,0.0,0.0,post_relu_mean,536.62744140625,-536.62744140625,80.40628814697266,0.0,0.0,66.5204086303711,0.06859244555046475,-0.06229205762187511,3.5963959423668577,0.23229615062475203,False
61,source_localization_stage4.1.wave_feature_conv2,254,4,1000,0.05,0.0,0.0,post_relu_mean,5272.978515625,-5272.978515625,865.3836059570312,0.0,0.0,2668.224822998047,0.14171531766382725,-2.6782641129138582,154.6278636577597,1.6476367652416228,False
61,source_localization_stage4.1.wave_feature_conv2,254,4,1000,0.05,0.0,0.0,post_relu_mean,4969.2021484375,-4969.2021484375,778.3286743164062,0.0,0.0,1468.5870914459229,0.08440120089697724,-1.4987690645024916,86.53039685590585,0.9982444140315055,False
61,source_localization_stage4.1.wave_feature_conv2,254,4,1000,0.05,0.0,0.0,post_relu_mean,3133.477294921875,-3133.477294921875,469.503173828125,0.0,0.0,328.7889633178711,0.03786777808745986,-0.3518593215684884,20.314409647508185,0.2518311232328415,False
