layer_idx,layer_name,filter_idx,sample_idx,iterations,learning_rate,tv_reg,l2_reg,activation_mode,final_activation,final_target_loss,final_suppression_loss,final_tv_loss,final_l2_loss,loss_reduction,grad_variation,loss_slope_lastk,loss_std_lastk,grad_mean_lastk,converged
8,wave_feature_stage1.0.wave_feature_conv1,21,15,1000,0.002,10.0,5.0,post_relu_mean,507.7452392578125,-507.7452392578125,19.796527862548828,2.6138882637023926,2.816885471343994,347.0469741821289,0.3524496125870014,-0.29043923594504045,16.768369774022702,1.7508335894346236,False
8,wave_feature_stage1.0.wave_feature_conv1,21,15,1000,0.002,10.0,5.0,post_relu_mean,713.8986206054688,-713.8986206054688,39.169498443603516,2.877391815185547,4.0778985023498535,463.45410203933716,0.05957589309188553,-0.44421366672777657,25.646415604251168,2.367901136875153,False
8,wave_feature_stage1.0.wave_feature_conv1,21,15,1000,0.002,10.0,5.0,post_relu_mean,812.3116455078125,-812.3116455078125,54.93064880371094,2.9750828742980957,4.779280662536621,631.9609146118164,0.22932764154401167,-0.6365486108740854,36.75078052535722,3.391761448383331,False
8,wave_feature_stage1.0.wave_feature_conv1,21,15,1000,0.002,10.0,15.0,post_relu_mean,480.0928039550781,-480.0928039550781,18.37995719909668,2.4666295051574707,2.417375087738037,323.939453125,0.4073936769782291,-0.24574875820946426,14.188284059431462,1.6050455164909363,False
8,wave_feature_stage1.0.wave_feature_conv1,21,15,1000,0.002,10.0,15.0,post_relu_mean,692.1484375,-692.1484375,37.91285705566406,2.751382827758789,3.5886988639831543,426.88906383514404,0.12263600679295812,-0.3788620133136384,21.874019192008227,2.1713151502609254,False
8,wave_feature_stage1.0.wave_feature_conv1,21,15,1000,0.002,10.0,15.0,post_relu_mean,804.94140625,-804.94140625,54.837860107421875,2.8772735595703125,4.261674404144287,596.7157287597656,0.19437770780614094,-0.5771105106485085,33.319334851878615,3.2155045747756956,False
8,wave_feature_stage1.0.wave_feature_conv1,21,15,1000,0.002,10.0,30.0,post_relu_mean,441.65728759765625,-441.65728759765625,16.439008712768555,2.2490592002868652,1.9391236305236816,301.80028533935547,0.4843179720853867,-0.19443842944599612,11.227034661265545,1.4302180242538451,False
8,wave_feature_stage1.0.wave_feature_conv1,21,15,1000,0.002,10.0,30.0,post_relu_mean,661.7567749023438,-661.7567749023438,36.08348846435547,2.5756311416625977,2.9881386756896973,388.2122688293457,0.2035816959123935,-0.30900443285160495,17.84180968928153,1.9324855613708496,False
8,wave_feature_stage1.0.wave_feature_conv1,21,15,1000,0.002,10.0,30.0,post_relu_mean,778.5875244140625,-778.5875244140625,53.35756301879883,2.747305393218994,3.6138341426849365,545.2761764526367,0.1462127624062274,-0.49241882303618867,28.430569733517668,2.958644962310791,False
8,wave_feature_stage1.0.wave_feature_conv1,21,15,1000,0.002,50.0,5.0,post_relu_mean,443.92822265625,-443.92822265625,18.331615447998047,1.7161810398101807,2.120253086090088,260.1438522338867,0.4312431123532828,-0.19633196094947541,11.33511137119078,1.3854804122447968,False
8,wave_feature_stage1.0.wave_feature_conv1,21,15,1000,0.002,50.0,5.0,post_relu_mean,684.7626953125,-684.7626953125,39.426795959472656,2.0668230056762695,3.6183886528015137,379.2137565612793,0.10535780216009248,-0.3583493362663656,20.68921143791494,2.0385861790180204,False
8,wave_feature_stage1.0.wave_feature_conv1,21,15,1000,0.002,50.0,5.0,post_relu_mean,791.0702514648438,-791.0702514648438,55.15102005004883,2.241447687149048,4.374556064605713,548.6530342102051,0.2053452593314031,-0.5590928858991129,32.27897486354383,3.1103899669647217,False
8,wave_feature_stage1.0.wave_feature_conv1,21,15,1000,0.002,50.0,15.0,post_relu_mean,417.0383605957031,-417.0383605957031,16.87697982788086,1.6067593097686768,1.7762949466705322,248.3110809326172,0.4793691753130478,-0.16401250140697182,9.469461453589272,1.277044399380684,False
8,wave_feature_stage1.0.wave_feature_conv1,21,15,1000,0.002,50.0,15.0,post_relu_mean,657.947998046875,-657.947998046875,37.88495635986328,1.9660289287567139,3.108854055404663,347.6899166107178,0.16529976109841743,-0.3015440242191968,17.409794611751575,1.858180216550827,False
8,wave_feature_stage1.0.wave_feature_conv1,21,15,1000,0.002,50.0,15.0,post_relu_mean,776.1553955078125,-776.1553955078125,54.26048278808594,2.176057815551758,3.879574775695801,512.6602325439453,0.1599213845124013,-0.4955473517956724,28.610675256813074,2.914900406599045,False
8,wave_feature_stage1.0.wave_feature_conv1,21,15,1000,0.002,50.0,30.0,post_relu_mean,376.10748291015625,-376.10748291015625,14.995290756225586,1.4394372701644897,1.3732024431228638,236.63578033447266,0.5420948690779588,-0.13090668335739153,7.559748493478555,1.1610585337877273,False
8,wave_feature_stage1.0.wave_feature_conv1,21,15,1000,0.002,50.0,30.0,post_relu_mean,614.2384033203125,-614.2384033203125,35.2097053527832,1.8129730224609375,2.498986005783081,313.2968444824219,0.24720283974928325,-0.23790849992807436,13.737060390291902,1.6348903280496598,False
8,wave_feature_stage1.0.wave_feature_conv1,21,15,1000,0.002,50.0,30.0,post_relu_mean,745.6221923828125,-745.6221923828125,52.393836975097656,2.075428009033203,3.2506778240203857,466.3226089477539,0.11923430022240507,-0.4142461948313233,23.917673958122414,2.657920994758606,False
8,wave_feature_stage1.0.wave_feature_conv1,21,15,1000,0.002,150.0,5.0,post_relu_mean,220.8055877685547,-220.8055877685547,11.699403762817383,0.5741190910339355,0.7798784375190735,155.865797996521,0.40201806473699825,-0.05615221648637186,3.243047748295138,1.6067425686120986,False
8,wave_feature_stage1.0.wave_feature_conv1,21,15,1000,0.002,150.0,5.0,post_relu_mean,453.38604736328125,-453.38604736328125,29.695579528808594,1.0054900646209717,1.8559712171554565,203.9523048400879,0.17087969697608946,-0.1648340311996722,9.51678748019515,1.8508466684818268,False
8,wave_feature_stage1.0.wave_feature_conv1,21,15,1000,0.002,150.0,5.0,post_relu_mean,618.5899047851562,-618.5899047851562,47.032047271728516,1.3695552349090576,2.880141019821167,344.53225469589233,0.10124001390727908,-0.34627033961218906,19.991747810679957,2.606812323331833,False
8,wave_feature_stage1.0.wave_feature_conv1,21,15,1000,0.002,150.0,15.0,post_relu_mean,202.38027954101562,-202.38027954101562,10.598873138427734,0.5260363221168518,0.6324343681335449,161.15391159057617,0.4218949248816736,-0.0543807000905747,3.140779439200204,1.6102635538578034,False
8,wave_feature_stage1.0.wave_feature_conv1,21,15,1000,0.002,150.0,15.0,post_relu_mean,424.6440124511719,-424.6440124511719,27.83852767944336,0.9333423376083374,1.5345537662506104,192.66204833984375,0.2030786336921439,-0.13843286428306337,7.993076621263273,1.7746258330345155,False
8,wave_feature_stage1.0.wave_feature_conv1,21,15,1000,0.002,150.0,15.0,post_relu_mean,600.58984375,-600.58984375,45.58649826049805,1.3154523372650146,2.5238306522369385,323.71923065185547,0.06364949071294558,-0.307338281166685,17.74415606703936,2.465831302404404,False
8,wave_feature_stage1.0.wave_feature_conv1,21,15,1000,0.002,150.0,30.0,post_relu_mean,179.61895751953125,-179.61895751953125,9.26584529876709,0.46670201420783997,0.4776008129119873,172.40572547912598,0.4496640796910525,-0.05748244205329797,3.3202506039963118,1.6352907848358154,False
8,wave_feature_stage1.0.wave_feature_conv1,21,15,1000,0.002,150.0,30.0,post_relu_mean,386.73077392578125,-386.73077392578125,25.17119598388672,0.8400297164916992,1.1845608949661255,186.18809509277344,0.2475986519291064,-0.11256039955266765,6.499536245212415,1.7084741520881652,False
8,wave_feature_stage1.0.wave_feature_conv1,21,15,1000,0.002,150.0,30.0,post_relu_mean,580.758056640625,-580.758056640625,44.27104949951172,1.2515233755111694,2.094348907470703,306.4434356689453,0.059546787105820946,-0.2622038727046973,15.139683754256884,2.312288453578949,False
8,wave_feature_stage1.0.wave_feature_conv1,15,15,1000,0.002,10.0,5.0,post_relu_mean,255.7958526611328,-255.7958526611328,9.942593574523926,2.437157154083252,1.7507085800170898,223.81432342529297,0.29827049173491366,-0.18821695299577004,10.8666813543573,1.2462390452623366,False
8,wave_feature_stage1.0.wave_feature_conv1,15,15,1000,0.002,10.0,5.0,post_relu_mean,393.673828125,-393.673828125,22.56361961364746,3.1033902168273926,3.207552671432495,248.6150665283203,0.05455071124282714,-0.258521129173554,14.9256091588241,1.3976571935415267,False
8,wave_feature_stage1.0.wave_feature_conv1,15,15,1000,0.002,10.0,5.0,post_relu_mean,499.21258544921875,-499.21258544921875,44.31692123413086,3.328869342803955,4.79530668258667,343.87066650390625,0.1165696130385354,-0.37175157922801827,21.462823981180602,1.820653321146965,False
8,wave_feature_stage1.0.wave_feature_conv1,15,15,1000,0.002,10.0,15.0,post_relu_mean,237.56655883789062,-237.56655883789062,8.848024368286133,2.236064910888672,1.4409469366073608,216.7637939453125,0.33958381581160596,-0.1616877158398229,9.335003764228828,1.163681338429451,False
8,wave_feature_stage1.0.wave_feature_conv1,15,15,1000,0.002,10.0,15.0,post_relu_mean,370.0842590332031,-370.0842590332031,20.000337600708008,2.8741567134857178,2.601916790008545,228.22611618041992,0.07588329923923881,-0.22029669087369275,12.718721576856781,1.2747207528352738,False
8,wave_feature_stage1.0.wave_feature_conv1,15,15,1000,0.002,10.0,15.0,post_relu_mean,481.8373718261719,-481.8373718261719,41.58492660522461,3.179366111755371,4.010490417480469,305.6244773864746,0.07225521131342073,-0.30830578866888664,17.800225399458647,1.6368382740020753,False
8,wave_feature_stage1.0.wave_feature_conv1,15,15,1000,0.002,10.0,30.0,post_relu_mean,213.6199951171875,-213.6199951171875,7.63092041015625,1.9595859050750732,1.1052497625350952,212.83399200439453,0.39658396889586933,-0.13693689776192922,7.906273178122594,1.1006218254566194,False
8,wave_feature_stage1.0.wave_feature_conv1,15,15,1000,0.002,10.0,30.0,post_relu_mean,332.43695068359375,-332.43695068359375,16.897144317626953,2.5311877727508545,1.9353244304656982,207.11769485473633,0.13681343284628592,-0.17322458936564966,10.001523050512525,1.1209670543670653,False
8,wave_feature_stage1.0.wave_feature_conv1,15,15,1000,0.002,10.0,30.0,post_relu_mean,448.8968505859375,-448.8968505859375,37.26382064819336,2.911302089691162,3.102811574935913,263.3829536437988,0.02802315342012612,-0.23677950838541464,13.671750401196183,1.4084135437011718,False
8,wave_feature_stage1.0.wave_feature_conv1,15,15,1000,0.002,50.0,5.0,post_relu_mean,160.1496124267578,-160.1496124267578,7.552385330200195,1.1031553745269775,0.7862026691436768,144.55825996398926,0.3868086342996535,-0.0839059030143299,4.844768709014378,0.9295349878072738,False
8,wave_feature_stage1.0.wave_feature_conv1,15,15,1000,0.002,50.0,5.0,post_relu_mean,293.8978576660156,-293.8978576660156,19.824466705322266,1.5664408206939697,1.9854679107666016,139.80893325805664,0.14061964553082723,-0.13418993778295996,7.747427642950503,0.9951959323883056,False
8,wave_feature_stage1.0.wave_feature_conv1,15,15,1000,0.002,50.0,5.0,post_relu_mean,427.9923095703125,-427.9923095703125,42.78580856323242,1.9905496835708618,3.967741012573242,230.53229904174805,0.06690556385853164,-0.25181150377605876,14.538215275540544,1.4205657798051834,False
8,wave_feature_stage1.0.wave_feature_conv1,15,15,1000,0.002,50.0,15.0,post_relu_mean,145.1833953857422,-145.1833953857422,6.656885623931885,0.9963442087173462,0.6211547255516052,149.58410263061523,0.4090667540936156,-0.08013810979053047,4.627364880410143,0.9332793831825257,False
8,wave_feature_stage1.0.wave_feature_conv1,15,15,1000,0.002,50.0,15.0,post_relu_mean,268.91571044921875,-268.91571044921875,17.025341033935547,1.428614616394043,1.5018991231918335,134.1953887939453,0.165792239984177,-0.11921102234976222,6.882602417213819,0.9267154201865196,False
8,wave_feature_stage1.0.wave_feature_conv1,15,15,1000,0.002,50.0,15.0,post_relu_mean,408.13348388671875,-408.13348388671875,39.55263900756836,1.8851122856140137,3.168668031692505,202.57001495361328,0.04182959693148102,-0.20307346879304913,11.724411416918167,1.2701827704906463,False
8,wave_feature_stage1.0.wave_feature_conv1,15,15,1000,0.002,50.0,30.0,post_relu_mean,128.9236297607422,-128.9236297607422,5.785555839538574,0.8773952722549438,0.46978530287742615,159.83308029174805,0.4411297391638559,-0.07609702383596577,4.394903438144019,0.9618612968921662,False
8,wave_feature_stage1.0.wave_feature_conv1,15,15,1000,0.002,50.0,30.0,post_relu_mean,235.36843872070312,-235.36843872070312,14.113663673400879,1.2487847805023193,1.0578970909118652,131.61380004882812,0.2097588923949781,-0.09721987689470377,5.613802041632951,0.8551301565766335,False
8,wave_feature_stage1.0.wave_feature_conv1,15,15,1000,0.002,50.0,30.0,post_relu_mean,371.44219970703125,-371.44219970703125,34.62496566772461,1.7062437534332275,2.281581163406372,175.45664978027344,0.05421914856807073,-0.1587099197514728,9.164690776361422,1.104570114016533,False
8,wave_feature_stage1.0.wave_feature_conv1,15,15,1000,0.002,150.0,5.0,post_relu_mean,48.309852600097656,-48.309852600097656,5.212865352630615,0.18603962659835815,0.2575141191482544,132.13836288452148,0.2401022138648652,-0.05597061185551398,3.232661308657955,1.894304370880127,False
8,wave_feature_stage1.0.wave_feature_conv1,15,15,1000,0.002,150.0,5.0,post_relu_mean,98.41889190673828,-98.41889190673828,11.54802131652832,0.30039548873901367,0.6830322742462158,71.61649703979492,0.07013386286114884,-0.020778198623785975,1.2005433010417041,1.8357172429561615,False
8,wave_feature_stage1.0.wave_feature_conv1,15,15,1000,0.002,150.0,5.0,post_relu_mean,185.6081085205078,-185.6081085205078,24.83673858642578,0.5367984771728516,1.7074187994003296,82.5358943939209,0.06951264368701039,-0.05504633064129826,3.1780628013049186,1.872507517337799,False
8,wave_feature_stage1.0.wave_feature_conv1,15,15,1000,0.002,150.0,15.0,post_relu_mean,43.365028381347656,-43.365028381347656,4.655655384063721,0.16982388496398926,0.20789819955825806,144.44990921020508,0.2508004984711478,-0.06318685809714596,3.6498436429100556,1.932516741156578,False
8,wave_feature_stage1.0.wave_feature_conv1,15,15,1000,0.002,150.0,15.0,post_relu_mean,85.67109680175781,-85.67109680175781,9.91292953491211,0.26335716247558594,0.5063949227333069,79.50196075439453,0.0722492468832692,-0.024459396443988934,1.4132698433935664,1.8542604529857636,False
8,wave_feature_stage1.0.wave_feature_conv1,15,15,1000,0.002,150.0,15.0,post_relu_mean,168.0510711669922,-168.0510711669922,22.14141845703125,0.4804550111293793,1.315746545791626,76.0094223022461,0.06720975222221813,-0.04309343266056169,2.4881051446229288,1.8644682586193084,False
8,wave_feature_stage1.0.wave_feature_conv1,15,15,1000,0.002,150.0,30.0,post_relu_mean,38.0727653503418,-38.0727653503418,4.078547954559326,0.15265130996704102,0.1614357829093933,162.40424156188965,0.27261673395580216,-0.0718033951038557,4.14843812405192,1.9893025326728822,False
8,wave_feature_stage1.0.wave_feature_conv1,15,15,1000,0.002,150.0,30.0,post_relu_mean,70.70073699951172,-70.70073699951172,8.150111198425293,0.22016097605228424,0.3438457250595093,93.72990131378174,0.0842664772996811,-0.031925178640988316,1.8445211919198414,1.8867181396484376,False
8,wave_feature_stage1.0.wave_feature_conv1,15,15,1000,0.002,150.0,30.0,post_relu_mean,142.7812042236328,-142.7812042236328,18.651832580566406,0.4052388370037079,0.900170624256134,74.86687850952148,0.05232104227346228,-0.034606992244756225,1.9982470018991558,1.8449812018871308,False
8,wave_feature_stage1.0.wave_feature_conv1,24,15,1000,0.002,10.0,5.0,post_relu_mean,240.0827178955078,-240.0827178955078,12.815591812133789,2.1370320320129395,1.5609980821609497,191.80257415771484,0.3879820031842234,-0.1236404945100587,7.1383849400843244,1.0313940644264221,False
8,wave_feature_stage1.0.wave_feature_conv1,24,15,1000,0.002,10.0,5.0,post_relu_mean,404.8908996582031,-404.8908996582031,28.14277458190918,2.915679454803467,3.175633192062378,241.42031288146973,0.1162844251353101,-0.22203542461150635,12.81907303338344,1.2923389917612076,False
8,wave_feature_stage1.0.wave_feature_conv1,24,15,1000,0.002,10.0,5.0,post_relu_mean,529.3123168945312,-529.3123168945312,54.02399444580078,3.2519991397857666,4.538209915161133,372.9372901916504,0.0735455547850189,-0.3764951729078872,21.736723149676507,1.9732764607667923,False
8,wave_feature_stage1.0.wave_feature_conv1,24,15,1000,0.002,10.0,15.0,post_relu_mean,216.5414276123047,-216.5414276123047,11.381638526916504,1.9200167655944824,1.229615569114685,185.21453857421875,0.4291793786654167,-0.10261364719313906,5.924884872461806,0.9697538852691651,False
8,wave_feature_stage1.0.wave_feature_conv1,24,15,1000,0.002,10.0,15.0,post_relu_mean,376.8873291015625,-376.8873291015625,25.418964385986328,2.694713592529297,2.582298517227173,217.4719581604004,0.17108878954522283,-0.1768666797884852,10.21178053888007,1.1347305834293366,False
8,wave_feature_stage1.0.wave_feature_conv1,24,15,1000,0.002,10.0,15.0,post_relu_mean,510.385986328125,-510.385986328125,51.943626403808594,3.105588912963867,3.8617823123931885,333.4025573730469,0.03959331495847424,-0.30967248133687464,17.879300497319576,1.7665161073207856,False
8,wave_feature_stage1.0.wave_feature_conv1,24,15,1000,0.002,10.0,30.0,post_relu_mean,188.31471252441406,-188.31471252441406,9.715949058532715,1.6563730239868164,0.8931112885475159,184.55627059936523,0.47455799443844804,-0.0852634902169589,4.925496558241131,0.9401151424646378,False
8,wave_feature_stage1.0.wave_feature_conv1,24,15,1000,0.002,10.0,30.0,post_relu_mean,335.2762756347656,-335.2762756347656,22.05418586730957,2.376955986022949,1.9036816358566284,194.11063766479492,0.24496088376318917,-0.1297809594135117,7.494389212929651,0.9685723525285721,False
8,wave_feature_stage1.0.wave_feature_conv1,24,15,1000,0.002,10.0,30.0,post_relu_mean,481.9185791015625,-481.9185791015625,49.14749526977539,2.8493406772613525,3.0552217960357666,293.18807220458984,0.07998574230707126,-0.24106728618075074,13.91923122349385,1.54092620074749,False
8,wave_feature_stage1.0.wave_feature_conv1,24,15,1000,0.002,50.0,5.0,post_relu_mean,133.5931854248047,-133.5931854248047,8.591429710388184,0.8422243595123291,0.6353614330291748,129.8937075138092,0.4345516098839675,-0.0467347976725627,2.6995814592980993,0.851356326341629,False
8,wave_feature_stage1.0.wave_feature_conv1,24,15,1000,0.002,50.0,5.0,post_relu_mean,313.79705810546875,-313.79705810546875,24.325393676757812,1.5899213552474976,2.0918352603912354,142.9448585510254,0.20319814719286478,-0.11257688789135925,6.499617560555816,0.8948846510052682,False
8,wave_feature_stage1.0.wave_feature_conv1,24,15,1000,0.002,50.0,5.0,post_relu_mean,472.15484619140625,-472.15484619140625,51.45412063598633,2.13765287399292,3.83158278465271,265.9719066619873,0.020222301504425676,-0.26516776423438904,15.309290306139445,1.5807373756170273,False
8,wave_feature_stage1.0.wave_feature_conv1,24,15,1000,0.002,50.0,15.0,post_relu_mean,118.07544708251953,-118.07544708251953,7.485759258270264,0.746284008026123,0.4778892397880554,137.32098007202148,0.44966286891217616,-0.049329507777403525,2.8497322205622098,0.8798592478036881,False
8,wave_feature_stage1.0.wave_feature_conv1,24,15,1000,0.002,50.0,15.0,post_relu_mean,282.4232482910156,-282.4232482910156,21.243345260620117,1.433559775352478,1.575135350227356,132.7143325805664,0.24249077761069107,-0.08717887042692271,5.033349178126834,0.8054557180404663,False
8,wave_feature_stage1.0.wave_feature_conv1,24,15,1000,0.002,50.0,15.0,post_relu_mean,450.0645446777344,-450.0645446777344,49.198123931884766,2.030721664428711,3.126558780670166,234.8265151977539,0.0391322127741639,-0.21121989405325953,12.194959972383156,1.398928593993187,False
8,wave_feature_stage1.0.wave_feature_conv1,24,15,1000,0.002,50.0,30.0,post_relu_mean,99.24205017089844,-99.24205017089844,6.3252739906311035,0.6265808343887329,0.3352939784526825,149.8113489151001,0.47740670992738193,-0.051303330389761134,2.965862717841612,0.9289305454492569,False
8,wave_feature_stage1.0.wave_feature_conv1,24,15,1000,0.002,50.0,30.0,post_relu_mean,240.16220092773438,-240.16220092773438,17.71964454650879,1.2123041152954102,1.0715653896331787,127.2388801574707,0.29781845821539626,-0.06680393647872203,3.858276504337213,0.7330136495828629,False
8,wave_feature_stage1.0.wave_feature_conv1,24,15,1000,0.002,50.0,30.0,post_relu_mean,416.2481689453125,-416.2481689453125,45.15876770019531,1.8512519598007202,2.364302158355713,206.61656188964844,0.10816965509513575,-0.1600390209683526,9.241007364912775,1.206091811656952,False
8,wave_feature_stage1.0.wave_feature_conv1,24,15,1000,0.002,150.0,5.0,post_relu_mean,44.504234313964844,-44.504234313964844,5.081121444702148,0.1742570698261261,0.2401900440454483,139.98575592041016,0.2484458248508632,-0.0535397317666478,3.092741034766312,1.851261010169983,False
8,wave_feature_stage1.0.wave_feature_conv1,24,15,1000,0.002,150.0,5.0,post_relu_mean,99.75558471679688,-99.75558471679688,11.126011848449707,0.33068495988845825,0.6182923316955566,78.29074096679688,0.08087153411724514,-0.02155374365254174,1.2459399295668268,1.7347386068105697,False
8,wave_feature_stage1.0.wave_feature_conv1,24,15,1000,0.002,150.0,5.0,post_relu_mean,242.45941162109375,-242.45941162109375,31.57048988342285,0.7805997133255005,1.678800106048584,102.84610939025879,0.04851380052518143,-0.0778483439918792,4.494562569854712,1.73526311814785,False
8,wave_feature_stage1.0.wave_feature_conv1,24,15,1000,0.002,150.0,15.0,post_relu_mean,40.08437728881836,-40.08437728881836,4.577020645141602,0.1590406596660614,0.19296269118785858,152.27869033813477,0.26075936876546113,-0.06057454643858927,3.499241398605038,1.8931476438045503,False
8,wave_feature_stage1.0.wave_feature_conv1,24,15,1000,0.002,150.0,15.0,post_relu_mean,87.1194076538086,-87.1194076538086,9.633774757385254,0.2893620729446411,0.4584712088108063,86.61139297485352,0.09036131431302125,-0.026066054411627543,1.5068261815886965,1.7429953509569167,False
8,wave_feature_stage1.0.wave_feature_conv1,24,15,1000,0.002,150.0,15.0,post_relu_mean,224.70602416992188,-224.70602416992188,29.27181625366211,0.7120205163955688,1.3100695610046387,97.50406265258789,0.04686869037947883,-0.06696681643000851,3.8666096534741303,1.6955690801143646,False
8,wave_feature_stage1.0.wave_feature_conv1,24,15,1000,0.002,150.0,30.0,post_relu_mean,35.042144775390625,-35.042144775390625,4.058099269866943,0.14168930053710938,0.14879365265369415,170.0832405090332,0.2839012820017792,-0.06903437473889652,3.9889684784107136,1.966220354437828,False
8,wave_feature_stage1.0.wave_feature_conv1,24,15,1000,0.002,150.0,30.0,post_relu_mean,73.26136779785156,-73.26136779785156,8.071638107299805,0.24423283338546753,0.3151369094848633,101.3806095123291,0.1160092258105547,-0.030834823552750145,1.7822327429296705,1.767749964594841,False
8,wave_feature_stage1.0.wave_feature_conv1,24,15,1000,0.002,150.0,30.0,post_relu_mean,197.3409423828125,-197.3409423828125,25.589738845825195,0.6179375052452087,0.9295182824134827,96.32323455810547,0.056674430591007297,-0.054508897793817825,3.1476860475912507,1.6626176935434342,False
10,wave_feature_stage1.0.wave_feature_conv2,5,15,1000,0.002,10.0,5.0,post_relu_mean,148.31787109375,-148.31787109375,9.238874435424805,1.5716413259506226,1.4673857688903809,70.23941802978516,0.22559071790413085,-0.03419777948786793,1.974516309251552,0.38737435922026636,False
10,wave_feature_stage1.0.wave_feature_conv2,5,15,1000,0.002,10.0,5.0,post_relu_mean,313.7830505371094,-313.7830505371094,24.259380340576172,2.4134411811828613,3.5096681118011475,140.10981941223145,0.012401146416999593,-0.1341174259413248,7.743218086463702,0.8229890021681786,False
10,wave_feature_stage1.0.wave_feature_conv2,5,15,1000,0.002,10.0,5.0,post_relu_mean,365.04302978515625,-365.04302978515625,33.175140380859375,2.6926417350769043,4.754204273223877,232.03109741210938,0.10322890245811384,-0.23817056046899826,13.750640622533425,1.3310812318325043,False
10,wave_feature_stage1.0.wave_feature_conv2,5,15,1000,0.002,10.0,15.0,post_relu_mean,119.22611999511719,-119.22611999511719,7.307301998138428,1.2418391704559326,0.8647497892379761,69.20992088317871,0.25377196163818605,-0.0239917718254598,1.3856188598255095,0.35116450011730194,False
10,wave_feature_stage1.0.wave_feature_conv2,5,15,1000,0.002,10.0,15.0,post_relu_mean,286.4267883300781,-286.4267883300781,21.94308853149414,2.139436721801758,2.4609196186065674,118.79243850708008,0.05295065521398015,-0.09468021570496234,5.466797307421507,0.6858693292737007,False
10,wave_feature_stage1.0.wave_feature_conv2,5,15,1000,0.002,10.0,15.0,post_relu_mean,349.0591735839844,-349.0591735839844,31.106922149658203,2.550739288330078,3.638770341873169,199.8067741394043,0.07195315868105384,-0.18870406998059466,10.895055850190726,1.1777376925945282,False
10,wave_feature_stage1.0.wave_feature_conv2,5,15,1000,0.002,10.0,30.0,post_relu_mean,87.09455108642578,-87.09455108642578,5.321808815002441,0.9004421830177307,0.4666025936603546,75.94466018676758,0.28840970863237286,-0.018349707528422386,1.0610496261688822,0.3620319917798042,False
10,wave_feature_stage1.0.wave_feature_conv2,5,15,1000,0.002,10.0,30.0,post_relu_mean,253.77780151367188,-253.77780151367188,19.336971282958984,1.7541110515594482,1.5842604637145996,109.03749465942383,0.10223577591012921,-0.07222504067240353,4.170610796471707,0.5908837166428565,False
10,wave_feature_stage1.0.wave_feature_conv2,5,15,1000,0.002,10.0,30.0,post_relu_mean,317.9658203125,-317.9658203125,27.87624740600586,2.243917226791382,2.5191805362701416,170.6426887512207,0.041546787227065424,-0.14302034357881044,8.25847487002616,1.0010206308960914,False
10,wave_feature_stage1.0.wave_feature_conv2,5,15,1000,0.002,50.0,5.0,post_relu_mean,67.8381576538086,-67.8381576538086,5.044402122497559,0.3668052554130554,0.4858841001987457,52.43985366821289,0.19016344028758422,-0.011952588222733698,0.6911772472994203,0.5408735036849975,False
10,wave_feature_stage1.0.wave_feature_conv2,5,15,1000,0.002,50.0,5.0,post_relu_mean,231.26429748535156,-231.26429748535156,18.880359649658203,1.09376060962677,2.0697665214538574,79.58382749557495,0.0393249461420309,-0.06732394720638432,3.886950062307267,0.689121884405613,False
10,wave_feature_stage1.0.wave_feature_conv2,5,15,1000,0.002,50.0,5.0,post_relu_mean,305.38836669921875,-305.38836669921875,28.64824867248535,1.506958246231079,3.6308670043945312,152.5502758026123,0.07065393158275206,-0.1549660073021906,8.946861221395295,1.0931793934106826,False
10,wave_feature_stage1.0.wave_feature_conv2,5,15,1000,0.002,50.0,15.0,post_relu_mean,52.79292678833008,-52.79292678833008,3.8857717514038086,0.28618916869163513,0.2867897152900696,62.222126960754395,0.2030185679326377,-0.016523865728235963,0.9554988256554225,0.5664259931445121,False
10,wave_feature_stage1.0.wave_feature_conv2,5,15,1000,0.002,50.0,15.0,post_relu_mean,206.89990234375,-206.89990234375,16.672521591186523,0.9512633681297302,1.3683375120162964,74.29006767272949,0.06641488827303928,-0.050942534553506655,2.941529494384364,0.6264403113722801,False
10,wave_feature_stage1.0.wave_feature_conv2,5,15,1000,0.002,50.0,15.0,post_relu_mean,284.5196228027344,-284.5196228027344,26.08765983581543,1.3876649141311646,2.612804889678955,130.25189971923828,0.043138491356160484,-0.12132946123984213,7.005199167801305,0.9740402069687844,False
10,wave_feature_stage1.0.wave_feature_conv2,5,15,1000,0.002,50.0,30.0,post_relu_mean,40.29803466796875,-40.29803466796875,2.979196786880493,0.2247275561094284,0.17730514705181122,77.47298860549927,0.23346947559702544,-0.021214814822332076,1.2266482268871726,0.6161793446540833,False
10,wave_feature_stage1.0.wave_feature_conv2,5,15,1000,0.002,50.0,30.0,post_relu_mean,173.67861938476562,-173.67861938476562,13.879768371582031,0.7817224264144897,0.8338581919670105,75.64315032958984,0.11296171123357052,-0.041842859581907484,2.4166053638370566,0.5867574825882912,False
10,wave_feature_stage1.0.wave_feature_conv2,5,15,1000,0.002,50.0,30.0,post_relu_mean,257.187744140625,-257.187744140625,22.963111877441406,1.2382826805114746,1.7189871072769165,117.76036071777344,0.026359420837901545,-0.09797577929140913,5.656969147904929,0.8629610052704811,False
10,wave_feature_stage1.0.wave_feature_conv2,5,15,1000,0.002,150.0,5.0,post_relu_mean,33.01806640625,-33.01806640625,3.2766976356506348,0.1417127400636673,0.33636146783828735,79.25718307495117,0.04693484716932875,-0.027732872683637298,1.6020201438957058,1.8730797564983368,False
10,wave_feature_stage1.0.wave_feature_conv2,5,15,1000,0.002,150.0,5.0,post_relu_mean,68.08326721191406,-68.08326721191406,6.954422473907471,0.25352853536605835,0.6973620653152466,45.68265342712402,0.10790150832227069,-0.012913242969671732,0.7459601537695768,1.9259849685430526,False
10,wave_feature_stage1.0.wave_feature_conv2,5,15,1000,0.002,150.0,5.0,post_relu_mean,117.27217102050781,-117.27217102050781,13.145090103149414,0.42020732164382935,1.3760409355163574,49.65760612487793,0.1328812500316132,-0.02813815499625237,1.624548835090082,1.9527000147104263,False
10,wave_feature_stage1.0.wave_feature_conv2,5,15,1000,0.002,150.0,15.0,post_relu_mean,28.02631378173828,-28.02631378173828,2.7775745391845703,0.12229564785957336,0.24333658814430237,91.28379821777344,0.04533119604405879,-0.03390253176739576,1.958813616249226,1.9016289001703262,False
10,wave_feature_stage1.0.wave_feature_conv2,5,15,1000,0.002,150.0,15.0,post_relu_mean,57.15519332885742,-57.15519332885742,5.798759937286377,0.21265029907226562,0.47601115703582764,54.09409523010254,0.10380317192135517,-0.01757174237101861,1.0153131283601335,1.9541635644435882,False
10,wave_feature_stage1.0.wave_feature_conv2,5,15,1000,0.002,150.0,15.0,post_relu_mean,105.09561157226562,-105.09561157226562,11.568643569946289,0.3701208829879761,0.9954148530960083,49.60225868225098,0.12109550899102933,-0.025694237288965218,1.4835167376217366,1.9305283457040787,False
10,wave_feature_stage1.0.wave_feature_conv2,5,15,1000,0.002,150.0,30.0,post_relu_mean,23.245162963867188,-23.245162963867188,2.3050448894500732,0.10332859307527542,0.16762307286262512,109.31858825683594,0.05398391655724205,-0.041752176242588895,2.4129772876401954,1.9478625905513764,False
10,wave_feature_stage1.0.wave_feature_conv2,5,15,1000,0.002,150.0,30.0,post_relu_mean,45.88893508911133,-45.88893508911133,4.613894462585449,0.17077814042568207,0.2983562648296356,69.84669589996338,0.08252452802811884,-0.024127684542201676,1.3944012311405078,1.981833004951477,False
10,wave_feature_stage1.0.wave_feature_conv2,5,15,1000,0.002,150.0,30.0,post_relu_mean,88.78355407714844,-88.78355407714844,9.628396034240723,0.31014692783355713,0.6381723880767822,56.63682174682617,0.10078049661126603,-0.025893046504190713,1.4952325649838363,1.9228029370307922,False
10,wave_feature_stage1.0.wave_feature_conv2,8,15,1000,0.002,10.0,5.0,post_relu_mean,103.22028350830078,-103.22028350830078,4.584526538848877,1.543675422668457,1.259009599685669,122.21535110473633,0.3498423852279101,-0.056446031407209135,3.2591305569097053,0.6105216339230537,False
10,wave_feature_stage1.0.wave_feature_conv2,8,15,1000,0.002,10.0,5.0,post_relu_mean,158.81727600097656,-158.81727600097656,9.445161819458008,2.0180306434631348,2.2260799407958984,112.7946548461914,0.12817500648273125,-0.08415909927014532,4.8590844199244865,0.6405310881137848,False
10,wave_feature_stage1.0.wave_feature_conv2,8,15,1000,0.002,10.0,5.0,post_relu_mean,218.77871704101562,-218.77871704101562,19.905488967895508,2.428690195083618,3.446248769760132,146.6223850250244,0.03814818507519153,-0.14958162710438302,8.636014844082158,0.8760445627570153,False
10,wave_feature_stage1.0.wave_feature_conv2,8,15,1000,0.002,10.0,15.0,post_relu_mean,86.72779846191406,-86.72779846191406,3.8086087703704834,1.2898650169372559,0.8450658917427063,120.72202682495117,0.38089794580085967,-0.04438479233546277,2.563561587844516,0.5830589908361435,False
10,wave_feature_stage1.0.wave_feature_conv2,8,15,1000,0.002,10.0,15.0,post_relu_mean,136.99078369140625,-136.99078369140625,7.89225435256958,1.7282769680023193,1.4959615468978882,101.40403366088867,0.17382196556280038,-0.057000605546640416,3.2916296679539974,0.5527387735247612,False
10,wave_feature_stage1.0.wave_feature_conv2,8,15,1000,0.002,10.0,15.0,post_relu_mean,201.22213745117188,-201.22213745117188,18.05769920349121,2.172808885574341,2.4886128902435303,124.45727920532227,0.010858869251908846,-0.11074214976788603,6.393657048448022,0.7490516299009323,False
10,wave_feature_stage1.0.wave_feature_conv2,8,15,1000,0.002,10.0,30.0,post_relu_mean,69.32403564453125,-69.32403564453125,3.0579135417938232,1.020533561706543,0.5230652689933777,127.12678813934326,0.41501073610791583,-0.03815818931750111,2.2052425064342667,0.6059664872288704,False
10,wave_feature_stage1.0.wave_feature_conv2,8,15,1000,0.002,10.0,30.0,post_relu_mean,108.5561294555664,-108.5561294555664,6.218440532684326,1.3475795984268188,0.8730521202087402,98.01751327514648,0.2266066023321459,-0.04176173471147386,2.411942244763326,0.5131789594888687,False
10,wave_feature_stage1.0.wave_feature_conv2,8,15,1000,0.002,10.0,30.0,post_relu_mean,174.219970703125,-174.219970703125,15.697437286376953,1.8056732416152954,1.5840760469436646,109.91787338256836,0.06233750110399873,-0.08016135657297682,4.630199770584283,0.6412459492683411,False
10,wave_feature_stage1.0.wave_feature_conv2,8,15,1000,0.002,50.0,5.0,post_relu_mean,42.21539306640625,-42.21539306640625,2.754896640777588,0.3706611394882202,0.46905046701431274,98.81202220916748,0.3517992889917711,-0.02446544441146467,1.415632874215796,0.6558329239487648,False
10,wave_feature_stage1.0.wave_feature_conv2,8,15,1000,0.002,50.0,5.0,post_relu_mean,77.8990707397461,-77.8990707397461,5.971389293670654,0.5880711078643799,0.9749299883842468,64.7295732498169,0.16890574724632773,-0.023060136926082078,1.3319174883692526,0.5688945400714874,False
10,wave_feature_stage1.0.wave_feature_conv2,8,15,1000,0.002,50.0,5.0,post_relu_mean,136.24522399902344,-136.24522399902344,14.45206069946289,0.952031135559082,2.0171356201171875,71.82499265670776,0.03547908369326764,-0.05967684904078625,3.445415027309602,0.6616173768043518,False
10,wave_feature_stage1.0.wave_feature_conv2,8,15,1000,0.002,50.0,15.0,post_relu_mean,33.83333206176758,-33.83333206176758,2.2697372436523438,0.30356520414352417,0.298324316740036,107.58955478668213,0.36541092044138845,-0.02821094503211733,1.631539079305191,0.7028454828262329,False
10,wave_feature_stage1.0.wave_feature_conv2,8,15,1000,0.002,50.0,15.0,post_relu_mean,61.3624153137207,-61.3624153137207,4.6590118408203125,0.4693019986152649,0.5482861399650574,68.42644214630127,0.19020680700185294,-0.02030637069518466,1.1734615489155737,0.5772210192680359,False
10,wave_feature_stage1.0.wave_feature_conv2,8,15,1000,0.002,50.0,15.0,post_relu_mean,118.52647399902344,-118.52647399902344,12.4620361328125,0.8152866363525391,1.2861287593841553,64.81005668640137,0.05821792606226683,-0.045947127150888424,2.6528941730181748,0.6181291231513023,False
10,wave_feature_stage1.0.wave_feature_conv2,8,15,1000,0.002,50.0,30.0,post_relu_mean,26.9154052734375,-26.9154052734375,1.882692575454712,0.2487480342388153,0.18890470266342163,122.71489429473877,0.39046397425979823,-0.03350798662806955,1.9386280237821927,0.7710886299610138,False
10,wave_feature_stage1.0.wave_feature_conv2,8,15,1000,0.002,50.0,30.0,post_relu_mean,46.09742736816406,-46.09742736816406,3.547027111053467,0.358072966337204,0.2969020903110504,80.22428703308105,0.2255907917689617,-0.02184222868124918,1.2639056997717926,0.6091240882873535,False
10,wave_feature_stage1.0.wave_feature_conv2,8,15,1000,0.002,50.0,30.0,post_relu_mean,97.10379791259766,-97.10379791259766,10.253870964050293,0.6584947109222412,0.72383713722229,67.63618850708008,0.09693201899784172,-0.03660618378986773,2.113722479011534,0.5989789766073227,False
10,wave_feature_stage1.0.wave_feature_conv2,8,15,1000,0.002,150.0,5.0,post_relu_mean,19.49469757080078,-19.49469757080078,2.3733553886413574,0.10215643048286438,0.3384837806224823,129.8985652923584,0.1804614170200859,-0.04249315696011907,2.455964117563759,1.830979283452034,False
10,wave_feature_stage1.0.wave_feature_conv2,8,15,1000,0.002,150.0,5.0,post_relu_mean,26.416976928710938,-26.416976928710938,3.5163793563842773,0.13006630539894104,0.49105527997016907,83.96492004394531,0.028522903424472487,-0.025645713327634313,1.4819835350710109,1.8529743194580077,False
10,wave_feature_stage1.0.wave_feature_conv2,8,15,1000,0.002,150.0,5.0,post_relu_mean,39.69131851196289,-39.69131851196289,6.518435478210449,0.2004760205745697,0.7741955518722534,53.07896184921265,0.11040544689553174,-0.015464442486542341,0.8941446148773882,1.9301428031921386,False
10,wave_feature_stage1.0.wave_feature_conv2,8,15,1000,0.002,150.0,15.0,post_relu_mean,17.06963348388672,-17.06963348388672,2.1101629734039307,0.09168078005313873,0.2600904107093811,140.55064582824707,0.1992751639680275,-0.047105346938044364,2.7221927853173686,1.8605410474538804,False
10,wave_feature_stage1.0.wave_feature_conv2,8,15,1000,0.002,150.0,15.0,post_relu_mean,22.237571716308594,-22.237571716308594,2.966789722442627,0.11004939675331116,0.3510015904903412,93.80906867980957,0.035226896491461414,-0.03006288535237483,1.7371473803184536,1.8851376926898957,False
10,wave_feature_stage1.0.wave_feature_conv2,8,15,1000,0.002,150.0,15.0,post_relu_mean,33.020050048828125,-33.020050048828125,5.36159610748291,0.16578632593154907,0.5329428315162659,59.72764587402344,0.10377932116734684,-0.01689276054151721,0.9762936357728809,1.9542838990688325,False
10,wave_feature_stage1.0.wave_feature_conv2,8,15,1000,0.002,150.0,30.0,post_relu_mean,14.612834930419922,-14.612834930419922,1.8540785312652588,0.08195251226425171,0.18781150877475739,157.00518035888672,0.22575141845661065,-0.05390781267258123,3.1160800257849433,1.9222898465394973,False
10,wave_feature_stage1.0.wave_feature_conv2,8,15,1000,0.002,150.0,30.0,post_relu_mean,17.951316833496094,-17.951316833496094,2.46647047996521,0.09113860130310059,0.23281608521938324,109.76580047607422,0.058640618157683004,-0.03628223499013989,2.0970880141885866,1.9245033657550812,False
10,wave_feature_stage1.0.wave_feature_conv2,8,15,1000,0.002,150.0,30.0,post_relu_mean,26.21173667907715,-26.21173667907715,4.294404029846191,0.13062278926372528,0.3296727240085602,73.98924350738525,0.08127282637507867,-0.022279491088381946,1.2875391448329374,1.9898223173618317,False
10,wave_feature_stage1.0.wave_feature_conv2,19,15,1000,0.002,10.0,5.0,post_relu_mean,22.073692321777344,-22.073692321777344,2.611459732055664,0.45989978313446045,0.2563764750957489,77.06671714782715,0.3242167307273899,-0.021588831957127057,1.2476779863469067,0.4435227389633656,False
10,wave_feature_stage1.0.wave_feature_conv2,19,15,1000,0.002,10.0,5.0,post_relu_mean,119.11894226074219,-119.11894226074219,14.163543701171875,1.5065972805023193,1.3186744451522827,59.521358489990234,0.16654154067152502,-0.03412096592345151,1.9700319009775378,0.3613589932024479,False
10,wave_feature_stage1.0.wave_feature_conv2,19,15,1000,0.002,10.0,5.0,post_relu_mean,238.77857971191406,-238.77857971191406,32.91585159301758,2.6959567070007324,3.6329808235168457,150.33052825927734,0.040736002315083494,-0.14692190740361158,8.482586970424727,0.8611693653464317,False
10,wave_feature_stage1.0.wave_feature_conv2,19,15,1000,0.002,10.0,15.0,post_relu_mean,18.267229080200195,-18.267229080200195,2.2135324478149414,0.36976903676986694,0.1753644049167633,87.87506771087646,0.33158212822429306,-0.025424270018323872,1.469769227140339,0.49693545773625375,False
10,wave_feature_stage1.0.wave_feature_conv2,19,15,1000,0.002,10.0,15.0,post_relu_mean,93.72693634033203,-93.72693634033203,11.026391983032227,1.152738094329834,0.7295778393745422,60.08622741699219,0.19386038214176204,-0.02541930532416104,1.467846031269838,0.3371388258039951,False
10,wave_feature_stage1.0.wave_feature_conv2,19,15,1000,0.002,10.0,15.0,post_relu_mean,220.7390594482422,-220.7390594482422,29.930063247680664,2.3997788429260254,2.5879299640655518,128.66733074188232,0.025078708717188807,-0.10839773306992893,6.259255625044456,0.7188213068246841,False
10,wave_feature_stage1.0.wave_feature_conv2,19,15,1000,0.002,10.0,30.0,post_relu_mean,15.74106216430664,-15.74106216430664,1.9392553567886353,0.3086775839328766,0.13071636855602264,104.03579139709473,0.3506938020886534,-0.03096358210346862,1.7906265118635962,0.5818141308426857,False
10,wave_feature_stage1.0.wave_feature_conv2,19,15,1000,0.002,10.0,30.0,post_relu_mean,67.8068618774414,-67.8068618774414,7.9297895431518555,0.8309840559959412,0.38584059476852417,68.85938262939453,0.23267478578284606,-0.021192308507587566,1.2244771940955665,0.3546406950056553,False
10,wave_feature_stage1.0.wave_feature_conv2,19,15,1000,0.002,10.0,30.0,post_relu_mean,188.77745056152344,-188.77745056152344,25.411264419555664,1.9588580131530762,1.6540782451629639,111.45457077026367,0.08023251902148902,-0.07295165743248808,4.214248665342471,0.5847952342033387,False
10,wave_feature_stage1.0.wave_feature_conv2,19,15,1000,0.002,50.0,5.0,post_relu_mean,11.575897216796875,-11.575897216796875,1.949598789215088,0.12486667931079865,0.1574215292930603,90.48973846435547,0.27121502963727057,-0.03385906424765954,1.956031107166549,0.7271945905685425,False
10,wave_feature_stage1.0.wave_feature_conv2,19,15,1000,0.002,50.0,5.0,post_relu_mean,35.04452133178711,-35.04452133178711,5.137404441833496,0.2610622048377991,0.38315463066101074,45.71985626220703,0.13765935853680908,-0.012114636896073764,0.7003861981844256,0.5589988169074058,False
10,wave_feature_stage1.0.wave_feature_conv2,19,15,1000,0.002,50.0,5.0,post_relu_mean,146.33209228515625,-146.33209228515625,22.249399185180664,1.049389123916626,1.9151616096496582,70.08145523071289,0.0363251739311808,-0.06886623883259894,3.9759533507489615,0.6654543936252594,False
10,wave_feature_stage1.0.wave_feature_conv2,19,15,1000,0.002,50.0,15.0,post_relu_mean,10.347643852233887,-10.347643852233887,1.7504503726959229,0.11230102181434631,0.12053367495536804,101.94317054748535,0.2833247258092176,-0.03846345118407699,2.222633927292979,0.7806828060746193,False
10,wave_feature_stage1.0.wave_feature_conv2,19,15,1000,0.002,50.0,15.0,post_relu_mean,26.879762649536133,-26.879762649536133,3.9312875270843506,0.2021169364452362,0.2198009341955185,56.234527587890625,0.15485926980263645,-0.016886454866678672,0.975944370030613,0.5874215427041054,False
10,wave_feature_stage1.0.wave_feature_conv2,19,15,1000,0.002,50.0,15.0,post_relu_mean,128.67237854003906,-128.67237854003906,19.094945907592773,0.899702787399292,1.2112820148468018,65.5499095916748,0.05498521700601257,-0.05482992269947588,3.165573644929932,0.6115148305892945,False
10,wave_feature_stage1.0.wave_feature_conv2,19,15,1000,0.002,50.0,30.0,post_relu_mean,9.545422554016113,-9.545422554016113,1.6357144117355347,0.10444711148738861,0.097564198076725,118.18630599975586,0.3126980994925874,-0.04270825110309386,2.4685662633692353,0.8487617748975754,False
10,wave_feature_stage1.0.wave_feature_conv2,19,15,1000,0.002,50.0,30.0,post_relu_mean,21.434345245361328,-21.434345245361328,3.1535379886627197,0.16441389918327332,0.14074847102165222,72.26179885864258,0.18970685141685123,-0.021845624263222403,1.26346949237246,0.6287372803688049,False
10,wave_feature_stage1.0.wave_feature_conv2,19,15,1000,0.002,50.0,30.0,post_relu_mean,105.35657501220703,-105.35657501220703,15.53852367401123,0.7257776856422424,0.7099137306213379,67.98283386230469,0.09892249232324737,-0.04178805815255321,2.4140685986465846,0.5731160897016525,False
10,wave_feature_stage1.0.wave_feature_conv2,19,15,1000,0.002,150.0,5.0,post_relu_mean,9.885936737060547,-9.885936737060547,2.2416563034057617,0.08626164495944977,0.20955906808376312,125.052001953125,0.13252790548978102,-0.050146295815999074,2.8975589472542844,1.8543756979703903,False
10,wave_feature_stage1.0.wave_feature_conv2,19,15,1000,0.002,150.0,5.0,post_relu_mean,17.22359275817871,-17.22359275817871,3.7239246368408203,0.12343776226043701,0.3304835259914398,75.89653396606445,0.049475341259177234,-0.027181861872863644,1.5705379491764302,1.8733356899023057,False
10,wave_feature_stage1.0.wave_feature_conv2,19,15,1000,0.002,150.0,5.0,post_relu_mean,35.100833892822266,-35.100833892822266,7.985200881958008,0.22349318861961365,0.6731869578361511,44.399147033691406,0.07928496665999199,-0.011206035045371144,0.6474669079085219,1.822439094185829,False
10,wave_feature_stage1.0.wave_feature_conv2,19,15,1000,0.002,150.0,15.0,post_relu_mean,8.832310676574707,-8.832310676574707,2.011369466781616,0.07848738133907318,0.16444391012191772,137.13134384155273,0.1489685454246655,-0.0560265872920703,3.2375883799004654,1.901374552845955,False
10,wave_feature_stage1.0.wave_feature_conv2,19,15,1000,0.002,150.0,15.0,post_relu_mean,14.479898452758789,-14.479898452758789,3.1318519115448,0.1050507128238678,0.23633432388305664,88.06148147583008,0.040415804656740696,-0.03299928610085066,1.9063318717346744,1.8735617464780807,False
10,wave_feature_stage1.0.wave_feature_conv2,19,15,1000,0.002,150.0,15.0,post_relu_mean,29.408817291259766,-29.408817291259766,6.5728302001953125,0.18563547730445862,0.45342403650283813,53.445552825927734,0.07039925767840569,-0.01657181119521847,0.957406975578633,1.835439563393593,False
10,wave_feature_stage1.0.wave_feature_conv2,19,15,1000,0.002,150.0,30.0,post_relu_mean,8.008909225463867,-8.008909225463867,1.8230030536651611,0.072445347905159,0.12677326798439026,154.3855972290039,0.17754289331325654,-0.061335464009177894,3.5445913916588174,1.9479538255929947,False
10,wave_feature_stage1.0.wave_feature_conv2,19,15,1000,0.002,150.0,30.0,post_relu_mean,11.999247550964355,-11.999247550964355,2.602774143218994,0.0889698714017868,0.16159623861312866,105.95970344543457,0.0525839889616219,-0.04024087490023706,2.3251352652285555,1.903309280872345,False
10,wave_feature_stage1.0.wave_feature_conv2,19,15,1000,0.002,150.0,30.0,post_relu_mean,23.347158432006836,-23.347158432006836,5.15419340133667,0.14753994345664978,0.2808416485786438,69.51720237731934,0.049863801950254576,-0.02328829421130158,1.3454170719089746,1.8537022244930268,False
14,wave_feature_stage1.1.wave_feature_conv1,18,15,1000,0.002,10.0,5.0,post_relu_mean,255.4768524169922,-255.4768524169922,10.996817588806152,2.218078136444092,1.9569324254989624,168.69261169433594,0.26239923744895544,-0.13664481071827517,7.889329130911679,1.2300993835926055,False
14,wave_feature_stage1.1.wave_feature_conv1,18,15,1000,0.002,10.0,5.0,post_relu_mean,360.54974365234375,-360.54974365234375,22.255903244018555,2.448942184448242,3.0124435424804688,198.7250919342041,0.07966056188215824,-0.18887205647624714,10.90474371244644,1.5932037580013274,False
14,wave_feature_stage1.1.wave_feature_conv1,18,15,1000,0.002,10.0,5.0,post_relu_mean,409.6004943847656,-409.6004943847656,32.59553146362305,2.43560791015625,3.7523202896118164,269.97946548461914,0.11242371333043295,-0.2636713664118458,15.222908153184104,2.1935297322273253,False
14,wave_feature_stage1.1.wave_feature_conv1,18,15,1000,0.002,10.0,15.0,post_relu_mean,237.06027221679688,-237.06027221679688,9.795327186584473,2.035947561264038,1.55832040309906,161.60491943359375,0.2911216856583331,-0.1205420075229664,6.959426129057757,1.1627681452035903,False
14,wave_feature_stage1.1.wave_feature_conv1,18,15,1000,0.002,10.0,15.0,post_relu_mean,338.4581298828125,-338.4581298828125,20.398714065551758,2.298208236694336,2.440765619277954,176.9603157043457,0.09622110414899354,-0.15588728711671773,9.000127948943497,1.4921126145124435,False
14,wave_feature_stage1.1.wave_feature_conv1,18,15,1000,0.002,10.0,15.0,post_relu_mean,395.1883544921875,-395.1883544921875,30.95316505432129,2.3675174713134766,3.199814796447754,239.73779296875,0.08730741605759222,-0.22386220990516212,12.92453848680942,2.0707113945484164,False
14,wave_feature_stage1.1.wave_feature_conv1,18,15,1000,0.002,10.0,30.0,post_relu_mean,209.92706298828125,-209.92706298828125,8.331517219543457,1.782497525215149,1.1325017213821411,157.6683120727539,0.33277600606798563,-0.10235051243426622,5.90918153290136,1.1102336782217026,False
14,wave_feature_stage1.1.wave_feature_conv1,18,15,1000,0.002,10.0,30.0,post_relu_mean,305.705078125,-305.705078125,17.737545013427734,2.0682783126831055,1.7974145412445068,159.12566757202148,0.1262357498065232,-0.13051588890048785,7.5353019788116224,1.4054410767555237,False
14,wave_feature_stage1.1.wave_feature_conv1,18,15,1000,0.002,10.0,30.0,post_relu_mean,369.6242370605469,-369.6242370605469,28.609560012817383,2.1981301307678223,2.5100972652435303,207.5296859741211,0.06170247592047521,-0.17779858422012915,10.265216754034423,1.9360324156284332,False
14,wave_feature_stage1.1.wave_feature_conv1,18,15,1000,0.002,50.0,5.0,post_relu_mean,168.92823791503906,-168.92823791503906,9.166790962219238,0.8773595690727234,1.102623701095581,101.48039245605469,0.3310493511485007,-0.0431189092062316,2.4897577051927815,1.003795826435089,False
14,wave_feature_stage1.1.wave_feature_conv1,18,15,1000,0.002,50.0,5.0,post_relu_mean,277.75372314453125,-277.75372314453125,20.30562400817871,1.090165615081787,2.25295352935791,117.91080045700073,0.1444813957391271,-0.08692863447188905,5.018768730883647,1.3196977859735488,False
14,wave_feature_stage1.1.wave_feature_conv1,18,15,1000,0.002,50.0,5.0,post_relu_mean,345.99664306640625,-345.99664306640625,30.66511344909668,1.2364656925201416,3.2816710472106934,191.6438331604004,0.06840357985739982,-0.1748251084359384,10.093407802817875,1.8845909637212754,False
14,wave_feature_stage1.1.wave_feature_conv1,18,15,1000,0.002,50.0,15.0,post_relu_mean,148.5551300048828,-148.5551300048828,7.901809215545654,0.7687296867370605,0.8091111183166504,103.64786338806152,0.34959519620483653,-0.04023252679877331,2.3232066282291517,0.9889535027742385,False
14,wave_feature_stage1.1.wave_feature_conv1,18,15,1000,0.002,50.0,15.0,post_relu_mean,251.82855224609375,-251.82855224609375,18.0340633392334,0.996080756187439,1.7004985809326172,104.88779258728027,0.16217515202713054,-0.0656180098426411,3.7884305650256183,1.2534039497375489,False
14,wave_feature_stage1.1.wave_feature_conv1,18,15,1000,0.002,50.0,15.0,post_relu_mean,329.8601989746094,-329.8601989746094,28.762487411499023,1.1784557104110718,2.6894307136535645,167.46022033691406,0.06719883529960526,-0.14182027406062347,8.187896456662566,1.8018494534492493,False
14,wave_feature_stage1.1.wave_feature_conv1,18,15,1000,0.002,50.0,30.0,post_relu_mean,124.83902740478516,-124.83902740478516,6.46939754486084,0.6484410762786865,0.5485178828239441,112.57566452026367,0.3696438401185956,-0.03991306720934778,2.3064388013302124,1.0168559712171554,False
14,wave_feature_stage1.1.wave_feature_conv1,18,15,1000,0.002,50.0,30.0,post_relu_mean,221.3692626953125,-221.3692626953125,15.276894569396973,0.873393714427948,1.1571898460388184,101.76471710205078,0.18444012451969796,-0.06014117259288292,3.472224057491784,1.2265722799301146,False
14,wave_feature_stage1.1.wave_feature_conv1,18,15,1000,0.002,50.0,30.0,post_relu_mean,304.53875732421875,-304.53875732421875,26.108633041381836,1.0952343940734863,1.9995297193527222,145.93347930908203,0.06968510804988039,-0.11506476180047201,6.643193790728647,1.717242020368576,False
14,wave_feature_stage1.1.wave_feature_conv1,18,15,1000,0.002,150.0,5.0,post_relu_mean,87.62124633789062,-87.62124633789062,7.064670562744141,0.21880920231342316,0.5457524061203003,101.15495872497559,0.2590713078918073,-0.029053998789926407,1.6785447375007438,1.7739627093076706,False
14,wave_feature_stage1.1.wave_feature_conv1,18,15,1000,0.002,150.0,5.0,post_relu_mean,160.64697265625,-160.64697265625,14.584147453308105,0.3336297869682312,1.2278927564620972,85.12996101379395,0.15162748075851085,-0.028325048893129066,1.6354638756441313,1.8372411191463471,False
14,wave_feature_stage1.1.wave_feature_conv1,18,15,1000,0.002,150.0,5.0,post_relu_mean,230.05728149414062,-230.05728149414062,23.530588150024414,0.45756402611732483,2.121539831161499,127.95773077011108,0.0827079884409354,-0.08579988481760077,4.953598239942066,2.081042407751083,False
14,wave_feature_stage1.1.wave_feature_conv1,18,15,1000,0.002,150.0,15.0,post_relu_mean,76.58578491210938,-76.58578491210938,6.171965599060059,0.1930098831653595,0.4183545708656311,110.45271110534668,0.2672560428798362,-0.03480648697964886,2.0111422401701877,1.8098971396684647,False
14,wave_feature_stage1.1.wave_feature_conv1,18,15,1000,0.002,150.0,15.0,post_relu_mean,143.02908325195312,-143.02908325195312,12.878999710083008,0.2956889867782593,0.9426230192184448,84.8118724822998,0.16373057571106953,-0.02464000231111201,1.423226984822397,1.8333110243082047,False
14,wave_feature_stage1.1.wave_feature_conv1,18,15,1000,0.002,150.0,15.0,post_relu_mean,213.5931396484375,-213.5931396484375,21.740276336669922,0.4192142188549042,1.729027509689331,114.7914810180664,0.08887488296922713,-0.06660643389101083,3.8454959300427713,2.0469338542222975,False
14,wave_feature_stage1.1.wave_feature_conv1,18,15,1000,0.002,150.0,30.0,post_relu_mean,64.72187042236328,-64.72187042236328,5.222719669342041,0.166723370552063,0.29691165685653687,126.01642608642578,0.2860368599982491,-0.043853357593018824,2.533586098767228,1.852686080932617,False
14,wave_feature_stage1.1.wave_feature_conv1,18,15,1000,0.002,150.0,30.0,post_relu_mean,121.36180114746094,-121.36180114746094,10.834872245788574,0.25006353855133057,0.6529051065444946,91.38546562194824,0.17879572641426505,-0.02589368667837149,1.4958865425795025,1.834128366112709,False
14,wave_feature_stage1.1.wave_feature_conv1,18,15,1000,0.002,150.0,30.0,post_relu_mean,189.43450927734375,-189.43450927734375,19.152000427246094,0.36653658747673035,1.276947259902954,105.37398529052734,0.10177994831888243,-0.05101295634846008,2.9453535709228476,2.009701385498047,False
14,wave_feature_stage1.1.wave_feature_conv1,2,15,1000,0.002,10.0,5.0,post_relu_mean,298.9095764160156,-298.9095764160156,12.777280807495117,2.201597213745117,2.1393303871154785,204.02296447753906,0.28643343937435667,-0.14290401228994346,8.251051539841821,1.3238097786903382,False
14,wave_feature_stage1.1.wave_feature_conv1,2,15,1000,0.002,10.0,5.0,post_relu_mean,395.5119934082031,-395.5119934082031,20.84645652770996,2.63737154006958,3.1004295349121094,247.58547258377075,0.05966053344228994,-0.22696567953978514,13.103846254831216,1.6968793964385986,False
14,wave_feature_stage1.1.wave_feature_conv1,2,15,1000,0.002,10.0,5.0,post_relu_mean,438.63720703125,-438.63720703125,29.810625076293945,2.833195686340332,3.806993007659912,305.7074737548828,0.09838178679863639,-0.3059932341432925,17.666340463972347,2.153427065610886,False
14,wave_feature_stage1.1.wave_feature_conv1,2,15,1000,0.002,10.0,15.0,post_relu_mean,275.80108642578125,-275.80108642578125,11.651355743408203,2.019049644470215,1.7293987274169922,189.8377227783203,0.3262447286077643,-0.11299377543833429,6.524932817173514,1.2291259026527406,False
14,wave_feature_stage1.1.wave_feature_conv1,2,15,1000,0.002,10.0,15.0,post_relu_mean,375.06842041015625,-375.06842041015625,19.462974548339844,2.4782323837280273,2.5795586109161377,223.54228496551514,0.08428732329574652,-0.18480055114704896,10.669562405518045,1.569601165652275,False
14,wave_feature_stage1.1.wave_feature_conv1,2,15,1000,0.002,10.0,15.0,post_relu_mean,424.2893981933594,-424.2893981933594,28.300451278686523,2.729663848876953,3.2832889556884766,274.7736625671387,0.06060180939987692,-0.25701264714082456,14.83851435843777,2.005602741241455,False
14,wave_feature_stage1.1.wave_feature_conv1,2,15,1000,0.002,10.0,30.0,post_relu_mean,245.85244750976562,-245.85244750976562,10.212843894958496,1.771172046661377,1.2839734554290771,180.79895782470703,0.369059238891934,-0.08940823594976471,5.1640118207183745,1.17907968044281,False
14,wave_feature_stage1.1.wave_feature_conv1,2,15,1000,0.002,10.0,30.0,post_relu_mean,342.90020751953125,-342.90020751953125,17.516223907470703,2.2279727458953857,1.9819691181182861,199.4689598083496,0.13061564881474821,-0.14214355084218902,8.207688668875774,1.4428779137134553,False
14,wave_feature_stage1.1.wave_feature_conv1,2,15,1000,0.002,10.0,30.0,post_relu_mean,399.3685607910156,-399.3685607910156,26.125185012817383,2.5091493129730225,2.6171066761016846,241.59357070922852,0.027278234403281483,-0.20690117338382674,11.945913945144834,1.865145680308342,False
14,wave_feature_stage1.1.wave_feature_conv1,2,15,1000,0.002,50.0,5.0,post_relu_mean,218.67762756347656,-218.67762756347656,10.127573013305664,1.069878339767456,1.390965461730957,141.00375747680664,0.35326322211317757,-0.07218270113487303,4.167694005723375,1.0655212980508804,False
14,wave_feature_stage1.1.wave_feature_conv1,2,15,1000,0.002,50.0,5.0,post_relu_mean,318.06256103515625,-318.06256103515625,17.86845588684082,1.4527156352996826,2.3641061782836914,160.89735794067383,0.12722412555995033,-0.13031963182159084,7.524077520192727,1.3481134098768235,False
14,wave_feature_stage1.1.wave_feature_conv1,2,15,1000,0.002,50.0,5.0,post_relu_mean,370.9433288574219,-370.9433288574219,27.10389518737793,1.7338147163391113,3.1922435760498047,203.88711166381836,0.06357261402920283,-0.18939052467629441,10.934385645749247,1.7842413151264191,False
14,wave_feature_stage1.1.wave_feature_conv1,2,15,1000,0.002,50.0,15.0,post_relu_mean,197.1014404296875,-197.1014404296875,8.965314865112305,0.9657474756240845,1.0644145011901855,138.3281135559082,0.3783881913641826,-0.058806525839606244,3.3976045090804123,1.031305007636547,False
14,wave_feature_stage1.1.wave_feature_conv1,2,15,1000,0.002,50.0,15.0,post_relu_mean,294.9906005859375,-294.9906005859375,16.2137508392334,1.3497650623321533,1.8689863681793213,146.1149959564209,0.15301040514828343,-0.103045586219993,5.949825951512708,1.2763762384653092,False
14,wave_feature_stage1.1.wave_feature_conv1,2,15,1000,0.002,50.0,15.0,post_relu_mean,354.855224609375,-354.855224609375,25.09978485107422,1.6633241176605225,2.6289610862731934,180.93724822998047,0.054389625469466976,-0.1591730544873424,9.18981113140096,1.6814158046245575,False
14,wave_feature_stage1.1.wave_feature_conv1,2,15,1000,0.002,50.0,30.0,post_relu_mean,168.3830108642578,-168.3830108642578,7.614965915679932,0.827216386795044,0.7401891946792603,140.42450141906738,0.4150502085610902,-0.04856662336815988,2.8069279152916997,1.0214442154765129,False
14,wave_feature_stage1.1.wave_feature_conv1,2,15,1000,0.002,50.0,30.0,post_relu_mean,260.5643005371094,-260.5643005371094,14.126224517822266,1.1916524171829224,1.3363181352615356,134.60144805908203,0.18964318311680414,-0.07893398322392449,4.5573551063225155,1.205784295797348,False
14,wave_feature_stage1.1.wave_feature_conv1,2,15,1000,0.002,50.0,30.0,post_relu_mean,327.4413146972656,-327.4413146972656,22.593570709228516,1.526695728302002,1.992750883102417,159.13710021972656,0.056835907045998266,-0.12274765116503403,7.087083595554031,1.5911059433221817,False
14,wave_feature_stage1.1.wave_feature_conv1,2,15,1000,0.002,150.0,5.0,post_relu_mean,100.18704986572266,-100.18704986572266,6.261081695556641,0.26331135630607605,0.6396474838256836,125.06128406524658,0.2552774460662951,-0.03946144257608916,2.2819122287779643,1.7260809314250947,False
14,wave_feature_stage1.1.wave_feature_conv1,2,15,1000,0.002,150.0,5.0,post_relu_mean,155.47210693359375,-155.47210693359375,10.747350692749023,0.4085234999656677,1.1532007455825806,97.45360565185547,0.11632002566498979,-0.04497357567243777,2.597122095022112,1.7462710410356521,False
14,wave_feature_stage1.1.wave_feature_conv1,2,15,1000,0.002,150.0,5.0,post_relu_mean,210.1142120361328,-210.1142120361328,18.350740432739258,0.5900894403457642,1.8625309467315674,102.76642417907715,0.07524732522887034,-0.06503144973414986,3.75457704321903,1.9028231984376907,False
14,wave_feature_stage1.1.wave_feature_conv1,2,15,1000,0.002,150.0,15.0,post_relu_mean,88.8603515625,-88.8603515625,5.549893856048584,0.23482021689414978,0.49544164538383484,131.9695701599121,0.26869162172535455,-0.04186442304442545,2.420570872925264,1.7557324570417405,False
14,wave_feature_stage1.1.wave_feature_conv1,2,15,1000,0.002,150.0,15.0,post_relu_mean,139.5362548828125,-139.5362548828125,9.513630867004395,0.365307092666626,0.8894836902618408,97.67538833618164,0.1274430215025975,-0.03829982963281052,2.211859375530674,1.7390662491321565,False
14,wave_feature_stage1.1.wave_feature_conv1,2,15,1000,0.002,150.0,15.0,post_relu_mean,194.20864868164062,-194.20864868164062,16.519086837768555,0.5431563854217529,1.4762651920318604,93.98396301269531,0.07703311233942936,-0.05377715671052635,3.104881938278478,1.859575241804123,False
14,wave_feature_stage1.1.wave_feature_conv1,2,15,1000,0.002,150.0,30.0,post_relu_mean,75.71185302734375,-75.71185302734375,4.72955322265625,0.2029867172241211,0.35595864057540894,145.17660808563232,0.2939640402609315,-0.04672485802327935,2.701776152908593,1.7929289823770522,False
14,wave_feature_stage1.1.wave_feature_conv1,2,15,1000,0.002,150.0,30.0,post_relu_mean,120.10137176513672,-120.10137176513672,8.053135871887207,0.3138997554779053,0.6245461106300354,104.48417854309082,0.146835282527621,-0.03693903913378474,2.133510409295484,1.7606444311141969,False
14,wave_feature_stage1.1.wave_feature_conv1,2,15,1000,0.002,150.0,30.0,post_relu_mean,172.58975219726562,-172.58975219726562,14.174519538879395,0.48150575160980225,1.0583231449127197,90.97574615478516,0.0854371845596512,-0.04369050428424407,2.5225451927181757,1.8539263969659805,False
14,wave_feature_stage1.1.wave_feature_conv1,14,15,1000,0.002,10.0,5.0,post_relu_mean,229.92263793945312,-229.92263793945312,5.148904800415039,2.188633918762207,2.1386120319366455,242.3429946899414,0.4195095010231519,-0.1733310313558468,10.00771717687264,1.2709431010484695,False
14,wave_feature_stage1.1.wave_feature_conv1,14,15,1000,0.002,10.0,5.0,post_relu_mean,289.7348937988281,-289.7348937988281,9.843843460083008,2.4856417179107666,3.071943759918213,225.60406303405762,0.15705923503898944,-0.1956394759478362,11.295463830992398,1.2183281034231186,False
14,wave_feature_stage1.1.wave_feature_conv1,14,15,1000,0.002,10.0,5.0,post_relu_mean,339.07257080078125,-339.07257080078125,19.98313331604004,2.7302186489105225,4.148724555969238,239.40071296691895,0.008989640439518746,-0.23032903975828162,13.298113303382229,1.3025771272182465,False
14,wave_feature_stage1.1.wave_feature_conv1,14,15,1000,0.002,10.0,15.0,post_relu_mean,212.72987365722656,-212.72987365722656,4.523731708526611,2.0103864669799805,1.7480525970458984,228.73950958251953,0.46652064279051303,-0.14162536831670305,8.177416990666625,1.1706447798013686,False
14,wave_feature_stage1.1.wave_feature_conv1,14,15,1000,0.002,10.0,15.0,post_relu_mean,269.2281188964844,-269.2281188964844,8.618711471557617,2.287470817565918,2.477834701538086,202.4796371459961,0.2093502306591123,-0.15557388574606948,8.983154826862735,1.0736022692918779,False
14,wave_feature_stage1.1.wave_feature_conv1,14,15,1000,0.002,10.0,15.0,post_relu_mean,319.0539855957031,-319.0539855957031,18.297502517700195,2.52816104888916,3.3588032722473145,204.53269577026367,0.050540793974268534,-0.17640859884412144,10.185216960670239,1.1139453172683715,False
14,wave_feature_stage1.1.wave_feature_conv1,14,15,1000,0.002,10.0,30.0,post_relu_mean,187.79953002929688,-187.79953002929688,3.816438913345337,1.7692725658416748,1.302701711654663,217.05719757080078,0.5257707386244913,-0.11031198637059737,6.3708215661522,1.0745384228229522,False
14,wave_feature_stage1.1.wave_feature_conv1,14,15,1000,0.002,10.0,30.0,post_relu_mean,238.78573608398438,-238.78573608398438,7.2225518226623535,2.000525712966919,1.8005388975143433,181.66310119628906,0.27961307234403415,-0.11209764558841753,6.473657070244804,0.923761570751667,False
14,wave_feature_stage1.1.wave_feature_conv1,14,15,1000,0.002,10.0,30.0,post_relu_mean,288.62689208984375,-288.62689208984375,15.961463928222656,2.2465615272521973,2.45517635345459,172.60866165161133,0.11749065971384476,-0.12217437194810482,7.055378464920467,0.9165243455767631,False
14,wave_feature_stage1.1.wave_feature_conv1,14,15,1000,0.002,50.0,5.0,post_relu_mean,177.81878662109375,-177.81878662109375,4.859522819519043,1.2483543157577515,1.3630396127700806,174.93120193481445,0.49851370853733734,-0.08976431781743335,5.18369769581219,0.9893220940232277,False
14,wave_feature_stage1.1.wave_feature_conv1,14,15,1000,0.002,50.0,5.0,post_relu_mean,233.29629516601562,-233.29629516601562,9.32634162902832,1.4016978740692139,2.186265707015991,149.40462112426758,0.22996291960104082,-0.1122934500650572,6.483243843283796,0.9282902258634568,False
14,wave_feature_stage1.1.wave_feature_conv1,14,15,1000,0.002,50.0,5.0,post_relu_mean,278.7506103515625,-278.7506103515625,18.131309509277344,1.5361120700836182,3.18972110748291,154.6739158630371,0.05884915144256003,-0.145827217957518,8.419248328257709,1.010633537173271,False
14,wave_feature_stage1.1.wave_feature_conv1,14,15,1000,0.002,50.0,15.0,post_relu_mean,158.1967315673828,-158.1967315673828,4.182572364807129,1.1088032722473145,1.0428131818771362,171.31202697753906,0.5285596098029901,-0.07514847592135161,4.340306143962237,0.9544416880607605,False
14,wave_feature_stage1.1.wave_feature_conv1,14,15,1000,0.002,50.0,15.0,post_relu_mean,211.60240173339844,-211.60240173339844,7.977893829345703,1.2729613780975342,1.6469143629074097,138.20022583007812,0.26993409536334073,-0.08420277448388236,4.861922946867684,0.8364556029438972,False
14,wave_feature_stage1.1.wave_feature_conv1,14,15,1000,0.002,50.0,15.0,post_relu_mean,257.6978454589844,-257.6978454589844,16.0832576751709,1.412193775177002,2.455510377883911,132.06390953063965,0.0947322749817313,-0.10893187539840166,6.289322498500178,0.8777051615715027,False
14,wave_feature_stage1.1.wave_feature_conv1,14,15,1000,0.002,50.0,30.0,post_relu_mean,134.1913604736328,-134.1913604736328,3.48378849029541,0.9388244152069092,0.7287449240684509,173.19752311706543,0.5660922348564711,-0.06159969646414088,3.559663330511459,0.9404666197299957,False
14,wave_feature_stage1.1.wave_feature_conv1,14,15,1000,0.002,50.0,30.0,post_relu_mean,178.71055603027344,-178.71055603027344,6.477048873901367,1.0739457607269287,1.098172664642334,131.14616012573242,0.3221643324803355,-0.06594900785414838,3.8099427169157942,0.7710873246192932,False
14,wave_feature_stage1.1.wave_feature_conv1,14,15,1000,0.002,50.0,30.0,post_relu_mean,227.21278381347656,-227.21278381347656,13.974333763122559,1.2299596071243286,1.6761305332183838,115.97242546081543,0.14420959254512128,-0.07640750104217083,4.41336815980197,0.7516798254847527,False
14,wave_feature_stage1.1.wave_feature_conv1,14,15,1000,0.002,150.0,5.0,post_relu_mean,66.65303039550781,-66.65303039550781,3.92441725730896,0.30484598875045776,0.44313955307006836,140.53622436523438,0.3585674385782521,-0.042037099273047614,2.4292324555297315,1.725154651403427,False
14,wave_feature_stage1.1.wave_feature_conv1,14,15,1000,0.002,150.0,5.0,post_relu_mean,88.04224395751953,-88.04224395751953,6.5698561668396,0.349915087223053,0.7478302121162415,88.85221481323242,0.12071753076221607,-0.026908697584139774,1.5544132444021865,1.7278114819526673,False
14,wave_feature_stage1.1.wave_feature_conv1,14,15,1000,0.002,150.0,5.0,post_relu_mean,117.89200592041016,-117.89200592041016,11.973529815673828,0.4354809820652008,1.281172752380371,67.12870025634766,0.05347675815819525,-0.03215456010484734,1.856781421750894,1.785677495598793,False
14,wave_feature_stage1.1.wave_feature_conv1,14,15,1000,0.002,150.0,15.0,post_relu_mean,57.98487854003906,-57.98487854003906,3.4568326473236084,0.26780080795288086,0.3407677114009857,150.28768920898438,0.370308599390175,-0.047109921187227226,2.722194302138858,1.765974696278572,False
14,wave_feature_stage1.1.wave_feature_conv1,14,15,1000,0.002,150.0,15.0,post_relu_mean,77.1651611328125,-77.1651611328125,5.608122825622559,0.3087919354438782,0.5499348044395447,95.5252161026001,0.13575251287073353,-0.027759154060905667,1.6031190568443177,1.7302577602863312,False
14,wave_feature_stage1.1.wave_feature_conv1,14,15,1000,0.002,150.0,15.0,post_relu_mean,104.85216522216797,-104.85216522216797,10.398786544799805,0.3837224245071411,0.9507275223731995,66.65515518188477,0.04486848973204756,-0.027133624890037837,1.5671986174448145,1.7664693808555603,False
14,wave_feature_stage1.1.wave_feature_conv1,14,15,1000,0.002,150.0,30.0,post_relu_mean,49.221153259277344,-49.221153259277344,2.952080011367798,0.23092472553253174,0.24616576731204987,166.45367813110352,0.3967042140128774,-0.05435662926857213,3.140909128677218,1.8067133438587188,False
14,wave_feature_stage1.1.wave_feature_conv1,14,15,1000,0.002,150.0,30.0,post_relu_mean,63.03728485107422,-63.03728485107422,4.646501541137695,0.2542051672935486,0.3654191493988037,108.30414199829102,0.16034871047124974,-0.032440301033523,1.8742061060758657,1.7496687662601471,False
14,wave_feature_stage1.1.wave_feature_conv1,14,15,1000,0.002,150.0,30.0,post_relu_mean,86.51778411865234,-86.51778411865234,8.557435035705566,0.3179081082344055,0.6195249557495117,72.33367347717285,0.03973590440304475,-0.02516018251999726,1.4533626880304935,1.7849268209934235,False
16,wave_feature_stage1.1.wave_feature_conv2,11,15,1000,0.002,10.0,5.0,post_relu_mean,9.241929054260254,-9.241929054260254,1.5266226530075073,0.3504154086112976,0.16922150552272797,71.05144309997559,0.23377649050190638,-0.026238037306933564,1.5161156481736753,0.4301542627811432,False
16,wave_feature_stage1.1.wave_feature_conv2,11,15,1000,0.002,10.0,5.0,post_relu_mean,60.63571548461914,-60.63571548461914,9.22559642791748,0.749370813369751,0.6021751761436462,26.222620964050293,0.08530281553065824,-0.012601566614575729,0.7277859518966746,0.1735084716230631,False
16,wave_feature_stage1.1.wave_feature_conv2,11,15,1000,0.002,10.0,5.0,post_relu_mean,191.9532012939453,-191.9532012939453,37.79058074951172,2.211935043334961,3.6838414669036865,88.47831153869629,0.03484538395928788,-0.09053185688048267,5.226801511133489,0.6704440045356751,False
16,wave_feature_stage1.1.wave_feature_conv2,11,15,1000,0.002,10.0,15.0,post_relu_mean,8.155214309692383,-8.155214309692383,1.3893147706985474,0.29809385538101196,0.1252899020910263,81.91059875488281,0.24396588351415777,-0.029942032559316944,1.7306720811772482,0.49726633355021477,False
16,wave_feature_stage1.1.wave_feature_conv2,11,15,1000,0.002,10.0,15.0,post_relu_mean,41.098384857177734,-41.098384857177734,6.249081134796143,0.516669511795044,0.2648048400878906,34.01650381088257,0.10560403810847893,-0.011554456472057096,0.6674084471373692,0.20535834632813932,False
16,wave_feature_stage1.1.wave_feature_conv2,11,15,1000,0.002,10.0,15.0,post_relu_mean,172.18695068359375,-172.18695068359375,32.973140716552734,1.978554606437683,2.31829571723938,70.59088516235352,0.020997995406516527,-0.06265044420414406,3.617345984748731,0.5876182556152344,False
16,wave_feature_stage1.1.wave_feature_conv2,11,15,1000,0.002,10.0,30.0,post_relu_mean,7.616476535797119,-7.616476535797119,1.3415240049362183,0.2613193392753601,0.10072208940982819,97.69942951202393,0.269319848644223,-0.03486739667762133,2.0154321636313313,0.5906600314378738,False
16,wave_feature_stage1.1.wave_feature_conv2,11,15,1000,0.002,10.0,30.0,post_relu_mean,29.01512908935547,-29.01512908935547,4.537337779998779,0.3652966022491455,0.15169879794120789,48.0510311126709,0.14329232323330438,-0.014289084866856414,0.8263365823090074,0.2730898680537939,False
16,wave_feature_stage1.1.wave_feature_conv2,11,15,1000,0.002,10.0,30.0,post_relu_mean,141.50717163085938,-141.50717163085938,26.249101638793945,1.590877890586853,1.3047853708267212,62.76701736450195,0.019921227476601282,-0.04262730282227241,2.4624555762489226,0.5306686416268349,False
16,wave_feature_stage1.1.wave_feature_conv2,11,15,1000,0.002,50.0,5.0,post_relu_mean,8.259514808654785,-8.259514808654785,1.7464349269866943,0.10329141467809677,0.11291827261447906,84.943772315979,0.16878964307233346,-0.03983111290691013,2.3008266344678,0.7714201438426972,False
16,wave_feature_stage1.1.wave_feature_conv2,11,15,1000,0.002,50.0,5.0,post_relu_mean,21.846115112304688,-21.846115112304688,4.379398822784424,0.12618884444236755,0.2667391300201416,32.977213859558105,0.026186941079750548,-0.012382617044330826,0.7154192321886252,0.6218625921010971,False
16,wave_feature_stage1.1.wave_feature_conv2,11,15,1000,0.002,50.0,5.0,post_relu_mean,111.37480163574219,-111.37480163574219,24.220703125,0.6036847829818726,2.119210958480835,39.67980909347534,0.021403386014730415,-0.029594509488400957,1.7086657252642312,0.6476855933666229,False
16,wave_feature_stage1.1.wave_feature_conv2,11,15,1000,0.002,50.0,15.0,post_relu_mean,7.500781536102295,-7.500781536102295,1.6045613288879395,0.09711906313896179,0.09037330746650696,96.20420360565186,0.18657533867203596,-0.042915793407940606,2.4797652179327927,0.824228755235672,False
16,wave_feature_stage1.1.wave_feature_conv2,11,15,1000,0.002,50.0,15.0,post_relu_mean,16.23031234741211,-16.23031234741211,3.294440507888794,0.09792827069759369,0.14629650115966797,44.421300411224365,0.04422651799425048,-0.017252053296066217,0.996898222233345,0.6477557325363159,False
16,wave_feature_stage1.1.wave_feature_conv2,11,15,1000,0.002,50.0,15.0,post_relu_mean,91.58134460449219,-91.58134460449219,19.530593872070312,0.49785083532333374,1.1865391731262207,33.748945236206055,0.023059117612567986,-0.020595636724719386,1.1892311632538197,0.6275305581092835,False
16,wave_feature_stage1.1.wave_feature_conv2,11,15,1000,0.002,50.0,30.0,post_relu_mean,7.18037223815918,-7.18037223815918,1.5619333982467651,0.09352937340736389,0.076978899538517,112.16001796722412,0.22184034394566207,-0.04658345638190172,2.691928942017974,0.8932361418008804,False
16,wave_feature_stage1.1.wave_feature_conv2,11,15,1000,0.002,50.0,30.0,post_relu_mean,13.200277328491211,-13.200277328491211,2.725152015686035,0.08646120131015778,0.09696982800960541,60.720643043518066,0.08590109884521932,-0.02240390691969639,1.2950789006089019,0.6864087405800819,False
16,wave_feature_stage1.1.wave_feature_conv2,11,15,1000,0.002,50.0,30.0,post_relu_mean,68.53184509277344,-68.53184509277344,14.388113975524902,0.3767651915550232,0.5814922451972961,38.87375831604004,0.041398020921564846,-0.017653799784440104,1.0195505638155309,0.6236149862408638,False
16,wave_feature_stage1.1.wave_feature_conv2,11,15,1000,0.002,150.0,5.0,post_relu_mean,11.649947166442871,-11.649947166442871,2.6934218406677246,0.07270845770835876,0.18329207599163055,118.90017127990723,0.060726938290631395,-0.05430669363821957,3.1370665440127325,1.9394979137182236,False
16,wave_feature_stage1.1.wave_feature_conv2,11,15,1000,0.002,150.0,5.0,post_relu_mean,21.865812301635742,-21.865812301635742,4.920199871063232,0.09977993369102478,0.33087098598480225,67.44411087036133,0.036365609669869875,-0.026313660379236836,1.5198912878872781,1.7605112171173096,False
16,wave_feature_stage1.1.wave_feature_conv2,11,15,1000,0.002,150.0,5.0,post_relu_mean,53.61017608642578,-53.61017608642578,12.837422370910645,0.21571189165115356,0.9491009712219238,43.105870723724365,0.08644024113961454,-0.011107655470632142,0.642000707242334,1.839217888712883,False
16,wave_feature_stage1.1.wave_feature_conv2,11,15,1000,0.002,150.0,15.0,post_relu_mean,10.270240783691406,-10.270240783691406,2.4013512134552,0.06604954600334167,0.14242684841156006,131.3028907775879,0.07387502458842406,-0.05898963032413976,3.4085902423377483,1.981762360930443,False
16,wave_feature_stage1.1.wave_feature_conv2,11,15,1000,0.002,150.0,15.0,post_relu_mean,17.87921142578125,-17.87921142578125,4.04498291015625,0.0826689675450325,0.22680024802684784,79.73540878295898,0.02645536962222608,-0.03213818634297567,1.8565693547480808,1.7959204185009003,False
16,wave_feature_stage1.1.wave_feature_conv2,11,15,1000,0.002,150.0,15.0,post_relu_mean,44.69401931762695,-44.69401931762695,10.677279472351074,0.17842577397823334,0.6437528729438782,48.114806175231934,0.07910265729519063,-0.012551866915617056,0.725572473644966,1.8499924439191817,False
16,wave_feature_stage1.1.wave_feature_conv2,11,15,1000,0.002,150.0,30.0,post_relu_mean,9.19701099395752,-9.19701099395752,2.1756937503814697,0.06160793453454971,0.11090362071990967,148.58599281311035,0.10047863775330514,-0.06472557223657689,3.740703347410409,2.03880162358284,False
16,wave_feature_stage1.1.wave_feature_conv2,11,15,1000,0.002,150.0,30.0,post_relu_mean,14.506682395935059,-14.506682395935059,3.327843427658081,0.0693516880273819,0.15414154529571533,97.3481559753418,0.02857979366240504,-0.039001921518775434,2.253913265113193,1.8441990572214126,False
16,wave_feature_stage1.1.wave_feature_conv2,11,15,1000,0.002,150.0,30.0,post_relu_mean,35.051124572753906,-35.051124572753906,8.348402976989746,0.13986515998840332,0.3888554871082306,61.199737548828125,0.0553865246206491,-0.017235815247349944,0.9962209747058073,1.8632757729291916,False
16,wave_feature_stage1.1.wave_feature_conv2,4,15,1000,0.002,10.0,5.0,post_relu_mean,15.664814949035645,-15.664814949035645,2.202634334564209,0.4659759998321533,0.26682931184768677,77.78327369689941,0.3269891316471353,-0.02358103187284653,1.3624508669842468,0.4158557850122452,False
16,wave_feature_stage1.1.wave_feature_conv2,4,15,1000,0.002,10.0,5.0,post_relu_mean,62.50045394897461,-62.50045394897461,8.844326972961426,0.862751841545105,0.8049792051315308,35.49605894088745,0.1680054853286992,-0.01172057676233051,0.6767694648119161,0.22035562202334405,False
16,wave_feature_stage1.1.wave_feature_conv2,4,15,1000,0.002,10.0,5.0,post_relu_mean,167.65966796875,-167.65966796875,31.846824645996094,1.8466243743896484,3.1973986625671387,83.01400566101074,0.021809920555709454,-0.07845306272885093,4.529435058283459,0.6844574624300003,False
16,wave_feature_stage1.1.wave_feature_conv2,4,15,1000,0.002,10.0,15.0,post_relu_mean,13.054697036743164,-13.054697036743164,1.8664485216140747,0.386918306350708,0.18360385298728943,88.98849773406982,0.32976430279086705,-0.028660390066079462,1.6565730200664508,0.492312930226326,False
16,wave_feature_stage1.1.wave_feature_conv2,4,15,1000,0.002,10.0,15.0,post_relu_mean,44.099891662597656,-44.099891662597656,6.181960582733154,0.6038365960121155,0.3853231966495514,42.32434701919556,0.18085967730129066,-0.013356437960989273,0.771331663120512,0.24641028806567192,False
16,wave_feature_stage1.1.wave_feature_conv2,4,15,1000,0.002,10.0,15.0,post_relu_mean,146.87303161621094,-146.87303161621094,27.299972534179688,1.584770917892456,1.9802953004837036,66.75814819335938,0.02531763245698706,-0.053808569796917054,3.1067492273955715,0.6042190328240394,False
16,wave_feature_stage1.1.wave_feature_conv2,4,15,1000,0.002,10.0,30.0,post_relu_mean,11.217267036437988,-11.217267036437988,1.6634669303894043,0.32649487257003784,0.1347101628780365,105.12209892272949,0.34701595835159743,-0.03435610806156081,1.986271883068015,0.5904153510928154,False
16,wave_feature_stage1.1.wave_feature_conv2,4,15,1000,0.002,10.0,30.0,post_relu_mean,33.338348388671875,-33.338348388671875,4.673536777496338,0.46233323216438293,0.21422725915908813,56.49721670150757,0.20557180357464153,-0.018182812927275853,1.0514145779358741,0.3157457135617733,False
16,wave_feature_stage1.1.wave_feature_conv2,4,15,1000,0.002,10.0,30.0,post_relu_mean,121.13951873779297,-121.13951873779297,22.163755416870117,1.2725565433502197,1.1256664991378784,61.84165954589844,0.050686571359332605,-0.04095880787236508,2.364976332150757,0.5627516901493073,False
16,wave_feature_stage1.1.wave_feature_conv2,4,15,1000,0.002,50.0,5.0,post_relu_mean,10.661455154418945,-10.661455154418945,1.9996542930603027,0.14855407178401947,0.14709582924842834,91.09220504760742,0.23877118171981204,-0.040668553698762974,2.348895569096811,0.788154499232769,False
16,wave_feature_stage1.1.wave_feature_conv2,4,15,1000,0.002,50.0,5.0,post_relu_mean,28.846210479736328,-28.846210479736328,5.214524269104004,0.18989643454551697,0.341546893119812,39.892449378967285,0.10362026753996118,-0.013294313574985292,0.7680670867435391,0.5934529682993889,False
16,wave_feature_stage1.1.wave_feature_conv2,4,15,1000,0.002,50.0,5.0,post_relu_mean,106.53939056396484,-106.53939056396484,22.723112106323242,0.5051690340042114,1.9834115505218506,48.746936321258545,0.03972335829688922,-0.034778639572304926,2.0079242859649864,0.6824858433008194,False
16,wave_feature_stage1.1.wave_feature_conv2,4,15,1000,0.002,50.0,15.0,post_relu_mean,9.332687377929688,-9.332687377929688,1.78830885887146,0.13435488939285278,0.11376634240150452,102.69865226745605,0.25043874944337285,-0.044789220813799,2.5875955783068147,0.8469711470603943,False
16,wave_feature_stage1.1.wave_feature_conv2,4,15,1000,0.002,50.0,15.0,post_relu_mean,21.335250854492188,-21.335250854492188,3.9026827812194824,0.14750078320503235,0.19335755705833435,50.95067024230957,0.11581369519860235,-0.01845788316734553,1.0666533379771714,0.6313835418224335,False
16,wave_feature_stage1.1.wave_feature_conv2,4,15,1000,0.002,50.0,15.0,post_relu_mean,88.52637481689453,-88.52637481689453,18.66347885131836,0.41170835494995117,1.188596487045288,42.63752365112305,0.05188820533977138,-0.023770140009363422,1.3724158698315043,0.64849456012249,False
16,wave_feature_stage1.1.wave_feature_conv2,4,15,1000,0.002,50.0,30.0,post_relu_mean,8.416267395019531,-8.416267395019531,1.6599159240722656,0.12469790875911713,0.0932762622833252,119.08143997192383,0.27700240505351426,-0.0488552026355972,2.822809128496079,0.9277248555421829,False
16,wave_feature_stage1.1.wave_feature_conv2,4,15,1000,0.002,50.0,30.0,post_relu_mean,16.305946350097656,-16.305946350097656,3.092730760574341,0.1220192015171051,0.12491738051176071,67.02227592468262,0.146874945196839,-0.02342039433654336,1.353767947175049,0.6832924628257752,False
16,wave_feature_stage1.1.wave_feature_conv2,4,15,1000,0.002,50.0,30.0,post_relu_mean,68.30319213867188,-68.30319213867188,14.234381675720215,0.3220158815383911,0.6322658658027649,46.81326103210449,0.07557418994467922,-0.01899429331875112,1.097475317397363,0.6503746274113655,False
16,wave_feature_stage1.1.wave_feature_conv2,4,15,1000,0.002,150.0,5.0,post_relu_mean,11.104348182678223,-11.104348182678223,2.7440733909606934,0.08905394375324249,0.18086360394954681,124.1210823059082,0.12257548965488659,-0.05616286606010061,3.2446623431229704,1.901593146920204,False
16,wave_feature_stage1.1.wave_feature_conv2,4,15,1000,0.002,150.0,5.0,post_relu_mean,22.97538948059082,-22.97538948059082,5.311281681060791,0.11943525075912476,0.34591639041900635,71.22493362426758,0.043793135554828826,-0.02586400498330331,1.494388981211524,1.7452539110183716,False
16,wave_feature_stage1.1.wave_feature_conv2,4,15,1000,0.002,150.0,5.0,post_relu_mean,56.540435791015625,-56.540435791015625,13.460417747497559,0.2194044291973114,0.9566650390625,51.62160110473633,0.04711754487011766,-0.014501998470486359,0.8379248886834525,1.7734074074029922,False
16,wave_feature_stage1.1.wave_feature_conv2,4,15,1000,0.002,150.0,15.0,post_relu_mean,9.86623764038086,-9.86623764038086,2.4667317867279053,0.08241120725870132,0.14485374093055725,136.46713638305664,0.13386830888713552,-0.0615349960613258,3.5550641046410725,1.949168244600296,False
16,wave_feature_stage1.1.wave_feature_conv2,4,15,1000,0.002,150.0,15.0,post_relu_mean,18.892539978027344,-18.892539978027344,4.428913593292236,0.10051637142896652,0.2427428960800171,83.5630111694336,0.05143098473411316,-0.033052021097566484,1.9093248459411996,1.7721112531423568,False
16,wave_feature_stage1.1.wave_feature_conv2,4,15,1000,0.002,150.0,15.0,post_relu_mean,48.12419128417969,-48.12419128417969,11.442532539367676,0.18426130712032318,0.6668795347213745,56.35766410827637,0.037775785840501806,-0.015819799540093483,0.9139951840535956,1.775277681350708,False
16,wave_feature_stage1.1.wave_feature_conv2,4,15,1000,0.002,150.0,30.0,post_relu_mean,8.70240306854248,-8.70240306854248,2.2104105949401855,0.07602950930595398,0.11359632015228271,154.21290588378906,0.1599132061384672,-0.06848794824978884,3.957102865866208,2.014582726955414,False
16,wave_feature_stage1.1.wave_feature_conv2,4,15,1000,0.002,150.0,30.0,post_relu_mean,15.03598690032959,-15.03598690032959,3.615407705307007,0.08467637747526169,0.16494326293468475,101.46706199645996,0.0701034743930094,-0.04067399663345085,2.350229458638868,1.8228874111175537,False
16,wave_feature_stage1.1.wave_feature_conv2,4,15,1000,0.002,150.0,30.0,post_relu_mean,38.449562072753906,-38.449562072753906,9.153521537780762,0.14727428555488586,0.41447189450263977,68.7133674621582,0.03126891970757926,-0.02049444059487679,1.1843382785007561,1.7910288512706756,False
16,wave_feature_stage1.1.wave_feature_conv2,22,15,1000,0.002,10.0,5.0,post_relu_mean,8.913247108459473,-8.913247108459473,1.6520074605941772,0.3938871920108795,0.19369718432426453,86.19667530059814,0.32044670456210045,-0.02911703467306494,1.6829881907014788,0.47947836577892305,False
16,wave_feature_stage1.1.wave_feature_conv2,22,15,1000,0.002,10.0,5.0,post_relu_mean,36.796104431152344,-36.796104431152344,5.663220405578613,0.6111639738082886,0.40998098254203796,37.714881896972656,0.14000993491144015,-0.014916339811645375,0.8612839992500583,0.24182771556079388,False
16,wave_feature_stage1.1.wave_feature_conv2,22,15,1000,0.002,10.0,5.0,post_relu_mean,154.77066040039062,-154.77066040039062,32.21170425415039,1.6742745637893677,3.085646390914917,78.73285865783691,0.04256179778077947,-0.08630082104896862,4.982645803022459,0.5516099470853806,False
16,wave_feature_stage1.1.wave_feature_conv2,22,15,1000,0.002,10.0,15.0,post_relu_mean,7.9924774169921875,-7.9924774169921875,1.4950934648513794,0.33546173572540283,0.14582905173301697,97.29316806793213,0.328866521874224,-0.03262471226645205,1.8855844241800224,0.5474825432896614,False
16,wave_feature_stage1.1.wave_feature_conv2,22,15,1000,0.002,10.0,15.0,post_relu_mean,27.221797943115234,-27.221797943115234,4.208150386810303,0.44237399101257324,0.21971994638442993,46.94075059890747,0.15723014696191095,-0.015891236594421945,0.9183355347417168,0.27982948914170264,False
16,wave_feature_stage1.1.wave_feature_conv2,22,15,1000,0.002,10.0,15.0,post_relu_mean,138.96339416503906,-138.96339416503906,27.456998825073242,1.4146556854248047,1.8569732904434204,68.93292617797852,0.02064394518333686,-0.059822407133588364,3.4546826066817817,0.4735037983953953,False
16,wave_feature_stage1.1.wave_feature_conv2,22,15,1000,0.002,10.0,30.0,post_relu_mean,7.276914596557617,-7.276914596557617,1.4001253843307495,0.29129084944725037,0.11525638401508331,113.32296848297119,0.34995729813240206,-0.0378819336473097,2.190233624074658,0.6426540663838387,False
16,wave_feature_stage1.1.wave_feature_conv2,22,15,1000,0.002,10.0,30.0,post_relu_mean,20.94828987121582,-20.94828987121582,3.371190071105957,0.33493927121162415,0.14121772348880768,61.609885931015015,0.18982133663583817,-0.019064028793646253,1.1018283737427472,0.348868018835783,False
16,wave_feature_stage1.1.wave_feature_conv2,22,15,1000,0.002,10.0,30.0,post_relu_mean,110.09569549560547,-110.09569549560547,21.253158569335938,1.0779608488082886,1.0214660167694092,63.47086715698242,0.04548265129019067,-0.038582742682885925,2.2296623739747163,0.40180093705654146,False
16,wave_feature_stage1.1.wave_feature_conv2,22,15,1000,0.002,50.0,5.0,post_relu_mean,7.177842140197754,-7.177842140197754,1.7100290060043335,0.1221095472574234,0.11420855671167374,100.56365966796875,0.24004945886676324,-0.04490133986204499,2.593749243535782,0.8269789969921112,False
16,wave_feature_stage1.1.wave_feature_conv2,22,15,1000,0.002,50.0,5.0,post_relu_mean,14.884305000305176,-14.884305000305176,3.374659776687622,0.12119702994823456,0.18938672542572021,46.852407455444336,0.07688744371355065,-0.018895994748034203,1.0914895129266926,0.6247561451792717,False
16,wave_feature_stage1.1.wave_feature_conv2,22,15,1000,0.002,50.0,5.0,post_relu_mean,86.18795776367188,-86.18795776367188,20.40167808532715,0.40383380651474,1.619795322418213,44.29224920272827,0.018460014804931927,-0.04070958690061077,2.35034597195085,0.6254343277215958,False
16,wave_feature_stage1.1.wave_feature_conv2,22,15,1000,0.002,50.0,15.0,post_relu_mean,6.685110569000244,-6.685110569000244,1.6139065027236938,0.11340601742267609,0.09525156766176224,111.69242286682129,0.25707794848574944,-0.047863163323982855,2.76515037427604,0.8837864089012146,False
16,wave_feature_stage1.1.wave_feature_conv2,22,15,1000,0.002,50.0,15.0,post_relu_mean,12.064427375793457,-12.064427375793457,2.7189106941223145,0.10240542888641357,0.11973430961370468,58.48459529876709,0.09772943709525561,-0.023035702177153734,1.3312419424311637,0.6523610371351242,False
16,wave_feature_stage1.1.wave_feature_conv2,22,15,1000,0.002,50.0,15.0,post_relu_mean,72.22579193115234,-72.22579193115234,16.364912033081055,0.33202531933784485,0.9085733890533447,43.510467529296875,0.01991813977661286,-0.03265387739878052,1.8856017963488596,0.6038781702518463,False
16,wave_feature_stage1.1.wave_feature_conv2,22,15,1000,0.002,50.0,30.0,post_relu_mean,6.399961471557617,-6.399961471557617,1.5621001720428467,0.10859715938568115,0.08315981924533844,127.7239818572998,0.29065397145519395,-0.05107085067244326,2.951101119357212,0.9518725079298019,False
16,wave_feature_stage1.1.wave_feature_conv2,22,15,1000,0.002,50.0,30.0,post_relu_mean,10.71406364440918,-10.71406364440918,2.4487156867980957,0.0925530195236206,0.08975014090538025,74.70556735992432,0.13643066840943227,-0.027122944271288207,1.5676493846810997,0.7058574637770653,False
16,wave_feature_stage1.1.wave_feature_conv2,22,15,1000,0.002,50.0,30.0,post_relu_mean,55.509117126464844,-55.509117126464844,12.289799690246582,0.25934261083602905,0.47127974033355713,50.61748123168945,0.05292015122512909,-0.027370880290464677,1.5809516804505201,0.6080993390083314,False
16,wave_feature_stage1.1.wave_feature_conv2,22,15,1000,0.002,150.0,5.0,post_relu_mean,8.560842514038086,-8.560842514038086,2.5185623168945312,0.07743532955646515,0.15883660316467285,134.25775909423828,0.11165702447117191,-0.06079576542235669,3.5126107570985816,1.976088399887085,False
16,wave_feature_stage1.1.wave_feature_conv2,22,15,1000,0.002,150.0,5.0,post_relu_mean,14.476637840270996,-14.476637840270996,4.181636810302734,0.09129191190004349,0.26634490489959717,80.52053642272949,0.04113985060406994,-0.03419882623644876,1.9757822506288574,1.729556131362915,False
16,wave_feature_stage1.1.wave_feature_conv2,22,15,1000,0.002,150.0,5.0,post_relu_mean,41.02411651611328,-41.02411651611328,11.73219108581543,0.17736729979515076,0.7793665528297424,51.71603465080261,0.023787702913191343,-0.020049714285891224,1.1579307128977325,1.5971490108966828,False
16,wave_feature_stage1.1.wave_feature_conv2,22,15,1000,0.002,150.0,15.0,post_relu_mean,7.718916893005371,-7.718916893005371,2.265371322631836,0.07253319025039673,0.12686985731124878,146.65702629089355,0.1264962893774794,-0.06613977566150202,3.8215700363856526,1.993529884815216,False
16,wave_feature_stage1.1.wave_feature_conv2,22,15,1000,0.002,150.0,15.0,post_relu_mean,12.2368745803833,-12.2368745803833,3.5034236907958984,0.07892981916666031,0.1909358948469162,93.0766544342041,0.049514429041747035,-0.0392306215521866,2.266923933799879,1.756377289891243,False
16,wave_feature_stage1.1.wave_feature_conv2,22,15,1000,0.002,150.0,15.0,post_relu_mean,34.49135971069336,-34.49135971069336,9.67549991607666,0.1436009705066681,0.5123234987258911,59.5997200012207,0.026495901259806425,-0.023113358438681092,1.3350058597400951,1.6230667424201966,False
16,wave_feature_stage1.1.wave_feature_conv2,22,15,1000,0.002,150.0,30.0,post_relu_mean,7.053666591644287,-7.053666591644287,2.0588529109954834,0.06844395399093628,0.10251595824956894,164.12213325500488,0.15397306292878832,-0.07112035589690936,4.110143612905689,2.048183387517929,False
16,wave_feature_stage1.1.wave_feature_conv2,22,15,1000,0.002,150.0,30.0,post_relu_mean,10.298047065734863,-10.298047065734863,2.95157790184021,0.06785613298416138,0.1343400776386261,111.01616668701172,0.06807328703384177,-0.04501756950910013,2.60238553349023,1.8172671800851823,False
16,wave_feature_stage1.1.wave_feature_conv2,22,15,1000,0.002,150.0,30.0,post_relu_mean,27.40446662902832,-27.40446662902832,7.597557544708252,0.11199928820133209,0.3100874423980713,74.33748054504395,0.037566991250757915,-0.027210214455791314,1.5722140161297065,1.638737102150917,False
21,wave_pattern_stage2.0.wave_feature_conv1,22,15,1000,0.002,10.0,5.0,post_relu_mean,605.7423706054688,-605.7423706054688,30.83517837524414,2.3299803733825684,2.7325332164764404,354.2451858520508,0.8028229162754654,-0.25432554482609016,14.683331961452579,1.7422199684381485,False
21,wave_pattern_stage2.0.wave_feature_conv1,22,15,1000,0.002,10.0,5.0,post_relu_mean,866.0379028320312,-866.0379028320312,51.70474624633789,2.8661084175109863,4.51938533782959,504.81324005126953,0.11553074182133606,-0.49488543305654176,28.57187475866147,2.559936282634735,False
21,wave_pattern_stage2.0.wave_feature_conv1,22,15,1000,0.002,10.0,5.0,post_relu_mean,973.9641723632812,-973.9641723632812,71.01235961914062,3.0985522270202637,5.836306571960449,675.1338195800781,0.2062363816312325,-0.7152065312405517,41.292056138860865,3.3490350365638735,False
21,wave_pattern_stage2.0.wave_feature_conv1,22,15,1000,0.002,10.0,15.0,post_relu_mean,577.4026489257812,-577.4026489257812,29.078048706054688,2.2196269035339355,2.39023756980896,333.4722137451172,0.8531539081240913,-0.21603233099931501,12.472603162761722,1.601875073313713,False
21,wave_pattern_stage2.0.wave_feature_conv1,22,15,1000,0.002,10.0,15.0,post_relu_mean,841.810302734375,-841.810302734375,49.912025451660156,2.7843308448791504,4.065065383911133,463.07077407836914,0.1772656833136937,-0.42104108349931646,24.3091013117301,2.327869243621826,False
21,wave_pattern_stage2.0.wave_feature_conv1,22,15,1000,0.002,10.0,15.0,post_relu_mean,960.2542724609375,-960.2542724609375,69.22756958007812,3.05361270904541,5.35705041885376,623.5667419433594,0.15576532123594306,-0.6387002148961194,36.87548183480653,3.1098506343364716,False
21,wave_pattern_stage2.0.wave_feature_conv1,22,15,1000,0.002,10.0,30.0,post_relu_mean,531.657958984375,-531.657958984375,26.63669204711914,2.03141450881958,1.9409843683242798,308.27147674560547,0.9232893513947668,-0.16604313413728286,9.58717809414832,1.4225721484422684,False
21,wave_pattern_stage2.0.wave_feature_conv1,22,15,1000,0.002,10.0,30.0,post_relu_mean,799.5457763671875,-799.5457763671875,46.806602478027344,2.6236400604248047,3.4438154697418213,412.2260398864746,0.26201751584848215,-0.33510529303759934,19.348493714239442,2.047474588751793,False
21,wave_pattern_stage2.0.wave_feature_conv1,22,15,1000,0.002,10.0,30.0,post_relu_mean,932.0015869140625,-932.0015869140625,65.96935272216797,2.9519104957580566,4.67570161819458,556.2982025146484,0.1025127627283235,-0.529201175463957,30.55383926299389,2.789268231391907,False
21,wave_pattern_stage2.0.wave_feature_conv1,22,15,1000,0.002,50.0,5.0,post_relu_mean,536.8147583007812,-536.8147583007812,28.332944869995117,1.5434892177581787,2.1912388801574707,277.6234817504883,0.8794004029757487,-0.16994040308161018,9.811511829645067,1.4244321459531784,False
21,wave_pattern_stage2.0.wave_feature_conv1,22,15,1000,0.002,50.0,5.0,post_relu_mean,828.5413208007812,-828.5413208007812,50.63032531738281,2.1030383110046387,4.137930393218994,416.5569953918457,0.16203583307403405,-0.4043220664790912,23.343268238039766,2.2348114860057833,False
21,wave_pattern_stage2.0.wave_feature_conv1,22,15,1000,0.002,50.0,5.0,post_relu_mean,948.55712890625,-948.55712890625,70.18276977539062,2.3737807273864746,5.634584426879883,582.3132934570312,0.17454085465248367,-0.6261692194465504,36.15153381028957,3.0216819727420807,False
21,wave_pattern_stage2.0.wave_feature_conv1,22,15,1000,0.002,50.0,15.0,post_relu_mean,505.32562255859375,-505.32562255859375,26.527437210083008,1.4461902379989624,1.8578107357025146,263.22621154785156,0.9207529055148439,-0.13964482207224246,8.06294169995226,1.3069961154460907,False
21,wave_pattern_stage2.0.wave_feature_conv1,22,15,1000,0.002,50.0,15.0,post_relu_mean,800.8292846679688,-800.8292846679688,48.50048828125,2.0243184566497803,3.6612019538879395,380.28456115722656,0.2192977790351266,-0.337965830172976,19.512536827362897,2.023158856034279,False
21,wave_pattern_stage2.0.wave_feature_conv1,22,15,1000,0.002,50.0,15.0,post_relu_mean,931.8045043945312,-931.8045043945312,67.50345611572266,2.3448433876037598,5.094293117523193,532.528076171875,0.12806591435260167,-0.5495258616206616,31.726992565595204,2.7986131477355958,False
21,wave_pattern_stage2.0.wave_feature_conv1,22,15,1000,0.002,50.0,30.0,post_relu_mean,457.6515197753906,-457.6515197753906,23.88568878173828,1.3092625141143799,1.4550703763961792,249.65525817871094,0.9719973198231061,-0.10854602818012346,6.26749536018838,1.1949788933992387,False
21,wave_pattern_stage2.0.wave_feature_conv1,22,15,1000,0.002,50.0,30.0,post_relu_mean,754.952880859375,-754.952880859375,45.11100769042969,1.898409366607666,3.0214409828186035,338.5500259399414,0.29527462688468525,-0.26888876189189875,15.525288236796296,1.7795557910203934,False
21,wave_pattern_stage2.0.wave_feature_conv1,22,15,1000,0.002,50.0,30.0,post_relu_mean,901.1064453125,-901.1064453125,63.797401428222656,2.2794947624206543,4.375314712524414,470.5827178955078,0.07706588632142893,-0.44676340559637023,25.795276929681528,2.4833669197559356,False
21,wave_pattern_stage2.0.wave_feature_conv1,22,15,1000,0.002,150.0,5.0,post_relu_mean,323.51470947265625,-323.51470947265625,18.95657730102539,0.6085003614425659,1.1127922534942627,195.50815200805664,0.8021175255400061,-0.061710876997579545,3.5654237490479215,1.6735573935508727,False
21,wave_pattern_stage2.0.wave_feature_conv1,22,15,1000,0.002,150.0,5.0,post_relu_mean,587.7271728515625,-587.7271728515625,38.2651252746582,1.0496625900268555,2.529198408126831,239.44441032409668,0.21902041140834608,-0.20540370465362096,11.85887699416743,2.0228592228889464,False
21,wave_pattern_stage2.0.wave_feature_conv1,22,15,1000,0.002,150.0,5.0,post_relu_mean,737.377685546875,-737.377685546875,57.82246780395508,1.337083101272583,4.029542446136475,355.7753143310547,0.11245259889546858,-0.388469406719604,22.428019829111598,2.602307928800583,False
21,wave_pattern_stage2.0.wave_feature_conv1,22,15,1000,0.002,150.0,15.0,post_relu_mean,295.7167663574219,-295.7167663574219,17.272476196289062,0.5534164309501648,0.9099351763725281,195.8115577697754,0.8193145853066224,-0.0564125675483806,3.2597269102222697,1.6597879999876022,False
21,wave_pattern_stage2.0.wave_feature_conv1,22,15,1000,0.002,150.0,15.0,post_relu_mean,560.497802734375,-560.497802734375,36.16033935546875,0.9980242848396301,2.183129072189331,221.46659088134766,0.25146471945035226,-0.17442934698169088,10.070822922192248,1.9138690680265427,False
21,wave_pattern_stage2.0.wave_feature_conv1,22,15,1000,0.002,150.0,15.0,post_relu_mean,715.4700927734375,-715.4700927734375,55.08759307861328,1.2982656955718994,3.559929370880127,320.2567825317383,0.08215724427147503,-0.33537792263318544,19.362873047600765,2.438281188011169,False
21,wave_pattern_stage2.0.wave_feature_conv1,22,15,1000,0.002,150.0,30.0,post_relu_mean,259.4832763671875,-259.4832763671875,15.174103736877441,0.48845943808555603,0.680850088596344,200.1530876159668,0.8325236283945253,-0.05281756000437257,3.050965698327948,1.6871020996570587,False
21,wave_pattern_stage2.0.wave_feature_conv1,22,15,1000,0.002,150.0,30.0,post_relu_mean,511.7849426269531,-511.7849426269531,32.83896255493164,0.9116503000259399,1.720221757888794,200.0812530517578,0.2985921460587051,-0.13893680132759545,8.021813821286816,1.7943428611755372,False
21,wave_pattern_stage2.0.wave_feature_conv1,22,15,1000,0.002,150.0,30.0,post_relu_mean,677.2528076171875,-677.2528076171875,50.99756622314453,1.227752447128296,2.933603048324585,278.7215881347656,0.05079636067795047,-0.2743262728830794,15.83821919704343,2.233215743303299,False
21,wave_pattern_stage2.0.wave_feature_conv1,24,15,1000,0.002,10.0,5.0,post_relu_mean,346.34234619140625,-346.34234619140625,22.65003204345703,1.8444595336914062,1.5675370693206787,258.1049118041992,0.9502650582153539,-0.12101604175274364,6.987099432439254,1.3800008291006087,False
21,wave_pattern_stage2.0.wave_feature_conv1,24,15,1000,0.002,10.0,5.0,post_relu_mean,586.0410766601562,-586.0410766601562,44.725860595703125,2.4625790119171143,3.2637884616851807,335.90784454345703,0.28384874225529216,-0.2969099911854486,17.142016377265513,1.9279779249429703,False
21,wave_pattern_stage2.0.wave_feature_conv1,24,15,1000,0.002,10.0,5.0,post_relu_mean,710.0067138671875,-710.0067138671875,66.19898986816406,2.808619499206543,4.7672882080078125,486.2424545288086,0.0923548789953972,-0.5127296327473495,29.602092058091586,2.727847411632538,False
21,wave_pattern_stage2.0.wave_feature_conv1,24,15,1000,0.002,10.0,15.0,post_relu_mean,320.09490966796875,-320.09490966796875,20.778528213500977,1.7025184631347656,1.3104166984558105,251.25618743896484,0.984702842884837,-0.10257699204664258,5.923284794460155,1.3197887820005416,False
21,wave_pattern_stage2.0.wave_feature_conv1,24,15,1000,0.002,10.0,15.0,post_relu_mean,562.19482421875,-562.19482421875,42.414459228515625,2.341949939727783,2.850952386856079,309.46237564086914,0.3344513167797133,-0.24988296078480451,14.42710131014716,1.7560978877544402,False
21,wave_pattern_stage2.0.wave_feature_conv1,24,15,1000,0.002,10.0,15.0,post_relu_mean,690.4254760742188,-690.4254760742188,63.54653549194336,2.719283103942871,4.262611389160156,441.18714904785156,0.03946785051306562,-0.44009901847430216,25.408944945848127,2.51025843501091,False
21,wave_pattern_stage2.0.wave_feature_conv1,24,15,1000,0.002,10.0,30.0,post_relu_mean,287.266357421875,-287.266357421875,18.463926315307617,1.5215041637420654,1.0171247720718384,249.15052032470703,1.0165611074622345,-0.08786542235691819,5.074601267602577,1.295138236284256,False
21,wave_pattern_stage2.0.wave_feature_conv1,24,15,1000,0.002,10.0,30.0,post_relu_mean,522.9710693359375,-522.9710693359375,38.937835693359375,2.1567769050598145,2.3151838779449463,279.4064598083496,0.40408000623752055,-0.19695349195253317,11.372354102413098,1.5587084859609603,False
21,wave_pattern_stage2.0.wave_feature_conv1,24,15,1000,0.002,10.0,30.0,post_relu_mean,661.2384033203125,-661.2384033203125,59.5022087097168,2.5682199001312256,3.5951786041259766,390.2630386352539,0.030957938090233176,-0.36257949869156886,20.933774263847784,2.2555225467681885,False
21,wave_pattern_stage2.0.wave_feature_conv1,24,15,1000,0.002,50.0,5.0,post_relu_mean,267.20111083984375,-267.20111083984375,18.98218536376953,0.9956696033477783,0.9831054210662842,205.67716598510742,0.9864545535890605,-0.059804352125366556,3.454939086739994,1.2268789559602737,False
21,wave_pattern_stage2.0.wave_feature_conv1,24,15,1000,0.002,50.0,5.0,post_relu_mean,523.6656494140625,-523.6656494140625,41.8748893737793,1.5752143859863281,2.6755385398864746,255.04536819458008,0.3524370984542025,-0.2074384509110713,11.976348845588982,1.6089919847249985,False
21,wave_pattern_stage2.0.wave_feature_conv1,24,15,1000,0.002,50.0,5.0,post_relu_mean,659.9050903320312,-659.9050903320312,63.87092971801758,1.9205328226089478,4.310113430023193,391.2660598754883,0.061216202229081064,-0.4144127441076651,23.925842410777694,2.414586088657379,False
21,wave_pattern_stage2.0.wave_feature_conv1,24,15,1000,0.002,50.0,15.0,post_relu_mean,242.2723388671875,-242.2723388671875,17.174476623535156,0.8998856544494629,0.7940365672111511,207.7024850845337,1.004791194738656,-0.0550369106937329,3.179303854753006,1.2146188360452652,False
21,wave_pattern_stage2.0.wave_feature_conv1,24,15,1000,0.002,50.0,15.0,post_relu_mean,497.6878356933594,-497.6878356933594,39.432228088378906,1.4909577369689941,2.2739789485931396,235.8445281982422,0.40028227802930627,-0.17421177098946516,10.058046919022916,1.4699583452939988,False
21,wave_pattern_stage2.0.wave_feature_conv1,24,15,1000,0.002,50.0,15.0,post_relu_mean,640.45751953125,-640.45751953125,60.99613952636719,1.8554821014404297,3.7992255687713623,353.5907897949219,0.03401292529089855,-0.3551670422085869,20.505366709584866,2.2068012917041777,False
21,wave_pattern_stage2.0.wave_feature_conv1,24,15,1000,0.002,50.0,30.0,post_relu_mean,210.2919158935547,-210.2919158935547,14.911432266235352,0.7808786630630493,0.5964296460151672,214.94473838806152,1.0253353251916701,-0.05298840234010153,3.0614655840360254,1.2369041967391967,False
21,wave_pattern_stage2.0.wave_feature_conv1,24,15,1000,0.002,50.0,30.0,post_relu_mean,457.1363525390625,-457.1363525390625,35.84236526489258,1.345122218132019,1.7902956008911133,217.5591812133789,0.45667743416237294,-0.13564463662983173,7.832288214249626,1.3210366386175156,False
21,wave_pattern_stage2.0.wave_feature_conv1,24,15,1000,0.002,50.0,30.0,post_relu_mean,605.8491821289062,-605.8491821289062,56.567874908447266,1.7395899295806885,3.1228137016296387,309.13353729248047,0.07498542025204928,-0.2861722705863667,16.522218095533304,1.9597559690475463,False
21,wave_pattern_stage2.0.wave_feature_conv1,24,15,1000,0.002,150.0,5.0,post_relu_mean,136.619384765625,-136.619384765625,11.966480255126953,0.32038846611976624,0.42412933707237244,195.90199279785156,0.8168305900612663,-0.04939869117836955,2.8541883980348146,1.8791867643594742,False
21,wave_pattern_stage2.0.wave_feature_conv1,24,15,1000,0.002,150.0,5.0,post_relu_mean,344.34759521484375,-344.34759521484375,31.140052795410156,0.6525715589523315,1.4811153411865234,162.37799835205078,0.3361671591736738,-0.09037550217586922,5.218161502653361,1.8062159675359726,False
21,wave_pattern_stage2.0.wave_feature_conv1,24,15,1000,0.002,150.0,5.0,post_relu_mean,473.5378112792969,-473.5378112792969,52.666996002197266,0.8506673574447632,2.925281524658203,237.58280563354492,0.07231482011154293,-0.22675648808792243,13.091633766850464,2.2338398087024687,False
21,wave_pattern_stage2.0.wave_feature_conv1,24,15,1000,0.002,150.0,15.0,post_relu_mean,123.54133605957031,-123.54133605957031,10.878727912902832,0.28924286365509033,0.35178983211517334,206.29991912841797,0.8224188836516599,-0.05590817699176305,3.2303417496568136,1.9238731878995896,False
21,wave_pattern_stage2.0.wave_feature_conv1,24,15,1000,0.002,150.0,15.0,post_relu_mean,322.0235290527344,-322.0235290527344,28.82301902770996,0.6051874160766602,1.2283226251602173,158.81026458740234,0.35556881077615443,-0.07816920107717963,4.51407438731808,1.7795662224292754,False
21,wave_pattern_stage2.0.wave_feature_conv1,24,15,1000,0.002,150.0,15.0,post_relu_mean,455.2656555175781,-455.2656555175781,49.58958053588867,0.8100312352180481,2.5285940170288086,216.26378631591797,0.08579124685980408,-0.19274891272458813,11.128250036278825,2.1164228999614716,False
21,wave_pattern_stage2.0.wave_feature_conv1,24,15,1000,0.002,150.0,30.0,post_relu_mean,108.4383773803711,-108.4383773803711,9.637904167175293,0.2554815411567688,0.2760254740715027,222.28971099853516,0.8399906286193051,-0.06441183565866922,3.72185361782018,1.9840404319763183,False
21,wave_pattern_stage2.0.wave_feature_conv1,24,15,1000,0.002,150.0,30.0,post_relu_mean,289.8065185546875,-289.8065185546875,25.668466567993164,0.5358802080154419,0.9380816221237183,159.6687240600586,0.3827052054942723,-0.07005478005411746,4.046246091862987,1.7575613576173783,False
21,wave_pattern_stage2.0.wave_feature_conv1,24,15,1000,0.002,150.0,30.0,post_relu_mean,425.50946044921875,-425.50946044921875,45.25328826904297,0.7388414144515991,2.029348850250244,195.19503784179688,0.10958996429456444,-0.16098704899491995,9.294508828552422,2.006481327414513,False
21,wave_pattern_stage2.0.wave_feature_conv1,2,15,1000,0.002,10.0,5.0,post_relu_mean,122.88070678710938,-122.88070678710938,11.383917808532715,1.1287100315093994,0.5560128688812256,174.95419025421143,0.5621404578034468,-0.05812384796278482,3.359337471952874,1.182928957939148,False
21,wave_pattern_stage2.0.wave_feature_conv1,2,15,1000,0.002,10.0,5.0,post_relu_mean,441.74127197265625,-441.74127197265625,49.08860397338867,2.4369144439697266,2.5868873596191406,187.81296730041504,0.11948414723920843,-0.1657114370802843,9.567306438082104,1.2553671562671662,False
21,wave_pattern_stage2.0.wave_feature_conv1,2,15,1000,0.002,10.0,5.0,post_relu_mean,691.68603515625,-691.68603515625,108.29784393310547,2.8332366943359375,4.494566917419434,440.4720153808594,0.1399007795140202,-0.4673235930400823,26.98060870950365,2.6487740433216094,False
21,wave_pattern_stage2.0.wave_feature_conv1,2,15,1000,0.002,10.0,15.0,post_relu_mean,109.0576400756836,-109.0576400756836,10.126935958862305,0.9885355234146118,0.4313809871673584,182.49485969543457,0.5782662525795028,-0.0577071596964046,3.334614522422987,1.2090797966718674,False
21,wave_pattern_stage2.0.wave_feature_conv1,2,15,1000,0.002,10.0,15.0,post_relu_mean,408.23583984375,-408.23583984375,44.78128433227539,2.243190288543701,2.0607731342315674,170.88704299926758,0.15661330196075668,-0.1334775241996864,7.706497193264236,1.1464115637540817,False
21,wave_pattern_stage2.0.wave_feature_conv1,2,15,1000,0.002,10.0,15.0,post_relu_mean,676.3090209960938,-676.3090209960938,105.6216049194336,2.762667179107666,4.015182971954346,401.80492401123047,0.09451330946352056,-0.40369201323691534,23.306969849927537,2.4571351742744447,False
21,wave_pattern_stage2.0.wave_feature_conv1,2,15,1000,0.002,10.0,30.0,post_relu_mean,93.22871398925781,-93.22871398925781,8.731856346130371,0.8387285470962524,0.31659558415412903,195.71187019348145,0.6027169999538574,-0.060524189861843776,3.4997072597001924,1.262798621058464,False
21,wave_pattern_stage2.0.wave_feature_conv1,2,15,1000,0.002,10.0,30.0,post_relu_mean,355.2297058105469,-355.2297058105469,38.474002838134766,1.9318325519561768,1.4745397567749023,155.83051681518555,0.21023350246855838,-0.09752411102109523,5.631893773744593,1.0390665578842162,False
21,wave_pattern_stage2.0.wave_feature_conv1,2,15,1000,0.002,10.0,30.0,post_relu_mean,648.3292236328125,-648.3292236328125,101.08631134033203,2.6123812198638916,3.361865758895874,355.85923767089844,0.04880017453905532,-0.33300213798832523,19.226717493360763,2.2378822338581084,False
21,wave_pattern_stage2.0.wave_feature_conv1,2,15,1000,0.002,50.0,5.0,post_relu_mean,61.84674835205078,-61.84674835205078,7.075779438018799,0.3661664128303528,0.2220977246761322,170.10172080993652,0.5211468813764003,-0.061613603636408935,3.5595890891126327,1.327148393392563,False
21,wave_pattern_stage2.0.wave_feature_conv1,2,15,1000,0.002,50.0,5.0,post_relu_mean,327.5075988769531,-327.5075988769531,39.1148796081543,1.2611362934112549,1.5815962553024292,108.23845291137695,0.19212352463473878,-0.07446532257247167,4.299221708442032,0.9524231767654419,False
21,wave_pattern_stage2.0.wave_feature_conv1,2,15,1000,0.002,50.0,5.0,post_relu_mean,636.970947265625,-636.970947265625,102.81060028076172,2.0064287185668945,4.055811405181885,339.9006805419922,0.09485543755327173,-0.360108784488411,20.790636194183826,2.280477602481842,False
21,wave_pattern_stage2.0.wave_feature_conv1,2,15,1000,0.002,50.0,15.0,post_relu_mean,55.732391357421875,-55.732391357421875,6.41658878326416,0.3297722339630127,0.18437834084033966,181.82662391662598,0.5351042392119311,-0.06516624228948771,3.7653342705746704,1.3732381737232209,False
21,wave_pattern_stage2.0.wave_feature_conv1,2,15,1000,0.002,50.0,15.0,post_relu_mean,288.24493408203125,-288.24493408203125,33.99795150756836,1.1103771924972534,1.1511282920837402,103.822265625,0.21698062921854436,-0.05983883240231336,3.455307156889338,0.908976214826107,False
21,wave_pattern_stage2.0.wave_feature_conv1,2,15,1000,0.002,50.0,15.0,post_relu_mean,620.5545043945312,-620.5545043945312,99.7298812866211,1.9432718753814697,3.5470786094665527,307.8785171508789,0.0687062541589742,-0.3131081201376958,18.07721351175159,2.128458173274994,False
21,wave_pattern_stage2.0.wave_feature_conv1,2,15,1000,0.002,50.0,30.0,post_relu_mean,49.45248031616211,-49.45248031616211,5.7832159996032715,0.29079222679138184,0.1479460895061493,198.78095054626465,0.5558275690200339,-0.07096895608721011,4.1012087520559914,1.45000343978405,False
21,wave_pattern_stage2.0.wave_feature_conv1,2,15,1000,0.002,50.0,30.0,post_relu_mean,239.6864776611328,-239.6864776611328,27.9378719329834,0.9179630875587463,0.7486672401428223,106.61604690551758,0.24987649488896774,-0.051772784457188484,2.9905973433939477,0.8925535920262336,False
21,wave_pattern_stage2.0.wave_feature_conv1,2,15,1000,0.002,50.0,30.0,post_relu_mean,589.3472290039062,-589.3472290039062,94.3904037475586,1.8459174633026123,2.878664970397949,270.348876953125,0.05257994351007184,-0.25170370222237726,14.532517252981023,1.9269886004924774,False
21,wave_pattern_stage2.0.wave_feature_conv1,2,15,1000,0.002,150.0,5.0,post_relu_mean,32.660335540771484,-32.660335540771484,5.4178547859191895,0.11676706373691559,0.13431677222251892,204.85613250732422,0.3985819961503255,-0.09360487233597316,5.405369396949986,2.1376149654388428,False
21,wave_pattern_stage2.0.wave_feature_conv1,2,15,1000,0.002,150.0,5.0,post_relu_mean,117.41217041015625,-117.41217041015625,18.3726749420166,0.273892343044281,0.5197654366493225,75.26557922363281,0.11853561793412604,-0.022566726617048477,1.3032595611772482,1.7446614909172058,False
21,wave_pattern_stage2.0.wave_feature_conv1,2,15,1000,0.002,150.0,5.0,post_relu_mean,424.02880859375,-424.02880859375,75.49185943603516,0.8740077018737793,2.6795694828033447,176.50819969177246,0.09573441698201696,-0.16220001003259946,9.364650984181328,2.0181400895118715,False
21,wave_pattern_stage2.0.wave_feature_conv1,2,15,1000,0.002,150.0,15.0,post_relu_mean,30.47498893737793,-30.47498893737793,5.085119247436523,0.1096847802400589,0.11783425509929657,217.04736709594727,0.41173396755833036,-0.09804858757104301,5.662866294708964,2.184454526901245,False
21,wave_pattern_stage2.0.wave_feature_conv1,2,15,1000,0.002,150.0,15.0,post_relu_mean,100.65186309814453,-100.65186309814453,15.686361312866211,0.23679035902023315,0.38176649808883667,85.45727920532227,0.12552348644885128,-0.02874355763923396,1.660375447416885,1.76783331990242,False
21,wave_pattern_stage2.0.wave_feature_conv1,2,15,1000,0.002,150.0,15.0,post_relu_mean,406.1820373535156,-406.1820373535156,71.7975845336914,0.8349266052246094,2.2708423137664795,158.63589477539062,0.1064635701487612,-0.1384085171816185,7.9909364036304416,1.9332466733455658,False
21,wave_pattern_stage2.0.wave_feature_conv1,2,15,1000,0.002,150.0,30.0,post_relu_mean,28.086841583251953,-28.086841583251953,4.749268531799316,0.1017269566655159,0.10034461319446564,234.59281158447266,0.44041065537087354,-0.10281794551539512,5.939344007305486,2.247562310695648,False
21,wave_pattern_stage2.0.wave_feature_conv1,2,15,1000,0.002,150.0,30.0,post_relu_mean,82.49950408935547,-82.49950408935547,12.856714248657227,0.19613784551620483,0.25873544812202454,102.13969993591309,0.14390027771853964,-0.03651967056012338,2.1101311564562133,1.8016520047187805,False
21,wave_pattern_stage2.0.wave_feature_conv1,2,15,1000,0.002,150.0,30.0,post_relu_mean,372.92803955078125,-372.92803955078125,65.36447143554688,0.7634637355804443,1.7481629848480225,140.77640533447266,0.12025695797422785,-0.11130691266816277,6.42639486209151,1.8606747990846635,False
23,wave_pattern_stage2.0.wave_feature_conv2,37,15,1000,0.002,10.0,5.0,post_relu_mean,233.49252319335938,-233.49252319335938,19.1888370513916,1.32626473903656,1.2502312660217285,70.53751945495605,0.3015102184377424,-0.028545052677086732,1.6481631117999063,0.4942308774590492,False
23,wave_pattern_stage2.0.wave_feature_conv2,37,15,1000,0.002,10.0,5.0,post_relu_mean,650.6534423828125,-650.6534423828125,64.28683471679688,2.461036205291748,4.105949401855469,236.43018341064453,0.06921812798456668,-0.24514445727811893,14.153254540399963,1.5171146458387375,False
23,wave_pattern_stage2.0.wave_feature_conv2,37,15,1000,0.002,10.0,5.0,post_relu_mean,716.1744384765625,-716.1744384765625,81.30157470703125,2.5855932235717773,4.592820644378662,461.5269012451172,0.2657396644255361,-0.4978494416736639,28.743028188371078,3.1545645558834075,False
23,wave_pattern_stage2.0.wave_feature_conv2,37,15,1000,0.002,10.0,15.0,post_relu_mean,188.17324829101562,-188.17324829101562,15.361673355102539,1.063401699066162,0.7574825286865234,72.09025001525879,0.31804305791419274,-0.022733795164155912,1.3134069977036147,0.4807309554517269,False
23,wave_pattern_stage2.0.wave_feature_conv2,37,15,1000,0.002,10.0,15.0,post_relu_mean,625.9053344726562,-625.9053344726562,61.66449737548828,2.3484606742858887,3.3159983158111572,207.7921028137207,0.03920759442985556,-0.20027024108525077,11.562588001997037,1.3762963730096818,False
23,wave_pattern_stage2.0.wave_feature_conv2,37,15,1000,0.002,10.0,15.0,post_relu_mean,702.0202026367188,-702.0202026367188,79.42288208007812,2.527306079864502,4.044665336608887,423.2111587524414,0.2385869895417058,-0.43967729644443493,25.384525292219664,3.0008734917640685,False
23,wave_pattern_stage2.0.wave_feature_conv2,37,15,1000,0.002,10.0,30.0,post_relu_mean,140.7857666015625,-140.7857666015625,11.520181655883789,0.7949053645133972,0.4220542311668396,81.12749290466309,0.343945047828656,-0.02198886365925552,1.2711665172930555,0.516479364335537,False
23,wave_pattern_stage2.0.wave_feature_conv2,37,15,1000,0.002,10.0,30.0,post_relu_mean,579.1414794921875,-579.1414794921875,56.965518951416016,2.1092844009399414,2.4462666511535645,179.89110946655273,0.02103138572949178,-0.15194606591315296,8.773610221328497,1.2094016832113266,False
23,wave_pattern_stage2.0.wave_feature_conv2,37,15,1000,0.002,10.0,30.0,post_relu_mean,677.3300170898438,-677.3300170898438,76.53883361816406,2.414032459259033,3.378571033477783,378.47491455078125,0.20763318395227487,-0.37285717784424094,21.527013350707303,2.8120229971408843,False
23,wave_pattern_stage2.0.wave_feature_conv2,37,15,1000,0.002,50.0,5.0,post_relu_mean,114.71229553222656,-114.71229553222656,10.393982887268066,0.33956292271614075,0.4745357632637024,58.32057762145996,0.2673841313841188,-0.015188368781065538,0.8777833715940507,0.6336511138081551,False
23,wave_pattern_stage2.0.wave_feature_conv2,37,15,1000,0.002,50.0,5.0,post_relu_mean,550.4856567382812,-550.4856567382812,56.069114685058594,1.2732675075531006,3.3225455284118652,160.6667537689209,0.03732531579065649,-0.16042278887477557,9.261899379266234,1.2583636629581452,False
23,wave_pattern_stage2.0.wave_feature_conv2,37,15,1000,0.002,50.0,5.0,post_relu_mean,655.1243286132812,-655.1243286132812,74.73233032226562,1.6994810104370117,4.188625335693359,368.4006576538086,0.2009173518394992,-0.397545343472149,22.95208638262377,2.8220459175109864,False
23,wave_pattern_stage2.0.wave_feature_conv2,37,15,1000,0.002,50.0,15.0,post_relu_mean,87.85369110107422,-87.85369110107422,7.980954170227051,0.2674063742160797,0.28878551721572876,68.32380104064941,0.27662300256647965,-0.020436802286634317,1.1810104757659736,0.6674390509724617,False
23,wave_pattern_stage2.0.wave_feature_conv2,37,15,1000,0.002,50.0,15.0,post_relu_mean,519.1543579101562,-519.1543579101562,52.72123718261719,1.1861170530319214,2.5610978603363037,139.71144104003906,0.03653642980515283,-0.1287445729729974,7.432981637704958,1.1495300203561782,False
23,wave_pattern_stage2.0.wave_feature_conv2,37,15,1000,0.002,50.0,15.0,post_relu_mean,642.23583984375,-642.23583984375,73.1175765991211,1.664484977722168,3.627080202102661,336.4965362548828,0.18388411125344373,-0.35177905038141083,20.309774979094254,2.707805105447769,False
23,wave_pattern_stage2.0.wave_feature_conv2,37,15,1000,0.002,50.0,30.0,post_relu_mean,67.90384674072266,-67.90384674072266,6.205997467041016,0.21407504379749298,0.1807553470134735,84.32343864440918,0.29904675008776166,-0.02687809257204049,1.5537341448285387,0.7291342362761497,False
23,wave_pattern_stage2.0.wave_feature_conv2,37,15,1000,0.002,50.0,30.0,post_relu_mean,466.6667175292969,-466.6667175292969,47.13007736206055,1.0647778511047363,1.7846133708953857,122.74886322021484,0.06110278764292878,-0.10145056555529183,5.857260706831373,1.0376956540346145,False
23,wave_pattern_stage2.0.wave_feature_conv2,37,15,1000,0.002,50.0,30.0,post_relu_mean,622.4735107421875,-622.4735107421875,70.57183837890625,1.6003718376159668,2.9681882858276367,304.47034454345703,0.17296091316159537,-0.3078081810519994,17.77114226768666,2.588352608680725,False
23,wave_pattern_stage2.0.wave_feature_conv2,37,15,1000,0.002,150.0,5.0,post_relu_mean,70.43841552734375,-70.43841552734375,7.298067092895508,0.1441197395324707,0.3496267795562744,87.11998748779297,0.10505247787426109,-0.031145595279305358,1.7994735964638608,1.8202869832515716,False
23,wave_pattern_stage2.0.wave_feature_conv2,37,15,1000,0.002,150.0,5.0,post_relu_mean,309.5449523925781,-309.5449523925781,33.72862243652344,0.43124592304229736,1.6622390747070312,84.8359432220459,0.05466668103288875,-0.053899266800822854,3.111845097628185,1.8097441458702088,False
23,wave_pattern_stage2.0.wave_feature_conv2,37,15,1000,0.002,150.0,5.0,post_relu_mean,483.5924072265625,-483.5924072265625,56.346351623535156,0.7597495317459106,3.0111422538757324,238.2831687927246,0.10896190555949853,-0.2261852233332811,13.058655699888783,2.592449221611023,False
23,wave_pattern_stage2.0.wave_feature_conv2,37,15,1000,0.002,150.0,15.0,post_relu_mean,59.59501647949219,-59.59501647949219,6.188611030578613,0.12522704899311066,0.25680023431777954,99.18400001525879,0.11821827045925108,-0.03757152214756984,2.1705135273390694,1.8475707095861436,False
23,wave_pattern_stage2.0.wave_feature_conv2,37,15,1000,0.002,150.0,15.0,post_relu_mean,279.17279052734375,-279.17279052734375,30.373577117919922,0.3827431797981262,1.2756884098052979,78.77310562133789,0.048595887814174475,-0.0419370791753467,2.4216071577455742,1.767502493262291,False
23,wave_pattern_stage2.0.wave_feature_conv2,37,15,1000,0.002,150.0,15.0,post_relu_mean,465.6605224609375,-465.6605224609375,54.12773513793945,0.7270286083221436,2.6095385551452637,214.47350311279297,0.09404719064165162,-0.19242407577676018,11.109476610859272,2.500963418483734,False
23,wave_pattern_stage2.0.wave_feature_conv2,37,15,1000,0.002,150.0,30.0,post_relu_mean,48.77001190185547,-48.77001190185547,5.102699279785156,0.10659478604793549,0.17936620116233826,117.10819625854492,0.14008833484324262,-0.045913713615850664,2.652948721770652,1.8831770420074463,False
23,wave_pattern_stage2.0.wave_feature_conv2,37,15,1000,0.002,150.0,30.0,post_relu_mean,239.0639190673828,-239.0639190673828,25.974565505981445,0.3221435844898224,0.8820902109146118,79.04608154296875,0.04843188051450518,-0.03410620696330244,1.9699147648711952,1.77047117292881,False
23,wave_pattern_stage2.0.wave_feature_conv2,37,15,1000,0.002,150.0,30.0,post_relu_mean,438.0179138183594,-438.0179138183594,50.71238327026367,0.6744353175163269,2.1015472412109375,190.8561553955078,0.0833627529315845,-0.1586042108251803,9.156946022621884,2.421644055843353,False
23,wave_pattern_stage2.0.wave_feature_conv2,7,15,1000,0.002,10.0,5.0,post_relu_mean,296.109130859375,-296.109130859375,21.748554229736328,1.6780929565429688,1.8658087253570557,101.60376358032227,0.37869646548385544,-0.052442813413513124,3.027954428058595,0.5267489397525787,False
23,wave_pattern_stage2.0.wave_feature_conv2,7,15,1000,0.002,10.0,5.0,post_relu_mean,670.4276733398438,-670.4276733398438,63.02328109741211,2.781135082244873,4.472834587097168,258.0857391357422,0.028689429147782494,-0.2618947691671723,15.120363071106922,1.454936113357544,False
23,wave_pattern_stage2.0.wave_feature_conv2,7,15,1000,0.002,10.0,5.0,post_relu_mean,755.2125244140625,-755.2125244140625,82.97865295410156,2.901585340499878,4.7838358879089355,495.336669921875,0.2844136096220013,-0.5491635308994905,31.705677380035997,3.121588896512985,False
23,wave_pattern_stage2.0.wave_feature_conv2,7,15,1000,0.002,10.0,15.0,post_relu_mean,247.35629272460938,-247.35629272460938,18.0620059967041,1.3923578262329102,1.1974552869796753,95.0237922668457,0.41246727358636387,-0.035451620388467324,2.047484746058667,0.4587554055452347,False
23,wave_pattern_stage2.0.wave_feature_conv2,7,15,1000,0.002,10.0,15.0,post_relu_mean,638.3997192382812,-638.3997192382812,60.03535842895508,2.6229677200317383,3.599752426147461,222.02976608276367,0.032884967368593275,-0.20948331925156038,12.094953004533831,1.2750453817844392,False
23,wave_pattern_stage2.0.wave_feature_conv2,7,15,1000,0.002,10.0,15.0,post_relu_mean,738.0496826171875,-738.0496826171875,81.27197265625,2.8397655487060547,4.275280475616455,451.3715133666992,0.24656593731892024,-0.4806544081143533,27.750608557266148,2.9491533827781677,False
23,wave_pattern_stage2.0.wave_feature_conv2,7,15,1000,0.002,10.0,30.0,post_relu_mean,191.22059631347656,-191.22059631347656,13.901723861694336,1.0725141763687134,0.6852234601974487,97.71870231628418,0.4425892604902013,-0.027505645232664477,1.5893678728376606,0.4577473568916321,False
23,wave_pattern_stage2.0.wave_feature_conv2,7,15,1000,0.002,10.0,30.0,post_relu_mean,589.5548095703125,-589.5548095703125,55.375404357910156,2.3496508598327637,2.6746463775634766,189.59889602661133,0.08418540402908695,-0.155224002067642,8.963869760894209,1.0789868128299713,False
23,wave_pattern_stage2.0.wave_feature_conv2,7,15,1000,0.002,10.0,30.0,post_relu_mean,720.8629760742188,-720.8629760742188,79.84717559814453,2.726595878601074,3.6271204948425293,408.68116760253906,0.2190538646049268,-0.41161366067232735,23.764987637825325,2.7749394512176515,False
23,wave_pattern_stage2.0.wave_feature_conv2,7,15,1000,0.002,50.0,5.0,post_relu_mean,166.19418334960938,-166.19418334960938,12.993647575378418,0.556892991065979,0.8441572189331055,71.7341775894165,0.3543533619100564,-0.017326721593962244,1.001273429513535,0.5849839070439339,False
23,wave_pattern_stage2.0.wave_feature_conv2,7,15,1000,0.002,50.0,5.0,post_relu_mean,566.2212524414062,-566.2212524414062,53.71327209472656,1.6023043394088745,3.5903191566467285,170.98982048034668,0.0512672139913285,-0.17272446999392146,9.972130003291582,1.1589050871133804,False
23,wave_pattern_stage2.0.wave_feature_conv2,7,15,1000,0.002,50.0,5.0,post_relu_mean,700.9618530273438,-700.9618530273438,77.89276885986328,2.035550594329834,4.436200141906738,393.6001663208008,0.23018784910964493,-0.43624479882779543,25.18629147095286,2.759697231054306,False
23,wave_pattern_stage2.0.wave_feature_conv2,7,15,1000,0.002,50.0,15.0,post_relu_mean,131.37692260742188,-131.37692260742188,10.239469528198242,0.4445352554321289,0.5038201808929443,77.82288360595703,0.36557646658400295,-0.018765290444569423,1.0854003456184782,0.6033850935101509,False
23,wave_pattern_stage2.0.wave_feature_conv2,7,15,1000,0.002,50.0,15.0,post_relu_mean,531.3558959960938,-531.3558959960938,50.17865753173828,1.5000919103622437,2.7833199501037598,146.1927719116211,0.07732299361826048,-0.13439610486340647,7.759437062327707,1.0141979551315308,False
23,wave_pattern_stage2.0.wave_feature_conv2,7,15,1000,0.002,50.0,15.0,post_relu_mean,685.6137084960938,-685.6137084960938,76.28717803955078,2.0019631385803223,3.8853466510772705,356.5205993652344,0.20147629271719733,-0.3799177447697911,21.934302373361284,2.6058764135837555,False
23,wave_pattern_stage2.0.wave_feature_conv2,7,15,1000,0.002,50.0,30.0,post_relu_mean,100.49168395996094,-100.49168395996094,7.840312480926514,0.34487950801849365,0.2919326722621918,91.33556175231934,0.3839071774319455,-0.02370465761649763,1.3713047922208057,0.6536137378215789,False
23,wave_pattern_stage2.0.wave_feature_conv2,7,15,1000,0.002,50.0,30.0,post_relu_mean,471.6095275878906,-471.6095275878906,44.579044342041016,1.3280824422836304,1.9115947484970093,124.07112121582031,0.12155032189326587,-0.09356203981469773,5.403578590865261,0.8584506514668465,False
23,wave_pattern_stage2.0.wave_feature_conv2,7,15,1000,0.002,50.0,30.0,post_relu_mean,663.0860595703125,-663.0860595703125,73.65895080566406,1.940312147140503,3.2007272243499756,318.5863265991211,0.17879143806130232,-0.32434121995017656,18.72571275402276,2.4570145440101623,False
23,wave_pattern_stage2.0.wave_feature_conv2,7,15,1000,0.002,150.0,5.0,post_relu_mean,79.27180480957031,-79.27180480957031,7.138923645019531,0.17591316998004913,0.4486730694770813,92.92353820800781,0.10035085075361845,-0.029596819443095782,1.7100887306942014,1.9436684566736222,False
23,wave_pattern_stage2.0.wave_feature_conv2,7,15,1000,0.002,150.0,5.0,post_relu_mean,262.5218505859375,-262.5218505859375,26.34589385986328,0.4947246015071869,1.5283640623092651,66.4730167388916,0.06781249018004572,-0.03540324138806441,2.0440067388793386,1.7870009630918502,False
23,wave_pattern_stage2.0.wave_feature_conv2,7,15,1000,0.002,150.0,5.0,post_relu_mean,484.90472412109375,-484.90472412109375,56.56894302368164,0.9458444118499756,3.1080894470214844,211.53767013549805,0.10135174614615056,-0.21390832804725143,12.350116206903582,2.350873209238052,False
23,wave_pattern_stage2.0.wave_feature_conv2,7,15,1000,0.002,150.0,15.0,post_relu_mean,67.96185302734375,-67.96185302734375,6.127369403839111,0.1522062122821808,0.330680251121521,103.65115165710449,0.10936235781703056,-0.03564371995805024,2.0597244825263745,1.9956775623559952,False
23,wave_pattern_stage2.0.wave_feature_conv2,7,15,1000,0.002,150.0,15.0,post_relu_mean,233.69003295898438,-233.69003295898438,23.308887481689453,0.43924880027770996,1.1450825929641724,62.69599151611328,0.0640209666581106,-0.027567863163940536,1.5919111072047947,1.7789721947908401,False
23,wave_pattern_stage2.0.wave_feature_conv2,7,15,1000,0.002,150.0,15.0,post_relu_mean,467.9365539550781,-467.9365539550781,54.419769287109375,0.9160084128379822,2.6616992950439453,187.8918685913086,0.09171714067345632,-0.18322466309033214,10.578367826164888,2.2656551122665407,False
23,wave_pattern_stage2.0.wave_feature_conv2,7,15,1000,0.002,150.0,30.0,post_relu_mean,56.41881561279297,-56.41881561279297,5.111187934875488,0.1298518180847168,0.22847478091716766,120.35327911376953,0.12446574719449591,-0.04228897165681708,2.443716806770495,2.034502326250076,False
23,wave_pattern_stage2.0.wave_feature_conv2,7,15,1000,0.002,150.0,30.0,post_relu_mean,196.16189575195312,-196.16189575195312,19.48310089111328,0.3688949644565582,0.7609057426452637,65.82315826416016,0.053874120439191854,-0.02435537693175606,1.406296736673573,1.7655175453424454,False
23,wave_pattern_stage2.0.wave_feature_conv2,7,15,1000,0.002,150.0,30.0,post_relu_mean,441.3280334472656,-441.3280334472656,51.03350830078125,0.8644233345985413,2.104688882827759,165.81642150878906,0.08201589307533769,-0.15321926244262066,8.846021385850042,2.16675733089447,False
23,wave_pattern_stage2.0.wave_feature_conv2,27,15,1000,0.002,10.0,5.0,post_relu_mean,59.661102294921875,-59.661102294921875,5.908351421356201,0.6479980945587158,0.44081002473831177,85.00979042053223,0.3896035795718701,-0.02200712458187737,1.2720677086294567,0.5093738456070424,False
23,wave_pattern_stage2.0.wave_feature_conv2,27,15,1000,0.002,10.0,5.0,post_relu_mean,318.1648254394531,-318.1648254394531,38.57806396484375,2.0216574668884277,2.956308364868164,84.23696184158325,0.05858205669403238,-0.0724850364186656,4.184892157676558,0.6195388892292977,False
23,wave_pattern_stage2.0.wave_feature_conv2,27,15,1000,0.002,10.0,5.0,post_relu_mean,509.04034423828125,-509.04034423828125,80.42329406738281,2.6140313148498535,4.380870342254639,295.2084274291992,0.172709194323904,-0.31909687396725933,18.422860432537917,2.1067729783058167,False
23,wave_pattern_stage2.0.wave_feature_conv2,27,15,1000,0.002,10.0,15.0,post_relu_mean,45.8204231262207,-45.8204231262207,4.602835178375244,0.5048124194145203,0.26650896668434143,94.94536399841309,0.39803470114346284,-0.02637527123847995,1.5245683771356155,0.5610888129472733,False
23,wave_pattern_stage2.0.wave_feature_conv2,27,15,1000,0.002,10.0,15.0,post_relu_mean,272.8353576660156,-272.8353576660156,32.77567672729492,1.7474055290222168,1.882129430770874,68.29436016082764,0.08606596610256995,-0.04578939850579087,2.643709290415023,0.5253504335880279,False
23,wave_pattern_stage2.0.wave_feature_conv2,27,15,1000,0.002,10.0,15.0,post_relu_mean,496.72003173828125,-496.72003173828125,78.68305969238281,2.5493483543395996,3.737355947494507,262.20204162597656,0.15490333354980207,-0.2713824389646606,15.668089720066417,1.98527685880661,False
23,wave_pattern_stage2.0.wave_feature_conv2,27,15,1000,0.002,10.0,30.0,post_relu_mean,36.59626770019531,-36.59626770019531,3.776249647140503,0.4001338481903076,0.17472049593925476,110.4140977859497,0.41964903119639885,-0.03246393735970451,1.8772745819684045,0.6424727341532708,False
23,wave_pattern_stage2.0.wave_feature_conv2,27,15,1000,0.002,10.0,30.0,post_relu_mean,215.05145263671875,-215.05145263671875,25.775978088378906,1.375960111618042,1.0235321521759033,63.37363052368164,0.12113581335913634,-0.03143848417472797,1.8155277533701306,0.4854935991764069,False
23,wave_pattern_stage2.0.wave_feature_conv2,27,15,1000,0.002,10.0,30.0,post_relu_mean,472.9799499511719,-472.9799499511719,75.16122436523438,2.405341863632202,2.9295175075531006,228.2228775024414,0.1392693029336078,-0.22539723912943407,13.013236534779434,1.8680191570520401,False
23,wave_pattern_stage2.0.wave_feature_conv2,27,15,1000,0.002,50.0,5.0,post_relu_mean,34.1631965637207,-34.1631965637207,4.001120567321777,0.15592558681964874,0.24978742003440857,96.67477226257324,0.3308698218089431,-0.03387124099493975,1.9578181571452657,0.7761273795366287,False
23,wave_pattern_stage2.0.wave_feature_conv2,27,15,1000,0.002,50.0,5.0,post_relu_mean,190.41412353515625,-190.41412353515625,24.508350372314453,0.6033601760864258,1.6203545331954956,42.014930725097656,0.07160176473894761,-0.019857451566866257,1.1467329512638735,0.6058609047532082,False
23,wave_pattern_stage2.0.wave_feature_conv2,27,15,1000,0.002,50.0,5.0,post_relu_mean,445.9603271484375,-445.9603271484375,72.27131652832031,1.5088218450546265,3.855192184448242,212.05976104736328,0.12106282332347111,-0.2319243740332705,13.39021717652069,1.8112356132268905,False
23,wave_pattern_stage2.0.wave_feature_conv2,27,15,1000,0.002,50.0,15.0,post_relu_mean,27.947921752929688,-27.947921752929688,3.3501393795013428,0.13600265979766846,0.17233362793922424,107.71220970153809,0.3417546263738024,-0.038598245951040895,2.230807634759084,0.8323033937811851,False
23,wave_pattern_stage2.0.wave_feature_conv2,27,15,1000,0.002,50.0,15.0,post_relu_mean,146.6587371826172,-146.6587371826172,18.727466583251953,0.47353029251098633,0.8948798179626465,39.41685104370117,0.08730224560678228,-0.013125017686570779,0.75809251559986,0.5858297061920166,False
23,wave_pattern_stage2.0.wave_feature_conv2,27,15,1000,0.002,50.0,15.0,post_relu_mean,432.440673828125,-432.440673828125,70.17865753173828,1.47624671459198,3.182821750640869,184.8780059814453,0.11455604884577403,-0.19473245689250757,11.24280843717975,1.7203607070446014,False
23,wave_pattern_stage2.0.wave_feature_conv2,27,15,1000,0.002,50.0,30.0,post_relu_mean,23.27961540222168,-23.27961540222168,2.8778252601623535,0.12275377660989761,0.12258946895599365,123.96104621887207,0.3651277419442579,-0.04413742080378906,2.5520699250971144,0.9094383391737938,False
23,wave_pattern_stage2.0.wave_feature_conv2,27,15,1000,0.002,50.0,30.0,post_relu_mean,105.49290466308594,-105.49290466308594,13.453145027160645,0.34644919633865356,0.4403934180736542,47.812302589416504,0.11302806777677343,-0.013221295641500918,0.7640167590390081,0.6051916787028313,False
23,wave_pattern_stage2.0.wave_feature_conv2,27,15,1000,0.002,50.0,30.0,post_relu_mean,403.81658935546875,-403.81658935546875,66.0615463256836,1.3775131702423096,2.36761212348938,158.64588165283203,0.10909379189506242,-0.1557442512761122,8.991797926150698,1.6318463867902755,False
23,wave_pattern_stage2.0.wave_feature_conv2,27,15,1000,0.002,150.0,5.0,post_relu_mean,33.78594970703125,-33.78594970703125,4.3999128341674805,0.0899401605129242,0.2747672200202942,132.6193618774414,0.18761518507847735,-0.05247579270593674,3.03195671043947,1.8434083247184754,False
23,wave_pattern_stage2.0.wave_feature_conv2,27,15,1000,0.002,150.0,5.0,post_relu_mean,92.69950866699219,-92.69950866699219,13.17552375793457,0.1875201314687729,0.7363396883010864,53.55391073226929,0.08832307106862519,-0.016688821889236007,0.9638515492038677,1.9063127064704894,False
23,wave_pattern_stage2.0.wave_feature_conv2,27,15,1000,0.002,150.0,5.0,post_relu_mean,262.9922790527344,-262.9922790527344,45.009765625,0.5486239790916443,2.2863497734069824,103.47437858581543,0.0639514746977489,-0.07740242969155588,4.46882132311756,1.9511105424165727,False
23,wave_pattern_stage2.0.wave_feature_conv2,27,15,1000,0.002,150.0,15.0,post_relu_mean,29.47028350830078,-29.47028350830078,3.8799490928649902,0.08102816343307495,0.21163935959339142,144.12218856811523,0.20439552103603603,-0.05756972919979965,3.3263309761318527,1.882381261587143,False
23,wave_pattern_stage2.0.wave_feature_conv2,27,15,1000,0.002,150.0,15.0,post_relu_mean,76.8896255493164,-76.8896255493164,10.896963119506836,0.15456146001815796,0.5143164992332458,61.130398750305176,0.07730500910119638,-0.0202975223277753,1.172687506486913,1.9144541645050048,False
23,wave_pattern_stage2.0.wave_feature_conv2,27,15,1000,0.002,150.0,15.0,post_relu_mean,243.12916564941406,-243.12916564941406,41.64699172973633,0.5055913329124451,1.8356369733810425,88.40895080566406,0.06423117544440071,-0.05778983427794615,3.336467134635424,1.9190975320339203,False
23,wave_pattern_stage2.0.wave_feature_conv2,27,15,1000,0.002,150.0,30.0,post_relu_mean,25.180692672729492,-25.180692672729492,3.3718693256378174,0.07355017960071564,0.15679576992988586,161.1300506591797,0.23226818366827479,-0.06411554118961618,3.705174759724475,1.9371145957708358,False
23,wave_pattern_stage2.0.wave_feature_conv2,27,15,1000,0.002,150.0,30.0,post_relu_mean,60.826385498046875,-60.826385498046875,8.661993026733398,0.12265937775373459,0.3257872760295868,75.59267997741699,0.05245252370396062,-0.02609862203904875,1.5077936961181568,1.9264266669750214,False
23,wave_pattern_stage2.0.wave_feature_conv2,27,15,1000,0.002,150.0,30.0,post_relu_mean,215.3377685546875,-215.3377685546875,36.908206939697266,0.4458142817020416,1.3165571689605713,78.98497009277344,0.057776387052980056,-0.04419747358536868,2.5517750319107884,1.88488754093647,False
26,wave_pattern_stage2.0.skip_connection.0,47,15,1000,0.002,10.0,5.0,post_relu_mean,140.014892578125,-140.014892578125,11.811466217041016,1.1521501541137695,0.7692789435386658,120.73061466217041,0.41599876181632706,-0.03504268797860359,2.0250646419563028,1.047594055235386,False
26,wave_pattern_stage2.0.skip_connection.0,47,15,1000,0.002,10.0,5.0,post_relu_mean,352.24945068359375,-352.24945068359375,35.025390625,2.212132453918457,2.5113911628723145,152.8838882446289,0.1649685237032022,-0.12109900023997486,6.9916680786192495,1.1718067276477813,False
26,wave_pattern_stage2.0.skip_connection.0,47,15,1000,0.002,10.0,5.0,post_relu_mean,473.9127502441406,-473.9127502441406,57.20180892944336,2.7644777297973633,4.1672563552856445,295.66268157958984,0.027226616427226125,-0.29040880679762354,16.766577216174245,1.8525286048650742,False
26,wave_pattern_stage2.0.skip_connection.0,47,15,1000,0.002,10.0,15.0,post_relu_mean,122.8646011352539,-122.8646011352539,10.307808876037598,1.0028326511383057,0.5768622159957886,126.3863525390625,0.43334973322798165,-0.03493617743819221,2.0191567550514913,1.060073449909687,False
26,wave_pattern_stage2.0.skip_connection.0,47,15,1000,0.002,10.0,15.0,post_relu_mean,320.8607177734375,-320.8607177734375,31.5402889251709,2.0175464153289795,1.979942798614502,134.8071632385254,0.19912301996774978,-0.08921777479022548,5.151168181539743,1.0659817510843277,False
26,wave_pattern_stage2.0.skip_connection.0,47,15,1000,0.002,10.0,15.0,post_relu_mean,454.1407775878906,-454.1407775878906,54.10668182373047,2.650252342224121,3.5861949920654297,258.25425720214844,0.05616926750218846,-0.23056092908517786,13.311478921303795,1.652517021894455,False
26,wave_pattern_stage2.0.skip_connection.0,47,15,1000,0.002,10.0,30.0,post_relu_mean,101.8602523803711,-101.8602523803711,8.5621337890625,0.8291985392570496,0.39688870310783386,137.9456024169922,0.45926364794484803,-0.038381714390624724,2.217804315975758,1.0990588802099228,False
26,wave_pattern_stage2.0.skip_connection.0,47,15,1000,0.002,10.0,30.0,post_relu_mean,278.6299133300781,-278.6299133300781,27.044713973999023,1.7370487451553345,1.398956537246704,122.21388626098633,0.23923206842854708,-0.06258180411572056,3.614654537780374,0.9836381927132607,False
26,wave_pattern_stage2.0.skip_connection.0,47,15,1000,0.002,10.0,30.0,post_relu_mean,424.4424743652344,-424.4424743652344,49.71484375,2.4668900966644287,2.8803579807281494,218.7878189086914,0.10893698475038813,-0.16961345036586123,9.794091890500614,1.4343628585338593,False
26,wave_pattern_stage2.0.skip_connection.0,47,15,1000,0.002,50.0,5.0,post_relu_mean,76.02349853515625,-76.02349853515625,7.515050411224365,0.387238085269928,0.360800564289093,112.35712623596191,0.3707783215762081,-0.031227392597065435,1.8048980858814385,1.1966526210308075,False
26,wave_pattern_stage2.0.skip_connection.0,47,15,1000,0.002,50.0,5.0,post_relu_mean,250.94976806640625,-250.94976806640625,26.747568130493164,1.0620839595794678,1.6057734489440918,84.97029495239258,0.1941804964436082,-0.047439384534837675,2.7390209675008963,1.0062086468935012,False
26,wave_pattern_stage2.0.skip_connection.0,47,15,1000,0.002,50.0,5.0,post_relu_mean,410.1422119140625,-410.1422119140625,51.88902282714844,1.760519027709961,3.5458052158355713,198.38275527954102,0.07379086612363808,-0.18960362236900163,10.946682256556622,1.5187615495920181,False
26,wave_pattern_stage2.0.skip_connection.0,47,15,1000,0.002,50.0,15.0,post_relu_mean,65.92697143554688,-65.92697143554688,6.537917137145996,0.3351935148239136,0.2743634581565857,123.4055347442627,0.3852728392930809,-0.03786565981345425,2.18811147086057,1.226515673995018,False
26,wave_pattern_stage2.0.skip_connection.0,47,15,1000,0.002,50.0,15.0,post_relu_mean,221.10507202148438,-221.10507202148438,23.236249923706055,0.9387030601501465,1.1696128845214844,80.41873168945312,0.21407249990633165,-0.036994604581224756,2.136076486903089,0.9658601665496827,False
26,wave_pattern_stage2.0.skip_connection.0,47,15,1000,0.002,50.0,15.0,post_relu_mean,389.524169921875,-389.524169921875,48.44796371459961,1.675964593887329,2.9573142528533936,169.8856201171875,0.10224125547692113,-0.1449402778228941,8.36826847296786,1.3588422435522078,False
26,wave_pattern_stage2.0.skip_connection.0,47,15,1000,0.002,50.0,30.0,post_relu_mean,55.87955093383789,-55.87955093383789,5.578447341918945,0.2842260003089905,0.20259913802146912,140.16288948059082,0.40782573218744445,-0.044617421666563545,2.578660998455851,1.289924281835556,False
26,wave_pattern_stage2.0.skip_connection.0,47,15,1000,0.002,50.0,30.0,post_relu_mean,181.4532928466797,-181.4532928466797,18.905805587768555,0.769963264465332,0.7531101703643799,82.43128395080566,0.24315655124873217,-0.027377706266062868,1.5819471348007066,0.9403744396567345,False
26,wave_pattern_stage2.0.skip_connection.0,47,15,1000,0.002,50.0,30.0,post_relu_mean,356.1996154785156,-356.1996154785156,43.544742584228516,1.5427807569503784,2.2440390586853027,141.7862777709961,0.1422667292618033,-0.10043849992276416,5.799600074553199,1.1857375037670135,False
26,wave_pattern_stage2.0.skip_connection.0,47,15,1000,0.002,150.0,5.0,post_relu_mean,43.58114242553711,-43.58114242553711,5.632199287414551,0.12923821806907654,0.24028734862804413,145.45143508911133,0.24546496955348773,-0.05724820776693124,3.307223856915601,2.0555134546756744,False
26,wave_pattern_stage2.0.skip_connection.0,47,15,1000,0.002,150.0,5.0,post_relu_mean,108.88031768798828,-108.88031768798828,14.180251121520996,0.27833518385887146,0.7054994702339172,67.7221326828003,0.0999477461511482,-0.017509545203778065,1.0115974650545811,1.8420529460906983,False
26,wave_pattern_stage2.0.skip_connection.0,47,15,1000,0.002,150.0,5.0,post_relu_mean,233.66409301757812,-233.66409301757812,33.1721305847168,0.6418504118919373,1.9999879598617554,86.2284140586853,0.07933674161907942,-0.055143411416477404,3.183678735341335,1.7926985722780229,False
26,wave_pattern_stage2.0.skip_connection.0,47,15,1000,0.002,150.0,15.0,post_relu_mean,39.490562438964844,-39.490562438964844,5.101451396942139,0.1184736043214798,0.1965322196483612,157.6192970275879,0.2618657814497133,-0.06312023776832672,3.6466286032101487,2.0795685803890227,False
26,wave_pattern_stage2.0.skip_connection.0,47,15,1000,0.002,150.0,15.0,post_relu_mean,93.90065002441406,-93.90065002441406,12.200261116027832,0.24165013432502747,0.520861804485321,74.94255828857422,0.10573036292730062,-0.02040325946302878,1.179201633895516,1.8479364615678788,False
26,wave_pattern_stage2.0.skip_connection.0,47,15,1000,0.002,150.0,15.0,post_relu_mean,214.02369689941406,-214.02369689941406,30.034469604492188,0.5833671689033508,1.5892999172210693,75.7414321899414,0.08437763620617084,-0.04065545486293407,2.347329352753695,1.7619170671701432,False
26,wave_pattern_stage2.0.skip_connection.0,47,15,1000,0.002,150.0,30.0,post_relu_mean,34.97372817993164,-34.97372817993164,4.541863918304443,0.10780788213014603,0.15378263592720032,175.25692176818848,0.2925344774033043,-0.06913253191933132,3.9947018315085496,2.1218476498126986,False
26,wave_pattern_stage2.0.skip_connection.0,47,15,1000,0.002,150.0,30.0,post_relu_mean,77.44963073730469,-77.44963073730469,10.032757759094238,0.19933243095874786,0.35410255193710327,89.4907922744751,0.11655321870658843,-0.027227147008726648,1.5735867075778454,1.8805433076620102,False
26,wave_pattern_stage2.0.skip_connection.0,47,15,1000,0.002,150.0,30.0,post_relu_mean,186.3694305419922,-186.3694305419922,25.78274917602539,0.5069581270217896,1.1213656663894653,70.62300872802734,0.09197612389172302,-0.031671756268584754,1.8286645346282702,1.7408307087421417,False
26,wave_pattern_stage2.0.skip_connection.0,30,15,1000,0.002,10.0,5.0,post_relu_mean,126.37954711914062,-126.37954711914062,11.45578670501709,1.027224063873291,0.6198315620422363,117.76102495193481,0.3728286153814499,-0.03831500642362059,2.2131663169982874,1.033850450217724,False
26,wave_pattern_stage2.0.skip_connection.0,30,15,1000,0.002,10.0,5.0,post_relu_mean,348.4473876953125,-348.4473876953125,35.449764251708984,2.2327184677124023,2.419583320617676,151.97543334960938,0.11999407870154605,-0.12945132956021652,7.473854612587519,1.1623941057920455,False
26,wave_pattern_stage2.0.skip_connection.0,30,15,1000,0.002,10.0,5.0,post_relu_mean,467.7561340332031,-467.7561340332031,57.79646682739258,2.836820125579834,4.2958221435546875,292.02730560302734,0.024389439960361657,-0.2957027409495663,17.072203065995446,1.796428016424179,False
26,wave_pattern_stage2.0.skip_connection.0,30,15,1000,0.002,10.0,15.0,post_relu_mean,109.9154052734375,-109.9154052734375,9.936854362487793,0.8914936184883118,0.46052542328834534,125.1175971031189,0.3892866271222917,-0.038516201424704195,2.2260228447870816,1.0537436920404435,False
26,wave_pattern_stage2.0.skip_connection.0,30,15,1000,0.002,10.0,15.0,post_relu_mean,320.9703674316406,-320.9703674316406,32.09451675415039,2.0208306312561035,1.8840596675872803,138.31338119506836,0.15280326245003964,-0.10328158043352331,5.963411607014456,1.0621669399738312,False
26,wave_pattern_stage2.0.skip_connection.0,30,15,1000,0.002,10.0,15.0,post_relu_mean,450.30535888671875,-450.30535888671875,54.63967514038086,2.7244372367858887,3.6439695358276367,256.75950622558594,0.03253545828681343,-0.23944925492338962,13.824778453747623,1.6072023314237596,False
26,wave_pattern_stage2.0.skip_connection.0,30,15,1000,0.002,10.0,30.0,post_relu_mean,92.63850402832031,-92.63850402832031,8.368741035461426,0.7421004772186279,0.3225351870059967,138.871826171875,0.4123637539028839,-0.04358633903715711,2.518707943371352,1.1080533915758133,False
26,wave_pattern_stage2.0.skip_connection.0,30,15,1000,0.002,10.0,30.0,post_relu_mean,279.3827819824219,-279.3827819824219,27.56168556213379,1.729941487312317,1.3209415674209595,127.55571365356445,0.20019318785925402,-0.07679308343182213,4.434684479122469,0.9673178008198738,False
26,wave_pattern_stage2.0.skip_connection.0,30,15,1000,0.002,10.0,30.0,post_relu_mean,416.81427001953125,-416.81427001953125,49.41617202758789,2.5174269676208496,2.8360016345977783,216.76575469970703,0.09041315984866026,-0.17502991339508217,10.106044030035864,1.380177640914917,False
26,wave_pattern_stage2.0.skip_connection.0,30,15,1000,0.002,50.0,5.0,post_relu_mean,65.45338439941406,-65.45338439941406,7.0617804527282715,0.3397578001022339,0.2726808786392212,114.24679565429688,0.32218350488665143,-0.039842797836341474,2.3023940685294266,1.2204703056812287,False
26,wave_pattern_stage2.0.skip_connection.0,30,15,1000,0.002,50.0,5.0,post_relu_mean,241.69691467285156,-241.69691467285156,26.514663696289062,1.0100675821304321,1.468019723892212,84.93384552001953,0.16932139566279605,-0.05174765824681506,2.987626236954232,0.959688363969326,False
26,wave_pattern_stage2.0.skip_connection.0,30,15,1000,0.002,50.0,5.0,post_relu_mean,400.8148498535156,-400.8148498535156,52.24647521972656,1.7289295196533203,3.630781650543213,194.33469009399414,0.060715186074397715,-0.1914553093014337,11.053548645441621,1.446868924498558,False
26,wave_pattern_stage2.0.skip_connection.0,30,15,1000,0.002,50.0,15.0,post_relu_mean,56.612178802490234,-56.612178802490234,6.14921236038208,0.29668182134628296,0.2090696394443512,125.99525833129883,0.33107383485852254,-0.04587814720449646,2.650892221537151,1.2757938694953919,False
26,wave_pattern_stage2.0.skip_connection.0,30,15,1000,0.002,50.0,15.0,post_relu_mean,211.21690368652344,-211.21690368652344,22.83138656616211,0.8810793161392212,1.0541146993637085,81.93082809448242,0.19151851396193154,-0.04134231003031927,2.3872573305374334,0.9169340845942497,False
26,wave_pattern_stage2.0.skip_connection.0,30,15,1000,0.002,50.0,15.0,post_relu_mean,379.2750549316406,-379.2750549316406,48.370697021484375,1.6442044973373413,2.941848039627075,166.01593017578125,0.08715493549813613,-0.14973836545315483,8.645116350932966,1.2929666996002198,False
26,wave_pattern_stage2.0.skip_connection.0,30,15,1000,0.002,50.0,30.0,post_relu_mean,47.62413024902344,-47.62413024902344,5.253446102142334,0.2520666718482971,0.15632431209087372,143.2661647796631,0.35516696972713413,-0.0524009348369276,3.028240497428813,1.338526052236557,False
26,wave_pattern_stage2.0.skip_connection.0,30,15,1000,0.002,50.0,30.0,post_relu_mean,179.34332275390625,-179.34332275390625,18.966962814331055,0.7467840313911438,0.692766547203064,87.74708557128906,0.22269328063955388,-0.0373800223291944,2.1587512074564197,0.8982930797338485,False
26,wave_pattern_stage2.0.skip_connection.0,30,15,1000,0.002,50.0,30.0,post_relu_mean,343.1144714355469,-343.1144714355469,42.5684928894043,1.4928867816925049,2.1501784324645996,139.47003936767578,0.12545656847602252,-0.10676922778629766,6.165538803310013,1.1264984035491943,False
26,wave_pattern_stage2.0.skip_connection.0,30,15,1000,0.002,150.0,5.0,post_relu_mean,35.35609436035156,-35.35609436035156,5.307435035705566,0.11267398297786713,0.19190450012683868,148.31303024291992,0.2049799087150722,-0.06603673036409802,3.81458734916554,2.111585952043533,False
26,wave_pattern_stage2.0.skip_connection.0,30,15,1000,0.002,150.0,5.0,post_relu_mean,106.25225830078125,-106.25225830078125,14.721246719360352,0.2598307430744171,0.6599234342575073,70.1549301147461,0.08717268979562538,-0.020600987954891816,1.1902133857237513,1.846867979168892,False
26,wave_pattern_stage2.0.skip_connection.0,30,15,1000,0.002,150.0,5.0,post_relu_mean,220.71371459960938,-220.71371459960938,32.72600173950195,0.5750354528427124,1.9595344066619873,88.4308295249939,0.07243411243682657,-0.056886913717566455,3.2843625858737853,1.7930391240119934,False
26,wave_pattern_stage2.0.skip_connection.0,30,15,1000,0.002,150.0,15.0,post_relu_mean,31.583274841308594,-31.583274841308594,4.7751994132995605,0.10329267382621765,0.15717679262161255,160.95446014404297,0.21923270222437866,-0.07217403370093255,4.169450594537079,2.147528887987137,False
26,wave_pattern_stage2.0.skip_connection.0,30,15,1000,0.002,150.0,15.0,post_relu_mean,92.03903198242188,-92.03903198242188,12.67811393737793,0.2251819670200348,0.4874069094657898,78.4260139465332,0.08937151084596599,-0.025205644303409606,1.4567063852022786,1.8661173045635224,False
26,wave_pattern_stage2.0.skip_connection.0,30,15,1000,0.002,150.0,15.0,post_relu_mean,201.21575927734375,-201.21575927734375,29.421703338623047,0.5187644958496094,1.5395170450210571,78.46554565429688,0.07493585214416754,-0.0420281650906858,2.4266747342849198,1.7575479286909104,False
26,wave_pattern_stage2.0.skip_connection.0,30,15,1000,0.002,150.0,30.0,post_relu_mean,27.884305953979492,-27.884305953979492,4.242320537567139,0.09467872977256775,0.1254129707813263,179.09585189819336,0.24647936843429533,-0.07945182654091043,4.590493280430354,2.1932334911823275,False
26,wave_pattern_stage2.0.skip_connection.0,30,15,1000,0.002,150.0,30.0,post_relu_mean,75.57557678222656,-75.57557678222656,10.410212516784668,0.18725687265396118,0.3282007575035095,93.08014011383057,0.10255421347839597,-0.031801087922276726,1.8377208258059716,1.8839957177639008,False
26,wave_pattern_stage2.0.skip_connection.0,30,15,1000,0.002,150.0,30.0,post_relu_mean,174.5400848388672,-174.5400848388672,25.08710289001465,0.4456022381782532,1.0835034847259521,74.31070709228516,0.08130437850826727,-0.03181317289565998,1.837080349174579,1.7405583840608596,False
26,wave_pattern_stage2.0.skip_connection.0,37,15,1000,0.002,10.0,5.0,post_relu_mean,84.506591796875,-84.506591796875,7.816232681274414,1.0110324621200562,0.5319321155548096,119.59397506713867,0.34577394427248553,-0.03614241122663007,2.0889138592351393,1.0421499589085579,False
26,wave_pattern_stage2.0.skip_connection.0,37,15,1000,0.002,10.0,5.0,post_relu_mean,265.5342712402344,-265.5342712402344,28.54692840576172,2.1371068954467773,2.171359062194824,112.02314758300781,0.1270698410799794,-0.09079714545124981,5.242200878370209,0.8409281539916992,False
26,wave_pattern_stage2.0.skip_connection.0,37,15,1000,0.002,10.0,5.0,post_relu_mean,435.2776184082031,-435.2776184082031,63.14848327636719,2.874535083770752,4.683208465576172,257.7644920349121,0.027774264983854394,-0.2605840748817182,15.044718485357826,1.4383639121055602,False
26,wave_pattern_stage2.0.skip_connection.0,37,15,1000,0.002,10.0,15.0,post_relu_mean,73.90916442871094,-73.90916442871094,6.811807632446289,0.8731889724731445,0.3947746157646179,128.24009132385254,0.3626870161879013,-0.03793396186928752,2.19297863353824,1.0667095166444778,False
26,wave_pattern_stage2.0.skip_connection.0,37,15,1000,0.002,10.0,15.0,post_relu_mean,234.834228515625,-234.834228515625,24.75712776184082,1.8786194324493408,1.5684629678726196,101.2696647644043,0.15870684603361257,-0.06474240096397002,3.738282090845394,0.7593661689758301,False
26,wave_pattern_stage2.0.skip_connection.0,37,15,1000,0.002,10.0,15.0,post_relu_mean,413.2609558105469,-413.2609558105469,58.94849395751953,2.7299962043762207,3.8513071537017822,218.12248992919922,0.030617249527567135,-0.19667062017660666,11.355525004813588,1.2267010760307313,False
26,wave_pattern_stage2.0.skip_connection.0,37,15,1000,0.002,10.0,30.0,post_relu_mean,60.919979095458984,-60.919979095458984,5.695739269256592,0.7123059630393982,0.27317553758621216,142.3710060119629,0.38698435461451547,-0.04271516931823213,2.4697595231095764,1.1255444598197937,False
26,wave_pattern_stage2.0.skip_connection.0,37,15,1000,0.002,10.0,30.0,post_relu_mean,191.63543701171875,-191.63543701171875,19.873760223388672,1.5294251441955566,0.9909785985946655,96.4014663696289,0.20166257669697218,-0.04624618311399709,2.6711617592986348,0.7076401084661483,False
26,wave_pattern_stage2.0.skip_connection.0,37,15,1000,0.002,10.0,30.0,post_relu_mean,376.14874267578125,-376.14874267578125,52.813865661621094,2.474491596221924,2.861851215362549,178.2382354736328,0.08920614030406929,-0.13590542998056768,7.847593080420473,0.9983251205086708,False
26,wave_pattern_stage2.0.skip_connection.0,37,15,1000,0.002,50.0,5.0,post_relu_mean,41.384735107421875,-41.384735107421875,4.988961219787598,0.28980275988578796,0.2143515795469284,120.40467834472656,0.3001465608127116,-0.04484960393090945,2.5906424182106047,1.223888943195343,False
26,wave_pattern_stage2.0.skip_connection.0,37,15,1000,0.002,50.0,5.0,post_relu_mean,157.61949157714844,-157.61949157714844,19.548551559448242,0.7596831321716309,1.0440244674682617,56.57560729980469,0.16502522727439192,-0.02419265590639972,1.3968741965419824,0.7093028557300568,False
26,wave_pattern_stage2.0.skip_connection.0,37,15,1000,0.002,50.0,5.0,post_relu_mean,364.9980163574219,-364.9980163574219,56.60165023803711,1.6068847179412842,3.8666112422943115,164.96758651733398,0.04684158247441916,-0.16189521491424735,9.346923107162205,1.1136692994832993,False
26,wave_pattern_stage2.0.skip_connection.0,37,15,1000,0.002,50.0,15.0,post_relu_mean,36.379913330078125,-36.379913330078125,4.425471782684326,0.2558532953262329,0.16731977462768555,132.37699508666992,0.3152960553127993,-0.049774311468802054,2.87562394235488,1.2638447713851928,False
26,wave_pattern_stage2.0.skip_connection.0,37,15,1000,0.002,50.0,15.0,post_relu_mean,127.33164978027344,-127.33164978027344,15.626605987548828,0.6152949333190918,0.6493517756462097,59.6795768737793,0.1807074463540672,-0.020777737186111152,1.2000494060342248,0.7087347230315209,False
26,wave_pattern_stage2.0.skip_connection.0,37,15,1000,0.002,50.0,15.0,post_relu_mean,340.8173828125,-340.8173828125,51.77204513549805,1.5144895315170288,3.0281243324279785,135.23033905029297,0.07642594073268726,-0.11823571056576829,6.82641351128436,0.9432208606600762,False
26,wave_pattern_stage2.0.skip_connection.0,37,15,1000,0.002,50.0,30.0,post_relu_mean,31.699901580810547,-31.699901580810547,3.920732021331787,0.22329126298427582,0.1286754310131073,149.6462516784668,0.340979612909352,-0.05528378913007904,3.194667140294569,1.3292999565601349,False
26,wave_pattern_stage2.0.skip_connection.0,37,15,1000,0.002,50.0,30.0,post_relu_mean,99.48670196533203,-99.48670196533203,12.086812019348145,0.483177125453949,0.379788875579834,71.11032772064209,0.20720260919616065,-0.022624373565081006,1.306977799287673,0.731731794476509,False
26,wave_pattern_stage2.0.skip_connection.0,37,15,1000,0.002,50.0,30.0,post_relu_mean,300.6851806640625,-300.6851806640625,44.816017150878906,1.3519096374511719,2.077223777770996,109.91253662109375,0.11799591420793283,-0.0814880401020798,4.705753849075754,0.7837528538703918,False
26,wave_pattern_stage2.0.skip_connection.0,37,15,1000,0.002,150.0,5.0,post_relu_mean,25.906686782836914,-25.906686782836914,4.433684349060059,0.10158814489841461,0.16209837794303894,156.12198638916016,0.20610178317376193,-0.06983791740141101,4.033735230943107,2.0600693929195404,False
26,wave_pattern_stage2.0.skip_connection.0,37,15,1000,0.002,150.0,5.0,post_relu_mean,64.89125061035156,-64.89125061035156,10.843772888183594,0.19042551517486572,0.45751023292541504,65.85356903076172,0.06648157612275071,-0.020221661155904968,1.168374144443455,1.8026139521598816,False
26,wave_pattern_stage2.0.skip_connection.0,37,15,1000,0.002,150.0,5.0,post_relu_mean,174.73623657226562,-174.73623657226562,30.85773468017578,0.4956693649291992,1.760310411453247,63.10447454452515,0.06952546778722589,-0.034196231280980385,1.9743692159403554,1.7719577640295028,False
26,wave_pattern_stage2.0.skip_connection.0,37,15,1000,0.002,150.0,15.0,post_relu_mean,23.668607711791992,-23.668607711791992,4.062380790710449,0.09356430917978287,0.13460318744182587,168.67478942871094,0.2232319563249064,-0.07501703178069871,4.333680533103874,2.0857609248161317,False
26,wave_pattern_stage2.0.skip_connection.0,37,15,1000,0.002,150.0,15.0,post_relu_mean,54.744140625,-54.744140625,9.136272430419922,0.16252955794334412,0.32905036211013794,76.86296844482422,0.06784305436414897,-0.02632733848226731,1.5212044236898696,1.8291519838571548,False
26,wave_pattern_stage2.0.skip_connection.0,37,15,1000,0.002,150.0,15.0,post_relu_mean,154.20147705078125,-154.20147705078125,27.004222869873047,0.43496719002723694,1.316307544708252,55.668296813964844,0.065173813640004,-0.02427163911672254,1.4013906852112594,1.7417790758609772,False
26,wave_pattern_stage2.0.skip_connection.0,37,15,1000,0.002,150.0,30.0,post_relu_mean,21.605148315429688,-21.605148315429688,3.7067532539367676,0.08664344251155853,0.1104496493935585,186.5355167388916,0.24977364151945497,-0.08129539761836177,4.6976855337085,2.1544120657444,False
26,wave_pattern_stage2.0.skip_connection.0,37,15,1000,0.002,150.0,30.0,post_relu_mean,44.408836364746094,-44.408836364746094,7.446711540222168,0.1332557499408722,0.2208368182182312,94.30141830444336,0.07795810505127,-0.034701768605750034,2.005083568517759,1.8665688931941986,False
26,wave_pattern_stage2.0.skip_connection.0,37,15,1000,0.002,150.0,30.0,post_relu_mean,128.12045288085938,-128.12045288085938,22.249635696411133,0.35963743925094604,0.8614563345909119,56.16647911071777,0.0593704585770446,-0.020149134140455254,1.1635964836665371,1.749903005361557,False
29,wave_pattern_stage2.1.wave_feature_conv1,35,15,1000,0.002,10.0,5.0,post_relu_mean,50.901729583740234,-50.901729583740234,7.32859468460083,0.48338407278060913,0.22911997139453888,211.3852710723877,0.826105858505227,-0.06710349856372141,3.8789774530107968,1.1836407309770585,False
29,wave_pattern_stage2.1.wave_feature_conv1,35,15,1000,0.002,10.0,5.0,post_relu_mean,651.4999389648438,-651.4999389648438,98.50713348388672,2.160281181335449,3.030740976333618,119.39432573318481,0.09272838013360513,-0.0997780259219005,5.760652913189253,0.766615623831749,False
29,wave_pattern_stage2.1.wave_feature_conv1,35,15,1000,0.002,10.0,5.0,post_relu_mean,1087.052978515625,-1087.052978515625,199.17433166503906,2.7893757820129395,5.0324387550354,637.9594573974609,0.2702623609579377,-0.6869898943671102,39.66296081137862,4.050190606117249,False
29,wave_pattern_stage2.1.wave_feature_conv1,35,15,1000,0.002,10.0,15.0,post_relu_mean,46.59025192260742,-46.59025192260742,6.739132881164551,0.436484158039093,0.1899358630180359,222.81680297851562,0.829683032377963,-0.07269536428867114,4.202416426028181,1.2533332592248916,False
29,wave_pattern_stage2.1.wave_feature_conv1,35,15,1000,0.002,10.0,15.0,post_relu_mean,574.17822265625,-574.17822265625,85.99533081054688,1.9251266717910767,2.1730966567993164,100.62324810028076,0.13371659085309295,-0.06621407963406484,3.82371732511001,0.6400854560732842,False
29,wave_pattern_stage2.1.wave_feature_conv1,35,15,1000,0.002,10.0,15.0,post_relu_mean,1074.573974609375,-1074.573974609375,196.9815216064453,2.7680892944335938,4.640073776245117,594.5299377441406,0.2418038235416927,-0.6251040705033739,36.08995081266063,3.8841245448589325,False
29,wave_pattern_stage2.1.wave_feature_conv1,35,15,1000,0.002,10.0,30.0,post_relu_mean,41.98706817626953,-41.98706817626953,6.143709659576416,0.38605213165283203,0.15353426337242126,239.5394172668457,0.836787887701198,-0.07832563797674578,4.528274868332403,1.3490480148792268,False
29,wave_pattern_stage2.1.wave_feature_conv1,35,15,1000,0.002,10.0,30.0,post_relu_mean,465.95428466796875,-465.95428466796875,69.40460968017578,1.5672485828399658,1.3265666961669922,88.35538482666016,0.18324667836815056,-0.0432124595953949,2.4968434023608648,0.5493636533617974,False
29,wave_pattern_stage2.1.wave_feature_conv1,35,15,1000,0.002,10.0,30.0,post_relu_mean,1053.5369873046875,-1053.5369873046875,193.1880340576172,2.7152466773986816,4.103339195251465,540.9400634765625,0.21752678749862678,-0.5522047388953277,31.881584470914376,3.702901101112366,False
29,wave_pattern_stage2.1.wave_feature_conv1,35,15,1000,0.002,50.0,5.0,post_relu_mean,40.0784912109375,-40.0784912109375,6.352958679199219,0.1892978847026825,0.15213772654533386,224.52400588989258,0.75106239478732,-0.08517391072365305,4.921250877281041,1.4719378262758256,False
29,wave_pattern_stage2.1.wave_feature_conv1,35,15,1000,0.002,50.0,5.0,post_relu_mean,468.9907531738281,-468.9907531738281,72.8077392578125,0.9006778001785278,1.8792062997817993,66.16047668457031,0.11900952394880068,-0.041466932629355156,2.3940873403358967,0.6479566818475724,False
29,wave_pattern_stage2.1.wave_feature_conv1,35,15,1000,0.002,50.0,5.0,post_relu_mean,1040.0875244140625,-1040.0875244140625,190.46841430664062,2.104743480682373,4.804374694824219,541.9485626220703,0.23856334934767381,-0.5845183431679297,33.74681813826837,3.7402600932121275,False
29,wave_pattern_stage2.1.wave_feature_conv1,35,15,1000,0.002,50.0,15.0,post_relu_mean,37.511226654052734,-37.511226654052734,5.9725823402404785,0.17798203229904175,0.13169129192829132,236.19444274902344,0.7577821078030688,-0.08928212847273694,5.1591585997593485,1.5342826253175736,False
29,wave_pattern_stage2.1.wave_feature_conv1,35,15,1000,0.002,50.0,15.0,post_relu_mean,389.9521484375,-389.9521484375,60.086631774902344,0.7628790140151978,1.1985373497009277,60.11813163757324,0.14118672478552902,-0.02753892617313982,1.5902647778363195,0.6004754728078843,False
29,wave_pattern_stage2.1.wave_feature_conv1,35,15,1000,0.002,50.0,15.0,post_relu_mean,1023.3658447265625,-1023.3658447265625,187.549072265625,2.084744930267334,4.378444194793701,498.5740966796875,0.2160592936477772,-0.5223860640766507,30.15960176203802,3.592508827447891,False
29,wave_pattern_stage2.1.wave_feature_conv1,35,15,1000,0.002,50.0,30.0,post_relu_mean,34.801509857177734,-34.801509857177734,5.572902679443359,0.16736632585525513,0.11367081105709076,253.20175552368164,0.7695421126233369,-0.09388598845563483,5.426690792440063,1.6205257451534272,False
29,wave_pattern_stage2.1.wave_feature_conv1,35,15,1000,0.002,50.0,30.0,post_relu_mean,299.88836669921875,-299.88836669921875,46.06281661987305,0.5892142653465271,0.6633837223052979,63.55744552612305,0.1724911571304331,-0.024371042439703876,1.4082345547926212,0.6022685405611992,False
29,wave_pattern_stage2.1.wave_feature_conv1,35,15,1000,0.002,50.0,30.0,post_relu_mean,997.2667236328125,-997.2667236328125,182.54330444335938,2.0478532314300537,3.8120036125183105,447.2661437988281,0.18898721999318308,-0.4524578324113864,26.122425544204397,3.392539975643158,False
29,wave_pattern_stage2.1.wave_feature_conv1,35,15,1000,0.002,150.0,5.0,post_relu_mean,38.88676452636719,-38.88676452636719,6.6447649002075195,0.09731951355934143,0.1408485472202301,261.46705627441406,0.6014471774350368,-0.10836951076765354,6.261372854091837,2.3356325280666352,False
29,wave_pattern_stage2.1.wave_feature_conv1,35,15,1000,0.002,150.0,5.0,post_relu_mean,209.32162475585938,-209.32162475585938,35.108097076416016,0.23968786001205444,0.7421810626983643,55.88480186462402,0.06723939183531279,-0.01652664781036984,0.9553608088972589,1.7989615046977996,False
29,wave_pattern_stage2.1.wave_feature_conv1,35,15,1000,0.002,150.0,5.0,post_relu_mean,852.9774169921875,-852.9774169921875,156.72604370117188,1.1331865787506104,3.8642499446868896,374.66998291015625,0.1797836169588133,-0.3860873273922302,22.290738104706104,3.3602717673778533,False
29,wave_pattern_stage2.1.wave_feature_conv1,35,15,1000,0.002,150.0,15.0,post_relu_mean,36.687599182128906,-36.687599182128906,6.306126594543457,0.09312943369150162,0.1247643381357193,273.19839096069336,0.6162557189072899,-0.11311130836971493,6.535796757616512,2.3870895111560824,False
29,wave_pattern_stage2.1.wave_feature_conv1,35,15,1000,0.002,150.0,15.0,post_relu_mean,175.7140350341797,-175.7140350341797,29.379432678222656,0.20401424169540405,0.5238988995552063,63.20682239532471,0.05686890340382269,-0.019863665276114485,1.1479888973094363,1.808744907975197,False
29,wave_pattern_stage2.1.wave_feature_conv1,35,15,1000,0.002,150.0,15.0,post_relu_mean,833.44189453125,-833.44189453125,153.05723571777344,1.1053736209869385,3.4910659790039062,341.01329803466797,0.16658638489136493,-0.3446829420933887,19.900176237020943,3.2424409914016725,False
29,wave_pattern_stage2.1.wave_feature_conv1,35,15,1000,0.002,150.0,30.0,post_relu_mean,34.761436462402344,-34.761436462402344,5.9923272132873535,0.08957797288894653,0.10968805104494095,290.14799880981445,0.6409579327550667,-0.11787462670957032,6.812263133463336,2.46029017329216,False
29,wave_pattern_stage2.1.wave_feature_conv1,35,15,1000,0.002,150.0,30.0,post_relu_mean,139.68055725097656,-139.68055725097656,23.354734420776367,0.16455131769180298,0.3346647620201111,77.65903568267822,0.04551928592972509,-0.025982623166443578,1.5019792196220758,1.8264860785007477,False
29,wave_pattern_stage2.1.wave_feature_conv1,35,15,1000,0.002,150.0,30.0,post_relu_mean,800.4580688476562,-800.4580688476562,146.79010009765625,1.0563145875930786,2.975583791732788,301.37815856933594,0.15038489541452893,-0.2933402502771919,16.935805166068008,3.097853659391403,False
29,wave_pattern_stage2.1.wave_feature_conv1,39,15,1000,0.002,10.0,5.0,post_relu_mean,36.05503845214844,-36.05503845214844,6.401913642883301,0.4247209429740906,0.18814566731452942,235.97394561767578,0.8469016338443505,-0.0822205192275803,4.751401078040046,1.3708412939310073,False
29,wave_pattern_stage2.1.wave_feature_conv1,39,15,1000,0.002,10.0,5.0,post_relu_mean,473.3754577636719,-473.3754577636719,76.73009490966797,1.7028489112854004,1.9213087558746338,87.64142036437988,0.16148641507879585,-0.05973010864063258,3.4484786442460287,0.6307307234406472,False
29,wave_pattern_stage2.1.wave_feature_conv1,39,15,1000,0.002,10.0,5.0,post_relu_mean,968.0792846679688,-968.0792846679688,193.78082275390625,2.703923225402832,4.877884387969971,551.7617034912109,0.24094760042741656,-0.5879391832207913,33.944276600975975,3.6536099982261656,False
29,wave_pattern_stage2.1.wave_feature_conv1,39,15,1000,0.002,10.0,15.0,post_relu_mean,34.05642318725586,-34.05642318725586,6.066844940185547,0.38827988505363464,0.1631680727005005,247.2664566040039,0.8529174018047283,-0.08625868637724707,4.984964878147731,1.4390347081422805,False
29,wave_pattern_stage2.1.wave_feature_conv1,39,15,1000,0.002,10.0,15.0,post_relu_mean,403.8242492675781,-403.8242492675781,65.04431915283203,1.4254419803619385,1.2895572185516357,80.63917922973633,0.19860291155481075,-0.041470112973336734,2.394368008681258,0.5603419476747513,False
29,wave_pattern_stage2.1.wave_feature_conv1,39,15,1000,0.002,10.0,15.0,post_relu_mean,953.5433959960938,-953.5433959960938,190.62924194335938,2.6582140922546387,4.414884567260742,510.0834655761719,0.2157235589786714,-0.5299999562366989,30.59918410427188,3.50448059797287,False
29,wave_pattern_stage2.1.wave_feature_conv1,39,15,1000,0.002,10.0,30.0,post_relu_mean,31.754060745239258,-31.754060745239258,5.678617000579834,0.35347872972488403,0.1392373889684677,264.0889892578125,0.8644624198520884,-0.09272451332805845,5.358984380039963,1.543713044524193,False
29,wave_pattern_stage2.1.wave_feature_conv1,39,15,1000,0.002,10.0,30.0,post_relu_mean,321.40728759765625,-321.40728759765625,51.57310104370117,1.1199688911437988,0.7701674699783325,81.49559211730957,0.23809332433109917,-0.030945183237468206,1.787276545694788,0.5377729645371437,False
29,wave_pattern_stage2.1.wave_feature_conv1,39,15,1000,0.002,10.0,30.0,post_relu_mean,924.3944702148438,-924.3944702148438,184.61341857910156,2.565101146697998,3.814683437347412,456.28851318359375,0.17553385883741648,-0.45296576157537477,26.152084609078653,3.281947313547134,False
29,wave_pattern_stage2.1.wave_feature_conv1,39,15,1000,0.002,50.0,5.0,post_relu_mean,30.940900802612305,-30.940900802612305,5.876095294952393,0.17830240726470947,0.13554653525352478,250.16482162475586,0.7851672219971235,-0.09866861105483786,5.701604541671016,1.6287528705596923,False
29,wave_pattern_stage2.1.wave_feature_conv1,39,15,1000,0.002,50.0,5.0,post_relu_mean,311.9886779785156,-311.9886779785156,52.837215423583984,0.5309052467346191,1.0000237226486206,59.26047134399414,0.17555845542301274,-0.02403311273944912,1.3875783574345744,0.6208823546767235,False
29,wave_pattern_stage2.1.wave_feature_conv1,39,15,1000,0.002,50.0,5.0,post_relu_mean,915.462646484375,-915.462646484375,183.32774353027344,1.909165859222412,4.535785675048828,461.3412628173828,0.21483369504432093,-0.4957357713697482,28.62104239496911,3.403275572061539,False
29,wave_pattern_stage2.1.wave_feature_conv1,39,15,1000,0.002,50.0,15.0,post_relu_mean,29.718841552734375,-29.718841552734375,5.651852130889893,0.17057210206985474,0.12217211723327637,261.4996871948242,0.7942669605109566,-0.10250359616114733,5.923516115391067,1.6949597549438478,False
29,wave_pattern_stage2.1.wave_feature_conv1,39,15,1000,0.002,50.0,15.0,post_relu_mean,255.98208618164062,-255.98208618164062,43.105255126953125,0.43377894163131714,0.6337301731109619,63.34696960449219,0.19502172401012408,-0.022835353198130497,1.3189883896381325,0.6217056542634964,False
29,wave_pattern_stage2.1.wave_feature_conv1,39,15,1000,0.002,50.0,15.0,post_relu_mean,896.7977294921875,-896.7977294921875,179.4149932861328,1.867133378982544,4.067661285400391,421.4376220703125,0.1858230047650618,-0.4364402612491461,25.197580563622953,3.2327397525310517,False
29,wave_pattern_stage2.1.wave_feature_conv1,39,15,1000,0.002,50.0,30.0,post_relu_mean,28.188901901245117,-28.188901901245117,5.382506370544434,0.16311201453208923,0.10743217170238495,278.2700614929199,0.8088033932444088,-0.10872957276393155,6.283483384468563,1.7879931378364562,False
29,wave_pattern_stage2.1.wave_feature_conv1,39,15,1000,0.002,50.0,30.0,post_relu_mean,193.32293701171875,-193.32293701171875,32.50062561035156,0.3330470323562622,0.3663007318973541,73.8887243270874,0.2246267083746349,-0.023919887649300378,1.3824118288440437,0.6579997286200523,False
29,wave_pattern_stage2.1.wave_feature_conv1,39,15,1000,0.002,50.0,30.0,post_relu_mean,869.04052734375,-869.04052734375,173.36502075195312,1.8054088354110718,3.445192575454712,377.1000061035156,0.16957822205182882,-0.37730873317914493,21.78377770606842,3.084311110973358,False
29,wave_pattern_stage2.1.wave_feature_conv1,39,15,1000,0.002,150.0,5.0,post_relu_mean,30.99623680114746,-30.99623680114746,6.2400617599487305,0.08984202146530151,0.12160598486661911,288.21841049194336,0.6453405402799877,-0.12173471581986857,7.033902135979262,2.445060819387436,False
29,wave_pattern_stage2.1.wave_feature_conv1,39,15,1000,0.002,150.0,5.0,post_relu_mean,173.59002685546875,-173.59002685546875,31.54075050354004,0.1856462061405182,0.5164852142333984,74.58956336975098,0.06180582944811313,-0.025814618971345474,1.4913494772424798,1.7556821513175964,False
29,wave_pattern_stage2.1.wave_feature_conv1,39,15,1000,0.002,150.0,5.0,post_relu_mean,725.0808715820312,-725.0808715820312,144.3068389892578,0.9279136657714844,3.4734127521514893,317.6929931640625,0.17322404668932295,-0.31612312233922796,18.25130064781427,3.1631113016605377,False
29,wave_pattern_stage2.1.wave_feature_conv1,39,15,1000,0.002,150.0,15.0,post_relu_mean,29.664783477783203,-29.664783477783203,5.977839469909668,0.0877932459115982,0.11081789433956146,299.84507751464844,0.6617215741808012,-0.1255484917615724,7.254447852259969,2.4895919728279114,False
29,wave_pattern_stage2.1.wave_feature_conv1,39,15,1000,0.002,150.0,15.0,post_relu_mean,147.0016632080078,-147.0016632080078,26.650251388549805,0.15901196002960205,0.3754221796989441,84.48274803161621,0.06963592100825503,-0.031266194621593746,1.8065413845131817,1.7763845068216324,False
29,wave_pattern_stage2.1.wave_feature_conv1,39,15,1000,0.002,150.0,15.0,post_relu_mean,703.2470703125,-703.2470703125,139.8087158203125,0.8902475237846375,3.0974042415618896,287.99605560302734,0.1512879546594315,-0.27337829523466356,15.783326469909527,3.029787666797638,False
29,wave_pattern_stage2.1.wave_feature_conv1,39,15,1000,0.002,150.0,30.0,post_relu_mean,28.417329788208008,-28.417329788208008,5.751930236816406,0.08481420576572418,0.09920239448547363,316.61400985717773,0.6838558766407457,-0.13121002609549337,7.582498021699103,2.58926641702652,False
29,wave_pattern_stage2.1.wave_feature_conv1,39,15,1000,0.002,150.0,30.0,post_relu_mean,119.25506591796875,-119.25506591796875,21.6114559173584,0.13355481624603271,0.2528102397918701,100.41994667053223,0.08763297542872496,-0.03755002281791513,2.1695676056684965,1.8234256154298782,False
29,wave_pattern_stage2.1.wave_feature_conv1,39,15,1000,0.002,150.0,30.0,post_relu_mean,673.194580078125,-673.194580078125,133.38394165039062,0.8520454168319702,2.6031017303466797,255.0908966064453,0.13667785813059904,-0.2296669811459642,13.259716445517354,2.9034978103637696,False
29,wave_pattern_stage2.1.wave_feature_conv1,54,15,1000,0.002,10.0,5.0,post_relu_mean,36.7377815246582,-36.7377815246582,6.726720333099365,0.540468692779541,0.23435622453689575,289.5651321411133,1.0354162570287313,-0.09350380490316702,5.406349994061753,1.6454908269643784,False
29,wave_pattern_stage2.1.wave_feature_conv1,54,15,1000,0.002,10.0,5.0,post_relu_mean,151.3428497314453,-151.3428497314453,26.024341583251953,1.138317346572876,0.7623453140258789,84.18131351470947,0.3154319936034656,-0.02681020746815458,1.549455276300392,0.6155190485715866,False
29,wave_pattern_stage2.1.wave_feature_conv1,54,15,1000,0.002,10.0,5.0,post_relu_mean,746.3658447265625,-746.3658447265625,183.81756591796875,2.6167964935302734,4.643288612365723,392.5062026977539,0.16002029264751857,-0.4132431761798073,23.858329288648818,2.673298382759094,False
29,wave_pattern_stage2.1.wave_feature_conv1,54,15,1000,0.002,10.0,15.0,post_relu_mean,34.213722229003906,-34.213722229003906,6.304502487182617,0.49695754051208496,0.20364654064178467,300.8982696533203,1.0458063323276836,-0.09834325885536668,5.687661919494712,1.7038803160190583,False
29,wave_pattern_stage2.1.wave_feature_conv1,54,15,1000,0.002,10.0,15.0,post_relu_mean,121.91773986816406,-121.91773986816406,20.88296127319336,0.9176115989685059,0.49183595180511475,90.18715906143188,0.3306040752300013,-0.025973770391875803,1.5015304903145614,0.6283486798405647,False
29,wave_pattern_stage2.1.wave_feature_conv1,54,15,1000,0.002,10.0,15.0,post_relu_mean,730.1593017578125,-730.1593017578125,179.22572326660156,2.562595844268799,4.0592875480651855,354.84344482421875,0.13421429971703677,-0.3588719839532243,20.719353135152016,2.5257967722415926,False
29,wave_pattern_stage2.1.wave_feature_conv1,54,15,1000,0.002,10.0,30.0,post_relu_mean,31.33345603942871,-31.33345603942871,5.8500189781188965,0.4481385350227356,0.17271938920021057,317.54834747314453,1.0590044664343723,-0.1045447443978763,6.045601996471182,1.7987714540958404,False
29,wave_pattern_stage2.1.wave_feature_conv1,54,15,1000,0.002,10.0,30.0,post_relu_mean,93.18645477294922,-93.18645477294922,16.101945877075195,0.6951040029525757,0.2959677577018738,102.70876789093018,0.3558610520239244,-0.029527366358940776,1.7067083300332742,0.6847087708115578,False
29,wave_pattern_stage2.1.wave_feature_conv1,54,15,1000,0.002,10.0,30.0,post_relu_mean,695.4575805664062,-695.4575805664062,170.1555633544922,2.4387950897216797,3.339495897293091,307.77855682373047,0.09191403426714113,-0.28680078025662803,16.55874053241701,2.303854578733444,False
29,wave_pattern_stage2.1.wave_feature_conv1,54,15,1000,0.002,50.0,5.0,post_relu_mean,28.576793670654297,-28.576793670654297,5.929536819458008,0.23640143871307373,0.15941016376018524,301.7870750427246,0.964808459211275,-0.11267215515894342,6.51106082099912,1.9244411808252335,False
29,wave_pattern_stage2.1.wave_feature_conv1,54,15,1000,0.002,50.0,5.0,post_relu_mean,69.9537582397461,-69.9537582397461,14.103352546691895,0.2501594126224518,0.28308403491973877,82.12043952941895,0.2815516297019828,-0.02763428695488164,1.5962957301963607,0.789676525592804,False
29,wave_pattern_stage2.1.wave_feature_conv1,54,15,1000,0.002,50.0,5.0,post_relu_mean,680.9463500976562,-680.9463500976562,169.33338928222656,1.6067053079605103,4.1874823570251465,308.13439178466797,0.12375313238174342,-0.32254360637580387,18.621844577720445,2.4018364453315737,False
29,wave_pattern_stage2.1.wave_feature_conv1,54,15,1000,0.002,50.0,15.0,post_relu_mean,26.994308471679688,-26.994308471679688,5.645235061645508,0.22173811495304108,0.14275935292243958,313.5192565917969,0.974073406347606,-0.11716244775321048,6.770802292234491,1.9862495458126068,False
29,wave_pattern_stage2.1.wave_feature_conv1,54,15,1000,0.002,50.0,15.0,post_relu_mean,57.04519271850586,-57.04519271850586,11.560957908630371,0.2088702768087387,0.19597339630126953,93.5469388961792,0.29007199442187825,-0.03296125823555747,1.9045602993336834,0.8397780439257622,False
29,wave_pattern_stage2.1.wave_feature_conv1,54,15,1000,0.002,50.0,15.0,post_relu_mean,662.1760864257812,-662.1760864257812,164.16314697265625,1.5709601640701294,3.6167964935302734,274.0898895263672,0.1027863694837774,-0.27817486498563826,16.060254341056392,2.268139272928238,False
29,wave_pattern_stage2.1.wave_feature_conv1,54,15,1000,0.002,50.0,30.0,post_relu_mean,25.582319259643555,-25.582319259643555,5.397538185119629,0.20763787627220154,0.12596756219863892,330.27585220336914,0.9922408205534674,-0.12189606745745735,7.045576630973773,2.073106115460396,False
29,wave_pattern_stage2.1.wave_feature_conv1,54,15,1000,0.002,50.0,30.0,post_relu_mean,46.690860748291016,-46.690860748291016,9.574613571166992,0.17373928427696228,0.1377825140953064,110.3112325668335,0.3178153699957985,-0.03866109488812048,2.2351219825455826,0.8959260427951813,False
29,wave_pattern_stage2.1.wave_feature_conv1,54,15,1000,0.002,50.0,30.0,post_relu_mean,630.778076171875,-630.778076171875,155.85804748535156,1.5132249593734741,2.9044456481933594,237.6265640258789,0.0827988591731908,-0.226376932044456,13.06975551606709,2.107109295129776,False
29,wave_pattern_stage2.1.wave_feature_conv1,54,15,1000,0.002,150.0,5.0,post_relu_mean,25.7198486328125,-25.7198486328125,6.008253574371338,0.10432976484298706,0.12763158977031708,340.6018600463867,0.8315329364590786,-0.13914970758447118,8.041136990344015,2.676061284542084,False
29,wave_pattern_stage2.1.wave_feature_conv1,54,15,1000,0.002,150.0,5.0,post_relu_mean,54.8772087097168,-54.8772087097168,12.806803703308105,0.11102292686700821,0.2564300000667572,115.64383697509766,0.156169623490156,-0.04520986417099316,2.6120262082701116,1.834006245136261,False
29,wave_pattern_stage2.1.wave_feature_conv1,54,15,1000,0.002,150.0,5.0,post_relu_mean,502.1639404296875,-502.1639404296875,126.45052337646484,0.712374210357666,2.9585611820220947,197.98795700073242,0.08683950982311496,-0.17961927769431416,10.370252130895645,2.335004601478577,False
29,wave_pattern_stage2.1.wave_feature_conv1,54,15,1000,0.002,150.0,15.0,post_relu_mean,24.6551570892334,-24.6551570892334,5.801342487335205,0.10065004229545593,0.11646886169910431,352.1321830749512,0.842511767988976,-0.14349927211982644,8.292253401648766,2.723750178813934,False
29,wave_pattern_stage2.1.wave_feature_conv1,54,15,1000,0.002,150.0,15.0,post_relu_mean,47.96077346801758,-47.96077346801758,11.203027725219727,0.10016170144081116,0.1992117166519165,127.75226783752441,0.1702160547056438,-0.05037007044665788,2.909956455364864,1.8680145633220673,False
29,wave_pattern_stage2.1.wave_feature_conv1,54,15,1000,0.002,150.0,15.0,post_relu_mean,477.478759765625,-477.478759765625,119.96651458740234,0.6735993027687073,2.5225589275360107,173.6402816772461,0.07772016897301934,-0.1476640059464621,8.525313300539505,2.251224001646042,False
29,wave_pattern_stage2.1.wave_feature_conv1,54,15,1000,0.002,150.0,30.0,post_relu_mean,23.722429275512695,-23.722429275512695,5.5978193283081055,0.09661951661109924,0.10549664497375488,369.0456352233887,0.8671331505362079,-0.14917802334439773,8.621080180962503,2.8079951322078704,False
29,wave_pattern_stage2.1.wave_feature_conv1,54,15,1000,0.002,150.0,30.0,post_relu_mean,41.32063674926758,-41.32063674926758,9.709857940673828,0.08910872042179108,0.1496318280696869,145.35936737060547,0.19632617556047072,-0.056855815310082325,3.2852032770926214,1.9205073177814485,False
29,wave_pattern_stage2.1.wave_feature_conv1,54,15,1000,0.002,150.0,30.0,post_relu_mean,442.38226318359375,-442.38226318359375,110.7474136352539,0.6171703338623047,1.9903525114059448,150.97927856445312,0.07204425617183961,-0.1174156285097618,6.778942221416321,2.1640547370910643,False
31,wave_pattern_stage2.1.wave_feature_conv2,28,15,1000,0.002,10.0,5.0,post_relu_mean,30.80481719970703,-30.80481719970703,4.403986930847168,0.40605056285858154,0.20605701208114624,132.48601531982422,0.5012932084551683,-0.046698057769361104,2.698430779150046,0.8101599454879761,False
31,wave_pattern_stage2.1.wave_feature_conv2,28,15,1000,0.002,10.0,5.0,post_relu_mean,654.3156127929688,-654.3156127929688,96.4395523071289,1.9763444662094116,3.2869412899017334,115.15883827209473,0.03010526735459698,-0.1139205125159104,6.577137480267655,0.8707654803991318,False
31,wave_pattern_stage2.1.wave_feature_conv2,28,15,1000,0.002,10.0,5.0,post_relu_mean,846.01611328125,-846.01611328125,138.95188903808594,2.628580093383789,4.8309006690979,498.6048583984375,0.2564891045290491,-0.5351519929203065,30.896630113780933,3.402503709793091,False
31,wave_pattern_stage2.1.wave_feature_conv2,28,15,1000,0.002,10.0,15.0,post_relu_mean,27.469322204589844,-27.469322204589844,3.9672796726226807,0.35500234365463257,0.1630450040102005,143.69550895690918,0.5114211860392678,-0.05117165733651548,2.957580944982709,0.8727542901039124,False
31,wave_pattern_stage2.1.wave_feature_conv2,28,15,1000,0.002,10.0,15.0,post_relu_mean,593.4515991210938,-593.4515991210938,87.04148864746094,1.7483394145965576,2.2814712524414062,96.86062240600586,0.027772496723247483,-0.08487805268595155,4.900423439614142,0.7842081376910209,False
31,wave_pattern_stage2.1.wave_feature_conv2,28,15,1000,0.002,10.0,15.0,post_relu_mean,831.642333984375,-831.642333984375,136.4979705810547,2.573646068572998,4.314525604248047,457.7537841796875,0.23265497413245873,-0.4744287098388396,27.390854239536637,3.254974368810654,False
31,wave_pattern_stage2.1.wave_feature_conv2,28,15,1000,0.002,10.0,30.0,post_relu_mean,24.47185516357422,-24.47185516357422,3.5831570625305176,0.309998095035553,0.12817147374153137,160.2140655517578,0.5283768647254453,-0.0560807452555546,3.241316702648802,0.9591493648290634,False
31,wave_pattern_stage2.1.wave_feature_conv2,28,15,1000,0.002,10.0,30.0,post_relu_mean,504.5962219238281,-504.5962219238281,73.68179321289062,1.448033332824707,1.426088809967041,85.87043380737305,0.05129802963532168,-0.062164318737332455,3.5891948452302893,0.7011973956227302,False
31,wave_pattern_stage2.1.wave_feature_conv2,28,15,1000,0.002,10.0,30.0,post_relu_mean,808.0318603515625,-808.0318603515625,132.53378295898438,2.4805729389190674,3.6607494354248047,410.55787658691406,0.1981537682330268,-0.40877357793625024,23.600415187866595,3.0509169137477876,False
31,wave_pattern_stage2.1.wave_feature_conv2,28,15,1000,0.002,50.0,5.0,post_relu_mean,26.245588302612305,-26.245588302612305,4.096756458282471,0.13911128044128418,0.14251182973384857,146.8735122680664,0.438577417675399,-0.06055733161794087,3.4990111536327353,1.0913660788536073,False
31,wave_pattern_stage2.1.wave_feature_conv2,28,15,1000,0.002,50.0,5.0,post_relu_mean,485.16729736328125,-485.16729736328125,72.73933410644531,0.6593682765960693,2.2360143661499023,75.01304960250854,0.03533350881270352,-0.06520311891616871,3.764458626608987,0.807699845135212,False
31,wave_pattern_stage2.1.wave_feature_conv2,28,15,1000,0.002,50.0,5.0,post_relu_mean,781.8699951171875,-781.8699951171875,127.6654281616211,1.7052204608917236,4.448557376861572,407.1334533691406,0.2002927997713604,-0.4326537295817649,24.978989404876952,3.0838709616661073,False
31,wave_pattern_stage2.1.wave_feature_conv2,28,15,1000,0.002,50.0,15.0,post_relu_mean,24.014678955078125,-24.014678955078125,3.7797834873199463,0.1299511343240738,0.1187492161989212,158.28448295593262,0.45239219994545543,-0.064857709757754,3.748253677804986,1.1446898317337035,False
31,wave_pattern_stage2.1.wave_feature_conv2,28,15,1000,0.002,50.0,15.0,post_relu_mean,426.2593078613281,-426.2593078613281,63.531681060791016,0.5571388006210327,1.5012457370758057,66.99897575378418,0.044667734378704256,-0.05158315956838436,2.978271611153581,0.7578083455562592,False
31,wave_pattern_stage2.1.wave_feature_conv2,28,15,1000,0.002,50.0,15.0,post_relu_mean,769.436279296875,-769.436279296875,125.63059997558594,1.6819040775299072,3.930694103240967,372.26556396484375,0.18237622875919343,-0.38459986366907717,22.204613001610277,2.957041156291962,False
31,wave_pattern_stage2.1.wave_feature_conv2,28,15,1000,0.002,50.0,30.0,post_relu_mean,22.34345245361328,-22.34345245361328,3.548292636871338,0.12059006094932556,0.09929576516151428,174.82280921936035,0.47698243646094957,-0.06885414659990373,3.9794899910029162,1.2249611127376556,False
31,wave_pattern_stage2.1.wave_feature_conv2,28,15,1000,0.002,50.0,30.0,post_relu_mean,349.0773620605469,-349.0773620605469,51.79033279418945,0.44051122665405273,0.9089701175689697,66.22897911071777,0.06724507013853093,-0.04012493462570787,2.3170929972886865,0.7431878688931465,False
31,wave_pattern_stage2.1.wave_feature_conv2,28,15,1000,0.002,50.0,30.0,post_relu_mean,740.0408935546875,-740.0408935546875,120.63953399658203,1.6181716918945312,3.276313543319702,328.34315490722656,0.15641547918443446,-0.32506021686034087,18.76723465030806,2.7787760531902315,False
31,wave_pattern_stage2.1.wave_feature_conv2,28,15,1000,0.002,150.0,5.0,post_relu_mean,31.0020809173584,-31.0020809173584,5.07338285446167,0.08324408531188965,0.1596275120973587,182.37652206420898,0.30676637582686744,-0.07704026078530535,4.4508050333356834,2.050609825849533,False
31,wave_pattern_stage2.1.wave_feature_conv2,28,15,1000,0.002,150.0,5.0,post_relu_mean,275.8431091308594,-275.8431091308594,42.36087417602539,0.25199103355407715,1.0843830108642578,64.63846397399902,0.05915724625106743,-0.03165244078873997,1.8277597709663933,1.802289531826973,False
31,wave_pattern_stage2.1.wave_feature_conv2,28,15,1000,0.002,150.0,5.0,post_relu_mean,606.8706665039062,-606.8706665039062,98.47750854492188,0.803210437297821,3.3533647060394287,277.70689392089844,0.1390301981240659,-0.26728630414399274,15.431594199679424,2.893809860944748,False
31,wave_pattern_stage2.1.wave_feature_conv2,28,15,1000,0.002,150.0,15.0,post_relu_mean,28.328092575073242,-28.328092575073242,4.657050132751465,0.07882128655910492,0.1336659938097,194.40523529052734,0.320199371061659,-0.08234140858900194,4.757805965964997,2.098913947343826,False
31,wave_pattern_stage2.1.wave_feature_conv2,28,15,1000,0.002,150.0,15.0,post_relu_mean,240.77455139160156,-240.77455139160156,36.8626823425293,0.2157147079706192,0.7951399087905884,67.07994747161865,0.044621372729864335,-0.02901536608997615,1.675616900645757,1.785383706688881,False
31,wave_pattern_stage2.1.wave_feature_conv2,28,15,1000,0.002,150.0,15.0,post_relu_mean,588.8847045898438,-588.8847045898438,95.41645812988281,0.775527834892273,2.953274726867676,250.48490142822266,0.12527240244450338,-0.23181212106291424,13.383522247853957,2.79366006731987,False
31,wave_pattern_stage2.1.wave_feature_conv2,28,15,1000,0.002,150.0,30.0,post_relu_mean,26.159408569335938,-26.159408569335938,4.327762603759766,0.07503211498260498,0.11252646148204803,211.35123825073242,0.3476399733179686,-0.08719219867818168,5.038376547673808,2.168902281522751,False
31,wave_pattern_stage2.1.wave_feature_conv2,28,15,1000,0.002,150.0,30.0,post_relu_mean,199.06048583984375,-199.06048583984375,30.392494201660156,0.17689472436904907,0.5247793197631836,76.3477783203125,0.030541690563351438,-0.030051496063412106,1.7354892421147023,1.7979507207870484,False
31,wave_pattern_stage2.1.wave_feature_conv2,28,15,1000,0.002,150.0,30.0,post_relu_mean,559.2512817382812,-559.2512817382812,90.33570861816406,0.7272845506668091,2.427931308746338,221.254150390625,0.11853665135622973,-0.19466468594164194,11.238873090966154,2.7024444770812988,False
31,wave_pattern_stage2.1.wave_feature_conv2,51,15,1000,0.002,10.0,5.0,post_relu_mean,26.43842124938965,-26.43842124938965,3.9464168548583984,0.3623080253601074,0.18018853664398193,136.21117210388184,0.496360163440422,-0.048042752554829204,2.776480215600541,0.7938516730070114,False
31,wave_pattern_stage2.1.wave_feature_conv2,51,15,1000,0.002,10.0,5.0,post_relu_mean,628.9685668945312,-628.9685668945312,97.97981262207031,2.0491504669189453,3.3271255493164062,83.9286060333252,0.013909721188349653,-0.07890492449498433,4.5555958002891535,0.6208470991253853,False
31,wave_pattern_stage2.1.wave_feature_conv2,51,15,1000,0.002,10.0,5.0,post_relu_mean,846.1718139648438,-846.1718139648438,143.6519012451172,2.728546142578125,4.847879886627197,495.5614929199219,0.2490141858652282,-0.5348695763902885,30.880348071764274,3.343359041213989,False
31,wave_pattern_stage2.1.wave_feature_conv2,51,15,1000,0.002,10.0,15.0,post_relu_mean,23.937965393066406,-23.937965393066406,3.5867793560028076,0.32307976484298706,0.14550642669200897,147.50052642822266,0.5075411498316936,-0.0512447588654583,2.9622154783415167,0.8528273463249206,False
31,wave_pattern_stage2.1.wave_feature_conv2,51,15,1000,0.002,10.0,15.0,post_relu_mean,537.7621459960938,-537.7621459960938,83.4468994140625,1.7589696645736694,2.085867166519165,64.71897506713867,0.03187356440347745,-0.048157460822049115,2.780998416030357,0.5184357145428657,False
31,wave_pattern_stage2.1.wave_feature_conv2,51,15,1000,0.002,10.0,15.0,post_relu_mean,832.5086669921875,-832.5086669921875,141.4755859375,2.6997318267822266,4.372881889343262,454.0917663574219,0.21752259253660153,-0.47351835279036264,27.338452529747453,3.1698789739608766,False
31,wave_pattern_stage2.1.wave_feature_conv2,51,15,1000,0.002,10.0,30.0,post_relu_mean,22.374156951904297,-22.374156951904297,3.388251543045044,0.2889842092990875,0.12013038247823715,163.46587562561035,0.5251813539242229,-0.05670602358282528,3.2782479576347456,0.947922349870205,False
31,wave_pattern_stage2.1.wave_feature_conv2,51,15,1000,0.002,10.0,30.0,post_relu_mean,426.3975524902344,-426.3975524902344,66.06143951416016,1.3773529529571533,1.1547534465789795,57.36749267578125,0.06816789841655685,-0.03135216259682768,1.8108446965555796,0.4658954977989197,False
31,wave_pattern_stage2.1.wave_feature_conv2,51,15,1000,0.002,10.0,30.0,post_relu_mean,807.6163940429688,-807.6163940429688,137.62265014648438,2.605623722076416,3.7292675971984863,404.33299255371094,0.19073846268678263,-0.40025048174879907,23.108682439902974,2.9833049952983854,False
31,wave_pattern_stage2.1.wave_feature_conv2,51,15,1000,0.002,50.0,5.0,post_relu_mean,23.76835823059082,-23.76835823059082,3.788177013397217,0.1302013397216797,0.13199925422668457,150.9292163848877,0.42747785795210536,-0.06226798281794434,3.598476713661004,1.0843798983097077,False
31,wave_pattern_stage2.1.wave_feature_conv2,51,15,1000,0.002,50.0,5.0,post_relu_mean,396.16064453125,-396.16064453125,63.42585754394531,0.6324985027313232,1.8517448902130127,38.58570051193237,0.026260034386096715,-0.026482814873792858,1.5290108805986282,0.6327467224001885,False
31,wave_pattern_stage2.1.wave_feature_conv2,51,15,1000,0.002,50.0,5.0,post_relu_mean,785.595458984375,-785.595458984375,133.33277893066406,1.8584709167480469,4.477033615112305,399.97216796875,0.19941892124703936,-0.43254097725886753,24.97245982670121,3.017935285568237,False
31,wave_pattern_stage2.1.wave_feature_conv2,51,15,1000,0.002,50.0,15.0,post_relu_mean,22.04059600830078,-22.04059600830078,3.541548252105713,0.12299797683954239,0.11096367239952087,162.10626220703125,0.4400325412667978,-0.06573122349699519,3.7991129695530064,1.1478104072809219,False
31,wave_pattern_stage2.1.wave_feature_conv2,51,15,1000,0.002,50.0,15.0,post_relu_mean,320.15118408203125,-320.15118408203125,51.086002349853516,0.5069518685340881,1.04942786693573,35.1529598236084,0.034489142079562864,-0.019789452918657864,1.1427754482753754,0.6087283289432526,False
31,wave_pattern_stage2.1.wave_feature_conv2,51,15,1000,0.002,50.0,15.0,post_relu_mean,772.8422241210938,-772.8422241210938,131.39035034179688,1.8313875198364258,3.973013401031494,364.38829803466797,0.18674839263021617,-0.38533918087332064,22.24731732186594,2.8978618574142456,False
31,wave_pattern_stage2.1.wave_feature_conv2,51,15,1000,0.002,50.0,30.0,post_relu_mean,21.03360366821289,-21.03360366821289,3.4129955768585205,0.11877698451280594,0.09471273422241211,178.04315567016602,0.4686227489398217,-0.06924908265700568,4.002426760761956,1.2312476313114167,False
31,wave_pattern_stage2.1.wave_feature_conv2,51,15,1000,0.002,50.0,30.0,post_relu_mean,238.40036010742188,-238.40036010742188,38.002708435058594,0.37680020928382874,0.5282440185546875,41.844505310058594,0.0610400467166462,-0.016862324033219467,0.9741644694604789,0.6063310250639915,False
31,wave_pattern_stage2.1.wave_feature_conv2,51,15,1000,0.002,50.0,30.0,post_relu_mean,748.2702026367188,-748.2702026367188,127.5550765991211,1.7636773586273193,3.313258171081543,323.85874938964844,0.17138495939283394,-0.33098267970310097,19.10929388744287,2.753807792663574,False
31,wave_pattern_stage2.1.wave_feature_conv2,51,15,1000,0.002,150.0,5.0,post_relu_mean,29.984294891357422,-29.984294891357422,4.96164608001709,0.07795277237892151,0.1612333357334137,186.2108497619629,0.289665333924307,-0.078349813062038,4.526052722294841,2.069894065856934,False
31,wave_pattern_stage2.1.wave_feature_conv2,51,15,1000,0.002,150.0,5.0,post_relu_mean,195.1736602783203,-195.1736602783203,32.27153778076172,0.2167607843875885,0.8237292766571045,43.75057792663574,0.09444817501320153,-0.012473855089427813,0.7209347198354545,1.8287134289741516,False
31,wave_pattern_stage2.1.wave_feature_conv2,51,15,1000,0.002,150.0,5.0,post_relu_mean,596.30419921875,-596.30419921875,101.30555725097656,0.864323079586029,3.324700355529785,257.87428283691406,0.13723970710193698,-0.2473275833055494,14.27929998525786,2.8030914771556854,False
31,wave_pattern_stage2.1.wave_feature_conv2,51,15,1000,0.002,150.0,15.0,post_relu_mean,27.441648483276367,-27.441648483276367,4.568084239959717,0.07460358738899231,0.13487306237220764,197.9720973968506,0.30877032250332415,-0.0829041966603021,4.7893900865160886,2.11383761882782,False
31,wave_pattern_stage2.1.wave_feature_conv2,51,15,1000,0.002,150.0,15.0,post_relu_mean,162.40829467773438,-162.40829467773438,26.825748443603516,0.17949697375297546,0.5644072890281677,50.53910160064697,0.09151280798285975,-0.01542972583222853,0.8918439523762907,1.8519910818338394,False
31,wave_pattern_stage2.1.wave_feature_conv2,51,15,1000,0.002,150.0,15.0,post_relu_mean,577.77587890625,-577.77587890625,98.17476654052734,0.8346264362335205,2.9300270080566406,230.68714141845703,0.12513605766157815,-0.21209127857743554,12.244946344210689,2.707040376663208,False
31,wave_pattern_stage2.1.wave_feature_conv2,51,15,1000,0.002,150.0,30.0,post_relu_mean,24.924882888793945,-24.924882888793945,4.182775020599365,0.07158976793289185,0.11135808378458023,215.06707191467285,0.332067323585328,-0.08920975585195905,5.154611912119062,2.201591991186142,False
31,wave_pattern_stage2.1.wave_feature_conv2,51,15,1000,0.002,150.0,30.0,post_relu_mean,127.94717407226562,-127.94717407226562,21.124788284301758,0.14222393929958344,0.35068652033805847,64.74347686767578,0.06983478507817627,-0.021013837958244106,1.2148095395099854,1.8721660733222962,False
31,wave_pattern_stage2.1.wave_feature_conv2,51,15,1000,0.002,150.0,30.0,post_relu_mean,548.6597900390625,-548.6597900390625,93.24789428710938,0.7895721793174744,2.4011757373809814,201.79544067382812,0.11135714651788559,-0.17778011286830017,10.264018926304354,2.595648113489151,False
31,wave_pattern_stage2.1.wave_feature_conv2,54,15,1000,0.002,10.0,5.0,post_relu_mean,18.092735290527344,-18.092735290527344,3.5456507205963135,0.3562728464603424,0.1685335338115692,172.19935035705566,0.6156805716533769,-0.06087627000750779,3.518834025875774,0.9904530969262123,False
31,wave_pattern_stage2.1.wave_feature_conv2,54,15,1000,0.002,10.0,5.0,post_relu_mean,138.54449462890625,-138.54449462890625,25.664918899536133,0.551421046257019,0.6325123310089111,20.98297953605652,0.1051176553572525,-0.0050628606970719876,0.292742917975074,0.17027318499982358,False
31,wave_pattern_stage2.1.wave_feature_conv2,54,15,1000,0.002,10.0,5.0,post_relu_mean,691.3218383789062,-691.3218383789062,145.13742065429688,2.6192078590393066,4.800540924072266,375.8065872192383,0.17079305775199788,-0.40177307181550376,23.196094427020444,2.5281631183624267,False
31,wave_pattern_stage2.1.wave_feature_conv2,54,15,1000,0.002,10.0,15.0,post_relu_mean,16.803714752197266,-16.803714752197266,3.296912670135498,0.32376113533973694,0.1422194242477417,183.5150146484375,0.6243947142360223,-0.06448952595971043,3.728107418529923,1.0493944722414017,False
31,wave_pattern_stage2.1.wave_feature_conv2,54,15,1000,0.002,10.0,15.0,post_relu_mean,82.04800415039062,-82.04800415039062,15.22071647644043,0.3399426341056824,0.2306453287601471,29.607991933822632,0.12110082829521072,-0.007258802311620539,0.41992643169891597,0.2011238944530487,False
31,wave_pattern_stage2.1.wave_feature_conv2,54,15,1000,0.002,10.0,15.0,post_relu_mean,680.8794555664062,-680.8794555664062,143.25465393066406,2.575683116912842,4.202260494232178,339.73382568359375,0.15082844590234148,-0.3502820165490099,20.22342904389589,2.3931486475467683,False
31,wave_pattern_stage2.1.wave_feature_conv2,54,15,1000,0.002,10.0,30.0,post_relu_mean,15.96751594543457,-15.96751594543457,3.152444839477539,0.29415735602378845,0.12073066085577011,199.5551414489746,0.6419586822216239,-0.06926555777457978,4.004365904260666,1.1470896315574646,False
31,wave_pattern_stage2.1.wave_feature_conv2,54,15,1000,0.002,10.0,30.0,post_relu_mean,57.763221740722656,-57.763221740722656,10.785640716552734,0.24873203039169312,0.1345614790916443,44.45776128768921,0.15633775835249591,-0.011349587997152414,0.6565660326393223,0.2623406484723091,False
31,wave_pattern_stage2.1.wave_feature_conv2,54,15,1000,0.002,10.0,30.0,post_relu_mean,652.6006469726562,-652.6006469726562,137.5799560546875,2.468384027481079,3.427649736404419,295.03133392333984,0.1295430150645446,-0.2852887018052525,16.471549305104066,2.2284697139263154,False
31,wave_pattern_stage2.1.wave_feature_conv2,54,15,1000,0.002,50.0,5.0,post_relu_mean,17.552051544189453,-17.552051544189453,3.5699241161346436,0.1356942504644394,0.12267672270536423,186.87498664855957,0.5590510427109688,-0.0761019785062841,4.397192043295341,1.2627277624607087,False
31,wave_pattern_stage2.1.wave_feature_conv2,54,15,1000,0.002,50.0,5.0,post_relu_mean,69.48221588134766,-69.48221588134766,13.471772193908691,0.14413148164749146,0.3462982177734375,31.076907634735107,0.03223955019881434,-0.010530956216167103,0.6086499991150706,0.6173120504617691,False
31,wave_pattern_stage2.1.wave_feature_conv2,54,15,1000,0.002,50.0,5.0,post_relu_mean,623.7217407226562,-623.7217407226562,130.06387329101562,1.5774098634719849,4.303089141845703,291.54064178466797,0.14229573599831652,-0.3146976135340883,18.168920015612457,2.2888903224468233,False
31,wave_pattern_stage2.1.wave_feature_conv2,54,15,1000,0.002,50.0,15.0,post_relu_mean,16.64561653137207,-16.64561653137207,3.3950769901275635,0.1294678896665573,0.10759560763835907,198.11059951782227,0.5681660511517562,-0.07953582012062356,4.596196637611132,1.3290255415439605,False
31,wave_pattern_stage2.1.wave_feature_conv2,54,15,1000,0.002,50.0,15.0,post_relu_mean,47.71796798706055,-47.71796798706055,9.290604591369629,0.10788483917713165,0.1733420342206955,42.245015144348145,0.049647513743555374,-0.015073363685307498,0.8712162102787038,0.642085442841053,False
31,wave_pattern_stage2.1.wave_feature_conv2,54,15,1000,0.002,50.0,15.0,post_relu_mean,606.1756591796875,-606.1756591796875,126.46540069580078,1.5358484983444214,3.675719976425171,257.13356018066406,0.12400427863161116,-0.2650239472005476,15.300988117226485,2.162171622514725,False
31,wave_pattern_stage2.1.wave_feature_conv2,54,15,1000,0.002,50.0,30.0,post_relu_mean,15.998458862304688,-15.998458862304688,3.262746572494507,0.12545153498649597,0.09344001114368439,214.4225368499756,0.5875163220302929,-0.08376503110459461,4.84186476422485,1.4204533529281616,False
31,wave_pattern_stage2.1.wave_feature_conv2,54,15,1000,0.002,50.0,30.0,post_relu_mean,37.8657112121582,-37.8657112121582,7.4380669593811035,0.0937730073928833,0.1073828712105751,58.363911628723145,0.09109549172161545,-0.019422612095472833,1.1230928445673463,0.6773635271191597,False
31,wave_pattern_stage2.1.wave_feature_conv2,54,15,1000,0.002,50.0,30.0,post_relu_mean,578.8457641601562,-578.8457641601562,121.08808135986328,1.4831910133361816,2.9086720943450928,222.31372833251953,0.10863396073919075,-0.22047668415831495,12.729083674589692,2.023500301837921,False
31,wave_pattern_stage2.1.wave_feature_conv2,54,15,1000,0.002,150.0,5.0,post_relu_mean,21.744735717773438,-21.744735717773438,4.476804256439209,0.07863140106201172,0.1396971046924591,223.0331802368164,0.41462071051839233,-0.09297922855252166,5.371674084541644,2.2031233859062196,False
31,wave_pattern_stage2.1.wave_feature_conv2,54,15,1000,0.002,150.0,5.0,post_relu_mean,66.16085815429688,-66.16085815429688,13.348835945129395,0.10870951414108276,0.37278521060943604,65.26735305786133,0.04074067992852978,-0.025251896464171097,1.458874960929603,1.7666535520553588,False
31,wave_pattern_stage2.1.wave_feature_conv2,54,15,1000,0.002,150.0,5.0,post_relu_mean,442.2054443359375,-442.2054443359375,92.36566925048828,0.6898649334907532,2.895320177078247,176.28155136108398,0.09626883126298902,-0.1573189468629843,9.082724711952494,2.2893897986412046,False
31,wave_pattern_stage2.1.wave_feature_conv2,54,15,1000,0.002,150.0,15.0,post_relu_mean,20.409894943237305,-20.409894943237305,4.227436065673828,0.07603926956653595,0.12193287163972855,234.5331573486328,0.43111831220717506,-0.09802139775765362,5.663617721972142,2.265131069421768,False
31,wave_pattern_stage2.1.wave_feature_conv2,54,15,1000,0.002,150.0,15.0,post_relu_mean,51.5997314453125,-51.5997314453125,10.448777198791504,0.0875510722398758,0.2484191358089447,77.60074234008789,0.03183683777804194,-0.03079665075084826,1.779457187583088,1.7866213893890381,False
31,wave_pattern_stage2.1.wave_feature_conv2,54,15,1000,0.002,150.0,15.0,post_relu_mean,420.5458068847656,-420.5458068847656,87.78832244873047,0.6527189612388611,2.4641153812408447,153.36882781982422,0.08314310503251511,-0.1251880166747516,7.227675930404281,2.206061391830444,False
31,wave_pattern_stage2.1.wave_feature_conv2,54,15,1000,0.002,150.0,30.0,post_relu_mean,18.998157501220703,-18.998157501220703,3.957841396331787,0.07326185703277588,0.10371965914964676,251.57558822631836,0.45588862102235184,-0.10371712460822227,5.993213672848837,2.3476165759563448,False
31,wave_pattern_stage2.1.wave_feature_conv2,54,15,1000,0.002,150.0,30.0,post_relu_mean,41.27412033081055,-41.27412033081055,8.429675102233887,0.07278041541576385,0.16668705642223358,94.93614196777344,0.026789247056935302,-0.03624318895859968,2.0946577958028243,1.8114017754793168,False
31,wave_pattern_stage2.1.wave_feature_conv2,54,15,1000,0.002,150.0,30.0,post_relu_mean,388.2015075683594,-388.2015075683594,80.98201751708984,0.5944033861160278,1.918038249015808,132.6229705810547,0.08007266702815696,-0.10145329438137074,5.857342407222689,2.1552744233608245,False
36,interference_stage3.0.wave_feature_conv1,30,15,1000,0.002,10.0,5.0,post_relu_mean,76.26298522949219,-76.26298522949219,9.02589225769043,0.6482470035552979,0.31910449266433716,189.00724411010742,0.8399748156694102,-0.05601864339029819,3.2370700086981086,1.068802275955677,False
36,interference_stage3.0.wave_feature_conv1,30,15,1000,0.002,10.0,5.0,post_relu_mean,856.8556518554688,-856.8556518554688,121.21192169189453,2.3186755180358887,3.594794750213623,184.1564121246338,0.07464920459138623,-0.17329795478621093,10.005259095059673,1.1984235846996307,False
36,interference_stage3.0.wave_feature_conv1,30,15,1000,0.002,10.0,5.0,post_relu_mean,1185.7960205078125,-1185.7960205078125,197.85389709472656,2.8794195652008057,5.017393112182617,719.3340454101562,0.33309056894987465,-0.7858554061355195,45.37084013294622,4.541119406223297,False
36,interference_stage3.0.wave_feature_conv1,30,15,1000,0.002,10.0,15.0,post_relu_mean,67.56827545166016,-67.56827545166016,8.057129859924316,0.5692443251609802,0.2510007619857788,199.7035255432129,0.8432700363412171,-0.061301896013663135,3.5431193367289175,1.138401454091072,False
36,interference_stage3.0.wave_feature_conv1,30,15,1000,0.002,10.0,15.0,post_relu_mean,797.14599609375,-797.14599609375,112.12213897705078,2.1504077911376953,2.844053268432617,157.97433853149414,0.10740826374978941,-0.13389836861171162,7.731030670555828,1.055345093011856,False
36,interference_stage3.0.wave_feature_conv1,30,15,1000,0.002,10.0,15.0,post_relu_mean,1176.6934814453125,-1176.6934814453125,196.73580932617188,2.8356385231018066,4.671119689941406,677.890380859375,0.304816091350259,-0.7160527749613418,41.340818557377645,4.364543945789337,False
36,interference_stage3.0.wave_feature_conv1,30,15,1000,0.002,10.0,30.0,post_relu_mean,59.496360778808594,-59.496360778808594,7.167804718017578,0.4893184304237366,0.19410699605941772,215.8901424407959,0.8539242190844829,-0.0680039724191042,3.9307660213740565,1.2310263484716415,False
36,interference_stage3.0.wave_feature_conv1,30,15,1000,0.002,10.0,30.0,post_relu_mean,707.4766845703125,-707.4766845703125,99.13187408447266,1.891724705696106,1.9988999366760254,135.16123580932617,0.1545577165094738,-0.09534751937867351,5.505103958389464,0.9107784223556519,False
36,interference_stage3.0.wave_feature_conv1,30,15,1000,0.002,10.0,30.0,post_relu_mean,1160.7296142578125,-1160.7296142578125,194.537109375,2.7729127407073975,4.192347049713135,625.6731109619141,0.2779065697832643,-0.641656817924965,37.04569551432209,4.171454629898071,False
36,interference_stage3.0.wave_feature_conv1,30,15,1000,0.002,50.0,5.0,post_relu_mean,53.19725799560547,-53.19725799560547,7.120709419250488,0.22587263584136963,0.18996760249137878,199.2796230316162,0.7727669462588095,-0.07250050640943072,4.188780382703677,1.332553163766861,False
36,interference_stage3.0.wave_feature_conv1,30,15,1000,0.002,50.0,5.0,post_relu_mean,702.8643188476562,-702.8643188476562,100.76785278320312,1.1443288326263428,2.7101759910583496,121.23059415817261,0.11059342007698107,-0.10514331886007111,6.070408515237172,1.0034956565499307,False
36,interference_stage3.0.wave_feature_conv1,30,15,1000,0.002,50.0,5.0,post_relu_mean,1138.95556640625,-1138.95556640625,189.6368865966797,2.1754422187805176,4.804430961608887,620.2492370605469,0.2850388319790063,-0.69319656828701,40.021820857065656,4.218774881362915,False
36,interference_stage3.0.wave_feature_conv1,30,15,1000,0.002,50.0,15.0,post_relu_mean,48.897071838378906,-48.897071838378906,6.56438684463501,0.21097657084465027,0.15874803066253662,210.93890953063965,0.7741572695741359,-0.07827716246876508,4.522629105217192,1.4006657361984254,False
36,interference_stage3.0.wave_feature_conv1,30,15,1000,0.002,50.0,15.0,post_relu_mean,643.3007202148438,-643.3007202148438,91.70561981201172,1.0410552024841309,2.0404374599456787,106.16898155212402,0.13749781987608312,-0.07982102207775225,4.608536496200149,0.8995856279134751,False
36,interference_stage3.0.wave_feature_conv1,30,15,1000,0.002,50.0,15.0,post_relu_mean,1131.436279296875,-1131.436279296875,189.17938232421875,2.1548686027526855,4.4347686767578125,582.7995910644531,0.2607676146036242,-0.6399593255822604,36.947637030812274,4.057078458070755,False
36,interference_stage3.0.wave_feature_conv1,30,15,1000,0.002,50.0,30.0,post_relu_mean,44.980552673339844,-44.980552673339844,6.086674213409424,0.1966644525527954,0.13197718560695648,227.56126403808594,0.786685367962852,-0.08348376942532083,4.823251503288825,1.4949329721927642,False
36,interference_stage3.0.wave_feature_conv1,30,15,1000,0.002,50.0,30.0,post_relu_mean,550.7080688476562,-550.7080688476562,78.00154876708984,0.8914462924003601,1.3447164297103882,96.4664363861084,0.17366921890674528,-0.061042539779238486,3.5243712865537886,0.8184577810764313,False
36,interference_stage3.0.wave_feature_conv1,30,15,1000,0.002,50.0,30.0,post_relu_mean,1106.740966796875,-1106.740966796875,185.50576782226562,2.1036083698272705,3.908902168273926,530.2195892333984,0.23410250102665478,-0.5580850995884272,32.22113623294923,3.856114717721939,False
36,interference_stage3.0.wave_feature_conv1,30,15,1000,0.002,150.0,5.0,post_relu_mean,47.97594451904297,-47.97594451904297,7.174688816070557,0.10851940512657166,0.1690521240234375,234.7682113647461,0.6107613716213486,-0.09625370881102015,5.560873179220745,2.1790322077274324,False
36,interference_stage3.0.wave_feature_conv1,30,15,1000,0.002,150.0,5.0,post_relu_mean,385.274169921875,-385.274169921875,57.663536071777344,0.38165608048439026,1.2618775367736816,72.50095748901367,0.05848687939657712,-0.0374752698366295,2.163767058470613,1.7452975326776505,False
36,interference_stage3.0.wave_feature_conv1,30,15,1000,0.002,150.0,5.0,post_relu_mean,928.1019287109375,-928.1019287109375,154.91656494140625,1.167088508605957,3.8896796703338623,428.5278778076172,0.1750873349573941,-0.4598044247141945,26.546821420317443,3.6670729887485503,False
36,interference_stage3.0.wave_feature_conv1,30,15,1000,0.002,150.0,15.0,post_relu_mean,44.81745147705078,-44.81745147705078,6.7106709480285645,0.1035202294588089,0.1463989019393921,246.73186874389648,0.6216982032879911,-0.10140068107701686,5.858207103755999,2.2358104264736176,False
36,interference_stage3.0.wave_feature_conv1,30,15,1000,0.002,150.0,15.0,post_relu_mean,341.5962219238281,-341.5962219238281,50.915565490722656,0.3352542519569397,0.952365517616272,72.6298770904541,0.06017359662698699,-0.03286828054380749,1.8986268526151548,1.7333449602127076,False
36,interference_stage3.0.wave_feature_conv1,30,15,1000,0.002,150.0,15.0,post_relu_mean,912.62646484375,-912.62646484375,152.17141723632812,1.1435668468475342,3.5564703941345215,396.5100402832031,0.16103633423492264,-0.41168923128717877,23.768788557828852,3.5412308061122895,False
36,interference_stage3.0.wave_feature_conv1,30,15,1000,0.002,150.0,30.0,post_relu_mean,41.507476806640625,-41.507476806640625,6.237386226654053,0.09863591194152832,0.1232730820775032,264.0094184875488,0.6419342732082519,-0.10776003469148013,6.22606259803338,2.318658865690231,False
36,interference_stage3.0.wave_feature_conv1,30,15,1000,0.002,150.0,30.0,post_relu_mean,285.5436706542969,-285.5436706542969,42.40024948120117,0.2787817120552063,0.6389558911323547,79.36581230163574,0.06953004816166868,-0.03179041980865576,1.8363219134237747,1.7351492339372634,False
36,interference_stage3.0.wave_feature_conv1,30,15,1000,0.002,150.0,30.0,post_relu_mean,884.9881591796875,-884.9881591796875,147.40696716308594,1.0965709686279297,3.1098718643188477,357.36065673828125,0.13709047075266095,-0.36107042281006974,20.846163663124422,3.3615968239307406,False
36,interference_stage3.0.wave_feature_conv1,78,15,1000,0.002,10.0,5.0,post_relu_mean,65.83038330078125,-65.83038330078125,8.599276542663574,0.6381028890609741,0.30327242612838745,230.54837799072266,1.04566585978437,-0.06938418241807136,4.0097141070680244,1.3060246121883392,False
36,interference_stage3.0.wave_feature_conv1,78,15,1000,0.002,10.0,5.0,post_relu_mean,554.832275390625,-554.832275390625,79.66462707519531,2.010831832885742,2.5234432220458984,144.0971450805664,0.25105261853075145,-0.1134480706225419,6.549905705185357,0.9352350270748139,False
36,interference_stage3.0.wave_feature_conv1,78,15,1000,0.002,10.0,5.0,post_relu_mean,964.0386352539062,-964.0386352539062,183.21946716308594,2.70953369140625,4.889121055603027,558.9560394287109,0.22287972592188696,-0.6113120896870078,35.29375429617167,3.595622928142548,False
36,interference_stage3.0.wave_feature_conv1,78,15,1000,0.002,10.0,15.0,post_relu_mean,59.95453643798828,-59.95453643798828,7.857466697692871,0.5769388675689697,0.25199979543685913,241.5214614868164,1.0492681949841893,-0.07332587031335332,4.23698734608655,1.3699242728948593,False
36,interference_stage3.0.wave_feature_conv1,78,15,1000,0.002,10.0,15.0,post_relu_mean,500.0122375488281,-500.0122375488281,71.04368591308594,1.8174402713775635,1.9240264892578125,129.15534591674805,0.29072367663562343,-0.08749889929689952,5.051736828305805,0.8280616629123688,False
36,interference_stage3.0.wave_feature_conv1,78,15,1000,0.002,10.0,15.0,post_relu_mean,948.879150390625,-948.879150390625,180.30020141601562,2.6660757064819336,4.458710670471191,515.7981872558594,0.18867898420242313,-0.5432852681668604,31.3663822059422,3.4071293544769286,False
36,interference_stage3.0.wave_feature_conv1,78,15,1000,0.002,10.0,30.0,post_relu_mean,54.09659194946289,-54.09659194946289,7.191342353820801,0.5049127340316772,0.2037809193134308,257.33580017089844,1.0617968005173863,-0.07894524318426414,4.5635824358853005,1.4569667780399322,False
36,interference_stage3.0.wave_feature_conv1,78,15,1000,0.002,10.0,30.0,post_relu_mean,421.28302001953125,-421.28302001953125,59.27117919921875,1.5311508178710938,1.2844973802566528,119.10127639770508,0.33768979403991783,-0.06321991137890326,3.6510908953942423,0.739947224855423,False
36,interference_stage3.0.wave_feature_conv1,78,15,1000,0.002,10.0,30.0,post_relu_mean,919.570068359375,-919.570068359375,173.9739227294922,2.581106662750244,3.8720149993896484,461.00946044921875,0.13757001220859866,-0.461338702077171,26.635663229908506,3.1452876961231233,False
36,interference_stage3.0.wave_feature_conv1,78,15,1000,0.002,50.0,5.0,post_relu_mean,48.298099517822266,-48.298099517822266,7.136075973510742,0.2581406235694885,0.19292113184928894,240.12560272216797,0.9737569967653414,-0.08553726087567473,4.9412391079796585,1.56744320333004,False
36,interference_stage3.0.wave_feature_conv1,78,15,1000,0.002,50.0,5.0,post_relu_mean,422.5286865234375,-422.5286865234375,63.26183319091797,0.8412483930587769,1.6626660823822021,94.60905075073242,0.29040585442505307,-0.059332536923271104,3.425591811447003,0.7816386163234711,False
36,interference_stage3.0.wave_feature_conv1,78,15,1000,0.002,50.0,5.0,post_relu_mean,906.5616455078125,-906.5616455078125,173.65219116210938,1.910328984260559,4.583793640136719,462.6035919189453,0.18252949148990236,-0.5054579268229263,29.182294259786588,3.292106046676636,False
36,interference_stage3.0.wave_feature_conv1,78,15,1000,0.002,50.0,15.0,post_relu_mean,44.758968353271484,-44.758968353271484,6.650918483734131,0.24192380905151367,0.16637630760669708,251.80067825317383,0.9758704214842537,-0.09092988107421346,5.253278398810061,1.6388834631443023,False
36,interference_stage3.0.wave_feature_conv1,78,15,1000,0.002,50.0,15.0,post_relu_mean,363.70849609375,-363.70849609375,54.05596160888672,0.7310950756072998,1.1661616563796997,89.22961807250977,0.316550392717887,-0.04384558427542156,2.5316445834880636,0.7322716501355171,False
36,interference_stage3.0.wave_feature_conv1,78,15,1000,0.002,50.0,15.0,post_relu_mean,895.294921875,-895.294921875,171.3734130859375,1.8831121921539307,4.127718448638916,427.0625,0.1621940259768431,-0.4563027526081829,26.34460065227541,3.1439298963546753,False
36,interference_stage3.0.wave_feature_conv1,78,15,1000,0.002,50.0,30.0,post_relu_mean,41.6185417175293,-41.6185417175293,6.223682880401611,0.22374142706394196,0.14251013100147247,268.68630599975586,0.9876681774165831,-0.09725774713658,5.61995514478695,1.7341127002239227,False
36,interference_stage3.0.wave_feature_conv1,78,15,1000,0.002,50.0,30.0,post_relu_mean,294.8878173828125,-294.8878173828125,43.6214714050293,0.597010612487793,0.7185525298118591,91.8456916809082,0.3515708228803835,-0.037509752449659935,2.165912373347504,0.7117139604687691,False
36,interference_stage3.0.wave_feature_conv1,78,15,1000,0.002,50.0,30.0,post_relu_mean,863.1535034179688,-863.1535034179688,164.4708709716797,1.8027193546295166,3.4925625324249268,379.60638427734375,0.13282492314409858,-0.39027781046546417,22.53261927343296,2.9572732067108154,False
36,interference_stage3.0.wave_feature_conv1,78,15,1000,0.002,150.0,5.0,post_relu_mean,40.080718994140625,-40.080718994140625,6.848329067230225,0.11870229244232178,0.15837790071964264,276.1894950866699,0.8110939062997516,-0.11185604024217728,6.462089625630027,2.364214833974838,False
36,interference_stage3.0.wave_feature_conv1,78,15,1000,0.002,150.0,5.0,post_relu_mean,227.333984375,-227.333984375,37.001888275146484,0.27075737714767456,0.7552356719970703,82.82945442199707,0.1421822148306014,-0.025478570145122257,1.471790684910415,1.7461219674348831,False
36,interference_stage3.0.wave_feature_conv1,78,15,1000,0.002,150.0,5.0,post_relu_mean,712.6126708984375,-712.6126708984375,135.1353302001953,0.9273004531860352,3.491318464279175,315.1846923828125,0.13440759622489948,-0.31935513452838754,18.43792853231313,3.0097417855262756,False
36,interference_stage3.0.wave_feature_conv1,78,15,1000,0.002,150.0,15.0,post_relu_mean,37.92841339111328,-37.92841339111328,6.483558654785156,0.11376308649778366,0.13991205394268036,288.20180892944336,0.821098047042505,-0.11663711309236288,6.738198568874347,2.423480404615402,False
36,interference_stage3.0.wave_feature_conv1,78,15,1000,0.002,150.0,15.0,post_relu_mean,196.75009155273438,-196.75009155273438,31.881635665893555,0.2359585165977478,0.5596797466278076,89.53046321868896,0.15000860604175442,-0.027777018421527588,1.6051188369740874,1.7578672885894775,False
36,interference_stage3.0.wave_feature_conv1,78,15,1000,0.002,150.0,15.0,post_relu_mean,693.9494018554688,-693.9494018554688,130.9528350830078,0.8950654864311218,3.1050779819488525,287.50240325927734,0.1227398554889521,-0.2853939895326607,16.47704673891223,2.9039604008197784,False
36,interference_stage3.0.wave_feature_conv1,78,15,1000,0.002,150.0,30.0,post_relu_mean,35.912593841552734,-35.912593841552734,6.152866840362549,0.10807390511035919,0.1227307915687561,305.38727951049805,0.839204005555117,-0.12329682568388677,7.123566014274552,2.5077418315410616,False
36,interference_stage3.0.wave_feature_conv1,78,15,1000,0.002,150.0,30.0,post_relu_mean,162.28750610351562,-162.28750610351562,26.23813247680664,0.19642028212547302,0.37841710448265076,102.88303661346436,0.17537275325735566,-0.03246166291906014,1.8765505960457127,1.7865895396471023,False
36,interference_stage3.0.wave_feature_conv1,78,15,1000,0.002,150.0,30.0,post_relu_mean,666.7613525390625,-666.7613525390625,124.89774322509766,0.8485838174819946,2.606794834136963,258.33824157714844,0.11614801660703863,-0.24609240707091892,14.208005499249099,2.7871781289577484,False
36,interference_stage3.0.wave_feature_conv1,108,15,1000,0.002,10.0,5.0,post_relu_mean,60.02499771118164,-60.02499771118164,8.08930492401123,0.5825854539871216,0.2749135494232178,236.19339561462402,0.8728060847926995,-0.07128976060705233,4.120153100980266,1.3429931074380874,False
36,interference_stage3.0.wave_feature_conv1,108,15,1000,0.002,10.0,5.0,post_relu_mean,643.9775390625,-643.9775390625,95.30937194824219,2.1502761840820312,2.403087615966797,159.67339515686035,0.1692719620498261,-0.1288004855398637,7.436213401504258,1.060871772170067,False
36,interference_stage3.0.wave_feature_conv1,108,15,1000,0.002,10.0,5.0,post_relu_mean,1108.538818359375,-1108.538818359375,196.97080993652344,3.056457042694092,4.636306285858154,692.7820739746094,0.36779867321207854,-0.7639990784162916,44.10900245148394,4.419565441608429,False
36,interference_stage3.0.wave_feature_conv1,108,15,1000,0.002,10.0,15.0,post_relu_mean,55.144142150878906,-55.144142150878906,7.462268829345703,0.5259826183319092,0.23059852421283722,247.1473445892334,0.8806085563100664,-0.076508891481099,4.4220231590344845,1.4045623868703843,False
36,interference_stage3.0.wave_feature_conv1,108,15,1000,0.002,10.0,15.0,post_relu_mean,589.0076904296875,-589.0076904296875,86.51197052001953,1.958545446395874,1.8471848964691162,145.9983787536621,0.20719630651238585,-0.10267296960095817,5.92792429280876,0.967952219247818,False
36,interference_stage3.0.wave_feature_conv1,108,15,1000,0.002,10.0,15.0,post_relu_mean,1096.0323486328125,-1096.0323486328125,194.02427673339844,3.0081419944763184,4.304908752441406,653.3960266113281,0.33089058703824425,-0.6954384850221842,40.15077151106452,4.238344061374664,False
36,interference_stage3.0.wave_feature_conv1,108,15,1000,0.002,10.0,30.0,post_relu_mean,49.97740173339844,-49.97740173339844,6.8163838386535645,0.4637645483016968,0.1873595118522644,263.52406311035156,0.8960572934136984,-0.08306190045679405,4.801045934483583,1.4973993241786956,False
36,interference_stage3.0.wave_feature_conv1,108,15,1000,0.002,10.0,30.0,post_relu_mean,515.1372680664062,-515.1372680664062,75.2411880493164,1.685762643814087,1.2946957349777222,136.7008171081543,0.26125555394673267,-0.07676290543700057,4.4325633669131825,0.8689760175347329,False
36,interference_stage3.0.wave_feature_conv1,108,15,1000,0.002,10.0,30.0,post_relu_mean,1074.93896484375,-1074.93896484375,189.85714721679688,2.908482074737549,3.8217525482177734,604.0115814208984,0.28190201810805227,-0.6175412681062877,35.653764226752045,4.012447195053101,False
36,interference_stage3.0.wave_feature_conv1,108,15,1000,0.002,50.0,5.0,post_relu_mean,45.3445930480957,-45.3445930480957,6.7586493492126465,0.23471863567829132,0.18125157058238983,247.82956314086914,0.8027923463284599,-0.09178015343060883,5.302820675466618,1.6058088839054108,False
36,interference_stage3.0.wave_feature_conv1,108,15,1000,0.002,50.0,5.0,post_relu_mean,459.2297058105469,-459.2297058105469,69.47822570800781,0.9963216781616211,1.5014251470565796,98.72807693481445,0.2241611689396456,-0.05848272387267752,3.3766234129687285,0.8387556260824204,False
36,interference_stage3.0.wave_feature_conv1,108,15,1000,0.002,50.0,5.0,post_relu_mean,1040.109375,-1040.109375,186.58775329589844,2.3169493675231934,4.327915191650391,569.4464721679688,0.30223424984380326,-0.6287755217409488,36.30192998012622,4.0200299286842345,False
36,interference_stage3.0.wave_feature_conv1,108,15,1000,0.002,50.0,15.0,post_relu_mean,42.40917205810547,-42.40917205810547,6.361279010772705,0.22026580572128296,0.15819165110588074,259.2066955566406,0.8075866532719157,-0.09585157878077204,5.538379054273561,1.6811271113157273,False
36,interference_stage3.0.wave_feature_conv1,108,15,1000,0.002,50.0,15.0,post_relu_mean,401.607666015625,-401.607666015625,60.36528015136719,0.8730971813201904,1.073533535003662,95.31890869140625,0.25356224222137785,-0.04546484592357348,2.6253567300059,0.7850376012921333,False
36,interference_stage3.0.wave_feature_conv1,108,15,1000,0.002,50.0,15.0,post_relu_mean,1025.8651123046875,-1025.8651123046875,183.2755584716797,2.2877213954925537,3.947242498397827,533.4896240234375,0.2605240034882291,-0.5693934504429506,32.87355945243699,3.830757613182068,False
36,interference_stage3.0.wave_feature_conv1,108,15,1000,0.002,50.0,30.0,post_relu_mean,39.509857177734375,-39.509857177734375,5.96971321105957,0.2065705955028534,0.1356220692396164,275.8362503051758,0.8248569119550431,-0.10165517321336051,5.87477875915742,1.7744563615322113,False
36,interference_stage3.0.wave_feature_conv1,108,15,1000,0.002,50.0,30.0,post_relu_mean,336.5005798339844,-336.5005798339844,50.2946662902832,0.7288748025894165,0.6929181218147278,99.71571350097656,0.285273117373209,-0.04143005123752132,2.393438510366801,0.7865235134959221,False
36,interference_stage3.0.wave_feature_conv1,108,15,1000,0.002,50.0,30.0,post_relu_mean,1001.875,-1001.875,178.72259521484375,2.21117901802063,3.449944496154785,490.2140655517578,0.22786088032979634,-0.5028745277042569,29.033329548396605,3.655728670358658,False
36,interference_stage3.0.wave_feature_conv1,108,15,1000,0.002,150.0,5.0,post_relu_mean,37.91611862182617,-37.91611862182617,6.479079246520996,0.1094561517238617,0.15521104633808136,284.7738952636719,0.6506500819531951,-0.11925334757609816,6.889298352208288,2.415151233673096,False
36,interference_stage3.0.wave_feature_conv1,108,15,1000,0.002,150.0,5.0,post_relu_mean,199.22996520996094,-199.22996520996094,33.384029388427734,0.25589245557785034,0.6203058362007141,81.16651821136475,0.10191097662184584,-0.02491374339827054,1.4394287832502062,1.7522742301225662,False
36,interference_stage3.0.wave_feature_conv1,108,15,1000,0.002,150.0,5.0,post_relu_mean,820.8060302734375,-820.8060302734375,151.61129760742188,1.1810801029205322,3.360792636871338,374.7700653076172,0.20021431629128064,-0.40244803497101583,23.235062242869326,3.4805422854423522,False
36,interference_stage3.0.wave_feature_conv1,108,15,1000,0.002,150.0,15.0,post_relu_mean,35.82852554321289,-35.82852554321289,6.134498119354248,0.10619945824146271,0.1382068693637848,296.4063949584961,0.662746831233042,-0.12284460017536819,7.097142059558076,2.4768560802936554,False
36,interference_stage3.0.wave_feature_conv1,108,15,1000,0.002,150.0,15.0,post_relu_mean,171.8716278076172,-171.8716278076172,28.75688362121582,0.21980932354927063,0.460410475730896,89.63456916809082,0.11151476818816639,-0.028151976762704516,1.6264380153515035,1.7789470398426055,False
36,interference_stage3.0.wave_feature_conv1,108,15,1000,0.002,150.0,15.0,post_relu_mean,801.9969482421875,-801.9969482421875,147.81765747070312,1.1467258930206299,3.0152933597564697,347.56519317626953,0.18515875547733224,-0.3605031876437779,20.81344409186157,3.3555375134944914,False
36,interference_stage3.0.wave_feature_conv1,108,15,1000,0.002,150.0,30.0,post_relu_mean,33.57257843017578,-33.57257843017578,5.781500339508057,0.10185980051755905,0.11999321728944778,313.4289207458496,0.6920722847292109,-0.12789268154612643,7.389481049550445,2.5469753170013427,False
36,interference_stage3.0.wave_feature_conv1,108,15,1000,0.002,150.0,30.0,post_relu_mean,142.2581329345703,-142.2581329345703,23.739519119262695,0.1849673092365265,0.3143683075904846,104.43354225158691,0.13301250220621555,-0.03578342652040118,2.067865602843733,1.7972624897956848,False
36,interference_stage3.0.wave_feature_conv1,108,15,1000,0.002,150.0,30.0,post_relu_mean,773.0202026367188,-773.0202026367188,142.1215362548828,1.0968492031097412,2.5699706077575684,316.52056884765625,0.16380245567247162,-0.3127419525057218,18.055954077652157,3.2092247915267946,False
38,interference_stage3.0.wave_feature_conv2,34,15,1000,0.002,10.0,5.0,post_relu_mean,36.795040130615234,-36.795040130615234,5.246179103851318,0.46731388568878174,0.25368890166282654,138.6979866027832,0.6725152989666529,-0.046231513354190505,2.6710902191477075,0.8906079557538032,False
38,interference_stage3.0.wave_feature_conv2,34,15,1000,0.002,10.0,5.0,post_relu_mean,683.973876953125,-683.973876953125,100.96287536621094,1.966064691543579,3.203709840774536,126.85209083557129,0.05117384445501523,-0.13263761060464807,7.657746051149045,0.9234606286883354,False
38,interference_stage3.0.wave_feature_conv2,34,15,1000,0.002,10.0,5.0,post_relu_mean,922.752685546875,-922.752685546875,154.68104553222656,2.816375970840454,4.7431840896606445,558.0161590576172,0.3106025208888985,-0.614637695257567,35.48569941819434,3.6457871079444883,False
38,interference_stage3.0.wave_feature_conv2,34,15,1000,0.002,10.0,15.0,post_relu_mean,32.09478759765625,-32.09478759765625,4.647124290466309,0.4055090546607971,0.1903422772884369,150.10244750976562,0.667561740516385,-0.05171716277779764,2.988235556837689,0.9759888675808907,False
38,interference_stage3.0.wave_feature_conv2,34,15,1000,0.002,10.0,15.0,post_relu_mean,634.9945068359375,-634.9945068359375,93.29875946044922,1.7874740362167358,2.2751505374908447,110.95332717895508,0.0596517219981934,-0.1057797642336383,6.107134802061377,0.8316376343369484,False
38,interference_stage3.0.wave_feature_conv2,34,15,1000,0.002,10.0,15.0,post_relu_mean,912.6817626953125,-912.6817626953125,152.52334594726562,2.7571396827697754,4.28571891784668,521.2082824707031,0.2884779271399956,-0.5587612787090918,32.25970430005801,3.503641049861908,False
38,interference_stage3.0.wave_feature_conv2,34,15,1000,0.002,10.0,30.0,post_relu_mean,29.202356338500977,-29.202356338500977,4.305902481079102,0.3523651361465454,0.14977537095546722,166.13978576660156,0.6792443222438982,-0.05691508199236427,3.28902446731273,1.0751301038265229,False
38,interference_stage3.0.wave_feature_conv2,34,15,1000,0.002,10.0,30.0,post_relu_mean,554.6826782226562,-554.6826782226562,81.30208587646484,1.4991981983184814,1.468390703201294,100.20740127563477,0.08784476719976667,-0.08095907430606604,4.675131605268523,0.7469481280446053,False
38,interference_stage3.0.wave_feature_conv2,34,15,1000,0.002,10.0,30.0,post_relu_mean,890.01611328125,-890.01611328125,148.40264892578125,2.659809112548828,3.723149299621582,472.8521728515625,0.25306487168200054,-0.48290595927617913,27.880445282399737,3.294531054496765,False
38,interference_stage3.0.wave_feature_conv2,34,15,1000,0.002,50.0,5.0,post_relu_mean,32.128509521484375,-32.128509521484375,4.997015476226807,0.16821235418319702,0.18199732899665833,151.59582328796387,0.6019937534658588,-0.06051702459906545,3.496351758142057,1.16693617105484,False
38,interference_stage3.0.wave_feature_conv2,34,15,1000,0.002,50.0,5.0,post_relu_mean,488.1392822265625,-488.1392822265625,72.8665542602539,0.7404857277870178,2.1577720642089844,77.81692838668823,0.06605435529591552,-0.06860996330740178,3.961319147177112,0.8037396344542503,False
38,interference_stage3.0.wave_feature_conv2,34,15,1000,0.002,50.0,5.0,post_relu_mean,858.111572265625,-858.111572265625,142.5476531982422,1.9239959716796875,4.364860534667969,457.81581115722656,0.25664726052430414,-0.5201252592884036,30.029158666518306,3.3282166731357576,False
38,interference_stage3.0.wave_feature_conv2,34,15,1000,0.002,50.0,15.0,post_relu_mean,28.93960189819336,-28.93960189819336,4.574539661407471,0.15425238013267517,0.1442835032939911,163.1582145690918,0.6044233238136514,-0.06524745970917491,3.7697749387426547,1.2410381281375884,False
38,interference_stage3.0.wave_feature_conv2,34,15,1000,0.002,50.0,15.0,post_relu_mean,440.9795227050781,-440.9795227050781,65.60599517822266,0.6602941751480103,1.4690192937850952,70.80594062805176,0.08338100711120278,-0.054912252338168814,3.170389783908014,0.7490361857414246,False
38,interference_stage3.0.wave_feature_conv2,34,15,1000,0.002,50.0,15.0,post_relu_mean,847.4559326171875,-847.4559326171875,140.18927001953125,1.903830647468567,3.893306255340576,425.0343017578125,0.2392701825613508,-0.47003832371962867,27.137432030950134,3.198061398267746,False
38,interference_stage3.0.wave_feature_conv2,34,15,1000,0.002,50.0,30.0,post_relu_mean,26.697824478149414,-26.697824478149414,4.2751688957214355,0.1440936028957367,0.11609309911727905,179.72378158569336,0.619609073458901,-0.0715021716757099,4.131465260216849,1.3370659363269806,False
38,interference_stage3.0.wave_feature_conv2,34,15,1000,0.002,50.0,30.0,post_relu_mean,372.0401916503906,-372.0401916503906,55.17853546142578,0.5515152215957642,0.9010432362556458,71.07108116149902,0.11382332959464125,-0.04570141537302319,2.6386432460074345,0.712227285206318,False
38,interference_stage3.0.wave_feature_conv2,34,15,1000,0.002,50.0,30.0,post_relu_mean,828.4790649414062,-828.4790649414062,136.61712646484375,1.846811294555664,3.3290677070617676,387.63232421875,0.2270629096730467,-0.4124212390588084,23.810972282484478,3.0609609019756316,False
38,interference_stage3.0.wave_feature_conv2,34,15,1000,0.002,150.0,5.0,post_relu_mean,37.10158157348633,-37.10158157348633,5.972671985626221,0.09614621102809906,0.20233651995658875,186.82872772216797,0.43292616462309297,-0.0806794594513148,4.6603256012307925,2.1219209730625153,False
38,interference_stage3.0.wave_feature_conv2,34,15,1000,0.002,150.0,5.0,post_relu_mean,259.9674377441406,-259.9674377441406,39.97624206542969,0.2642785906791687,1.038856863975525,63.20312309265137,0.061552456740228835,-0.0248759235753164,1.4368584094975472,1.810773019194603,False
38,interference_stage3.0.wave_feature_conv2,34,15,1000,0.002,150.0,5.0,post_relu_mean,634.1054077148438,-634.1054077148438,105.73574829101562,0.8759461641311646,3.208867073059082,287.3387451171875,0.12674875742820052,-0.28624253254341614,16.526037819288494,2.9365749561786654,False
38,interference_stage3.0.wave_feature_conv2,34,15,1000,0.002,150.0,15.0,post_relu_mean,33.734901428222656,-33.734901428222656,5.483029365539551,0.0914243757724762,0.167366161942482,198.65076446533203,0.446429039365484,-0.08556118890975052,4.942499174936452,2.16949627161026,False
38,interference_stage3.0.wave_feature_conv2,34,15,1000,0.002,150.0,15.0,post_relu_mean,227.5996856689453,-227.5996856689453,34.95866775512695,0.22778329253196716,0.7621185183525085,66.24286651611328,0.0544537482985082,-0.023191046013456933,1.3395180003570029,1.8169580203294755,False
38,interference_stage3.0.wave_feature_conv2,34,15,1000,0.002,150.0,15.0,post_relu_mean,618.1055297851562,-618.1055297851562,103.01561737060547,0.8481528759002686,2.852867603302002,262.5621566772461,0.11555510111711301,-0.2513290422897779,14.510311519750509,2.838746165037155,False
38,interference_stage3.0.wave_feature_conv2,34,15,1000,0.002,150.0,30.0,post_relu_mean,30.549991607666016,-30.549991607666016,5.027144432067871,0.08634031563997269,0.13414376974105835,215.89771270751953,0.4626943229110484,-0.09173152750773879,5.300173814047878,2.2623212254047393,False
38,interference_stage3.0.wave_feature_conv2,34,15,1000,0.002,150.0,30.0,post_relu_mean,189.0295867919922,-189.0295867919922,29.021604537963867,0.18828459084033966,0.5029969215393066,76.24899196624756,0.043289424670208194,-0.02547315804176728,1.4720218923692154,1.8292801922559738,False
38,interference_stage3.0.wave_feature_conv2,34,15,1000,0.002,150.0,30.0,post_relu_mean,591.8504028320312,-591.8504028320312,98.45394134521484,0.8046942353248596,2.391892671585083,235.04795837402344,0.10280259483477598,-0.21287359871832484,12.29016991531192,2.7247288274765014,False
38,interference_stage3.0.wave_feature_conv2,103,15,1000,0.002,10.0,5.0,post_relu_mean,38.88791275024414,-38.88791275024414,5.494793891906738,0.48429927229881287,0.2655654549598694,143.78160667419434,0.6371634384002218,-0.048053748144317024,2.7766300128600827,0.9188396567106247,False
38,interference_stage3.0.wave_feature_conv2,103,15,1000,0.002,10.0,5.0,post_relu_mean,703.4425659179688,-703.4425659179688,103.81098175048828,2.2516822814941406,3.2129902839660645,134.6755313873291,0.050332265045523725,-0.1416348351747734,8.177302785482523,0.9008735337853432,False
38,interference_stage3.0.wave_feature_conv2,103,15,1000,0.002,10.0,5.0,post_relu_mean,937.5343627929688,-937.5343627929688,154.06961059570312,2.9657280445098877,4.747211933135986,577.226806640625,0.32255498628269114,-0.6429311437284222,37.11952224232229,3.70450403213501,False
38,interference_stage3.0.wave_feature_conv2,103,15,1000,0.002,10.0,15.0,post_relu_mean,34.46858215332031,-34.46858215332031,4.935652732849121,0.41870611906051636,0.19969190657138824,155.02488899230957,0.6373118747085147,-0.05363020969225786,3.0995657795674627,1.0016310542821885,False
38,interference_stage3.0.wave_feature_conv2,103,15,1000,0.002,10.0,15.0,post_relu_mean,653.7442016601562,-653.7442016601562,95.98985290527344,2.0431389808654785,2.2989253997802734,118.83213424682617,0.06336464501486928,-0.11332944733950073,6.543055946149495,0.7998316857218742,False
38,interference_stage3.0.wave_feature_conv2,103,15,1000,0.002,10.0,15.0,post_relu_mean,933.665283203125,-933.665283203125,153.364013671875,2.9047985076904297,4.303909778594971,544.9329223632812,0.30589774658309854,-0.5970055863487652,34.467813605210026,3.582571594715118,False
38,interference_stage3.0.wave_feature_conv2,103,15,1000,0.002,10.0,30.0,post_relu_mean,31.001203536987305,-31.001203536987305,4.524852275848389,0.3609311580657959,0.15462656319141388,171.22406768798828,0.6487065912700871,-0.0593843475990693,3.43239068075376,1.1071540182828903,False
38,interference_stage3.0.wave_feature_conv2,103,15,1000,0.002,10.0,30.0,post_relu_mean,567.2095947265625,-567.2095947265625,82.8555908203125,1.7306346893310547,1.509778380393982,106.90865707397461,0.10062401687635694,-0.08184370886776135,4.7272721250196765,0.6959876203536988,False
38,interference_stage3.0.wave_feature_conv2,103,15,1000,0.002,10.0,30.0,post_relu_mean,915.4603271484375,-915.4603271484375,150.28440856933594,2.809075117111206,3.7494008541107178,499.4656524658203,0.27756653265349435,-0.5262092740367826,30.380825434484844,3.4041519808769225,False
38,interference_stage3.0.wave_feature_conv2,103,15,1000,0.002,50.0,5.0,post_relu_mean,32.990474700927734,-32.990474700927734,5.137598037719727,0.17134040594100952,0.19188541173934937,156.55224990844727,0.5678569841808498,-0.06346049058931777,3.6662981213927357,1.2038529080152511,False
38,interference_stage3.0.wave_feature_conv2,103,15,1000,0.002,50.0,5.0,post_relu_mean,471.40667724609375,-471.40667724609375,70.85902404785156,0.8712663650512695,2.002260446548462,70.85838270187378,0.08029924350928196,-0.06012312874006848,3.4712610882880046,0.7062528645992279,False
38,interference_stage3.0.wave_feature_conv2,103,15,1000,0.002,50.0,5.0,post_relu_mean,888.2246704101562,-888.2246704101562,146.91847229003906,2.095396041870117,4.370334148406982,480.2919006347656,0.27838066715888865,-0.5452599104742022,31.48020501473898,3.393160929679871,False
38,interference_stage3.0.wave_feature_conv2,103,15,1000,0.002,50.0,15.0,post_relu_mean,29.45083236694336,-29.45083236694336,4.665896892547607,0.16017964482307434,0.15086066722869873,168.06699752807617,0.572541751298578,-0.06848883503457748,3.9569232698033114,1.2807663953304291,False
38,interference_stage3.0.wave_feature_conv2,103,15,1000,0.002,50.0,15.0,post_relu_mean,414.1976623535156,-414.1976623535156,61.866695404052734,0.7630860805511475,1.3180303573608398,65.34368705749512,0.0996225921364241,-0.04947582520968664,2.856459934189564,0.6635975176095963,False
38,interference_stage3.0.wave_feature_conv2,103,15,1000,0.002,50.0,15.0,post_relu_mean,877.9486694335938,-877.9486694335938,145.05856323242188,2.0611815452575684,3.9122352600097656,447.8375473022461,0.2595728999463379,-0.49773753344230337,28.736532758903774,3.2637492084503172,False
38,interference_stage3.0.wave_feature_conv2,103,15,1000,0.002,50.0,30.0,post_relu_mean,27.2874755859375,-27.2874755859375,4.361634254455566,0.15280738472938538,0.12152094393968582,184.55638694763184,0.5860192927510193,-0.07302202449184303,4.219252705054356,1.3749579286575317,False
38,interference_stage3.0.wave_feature_conv2,103,15,1000,0.002,50.0,30.0,post_relu_mean,346.8027648925781,-346.8027648925781,51.424781799316406,0.6445237398147583,0.7874190211296082,68.85858535766602,0.1294709568816055,-0.0451158780872102,2.6052574963950326,0.6493007990717888,False
38,interference_stage3.0.wave_feature_conv2,103,15,1000,0.002,50.0,30.0,post_relu_mean,855.511962890625,-855.511962890625,141.12989807128906,2.0002074241638184,3.3352348804473877,407.62889099121094,0.24488843877157626,-0.43131333888663376,24.90198412436192,3.1129525339603425,False
38,interference_stage3.0.wave_feature_conv2,103,15,1000,0.002,150.0,5.0,post_relu_mean,36.542236328125,-36.542236328125,5.948285102844238,0.09694379568099976,0.21169914305210114,192.05293655395508,0.40247418013212843,-0.08304595778174943,4.797800437625187,2.150057532787323,False
38,interference_stage3.0.wave_feature_conv2,103,15,1000,0.002,150.0,5.0,post_relu_mean,204.5142059326172,-204.5142059326172,32.35334777832031,0.2531750798225403,0.8453794717788696,53.99514102935791,0.07740654209546632,-0.017386800181898778,1.0042685528488895,1.826173825263977,False
38,interference_stage3.0.wave_feature_conv2,103,15,1000,0.002,150.0,5.0,post_relu_mean,653.54296875,-653.54296875,110.61027526855469,0.9567238092422485,3.214106559753418,295.09019470214844,0.14457592532041638,-0.30896036767069074,17.837866143675896,2.9482677435874938,False
38,interference_stage3.0.wave_feature_conv2,103,15,1000,0.002,150.0,15.0,post_relu_mean,33.15497970581055,-33.15497970581055,5.46437406539917,0.09149834513664246,0.17380262911319733,203.8558692932129,0.41290715976532816,-0.08805348791633,5.087154294212705,2.211464574337006,False
38,interference_stage3.0.wave_feature_conv2,103,15,1000,0.002,150.0,15.0,post_relu_mean,175.0076904296875,-175.0076904296875,27.587875366210938,0.21711468696594238,0.6044963002204895,59.967318534851074,0.07112486200592472,-0.01899930333265045,1.0975840193185915,1.8377116543054581,False
38,interference_stage3.0.wave_feature_conv2,103,15,1000,0.002,150.0,15.0,post_relu_mean,638.744140625,-638.744140625,108.16441345214844,0.9277127385139465,2.8490419387817383,271.50659942626953,0.12943239590632227,-0.27679113823090945,15.980376161003372,2.8429860055446623,False
38,interference_stage3.0.wave_feature_conv2,103,15,1000,0.002,150.0,30.0,post_relu_mean,29.997453689575195,-29.997453689575195,5.0113325119018555,0.0864361971616745,0.13848844170570374,221.06470489501953,0.435134256487247,-0.09502287239893552,5.490889756885402,2.2873234128952027,False
38,interference_stage3.0.wave_feature_conv2,103,15,1000,0.002,150.0,30.0,post_relu_mean,141.75296020507812,-141.75296020507812,22.334312438964844,0.17672449350357056,0.394045352935791,72.90924549102783,0.05086481589734197,-0.02424811682518358,1.4015393443721826,1.8589261019229888,False
38,interference_stage3.0.wave_feature_conv2,103,15,1000,0.002,150.0,30.0,post_relu_mean,614.7868041992188,-614.7868041992188,104.19815063476562,0.889387845993042,2.3856892585754395,245.053466796875,0.11872852915958396,-0.24268807692940123,14.011455755574007,2.735261956453323,False
38,interference_stage3.0.wave_feature_conv2,17,15,1000,0.002,10.0,5.0,post_relu_mean,31.298093795776367,-31.298093795776367,4.856997966766357,0.44609054923057556,0.23346883058547974,146.83129501342773,0.6350223988889823,-0.051650322947240715,2.9839781903304137,0.9595214089751244,False
38,interference_stage3.0.wave_feature_conv2,17,15,1000,0.002,10.0,5.0,post_relu_mean,569.07666015625,-569.07666015625,89.60640716552734,1.7002263069152832,2.9487030506134033,81.751793384552,0.05782884362258453,-0.07658359172526064,4.421508547929276,0.5685122382640838,False
38,interference_stage3.0.wave_feature_conv2,17,15,1000,0.002,10.0,5.0,post_relu_mean,858.7655639648438,-858.7655639648438,153.3903350830078,2.7588133811950684,4.783534526824951,504.4996337890625,0.24441092836329423,-0.5535657260144882,31.959734735977154,3.2804250288009644,False
38,interference_stage3.0.wave_feature_conv2,17,15,1000,0.002,10.0,15.0,post_relu_mean,28.344573974609375,-28.344573974609375,4.449260234832764,0.38795018196105957,0.1824614703655243,158.0497875213623,0.6391207000595257,-0.056570950844796984,3.2687038109113744,1.0339213946461678,False
38,interference_stage3.0.wave_feature_conv2,17,15,1000,0.002,10.0,15.0,post_relu_mean,491.3819885253906,-491.3819885253906,76.92451477050781,1.4391038417816162,1.7890770435333252,69.06801128387451,0.08327009534672722,-0.05487564796465492,3.1683963297327167,0.48393676355481147,False
38,interference_stage3.0.wave_feature_conv2,17,15,1000,0.002,10.0,15.0,post_relu_mean,848.7901611328125,-848.7901611328125,152.0184783935547,2.6980834007263184,4.295928001403809,467.06494140625,0.2185499901048189,-0.4925582673792308,28.437544169838933,3.123633402585983,False
38,interference_stage3.0.wave_feature_conv2,17,15,1000,0.002,10.0,30.0,post_relu_mean,26.162132263183594,-26.162132263183594,4.158157825469971,0.34099581837654114,0.1462506800889969,174.22155380249023,0.6565188100181201,-0.06213559532866493,3.5906815254983377,1.1354017984867095,False
38,interference_stage3.0.wave_feature_conv2,17,15,1000,0.002,10.0,30.0,post_relu_mean,395.813232421875,-395.813232421875,61.83344650268555,1.1231436729431152,1.0083662271499634,65.32357406616211,0.12792863852525854,-0.03759964574351633,2.171928894343134,0.41486516341567037,False
38,interference_stage3.0.wave_feature_conv2,17,15,1000,0.002,10.0,30.0,post_relu_mean,821.0036010742188,-821.0036010742188,146.7350616455078,2.574749708175659,3.665342092514038,416.8980255126953,0.1800395004718947,-0.41269514575541394,23.82733945189611,2.9038101494312287,False
38,interference_stage3.0.wave_feature_conv2,17,15,1000,0.002,50.0,5.0,post_relu_mean,28.459579467773438,-28.459579467773438,4.785829544067383,0.16538070142269135,0.1706940233707428,159.66196060180664,0.575401240201643,-0.0662605932466465,3.8280067620403946,1.2262891662120818,False
38,interference_stage3.0.wave_feature_conv2,17,15,1000,0.002,50.0,5.0,post_relu_mean,362.88836669921875,-362.88836669921875,57.538917541503906,0.5434246063232422,1.613961100578308,50.85746383666992,0.05338723526914007,-0.03938012268666092,2.27365035130328,0.6427133476734161,False
38,interference_stage3.0.wave_feature_conv2,17,15,1000,0.002,50.0,5.0,post_relu_mean,787.181396484375,-787.181396484375,138.74932861328125,1.8039486408233643,4.324569225311279,405.6936950683594,0.1896386933724931,-0.451766202396332,26.082450427032754,2.9713470721244812,False
38,interference_stage3.0.wave_feature_conv2,17,15,1000,0.002,50.0,15.0,post_relu_mean,25.999542236328125,-25.999542236328125,4.4014763832092285,0.1562858521938324,0.13808682560920715,171.36517524719238,0.5784966980398315,-0.07098389736631312,4.10067075774993,1.304006599187851,False
38,interference_stage3.0.wave_feature_conv2,17,15,1000,0.002,50.0,15.0,post_relu_mean,302.3667297363281,-302.3667297363281,47.656578063964844,0.4386064410209656,0.9813812971115112,49.42032432556152,0.0681813919143056,-0.02923562387689453,1.6880877628722126,0.6171844428777695,False
38,interference_stage3.0.wave_feature_conv2,17,15,1000,0.002,50.0,15.0,post_relu_mean,775.49169921875,-775.49169921875,136.78897094726562,1.76680588722229,3.828756809234619,373.09590911865234,0.164505284092554,-0.40222082367092143,23.22198351318219,2.8198244512081145,False
38,interference_stage3.0.wave_feature_conv2,17,15,1000,0.002,50.0,30.0,post_relu_mean,24.433349609375,-24.433349609375,4.181725978851318,0.14755871891975403,0.1148788183927536,187.68201637268066,0.5970765550112977,-0.07580638284954315,4.379988580628458,1.402519279718399,False
38,interference_stage3.0.wave_feature_conv2,17,15,1000,0.002,50.0,30.0,post_relu_mean,244.4388885498047,-244.4388885498047,38.40806579589844,0.34732282161712646,0.5627909898757935,56.76045036315918,0.10141106979341878,-0.026538229389915957,1.5326510165095946,0.6098039844632148,False
38,interference_stage3.0.wave_feature_conv2,17,15,1000,0.002,50.0,30.0,post_relu_mean,752.71044921875,-752.71044921875,132.8013916015625,1.7015256881713867,3.2107956409454346,335.2978973388672,0.14739238512582395,-0.34630875202574635,19.994368978604594,2.6748961210250854,False
38,interference_stage3.0.wave_feature_conv2,17,15,1000,0.002,150.0,5.0,post_relu_mean,32.619876861572266,-32.619876861572266,5.6582512855529785,0.0965004712343216,0.19002901017665863,194.92473983764648,0.41373269474309154,-0.08505446126524867,4.91324399952884,2.161260722875595,False
38,interference_stage3.0.wave_feature_conv2,17,15,1000,0.002,150.0,5.0,post_relu_mean,189.9694061279297,-189.9694061279297,31.077205657958984,0.21101559698581696,0.7697093486785889,56.116602182388306,0.069695801719355,-0.023247781851675576,1.342463860495028,1.8065999335050582,False
38,interference_stage3.0.wave_feature_conv2,17,15,1000,0.002,150.0,5.0,post_relu_mean,586.2891235351562,-586.2891235351562,104.35018157958984,0.8118396401405334,3.136613368988037,259.69126892089844,0.10563390214914992,-0.2509497381599579,14.488417271619964,2.728022828102112,False
38,interference_stage3.0.wave_feature_conv2,17,15,1000,0.002,150.0,15.0,post_relu_mean,30.131725311279297,-30.131725311279297,5.274467945098877,0.09199726581573486,0.1595579981803894,206.5895004272461,0.4274746793472454,-0.090397630907684,5.222459569904409,2.218162478208542,False
38,interference_stage3.0.wave_feature_conv2,17,15,1000,0.002,150.0,15.0,post_relu_mean,163.4589080810547,-163.4589080810547,26.661073684692383,0.17888379096984863,0.5479682087898254,63.218377113342285,0.05674398823994802,-0.02518530677052098,1.45515816590021,1.8114254170656203,False
38,interference_stage3.0.wave_feature_conv2,17,15,1000,0.002,150.0,15.0,post_relu_mean,569.2894287109375,-569.2894287109375,101.45704650878906,0.7772985100746155,2.7645182609558105,236.06400299072266,0.09133812544926596,-0.21849737776342348,12.614888770181285,2.624790743589401,False
38,interference_stage3.0.wave_feature_conv2,17,15,1000,0.002,150.0,30.0,post_relu_mean,27.308944702148438,-27.308944702148438,4.841807842254639,0.08735153079032898,0.12919007241725922,223.93208694458008,0.44799772718878983,-0.09636786100450087,5.568364021646494,2.3090539491176605,False
38,interference_stage3.0.wave_feature_conv2,17,15,1000,0.002,150.0,30.0,post_relu_mean,134.07421875,-134.07421875,21.818485260009766,0.14653930068016052,0.3581312894821167,76.99812698364258,0.03561111784048031,-0.030280819697399017,1.749636098078422,1.830528556704521,False
38,interference_stage3.0.wave_feature_conv2,17,15,1000,0.002,150.0,30.0,post_relu_mean,542.559326171875,-542.559326171875,96.82238006591797,0.732420027256012,2.2879371643066406,210.15420532226562,0.07063565770311468,-0.1836763284881072,10.604553661746216,2.487817715406418,False
41,interference_stage3.0.skip_connection.0,126,15,1000,0.002,10.0,5.0,post_relu_mean,23.78348159790039,-23.78348159790039,3.8968377113342285,0.4287886917591095,0.23397964239120483,142.6489143371582,0.5331298572510558,-0.04606299113719448,2.6620126304501572,0.9228747346997261,False
41,interference_stage3.0.skip_connection.0,126,15,1000,0.002,10.0,5.0,post_relu_mean,213.57235717773438,-213.57235717773438,33.245086669921875,1.2258000373840332,1.3032236099243164,61.95292663574219,0.1996108764900425,-0.030317877295458383,1.7504863764662841,0.5001604816317559,False
41,interference_stage3.0.skip_connection.0,126,15,1000,0.002,10.0,5.0,post_relu_mean,532.8299560546875,-532.8299560546875,102.27111053466797,2.6007070541381836,4.247582912445068,312.76478576660156,0.14636715756608684,-0.34731133370802536,20.05185874218152,2.068225086927414,False
41,interference_stage3.0.skip_connection.0,126,15,1000,0.002,10.0,15.0,post_relu_mean,20.95323944091797,-20.95323944091797,3.471435546875,0.3750934302806854,0.1803899109363556,154.15652084350586,0.5356162784085412,-0.05210385471991459,3.0114172531376395,0.9957584035396576,False
41,interference_stage3.0.skip_connection.0,126,15,1000,0.002,10.0,15.0,post_relu_mean,177.5161590576172,-177.5161590576172,27.378925323486328,1.0029690265655518,0.7959976196289062,63.11482238769531,0.21870153657893593,-0.02438556240333277,1.408421534248533,0.49164718568325044,False
41,interference_stage3.0.skip_connection.0,126,15,1000,0.002,10.0,15.0,post_relu_mean,522.623046875,-522.623046875,99.96914672851562,2.5036168098449707,3.565300464630127,284.67200469970703,0.12725460242224373,-0.2961572007210947,17.098874795521027,1.9370596045255661,False
41,interference_stage3.0.skip_connection.0,126,15,1000,0.002,10.0,30.0,post_relu_mean,18.859375,-18.859375,3.152676820755005,0.3255707025527954,0.14131489396095276,170.83609580993652,0.5518550678881402,-0.05756254288437289,3.328209421077064,1.0878975981473922,False
41,interference_stage3.0.skip_connection.0,126,15,1000,0.002,10.0,30.0,post_relu_mean,137.87176513671875,-137.87176513671875,21.226089477539062,0.7668797373771667,0.4503819942474365,71.64823150634766,0.24748325107980354,-0.0228492942042713,1.321159972593169,0.5159209431707859,False
41,interference_stage3.0.skip_connection.0,126,15,1000,0.002,10.0,30.0,post_relu_mean,494.045166015625,-494.045166015625,93.76837921142578,2.3171281814575195,2.796409845352173,250.37118530273438,0.08602716563432863,-0.23656883517272254,13.659192948733153,1.747067710161209,False
41,interference_stage3.0.skip_connection.0,126,15,1000,0.002,50.0,5.0,post_relu_mean,19.382781982421875,-19.382781982421875,3.558318614959717,0.15803489089012146,0.1608322411775589,156.8370361328125,0.45554440278751157,-0.06232164121001372,3.6009505786309197,1.2382042342424393,False
41,interference_stage3.0.skip_connection.0,126,15,1000,0.002,50.0,5.0,post_relu_mean,114.25308990478516,-114.25308990478516,18.975526809692383,0.3472946882247925,0.6251145601272583,50.71703290939331,0.17055232400289388,-0.015099291021089124,0.8718893413561969,0.6674634873867035,False
41,interference_stage3.0.skip_connection.0,126,15,1000,0.002,50.0,5.0,post_relu_mean,459.7335510253906,-459.7335510253906,88.8944091796875,1.4809105396270752,3.57261323928833,226.83324813842773,0.09680970839302856,-0.2503047376561306,14.451195867192537,1.746414287686348,False
41,interference_stage3.0.skip_connection.0,126,15,1000,0.002,50.0,15.0,post_relu_mean,17.740249633789062,-17.740249633789062,3.280700206756592,0.1461222767829895,0.1309926062822342,168.4884147644043,0.4667043498596359,-0.06645102744037032,3.840191686798549,1.2962663674354553,False
41,interference_stage3.0.skip_connection.0,126,15,1000,0.002,50.0,15.0,post_relu_mean,91.31777954101562,-91.31777954101562,15.090603828430176,0.2789802551269531,0.3732486367225647,59.231722354888916,0.18326414065423483,-0.01742181898549234,1.0068913656396992,0.691797836124897,False
41,interference_stage3.0.skip_connection.0,126,15,1000,0.002,50.0,15.0,post_relu_mean,445.1046142578125,-445.1046142578125,85.3175277709961,1.4156508445739746,2.911421775817871,204.3187484741211,0.08484347638310048,-0.21941939211245787,12.668047534498,1.6446365582942963,False
41,interference_stage3.0.skip_connection.0,126,15,1000,0.002,50.0,30.0,post_relu_mean,16.611984252929688,-16.611984252929688,3.0723156929016113,0.1367911696434021,0.10833486169576645,185.24961853027344,0.4911061370428834,-0.07152308077444906,4.134088723595608,1.372368442416191,False
41,interference_stage3.0.skip_connection.0,126,15,1000,0.002,50.0,30.0,post_relu_mean,70.37275695800781,-70.37275695800781,11.604674339294434,0.22195562720298767,0.22029173374176025,74.18178367614746,0.21082845703901684,-0.02255621749301705,1.3046358028934015,0.7332534697651863,False
41,interference_stage3.0.skip_connection.0,126,15,1000,0.002,50.0,30.0,post_relu_mean,422.8441162109375,-422.8441162109375,80.22325134277344,1.3161554336547852,2.2078518867492676,186.18727111816406,0.07364087894550589,-0.18885307365228074,10.903833406820672,1.5372426110506057,False
41,interference_stage3.0.skip_connection.0,126,15,1000,0.002,150.0,5.0,post_relu_mean,19.64448356628418,-19.64448356628418,4.011376857757568,0.0903368592262268,0.16947481036186218,193.0055694580078,0.32256930151031993,-0.08111448314142883,4.687022199671885,2.1586710596084595,False
41,interference_stage3.0.skip_connection.0,126,15,1000,0.002,150.0,5.0,post_relu_mean,63.648590087890625,-63.648590087890625,11.980175971984863,0.1498209536075592,0.4142870008945465,77.16442108154297,0.060533564121720645,-0.02695054520117961,1.557212971006093,1.8992131650447845,False
41,interference_stage3.0.skip_connection.0,126,15,1000,0.002,150.0,5.0,post_relu_mean,290.1821594238281,-290.1821594238281,58.47585678100586,0.5921534299850464,2.124124765396118,126.29477453231812,0.06145956042963668,-0.11210890679333327,6.4730368676136925,1.9206992816925048,False
41,interference_stage3.0.skip_connection.0,126,15,1000,0.002,150.0,15.0,post_relu_mean,18.2165470123291,-18.2165470123291,3.7272608280181885,0.08507430553436279,0.14218983054161072,205.00551223754883,0.3300543223826166,-0.08564357256304608,4.948884525438795,2.235463765859604,False
41,interference_stage3.0.skip_connection.0,126,15,1000,0.002,150.0,15.0,post_relu_mean,53.485328674316406,-53.485328674316406,10.085285186767578,0.12777981162071228,0.2975088655948639,88.47340393066406,0.05982936997158135,-0.03273691073081271,1.8914577523494807,1.9168013375997544,False
41,interference_stage3.0.skip_connection.0,126,15,1000,0.002,150.0,15.0,post_relu_mean,274.0936279296875,-274.0936279296875,54.7476692199707,0.548094630241394,1.7280386686325073,116.32612609863281,0.060985344960796696,-0.098717432098629,5.69951645206448,1.877206580042839,False
41,interference_stage3.0.skip_connection.0,126,15,1000,0.002,150.0,30.0,post_relu_mean,16.801694869995117,-16.801694869995117,3.4398763179779053,0.07999897003173828,0.11598983407020569,222.5031967163086,0.357794239381733,-0.09183045288202674,5.307288290298386,2.3017437517642976,False
41,interference_stage3.0.skip_connection.0,126,15,1000,0.002,150.0,30.0,post_relu_mean,43.3280143737793,-43.3280143737793,8.191619873046875,0.10764966905117035,0.2019345760345459,105.832763671875,0.0709015537914636,-0.0401866104854411,2.3225123636109393,1.9510300517082215,False
41,interference_stage3.0.skip_connection.0,126,15,1000,0.002,150.0,30.0,post_relu_mean,253.22764587402344,-253.22764587402344,50.05127716064453,0.4945749342441559,1.2912845611572266,111.99073028564453,0.06577242834147277,-0.08962820127632097,5.174871319408182,1.830781011581421,False
41,interference_stage3.0.skip_connection.0,79,15,1000,0.002,10.0,5.0,post_relu_mean,29.451644897460938,-29.451644897460938,4.323937892913818,0.4372345209121704,0.22898966073989868,144.99317359924316,0.5257867469504733,-0.047854673014679196,2.7661626271106434,0.9275985243916511,False
41,interference_stage3.0.skip_connection.0,79,15,1000,0.002,10.0,5.0,post_relu_mean,248.3097686767578,-248.3097686767578,35.29567337036133,1.4690051078796387,1.4349656105041504,84.31650924682617,0.14769933042666214,-0.05405095800155013,3.120868585844111,0.6746818324923516,False
41,interference_stage3.0.skip_connection.0,79,15,1000,0.002,10.0,5.0,post_relu_mean,480.8438720703125,-480.8438720703125,90.97250366210938,2.5821454524993896,4.121241569519043,273.8351364135742,0.06710271837369594,-0.2832983890316862,16.356075467169536,1.843967850804329,False
41,interference_stage3.0.skip_connection.0,79,15,1000,0.002,10.0,15.0,post_relu_mean,26.914085388183594,-26.914085388183594,3.923091173171997,0.38814258575439453,0.18190380930900574,156.45420265197754,0.53505981070738,-0.05238716168690808,3.0276822238099728,0.9872286534309387,False
41,interference_stage3.0.skip_connection.0,79,15,1000,0.002,10.0,15.0,post_relu_mean,212.50201416015625,-212.50201416015625,29.55718231201172,1.2484345436096191,0.931506872177124,83.69195175170898,0.178589689464879,-0.045446187288791705,2.6238260013768437,0.637015830874443,False
41,interference_stage3.0.skip_connection.0,79,15,1000,0.002,10.0,15.0,post_relu_mean,466.8186340332031,-466.8186340332031,87.97380065917969,2.4762704372406006,3.480321168899536,243.35154724121094,0.03217356932932348,-0.24202728088374328,13.973283700779083,1.686282258629799,False
41,interference_stage3.0.skip_connection.0,79,15,1000,0.002,10.0,30.0,post_relu_mean,24.093246459960938,-24.093246459960938,3.5365705490112305,0.33479616045951843,0.14309149980545044,173.0920810699463,0.5563258542863444,-0.05812915710876095,3.3596354956333134,1.0683139479160308,False
41,interference_stage3.0.skip_connection.0,79,15,1000,0.002,10.0,30.0,post_relu_mean,175.8722381591797,-175.8722381591797,24.024150848388672,0.9981582164764404,0.5874413847923279,90.20368957519531,0.22072750089976187,-0.03999255105612793,2.309312911577767,0.623363914489746,False
41,interference_stage3.0.skip_connection.0,79,15,1000,0.002,10.0,30.0,post_relu_mean,439.7871398925781,-439.7871398925781,82.08512115478516,2.281491994857788,2.704106330871582,211.86237335205078,0.017537985989057144,-0.19093093342195613,11.025137753723373,1.5217389053106307,False
41,interference_stage3.0.skip_connection.0,79,15,1000,0.002,50.0,5.0,post_relu_mean,21.78926658630371,-21.78926658630371,3.6614041328430176,0.15494778752326965,0.15900908410549164,159.38274574279785,0.4597277487932226,-0.06364267585283459,3.6774596129773256,1.2020681577920913,False
41,interference_stage3.0.skip_connection.0,79,15,1000,0.002,50.0,5.0,post_relu_mean,149.61985778808594,-149.61985778808594,22.269916534423828,0.48564374446868896,0.7066230773925781,63.256723403930664,0.15992251895525353,-0.02676942016629029,1.5460978575759503,0.697842532992363,False
41,interference_stage3.0.skip_connection.0,79,15,1000,0.002,50.0,5.0,post_relu_mean,413.4443359375,-413.4443359375,79.1917724609375,1.4504377841949463,3.445833683013916,193.34468460083008,0.04063299896348967,-0.19405276652225753,11.203508014796864,1.5512328404188156,False
41,interference_stage3.0.skip_connection.0,79,15,1000,0.002,50.0,15.0,post_relu_mean,20.25437355041504,-20.25437355041504,3.383352756500244,0.14596247673034668,0.1321510672569275,170.9732208251953,0.4717680654453787,-0.06751187264941634,3.903299402773295,1.2610987210273743,False
41,interference_stage3.0.skip_connection.0,79,15,1000,0.002,50.0,15.0,post_relu_mean,124.39105987548828,-124.39105987548828,18.146564483642578,0.40945523977279663,0.4495302736759186,70.32709312438965,0.1793230216967065,-0.0282644344322109,1.6325410857741594,0.7073168495297432,False
41,interference_stage3.0.skip_connection.0,79,15,1000,0.002,50.0,15.0,post_relu_mean,395.16796875,-395.16796875,75.09740447998047,1.3804433345794678,2.8223345279693604,168.63937377929688,0.040365150872927386,-0.1568375561355892,9.05498117041362,1.4141554576158524,False
41,interference_stage3.0.skip_connection.0,79,15,1000,0.002,50.0,30.0,post_relu_mean,18.782958984375,-18.782958984375,3.157029151916504,0.1359831541776657,0.1103953868150711,187.55864906311035,0.4983558407562381,-0.07117646894495724,4.115515994558162,1.3325846421718597,False
41,interference_stage3.0.skip_connection.0,79,15,1000,0.002,50.0,30.0,post_relu_mean,103.1524429321289,-103.1524429321289,14.902734756469727,0.33934956789016724,0.28811997175216675,83.53649044036865,0.2117651277698638,-0.028548651146422025,1.6501270670750572,0.7366075411438942,False
41,interference_stage3.0.skip_connection.0,79,15,1000,0.002,50.0,30.0,post_relu_mean,365.09918212890625,-365.09918212890625,68.56688690185547,1.2740821838378906,2.1118671894073486,146.02239227294922,0.06558294488950944,-0.12212490734402755,7.051113982103015,1.2769952756166458,False
41,interference_stage3.0.skip_connection.0,79,15,1000,0.002,150.0,5.0,post_relu_mean,20.266145706176758,-20.266145706176758,3.9585533142089844,0.08372028172016144,0.16735301911830902,196.16516876220703,0.331950340145118,-0.08165694092627739,4.718775386883837,2.1186576902866365,False
41,interference_stage3.0.skip_connection.0,79,15,1000,0.002,150.0,5.0,post_relu_mean,64.8526611328125,-64.8526611328125,11.811787605285645,0.14552852511405945,0.4045204222202301,80.87299537658691,0.060116204690585484,-0.028776405647476418,1.6626091935276348,1.788957475423813,False
41,interference_stage3.0.skip_connection.0,79,15,1000,0.002,150.0,5.0,post_relu_mean,251.81942749023438,-251.81942749023438,51.5828742980957,0.5503727197647095,2.027284622192383,102.51680517196655,0.05876312645596406,-0.07370342822565927,4.255231992710853,1.8711958360671996,False
41,interference_stage3.0.skip_connection.0,79,15,1000,0.002,150.0,15.0,post_relu_mean,18.81939125061035,-18.81939125061035,3.66957426071167,0.07978987693786621,0.14158351719379425,207.99360275268555,0.34848688810649714,-0.08570752710285046,4.952949663313513,2.1618931818008424,False
41,interference_stage3.0.skip_connection.0,79,15,1000,0.002,150.0,15.0,post_relu_mean,54.71448516845703,-54.71448516845703,9.937844276428223,0.12411890923976898,0.29068776965141296,92.06108093261719,0.06662534597772886,-0.034580553168251954,1.9976263340060498,1.816145122051239,False
41,interference_stage3.0.skip_connection.0,79,15,1000,0.002,150.0,15.0,post_relu_mean,232.60067749023438,-232.60067749023438,47.25863265991211,0.5030566453933716,1.6320668458938599,91.45793914794922,0.060715917414558944,-0.05678595776158442,3.2785689520523995,1.833093010187149,False
41,interference_stage3.0.skip_connection.0,79,15,1000,0.002,150.0,30.0,post_relu_mean,17.37082862854004,-17.37082862854004,3.396368980407715,0.07545740157365799,0.11700864881277084,225.16469383239746,0.37278397019191145,-0.0915999111635315,5.2943955237599045,2.2509406661987303,False
41,interference_stage3.0.skip_connection.0,79,15,1000,0.002,150.0,30.0,post_relu_mean,44.0062141418457,-44.0062141418457,7.992863178253174,0.10462373495101929,0.19809915125370026,109.04356002807617,0.0859063654461842,-0.041009808832676575,2.370187761294792,1.8606804436445237,False
41,interference_stage3.0.skip_connection.0,79,15,1000,0.002,150.0,30.0,post_relu_mean,205.38758850097656,-205.38758850097656,41.34550857543945,0.4401565194129944,1.178147792816162,85.35380172729492,0.06387167095251502,-0.044547791572215445,2.572035899473399,1.8034221678972244,False
41,interference_stage3.0.skip_connection.0,120,15,1000,0.002,10.0,5.0,post_relu_mean,25.948246002197266,-25.948246002197266,3.9885952472686768,0.5036548376083374,0.26470333337783813,145.4512825012207,0.542246246695113,-0.0472650039708329,2.73175593189182,0.9637108147144318,False
41,interference_stage3.0.skip_connection.0,120,15,1000,0.002,10.0,5.0,post_relu_mean,172.5106964111328,-172.5106964111328,26.07327651977539,1.2857773303985596,1.2422760725021362,58.82305145263672,0.16700132965939268,-0.028324138577268912,1.6355643918082616,0.52280656427145,False
41,interference_stage3.0.skip_connection.0,120,15,1000,0.002,10.0,5.0,post_relu_mean,434.28955078125,-434.28955078125,87.2812271118164,2.471979856491089,4.373996257781982,232.1655044555664,0.04654521877224642,-0.23478142500513802,13.554943811461929,1.5153443932533264,False
41,interference_stage3.0.skip_connection.0,120,15,1000,0.002,10.0,15.0,post_relu_mean,22.54222869873047,-22.54222869873047,3.543304443359375,0.4325912594795227,0.20227983593940735,156.58095359802246,0.5486068407417248,-0.05242760357205495,3.0298324361651603,1.0288280746340752,False
41,interference_stage3.0.skip_connection.0,120,15,1000,0.002,10.0,15.0,post_relu_mean,130.44461059570312,-130.44461059570312,19.573606491088867,0.988640546798706,0.6776286959648132,59.35644721984863,0.1907357470004232,-0.023036844572122905,1.3304151202470011,0.5093573102355003,False
41,interference_stage3.0.skip_connection.0,120,15,1000,0.002,10.0,15.0,post_relu_mean,413.2790222167969,-413.2790222167969,82.56616973876953,2.361846446990967,3.5963754653930664,195.97853088378906,0.014419878987761271,-0.17986909465064507,10.384668497505597,1.328059413433075,False
41,interference_stage3.0.skip_connection.0,120,15,1000,0.002,10.0,30.0,post_relu_mean,20.083728790283203,-20.083728790283203,3.2158749103546143,0.368943989276886,0.15570874512195587,173.02037811279297,0.5650082649174138,-0.0583902055689858,3.375124483968942,1.1194852882623672,False
41,interference_stage3.0.skip_connection.0,120,15,1000,0.002,10.0,30.0,post_relu_mean,96.53791809082031,-96.53791809082031,14.436918258666992,0.7333918809890747,0.36689743399620056,69.46741962432861,0.21722246836690784,-0.02318974376341715,1.3406373229019009,0.5573223754763603,False
41,interference_stage3.0.skip_connection.0,120,15,1000,0.002,10.0,30.0,post_relu_mean,376.4392395019531,-376.4392395019531,74.94071960449219,2.147153377532959,2.661992073059082,159.6212387084961,0.04539106040593395,-0.12833606276787168,7.41008726819945,1.137961021065712,False
41,interference_stage3.0.skip_connection.0,120,15,1000,0.002,50.0,5.0,post_relu_mean,19.410959243774414,-19.410959243774414,3.5423660278320312,0.17177355289459229,0.17191272974014282,158.7398624420166,0.469863191728801,-0.06248292965460888,3.6101744071297595,1.2624725180864333,False
41,interference_stage3.0.skip_connection.0,120,15,1000,0.002,50.0,5.0,post_relu_mean,82.53910064697266,-82.53910064697266,14.062661170959473,0.28759050369262695,0.5041263699531555,49.52528476715088,0.14394003894032922,-0.01597272587709449,0.9232864519904268,0.6904952898621559,False
41,interference_stage3.0.skip_connection.0,120,15,1000,0.002,50.0,5.0,post_relu_mean,361.77471923828125,-361.77471923828125,74.84685516357422,1.2712477445602417,3.603870391845703,155.54484939575195,0.034032704700448696,-0.15275582580406183,8.819253631880914,1.2553298550844192,False
41,interference_stage3.0.skip_connection.0,120,15,1000,0.002,50.0,15.0,post_relu_mean,17.63192367553711,-17.63192367553711,3.257157564163208,0.158504456281662,0.1409703493118286,170.30420112609863,0.48282343380483633,-0.06666873001170734,3.8525490762117176,1.316104383468628,False
41,interference_stage3.0.skip_connection.0,120,15,1000,0.002,50.0,15.0,post_relu_mean,62.83906936645508,-62.83906936645508,10.690835952758789,0.2277708202600479,0.2882104814052582,58.95566368103027,0.15897163940977155,-0.020771844892216434,1.2008342213961363,0.7168310934305191,False
41,interference_stage3.0.skip_connection.0,120,15,1000,0.002,50.0,15.0,post_relu_mean,339.9999694824219,-339.9999694824219,69.90377044677734,1.1945024728775024,2.8494198322296143,128.9113006591797,0.04621893359398954,-0.11137056401492434,6.430323944160915,1.1191999173164369,False
41,interference_stage3.0.skip_connection.0,120,15,1000,0.002,50.0,30.0,post_relu_mean,15.984020233154297,-15.984020233154297,2.9881649017333984,0.14865410327911377,0.11394309997558594,187.1592254638672,0.5051113528186983,-0.07277695724131386,4.206078907390697,1.39577438890934,False
41,interference_stage3.0.skip_connection.0,120,15,1000,0.002,50.0,30.0,post_relu_mean,46.97246170043945,-46.97246170043945,8.109578132629395,0.17965614795684814,0.17127814888954163,74.210120677948,0.18695095769241396,-0.025064696672663162,1.4479760524572869,0.7683502516150474,False
41,interference_stage3.0.skip_connection.0,120,15,1000,0.002,50.0,30.0,post_relu_mean,301.7714538574219,-301.7714538574219,61.719810485839844,1.055455207824707,1.987959861755371,105.54584503173828,0.07129821215147922,-0.07878288627824216,4.548874501558902,0.9967314833402634,False
41,interference_stage3.0.skip_connection.0,120,15,1000,0.002,150.0,5.0,post_relu_mean,18.87013053894043,-18.87013053894043,3.9201583862304688,0.08949436247348785,0.17185305058956146,195.7153434753418,0.34683793707228494,-0.08124462783162292,4.694580114208201,2.1347553539276123,False
41,interference_stage3.0.skip_connection.0,120,15,1000,0.002,150.0,5.0,post_relu_mean,54.32093048095703,-54.32093048095703,10.693781852722168,0.1262510120868683,0.3966763913631439,80.26004219055176,0.06114178076019104,-0.029802601776432045,1.721651286219522,1.7629700511693955,False
41,interference_stage3.0.skip_connection.0,120,15,1000,0.002,150.0,5.0,post_relu_mean,222.28231811523438,-222.28231811523438,48.595306396484375,0.46115177869796753,1.987957239151001,90.90257787704468,0.05641199459924754,-0.06836410902414283,3.9470714947602015,1.823903072476387,False
41,interference_stage3.0.skip_connection.0,120,15,1000,0.002,150.0,15.0,post_relu_mean,17.390552520751953,-17.390552520751953,3.6310107707977295,0.08509479463100433,0.14458610117435455,207.5604591369629,0.3603005988243238,-0.08607815785051458,4.97443142245071,2.193506420850754,False
41,interference_stage3.0.skip_connection.0,120,15,1000,0.002,150.0,15.0,post_relu_mean,46.06803894042969,-46.06803894042969,9.065125465393066,0.10868637263774872,0.28607460856437683,91.56021118164062,0.06873868100239315,-0.035608051696024295,2.0575136444093616,1.8074766737222672,False
41,interference_stage3.0.skip_connection.0,120,15,1000,0.002,150.0,15.0,post_relu_mean,203.34022521972656,-203.34022521972656,44.2733154296875,0.41443589329719543,1.5674257278442383,80.80107879638672,0.05454213390999865,-0.051881544135618775,2.9955455996932456,1.7995770764350891,False
41,interference_stage3.0.skip_connection.0,120,15,1000,0.002,150.0,30.0,post_relu_mean,15.906366348266602,-15.906366348266602,3.342221736907959,0.08055087924003601,0.11947324872016907,224.8545799255371,0.3874879599810447,-0.09216974208496753,5.326492809852458,2.2606653225421907,False
41,interference_stage3.0.skip_connection.0,120,15,1000,0.002,150.0,30.0,post_relu_mean,37.304447174072266,-37.304447174072266,7.3750319480896,0.0922849178314209,0.19316229224205017,108.82778358459473,0.09663205321566053,-0.041865778500808644,2.41914716734133,1.8147793179750442,False
41,interference_stage3.0.skip_connection.0,120,15,1000,0.002,150.0,30.0,post_relu_mean,176.3946533203125,-176.3946533203125,38.1083869934082,0.3550225496292114,1.101292610168457,76.0292739868164,0.05105557947391162,-0.03843881755403412,2.2195905730666285,1.7709035438299179,False
44,interference_stage3.1.wave_feature_conv1,28,15,1000,0.002,10.0,5.0,post_relu_mean,83.10910034179688,-83.10910034179688,10.870518684387207,0.5867409706115723,0.326528400182724,205.10955429077148,1.120734972444876,-0.06677648914680204,3.8585188112666327,1.355733345746994,False
44,interference_stage3.1.wave_feature_conv1,28,15,1000,0.002,10.0,5.0,post_relu_mean,1101.974365234375,-1101.974365234375,151.8035888671875,2.1838786602020264,3.4836807250976562,267.06591033935547,0.08328552198787349,-0.27675726993348787,15.978434859012863,1.9725635701417923,False
44,interference_stage3.1.wave_feature_conv1,28,15,1000,0.002,10.0,5.0,post_relu_mean,1493.5968017578125,-1493.5968017578125,238.49618530273438,2.845247507095337,4.8079118728637695,946.1039733886719,0.622327076633902,-1.0544942292685737,60.88061024806374,6.187955935001373,False
44,interference_stage3.1.wave_feature_conv1,28,15,1000,0.002,10.0,15.0,post_relu_mean,74.29281616210938,-74.29281616210938,9.856619834899902,0.5163166522979736,0.25328660011291504,216.05266571044922,1.1062685626218351,-0.07288145160725118,4.211974806311956,1.4480136668682098,False
44,interference_stage3.1.wave_feature_conv1,28,15,1000,0.002,10.0,15.0,post_relu_mean,1053.4908447265625,-1053.4908447265625,144.7474822998047,2.0491437911987305,2.8350162506103516,241.18623733520508,0.08065780110090873,-0.23230376005905887,13.41190476191439,1.8418681800365448,False
44,interference_stage3.1.wave_feature_conv1,28,15,1000,0.002,10.0,15.0,post_relu_mean,1486.601318359375,-1486.601318359375,237.72203063964844,2.801923990249634,4.5426177978515625,907.2989807128906,0.5967068649543033,-0.9922547107256782,57.287196761935206,6.034196231365204,False
44,interference_stage3.1.wave_feature_conv1,28,15,1000,0.002,10.0,30.0,post_relu_mean,67.38603973388672,-67.38603973388672,9.041848182678223,0.4521041512489319,0.197626531124115,232.4304428100586,1.1040530815651812,-0.08044789801442878,4.6494232815011385,1.571912094950676,False
44,interference_stage3.1.wave_feature_conv1,28,15,1000,0.002,10.0,30.0,post_relu_mean,991.3922729492188,-991.3922729492188,135.72386169433594,1.8760733604431152,2.176569700241089,219.7888298034668,0.09905913352428705,-0.19596734783024117,11.314058310325537,1.726859186887741,False
44,interference_stage3.1.wave_feature_conv1,28,15,1000,0.002,10.0,30.0,post_relu_mean,1467.938232421875,-1467.938232421875,234.6805877685547,2.751002788543701,4.165212631225586,851.9937591552734,0.5632802057106702,-0.9063604883273936,52.32811177448833,5.832783269882202,False
44,interference_stage3.1.wave_feature_conv1,28,15,1000,0.002,50.0,5.0,post_relu_mean,68.7445068359375,-68.7445068359375,9.708907127380371,0.2289341241121292,0.231614887714386,215.7080955505371,1.0477596517161496,-0.08288674975053088,4.788440394266207,1.64155189037323,False
44,interference_stage3.1.wave_feature_conv1,28,15,1000,0.002,50.0,5.0,post_relu_mean,962.2039184570312,-962.2039184570312,132.86175537109375,1.151533603668213,2.8545470237731934,207.86415481567383,0.10050145349773301,-0.20471987811353,11.819436366795571,1.7563024348020553,False
44,interference_stage3.1.wave_feature_conv1,28,15,1000,0.002,50.0,5.0,post_relu_mean,1446.323486328125,-1446.323486328125,229.99652099609375,2.275550365447998,4.584049224853516,841.5763549804688,0.5899437326689564,-0.9428854686668678,54.437029581796914,5.9085950803756715,False
44,interference_stage3.1.wave_feature_conv1,28,15,1000,0.002,50.0,15.0,post_relu_mean,63.18391036987305,-63.18391036987305,8.993792533874512,0.21616974472999573,0.18822073936462402,227.35445022583008,1.0367296254548841,-0.08879210893903788,5.130486025928969,1.7299258977174758,False
44,interference_stage3.1.wave_feature_conv1,28,15,1000,0.002,50.0,15.0,post_relu_mean,913.3548583984375,-913.3548583984375,125.5301742553711,1.0895898342132568,2.309140682220459,189.48861503601074,0.11376661766843339,-0.17352245937648686,10.018349439510622,1.6513854241371155,False
44,interference_stage3.1.wave_feature_conv1,28,15,1000,0.002,50.0,15.0,post_relu_mean,1439.1455078125,-1439.1455078125,229.014892578125,2.259169101715088,4.312220573425293,805.518798828125,0.572556617278327,-0.8798291651932413,50.79660630333477,5.763107256889343,False
44,interference_stage3.1.wave_feature_conv1,28,15,1000,0.002,50.0,30.0,post_relu_mean,57.84988784790039,-57.84988784790039,8.339349746704102,0.20074953138828278,0.15178006887435913,244.23001861572266,1.042054291750836,-0.09461571236145991,5.467598572293947,1.823047075867653,False
44,interference_stage3.1.wave_feature_conv1,28,15,1000,0.002,50.0,30.0,post_relu_mean,841.6592407226562,-841.6592407226562,115.04862213134766,1.0017973184585571,1.7405729293823242,173.63454246520996,0.14048303766562104,-0.14055535294937552,8.114895118857431,1.5531627291440964,False
44,interference_stage3.1.wave_feature_conv1,28,15,1000,0.002,50.0,30.0,post_relu_mean,1419.9588623046875,-1419.9588623046875,225.7913360595703,2.2041738033294678,3.913102149963379,756.2199249267578,0.549052047648852,-0.8111721672894118,46.83248187635764,5.584781141281128,False
44,interference_stage3.1.wave_feature_conv1,28,15,1000,0.002,150.0,5.0,post_relu_mean,68.83684539794922,-68.83684539794922,10.136528968811035,0.1241733506321907,0.2230757474899292,250.51700973510742,0.900790337019499,-0.10447391728597381,6.035201372879157,2.406652126312256,False
44,interference_stage3.1.wave_feature_conv1,28,15,1000,0.002,150.0,5.0,post_relu_mean,638.8760986328125,-638.8760986328125,88.97577667236328,0.4527698755264282,1.7890098094940186,145.08451652526855,0.10007487242428784,-0.10061363010210507,5.808973087628875,2.0012554889917373,False
44,interference_stage3.1.wave_feature_conv1,28,15,1000,0.002,150.0,5.0,post_relu_mean,1228.8021240234375,-1228.8021240234375,193.2298583984375,1.3036446571350098,3.891336679458618,628.6455230712891,0.4093034254768648,-0.7005360289341706,40.444968967772326,5.2127565574645995,False
44,interference_stage3.1.wave_feature_conv1,28,15,1000,0.002,150.0,15.0,post_relu_mean,63.2573127746582,-63.2573127746582,9.396261215209961,0.11862710118293762,0.1878708004951477,262.55223083496094,0.8939070504565826,-0.11095002448112655,6.409573664528888,2.479434390068054,False
44,interference_stage3.1.wave_feature_conv1,28,15,1000,0.002,150.0,15.0,post_relu_mean,598.3451538085938,-598.3451538085938,83.01927947998047,0.41777563095092773,1.472658395767212,137.52317810058594,0.11509013676849107,-0.08563132783687635,4.94392349869609,1.9699521857500075,False
44,interference_stage3.1.wave_feature_conv1,28,15,1000,0.002,150.0,15.0,post_relu_mean,1205.74560546875,-1205.74560546875,189.27955627441406,1.2700713872909546,3.625674247741699,590.7296142578125,0.37996437771637415,-0.6422967045428577,37.08271405986795,5.0515426778793335,False
44,interference_stage3.1.wave_feature_conv1,28,15,1000,0.002,150.0,30.0,post_relu_mean,57.99544906616211,-57.99544906616211,8.726204872131348,0.11288866400718689,0.1543181836605072,279.6644515991211,0.9047580841147802,-0.11786241967832037,6.808776920676284,2.5817912542819976,False
44,interference_stage3.1.wave_feature_conv1,28,15,1000,0.002,150.0,30.0,post_relu_mean,543.7158203125,-543.7158203125,75.0667495727539,0.374311625957489,1.1216381788253784,134.2410659790039,0.13930588272311853,-0.07504765795166454,4.333399573802824,1.9211174780130387,False
44,interference_stage3.1.wave_feature_conv1,28,15,1000,0.002,150.0,30.0,post_relu_mean,1187.9937744140625,-1187.9937744140625,186.21693420410156,1.2469252347946167,3.258601188659668,552.7636413574219,0.36190919188338305,-0.589992966743114,34.06304938637444,4.912300481796264,False
44,interference_stage3.1.wave_feature_conv1,125,15,1000,0.002,10.0,5.0,post_relu_mean,65.47145080566406,-65.47145080566406,9.625866889953613,0.6098642945289612,0.3179476857185364,249.0878791809082,1.3736357394027328,-0.08049918094418425,4.652847607209859,1.554881798028946,False
44,interference_stage3.1.wave_feature_conv1,125,15,1000,0.002,10.0,5.0,post_relu_mean,853.6561279296875,-853.6561279296875,125.07477569580078,1.9526050090789795,2.8143932819366455,205.60730743408203,0.31365143760704095,-0.17900020232286812,10.334471572198881,1.4536103814840318,False
44,interference_stage3.1.wave_feature_conv1,125,15,1000,0.002,10.0,5.0,post_relu_mean,1265.626220703125,-1265.626220703125,224.0218505859375,2.746438503265381,4.661922454833984,780.4411773681641,0.5347145683961867,-0.8789606163341338,50.746187075683046,5.350059430599213,False
44,interference_stage3.1.wave_feature_conv1,125,15,1000,0.002,10.0,15.0,post_relu_mean,59.975975036621094,-59.975975036621094,8.866168975830078,0.5535554885864258,0.25963079929351807,260.5305709838867,1.3688303282458933,-0.0877072286323302,5.068407148015872,1.642403228878975,False
44,interference_stage3.1.wave_feature_conv1,125,15,1000,0.002,10.0,15.0,post_relu_mean,807.603759765625,-807.603759765625,117.70053100585938,1.818227767944336,2.2389252185821533,189.34082412719727,0.3434204619301679,-0.15270144498134544,8.816273735250718,1.357656597495079,False
44,interference_stage3.1.wave_feature_conv1,125,15,1000,0.002,10.0,15.0,post_relu_mean,1261.2801513671875,-1261.2801513671875,222.49513244628906,2.726922035217285,4.341489791870117,747.0870361328125,0.5169623220936218,-0.8250456091877152,47.63368798128576,5.213259799480438,False
44,interference_stage3.1.wave_feature_conv1,125,15,1000,0.002,10.0,30.0,post_relu_mean,54.57310485839844,-54.57310485839844,8.184109687805176,0.4907292425632477,0.20801803469657898,276.85468673706055,1.355404780434967,-0.09492378256321497,5.4860892367513365,1.763037919998169,False
44,interference_stage3.1.wave_feature_conv1,125,15,1000,0.002,10.0,30.0,post_relu_mean,738.99365234375,-738.99365234375,107.109619140625,1.6161985397338867,1.654554843902588,176.2770652770996,0.38067019120073875,-0.12255065176373064,7.075400222853948,1.2644349217414856,False
44,interference_stage3.1.wave_feature_conv1,125,15,1000,0.002,10.0,30.0,post_relu_mean,1235.37109375,-1235.37109375,216.1847686767578,2.642601490020752,3.8577685356140137,694.3451232910156,0.4907252167119975,-0.7398175163729677,42.713385124825926,5.026815392971039,False
44,interference_stage3.1.wave_feature_conv1,125,15,1000,0.002,50.0,5.0,post_relu_mean,54.48630905151367,-54.48630905151367,8.813153266906738,0.2527139186859131,0.22136428952217102,258.6274871826172,1.29902737600182,-0.09659335575376998,5.579991025818157,1.8335895252227783,False
44,interference_stage3.1.wave_feature_conv1,125,15,1000,0.002,50.0,5.0,post_relu_mean,708.11181640625,-708.11181640625,104.54734802246094,0.915338397026062,2.2029197216033936,157.96838760375977,0.35508762731610305,-0.12359106897708756,7.135694161649966,1.2996929335594176,False
44,interference_stage3.1.wave_feature_conv1,125,15,1000,0.002,50.0,5.0,post_relu_mean,1208.4715576171875,-1208.4715576171875,210.66879272460938,2.1013331413269043,4.370786190032959,678.9446868896484,0.4858265452867279,-0.7955676986864855,45.93160274242481,5.063732581138611,False
44,interference_stage3.1.wave_feature_conv1,125,15,1000,0.002,50.0,15.0,post_relu_mean,50.27513885498047,-50.27513885498047,8.225668907165527,0.23901361227035522,0.18743230402469635,270.3543357849121,1.2946823029757082,-0.10216071427901115,5.901695935967527,1.921782597899437,False
44,interference_stage3.1.wave_feature_conv1,125,15,1000,0.002,50.0,15.0,post_relu_mean,663.5535278320312,-663.5535278320312,97.67621612548828,0.8416630029678345,1.7100752592086792,147.8958511352539,0.3825840894321647,-0.10270883388944159,5.9299265427219625,1.2210364866256713,False
44,interference_stage3.1.wave_feature_conv1,125,15,1000,0.002,50.0,15.0,post_relu_mean,1200.7679443359375,-1200.7679443359375,208.9550323486328,2.0741655826568604,4.019954681396484,646.9506530761719,0.46966222921835543,-0.7334034289425352,42.34255465133023,4.93630143404007,False
44,interference_stage3.1.wave_feature_conv1,125,15,1000,0.002,50.0,30.0,post_relu_mean,46.426212310791016,-46.426212310791016,7.6668195724487305,0.2256762981414795,0.15613143146038055,287.5125427246094,1.286178174453009,-0.10947708921833764,6.325181040310626,2.028562391400337,False
44,interference_stage3.1.wave_feature_conv1,125,15,1000,0.002,50.0,30.0,post_relu_mean,600.1297607421875,-600.1297607421875,87.88054656982422,0.7609628438949585,1.2339094877243042,142.74349212646484,0.423487161796699,-0.08719555506244528,5.03440286995818,1.1475690644979477,False
44,interference_stage3.1.wave_feature_conv1,125,15,1000,0.002,50.0,30.0,post_relu_mean,1179.001708984375,-1179.001708984375,202.4547882080078,2.005526542663574,3.528021812438965,606.1995849609375,0.46160077427417756,-0.6659926092115924,38.45103848607602,4.796476271152496,False
44,interference_stage3.1.wave_feature_conv1,125,15,1000,0.002,150.0,5.0,post_relu_mean,53.311500549316406,-53.311500549316406,9.119897842407227,0.1324554830789566,0.20390190184116364,293.3693161010742,1.146533342610326,-0.12314747027782902,7.114020372283267,2.5770129776000976,False
44,interference_stage3.1.wave_feature_conv1,125,15,1000,0.002,150.0,5.0,post_relu_mean,462.05126953125,-462.05126953125,70.28020477294922,0.3486635088920593,1.3239824771881104,127.23505783081055,0.2836122899728955,-0.05813066343637808,3.3563678016554293,1.8438735908269883,False
44,interference_stage3.1.wave_feature_conv1,125,15,1000,0.002,150.0,5.0,post_relu_mean,969.6033935546875,-969.6033935546875,165.60675048828125,1.0849573612213135,3.506310224533081,477.9134521484375,0.2942017320948897,-0.5178761419566494,29.899915837994907,4.395626974105835,False
44,interference_stage3.1.wave_feature_conv1,125,15,1000,0.002,150.0,15.0,post_relu_mean,50.27408218383789,-50.27408218383789,8.671988487243652,0.12679168581962585,0.1770731806755066,305.1067924499512,1.1446168744188407,-0.12852376513422847,7.424180529888268,2.6613644766807556,False
44,interference_stage3.1.wave_feature_conv1,125,15,1000,0.002,150.0,15.0,post_relu_mean,423.28973388671875,-423.28973388671875,64.17011260986328,0.31593507528305054,1.0600144863128662,125.73577117919922,0.3007942156463281,-0.05027721187013897,2.9038151370932295,1.8279198545217514,False
44,interference_stage3.1.wave_feature_conv1,125,15,1000,0.002,150.0,15.0,post_relu_mean,955.8018798828125,-955.8018798828125,161.9475555419922,1.0611999034881592,3.195211410522461,452.02093505859375,0.28441821136220446,-0.4814910898514041,27.798904028974533,4.3051645469665525,False
44,interference_stage3.1.wave_feature_conv1,125,15,1000,0.002,150.0,30.0,post_relu_mean,46.360504150390625,-46.360504150390625,8.11182975769043,0.12153102457523346,0.14939472079277039,322.3823928833008,1.155341156934753,-0.13444669636104303,7.7664759500339136,2.7547844040393827,False
44,interference_stage3.1.wave_feature_conv1,125,15,1000,0.002,150.0,30.0,post_relu_mean,374.447265625,-374.447265625,56.564308166503906,0.27707403898239136,0.7832455635070801,129.77856063842773,0.3260580658964415,-0.04639357347172968,2.6797672108466783,1.829101956486702,False
44,interference_stage3.1.wave_feature_conv1,125,15,1000,0.002,150.0,30.0,post_relu_mean,935.1043701171875,-935.1043701171875,157.0634002685547,1.028161883354187,2.7891454696655273,422.04127502441406,0.27404152199096143,-0.4446895281955414,25.673931074775183,4.204785468578339,False
44,interference_stage3.1.wave_feature_conv1,2,15,1000,0.002,10.0,5.0,post_relu_mean,38.809967041015625,-38.809967041015625,7.2700066566467285,0.5332397222518921,0.254370778799057,267.2474708557129,1.0604950392257837,-0.09377074520952527,5.419244516201275,1.7567169505357743,False
44,interference_stage3.1.wave_feature_conv1,2,15,1000,0.002,10.0,5.0,post_relu_mean,334.3014831542969,-334.3014831542969,59.00674819946289,1.140502691268921,1.270442247390747,51.8754768371582,0.19431777039826031,-0.022399879683881747,1.2932915377221736,0.3577074587345123,False
44,interference_stage3.1.wave_feature_conv1,2,15,1000,0.002,10.0,5.0,post_relu_mean,1136.45947265625,-1136.45947265625,244.22967529296875,2.855241298675537,4.749886989593506,648.3914489746094,0.3640881933408827,-0.7140032052589644,41.22248467782788,4.515989527702332,False
44,interference_stage3.1.wave_feature_conv1,2,15,1000,0.002,10.0,15.0,post_relu_mean,36.44901657104492,-36.44901657104492,6.866870403289795,0.48632311820983887,0.21432644128799438,278.5268325805664,1.0551120346972531,-0.09928925607707456,5.737941193308698,1.8478693228960037,False
44,interference_stage3.1.wave_feature_conv1,2,15,1000,0.002,10.0,15.0,post_relu_mean,258.9209289550781,-258.9209289550781,45.56098556518555,0.887821614742279,0.6934313774108887,53.284114837646484,0.21744926767773065,-0.016808235185194437,0.9716458534753125,0.3413208457827568,False
44,interference_stage3.1.wave_feature_conv1,2,15,1000,0.002,10.0,15.0,post_relu_mean,1123.397705078125,-1123.397705078125,241.8208770751953,2.7907609939575195,4.3428425788879395,608.0729675292969,0.33827356058477137,-0.6547003732771541,37.79872391204675,4.366424870491028,False
44,interference_stage3.1.wave_feature_conv1,2,15,1000,0.002,10.0,30.0,post_relu_mean,33.87047576904297,-33.87047576904297,6.421145915985107,0.43591248989105225,0.17808401584625244,295.4062271118164,1.0666323536054403,-0.10648831800018638,6.15589332668192,1.95503513276577,False
44,interference_stage3.1.wave_feature_conv1,2,15,1000,0.002,10.0,30.0,post_relu_mean,194.61302185058594,-194.61302185058594,34.09659957885742,0.6634069681167603,0.37551093101501465,64.30265617370605,0.24610092416267257,-0.01853458935774733,1.071271342108938,0.38362866669893264,False
44,interference_stage3.1.wave_feature_conv1,2,15,1000,0.002,10.0,30.0,post_relu_mean,1099.2318115234375,-1099.2318115234375,236.9674530029297,2.6609201431274414,3.7844722270965576,558.2915496826172,0.3128733900165911,-0.5818963539274028,33.59545943416638,4.192883677482605,False
44,interference_stage3.1.wave_feature_conv1,2,15,1000,0.002,50.0,5.0,post_relu_mean,35.034339904785156,-35.034339904785156,6.958440780639648,0.22882607579231262,0.18211637437343597,279.2916145324707,0.9807419560465632,-0.11342145304235324,6.553378770234906,2.059048430323601,False
44,interference_stage3.1.wave_feature_conv1,2,15,1000,0.002,50.0,5.0,post_relu_mean,185.5209503173828,-185.5209503173828,34.24468994140625,0.3029477596282959,0.5887323617935181,45.02319622039795,0.1455321677705192,-0.011981462231188787,0.6925769593461993,0.600399726331234,False
44,interference_stage3.1.wave_feature_conv1,2,15,1000,0.002,50.0,5.0,post_relu_mean,1064.4158935546875,-1064.4158935546875,226.923095703125,1.9775300025939941,4.302551746368408,544.018798828125,0.3275040951438513,-0.6144428753235922,35.47448287772249,4.262537822723389,False
44,interference_stage3.1.wave_feature_conv1,2,15,1000,0.002,50.0,15.0,post_relu_mean,33.14451599121094,-33.14451599121094,6.6159772872924805,0.21669484674930573,0.1588255763053894,291.0440101623535,0.9881356670330772,-0.11877365500555208,6.863354902549129,2.123902657032013,False
44,interference_stage3.1.wave_feature_conv1,2,15,1000,0.002,50.0,15.0,post_relu_mean,140.76596069335938,-140.76596069335938,25.88276481628418,0.2387993484735489,0.33223819732666016,54.328168869018555,0.15949013030309628,-0.016809857138580304,0.971185211534792,0.6285513430833817,False
44,interference_stage3.1.wave_feature_conv1,2,15,1000,0.002,50.0,15.0,post_relu_mean,1059.3411865234375,-1059.3411865234375,225.7625274658203,1.9525394439697266,3.8788721561431885,515.7667236328125,0.31644643650674287,-0.5698577341142513,32.9004568144349,4.150044784545899,False
44,interference_stage3.1.wave_feature_conv1,2,15,1000,0.002,50.0,30.0,post_relu_mean,31.406827926635742,-31.406827926635742,6.309693813323975,0.20572033524513245,0.13761280477046967,307.7961235046387,1.0024233287390638,-0.12228754507219461,7.067398035312652,2.2131436371803286,False
44,interference_stage3.1.wave_feature_conv1,2,15,1000,0.002,50.0,30.0,post_relu_mean,109.99413299560547,-109.99413299560547,20.311861038208008,0.19051355123519897,0.1907239705324173,69.71122884750366,0.18755600958972382,-0.021665696894640613,1.252980377953743,0.6830757519602776,False
44,interference_stage3.1.wave_feature_conv1,2,15,1000,0.002,50.0,30.0,post_relu_mean,1037.4173583984375,-1037.4173583984375,220.43325805664062,1.8839752674102783,3.329282760620117,477.5292510986328,0.30586189323967683,-0.5119691976216642,29.558388874780064,4.018601533174515,False
44,interference_stage3.1.wave_feature_conv1,2,15,1000,0.002,150.0,5.0,post_relu_mean,36.35939025878906,-36.35939025878906,7.507526397705078,0.11475867033004761,0.1690625548362732,315.54798126220703,0.847570556360085,-0.13591141648028968,7.850608968179466,2.781992242336273,False
44,interference_stage3.1.wave_feature_conv1,2,15,1000,0.002,150.0,5.0,post_relu_mean,128.78814697265625,-128.78814697265625,25.17746925354004,0.14051200449466705,0.42750921845436096,74.63260650634766,0.04125354806370572,-0.028122831809675404,1.62538110952426,1.8357309257984162,False
44,interference_stage3.1.wave_feature_conv1,2,15,1000,0.002,150.0,5.0,post_relu_mean,823.990966796875,-823.990966796875,174.81988525390625,0.9341219067573547,3.2020761966705322,366.0871124267578,0.19618013635362508,-0.3727032895518432,21.517867421944906,3.7963721680641176,False
44,interference_stage3.1.wave_feature_conv1,2,15,1000,0.002,150.0,15.0,post_relu_mean,34.61605453491211,-34.61605453491211,7.181354999542236,0.11081421375274658,0.15051180124282837,327.32848358154297,0.8551585200165291,-0.1418515288340735,8.195029335275864,2.853900396823883,False
44,interference_stage3.1.wave_feature_conv1,2,15,1000,0.002,150.0,15.0,post_relu_mean,108.66814422607422,-108.66814422607422,21.233867645263672,0.12083278596401215,0.3077482283115387,85.78662872314453,0.03711798928514854,-0.034071207381972106,1.9686935756463106,1.8490674549341202,False
44,interference_stage3.1.wave_feature_conv1,2,15,1000,0.002,150.0,15.0,post_relu_mean,810.3601684570312,-810.3601684570312,171.8655242919922,0.9076648950576782,2.8791959285736084,343.2844924926758,0.1889809266999888,-0.34040707997833,19.653235251423258,3.7094089186191557,False
44,interference_stage3.1.wave_feature_conv1,2,15,1000,0.002,150.0,30.0,post_relu_mean,32.631893157958984,-32.631893157958984,6.820236682891846,0.10721354931592941,0.13026459515094757,344.4695816040039,0.8649849239395578,-0.1476268219237906,8.529376315148214,2.959964398145676,False
44,interference_stage3.1.wave_feature_conv1,2,15,1000,0.002,150.0,30.0,post_relu_mean,89.64029693603516,-89.64029693603516,17.55314064025879,0.10198119282722473,0.2070874124765396,103.01799201965332,0.051133404403988565,-0.04221058829569418,2.4391303704248735,1.8725711822509765,False
44,interference_stage3.1.wave_feature_conv1,2,15,1000,0.002,150.0,30.0,post_relu_mean,788.6241455078125,-788.6241455078125,167.33042907714844,0.8658081889152527,2.46248459815979,318.2996826171875,0.17593789769626167,-0.31104097979036405,17.95779226228973,3.5953558599948883,False
46,interference_stage3.1.wave_feature_conv2,34,15,1000,0.002,10.0,5.0,post_relu_mean,125.43260955810547,-125.43260955810547,12.733922958374023,0.5357042551040649,0.4630899727344513,80.00449466705322,0.6754349349750363,-0.017787773356490986,1.0280573324216595,0.388280561119318,False
46,interference_stage3.1.wave_feature_conv2,34,15,1000,0.002,10.0,5.0,post_relu_mean,847.2951049804688,-847.2951049804688,95.23278045654297,2.094308614730835,3.575094223022461,261.3444290161133,0.14796521214049047,-0.28705453308329776,16.572959087341722,2.164304872751236,False
46,interference_stage3.1.wave_feature_conv2,34,15,1000,0.002,10.0,5.0,post_relu_mean,991.1171875,-991.1171875,134.85130310058594,2.671261787414551,4.582202434539795,607.2325286865234,0.2715425112980078,-0.6678759115126559,38.55940779723692,4.341052467823029,False
46,interference_stage3.1.wave_feature_conv2,34,15,1000,0.002,10.0,15.0,post_relu_mean,98.28697204589844,-98.28697204589844,10.02929973602295,0.4248539209365845,0.27001890540122986,90.3615779876709,0.6675126953438651,-0.02309912963325868,1.3349727996325202,0.4592661090195179,False
46,interference_stage3.1.wave_feature_conv2,34,15,1000,0.002,10.0,15.0,post_relu_mean,815.486083984375,-815.486083984375,91.06153869628906,1.9578310251235962,2.9228129386901855,236.87249755859375,0.12270050758314335,-0.2459113779327638,14.197628689097836,2.0356630980968475,False
46,interference_stage3.1.wave_feature_conv2,34,15,1000,0.002,10.0,15.0,post_relu_mean,984.2405395507812,-984.2405395507812,134.74267578125,2.609853506088257,4.17738676071167,572.4116516113281,0.24938951728383446,-0.6195363193100824,35.76850458663065,4.212116150856018,False
46,interference_stage3.1.wave_feature_conv2,34,15,1000,0.002,10.0,30.0,post_relu_mean,81.0018081665039,-81.0018081665039,8.302618980407715,0.3492083251476288,0.1782500445842743,106.42668914794922,0.6701500132801577,-0.0290989958979779,1.6825385124066763,0.5559728473424912,False
46,interference_stage3.1.wave_feature_conv2,34,15,1000,0.002,10.0,30.0,post_relu_mean,780.6876220703125,-780.6876220703125,86.36070251464844,1.801086664199829,2.2880358695983887,218.9709701538086,0.11736913801691716,-0.2189753740311098,12.64286898443294,1.961184071302414,False
46,interference_stage3.1.wave_feature_conv2,34,15,1000,0.002,10.0,30.0,post_relu_mean,962.4473876953125,-962.4473876953125,131.8319854736328,2.475374698638916,3.6534719467163086,524.554931640625,0.21990254566405018,-0.5472516429457367,31.59528222892255,4.022973659038544,False
46,interference_stage3.1.wave_feature_conv2,34,15,1000,0.002,50.0,5.0,post_relu_mean,92.87017059326172,-92.87017059326172,9.851491928100586,0.18649066984653473,0.3277278542518616,91.42745208740234,0.5841392717404158,-0.028827301320941696,1.6656250521014406,0.7291221356391907,False
46,interference_stage3.1.wave_feature_conv2,34,15,1000,0.002,50.0,5.0,post_relu_mean,731.2056274414062,-731.2056274414062,82.24836730957031,1.0634056329727173,2.855867862701416,199.9977149963379,0.10291862015289532,-0.21156406224913923,12.214597115283548,1.9659808051586152,False
46,interference_stage3.1.wave_feature_conv2,34,15,1000,0.002,50.0,5.0,post_relu_mean,920.8257446289062,-920.8257446289062,123.04239654541016,1.75264573097229,4.071238040924072,508.83692932128906,0.2337186920342994,-0.5608426524750034,32.380063956072455,4.115778861045837,False
46,interference_stage3.1.wave_feature_conv2,34,15,1000,0.002,50.0,15.0,post_relu_mean,75.98551940917969,-75.98551940917969,8.108250617980957,0.1589106321334839,0.20724591612815857,102.96698951721191,0.5818965545253848,-0.03504264005688047,2.024647733577882,0.7993111768364907,False
46,interference_stage3.1.wave_feature_conv2,34,15,1000,0.002,50.0,15.0,post_relu_mean,708.1783447265625,-708.1783447265625,79.0571517944336,1.0205899477005005,2.326502799987793,185.53189086914062,0.1002868838371622,-0.19052508565979528,10.999968269101657,1.9066528952121735,False
46,interference_stage3.1.wave_feature_conv2,34,15,1000,0.002,50.0,15.0,post_relu_mean,908.7031860351562,-908.7031860351562,121.7419662475586,1.7165154218673706,3.6650922298431396,476.28399658203125,0.2122191198790905,-0.508676150207588,29.36835247184667,3.979126346111298,False
46,interference_stage3.1.wave_feature_conv2,34,15,1000,0.002,50.0,30.0,post_relu_mean,63.530487060546875,-63.530487060546875,6.832137107849121,0.1402096152305603,0.14041781425476074,119.72853088378906,0.5908079225597169,-0.040790599763487284,2.357387001590047,0.8834791404008865,False
46,interference_stage3.1.wave_feature_conv2,34,15,1000,0.002,50.0,30.0,post_relu_mean,673.6123046875,-673.6123046875,74.95664978027344,0.9456685781478882,1.798134684562683,172.79215240478516,0.09961764402829608,-0.16942228868450593,9.78160857811491,1.8536166393756865,False
46,interference_stage3.1.wave_feature_conv2,34,15,1000,0.002,50.0,30.0,post_relu_mean,881.4423217773438,-881.4423217773438,117.11361694335938,1.631873607635498,3.1475932598114014,435.0563659667969,0.19578879842457525,-0.445130558973813,25.69935810324316,3.838874342441559,False
46,interference_stage3.1.wave_feature_conv2,34,15,1000,0.002,150.0,5.0,post_relu_mean,86.67466735839844,-86.67466735839844,9.594179153442383,0.12252984195947647,0.3212549686431885,124.91190719604492,0.3758665310912827,-0.04898661858731679,2.8296232260506278,1.865763139128685,False
46,interference_stage3.1.wave_feature_conv2,34,15,1000,0.002,150.0,5.0,post_relu_mean,523.6466064453125,-523.6466064453125,59.383201599121094,0.4665527939796448,1.8878926038742065,140.92115545272827,0.08111956608245088,-0.11661973268157998,6.733150311309802,2.23224365234375,False
46,interference_stage3.1.wave_feature_conv2,34,15,1000,0.002,150.0,5.0,post_relu_mean,745.3344116210938,-745.3344116210938,98.01836395263672,0.8717769384384155,3.072273015975952,366.359619140625,0.17555722665363452,-0.3687789312271258,21.29140552925385,3.8941888105869293,False
46,interference_stage3.1.wave_feature_conv2,34,15,1000,0.002,150.0,15.0,post_relu_mean,74.6505355834961,-74.6505355834961,8.28915786743164,0.10857875645160675,0.23992937803268433,137.12079238891602,0.38684852765198097,-0.05545140430859863,3.203577472112172,1.9002301824092864,False
46,interference_stage3.1.wave_feature_conv2,34,15,1000,0.002,150.0,15.0,post_relu_mean,500.49871826171875,-500.49871826171875,56.58045959472656,0.43184763193130493,1.5750927925109863,133.88866424560547,0.07822250589590121,-0.10751439936778144,6.207709063123152,2.195080807209015,False
46,interference_stage3.1.wave_feature_conv2,34,15,1000,0.002,150.0,15.0,post_relu_mean,735.1608276367188,-735.1608276367188,96.1832275390625,0.8463648557662964,2.77447509765625,346.6600570678711,0.16801959853725074,-0.34073222001906245,19.67194170890363,3.8061729288101196,False
46,interference_stage3.1.wave_feature_conv2,34,15,1000,0.002,150.0,30.0,post_relu_mean,63.059425354003906,-63.059425354003906,7.044919013977051,0.09625938534736633,0.17020843923091888,154.93690299987793,0.4065085236804814,-0.06293679919665228,3.6363165626837968,1.9571519005298614,False
46,interference_stage3.1.wave_feature_conv2,34,15,1000,0.002,150.0,30.0,post_relu_mean,467.2017822265625,-467.2017822265625,52.721656799316406,0.3907169997692108,1.2232658863067627,129.60797882080078,0.07068262039227145,-0.09659104503659345,5.576852201328397,2.1682218492031096,False
46,interference_stage3.1.wave_feature_conv2,34,15,1000,0.002,150.0,30.0,post_relu_mean,711.5232543945312,-711.5232543945312,92.9706802368164,0.8034019470214844,2.3857438564300537,319.3484649658203,0.1507894474631397,-0.3004220490872989,17.3446739373788,3.686021726131439,False
46,interference_stage3.1.wave_feature_conv2,32,15,1000,0.002,10.0,5.0,post_relu_mean,38.948795318603516,-38.948795318603516,4.954643726348877,0.3431087136268616,0.22739137709140778,92.9485034942627,0.4077943708600965,-0.03488518561836231,2.0153167375092855,0.6784176337718963,False
46,interference_stage3.1.wave_feature_conv2,32,15,1000,0.002,10.0,5.0,post_relu_mean,826.9295043945312,-826.9295043945312,109.29328918457031,2.098012924194336,3.3992087841033936,189.37293243408203,0.11176146617601204,-0.19929210565850694,11.506018487584493,1.572022561430931,False
46,interference_stage3.1.wave_feature_conv2,32,15,1000,0.002,10.0,5.0,post_relu_mean,960.6604614257812,-960.6604614257812,148.2390899658203,2.7364964485168457,4.473822116851807,580.5907897949219,0.34172142250473636,-0.6404401737545881,36.97554191053201,4.612788891792297,False
46,interference_stage3.1.wave_feature_conv2,32,15,1000,0.002,10.0,15.0,post_relu_mean,34.449440002441406,-34.449440002441406,4.417160511016846,0.29525288939476013,0.15981267392635345,104.12512302398682,0.41376687928722516,-0.038611216801530575,2.2313274995539385,0.7484349635243416,False
46,interference_stage3.1.wave_feature_conv2,32,15,1000,0.002,10.0,15.0,post_relu_mean,797.2095947265625,-797.2095947265625,105.22705841064453,1.9457943439483643,2.6783599853515625,169.40979385375977,0.09416743698345582,-0.16598237443576466,9.583133339138458,1.4708344024419784,False
46,interference_stage3.1.wave_feature_conv2,32,15,1000,0.002,10.0,15.0,post_relu_mean,950.62890625,-950.62890625,147.07667541503906,2.6374077796936035,4.012072563171387,545.9834289550781,0.3297879426626729,-0.5871448078926581,33.89840425938297,4.509864597320557,False
46,interference_stage3.1.wave_feature_conv2,32,15,1000,0.002,10.0,30.0,post_relu_mean,31.799449920654297,-31.799449920654297,4.117478370666504,0.258243203163147,0.12505772709846497,120.11173248291016,0.43164095284724074,-0.04295843987438798,2.4831646831067506,0.842908321917057,False
46,interference_stage3.1.wave_feature_conv2,32,15,1000,0.002,10.0,30.0,post_relu_mean,749.0640258789062,-749.0640258789062,98.96089172363281,1.7077391147613525,1.974565029144287,152.53832626342773,0.0775126936132677,-0.139020205722123,8.026884907771977,1.3883073979616165,False
46,interference_stage3.1.wave_feature_conv2,32,15,1000,0.002,10.0,30.0,post_relu_mean,930.5701293945312,-930.5701293945312,144.26388549804688,2.476475238800049,3.397207260131836,505.2358856201172,0.32285610194367553,-0.5292938426060748,30.558672980953173,4.398648428916931,False
46,interference_stage3.1.wave_feature_conv2,32,15,1000,0.002,50.0,5.0,post_relu_mean,37.22866439819336,-37.22866439819336,4.926425457000732,0.13165122270584106,0.19381257891654968,106.97874069213867,0.3530711719458077,-0.04517324485398284,2.6100262454496397,0.9522145262360573,False
46,interference_stage3.1.wave_feature_conv2,32,15,1000,0.002,50.0,5.0,post_relu_mean,691.7117919921875,-691.7117919921875,92.77325439453125,0.958274245262146,2.5740137100219727,132.39953994750977,0.07272793831462727,-0.1394142580157522,8.04901660711562,1.4023674762248992,False
46,interference_stage3.1.wave_feature_conv2,32,15,1000,0.002,50.0,5.0,post_relu_mean,878.9891357421875,-878.9891357421875,131.18482971191406,1.6899538040161133,3.809356451034546,480.61517333984375,0.30599807334882506,-0.5336220169267659,30.80851463872015,4.382842102050781,False
46,interference_stage3.1.wave_feature_conv2,32,15,1000,0.002,50.0,15.0,post_relu_mean,33.19416809082031,-33.19416809082031,4.433407306671143,0.12126658856868744,0.14075852930545807,118.33416175842285,0.35710899188063633,-0.04961828297187532,2.8670524254873326,1.0313111197948457,False
46,interference_stage3.1.wave_feature_conv2,32,15,1000,0.002,50.0,15.0,post_relu_mean,665.73828125,-665.73828125,89.33604431152344,0.8950740098953247,2.0126187801361084,120.53569030761719,0.0642226637497193,-0.11794236038609707,6.809940459525374,1.3348670554161073,False
46,interference_stage3.1.wave_feature_conv2,32,15,1000,0.002,50.0,15.0,post_relu_mean,868.5200805664062,-868.5200805664062,130.22157287597656,1.6321144104003906,3.3522140979766846,453.84771728515625,0.2973149773798609,-0.49344908415953803,28.489092925023535,4.2968863272666935,False
46,interference_stage3.1.wave_feature_conv2,32,15,1000,0.002,50.0,30.0,post_relu_mean,30.65413475036621,-30.65413475036621,4.1259026527404785,0.11591269075870514,0.10900051891803741,134.6024684906006,0.3774950823892332,-0.054194450288293505,3.1319256254959305,1.1278079062700272,False
46,interference_stage3.1.wave_feature_conv2,32,15,1000,0.002,50.0,30.0,post_relu_mean,616.6825561523438,-616.6825561523438,82.89596557617188,0.7986524105072021,1.4489936828613281,111.84515380859375,0.05326694710345078,-0.10227912556639603,5.905047003307012,1.2730052453279495,False
46,interference_stage3.1.wave_feature_conv2,32,15,1000,0.002,50.0,30.0,post_relu_mean,848.6265869140625,-848.6265869140625,127.66924285888672,1.5532350540161133,2.819883346557617,422.7614288330078,0.2942278392837211,-0.4520247271623686,26.0973372573151,4.2138992381095886,False
46,interference_stage3.1.wave_feature_conv2,32,15,1000,0.002,150.0,5.0,post_relu_mean,44.52086639404297,-44.52086639404297,5.992985725402832,0.09295950829982758,0.23001538217067719,142.19236755371094,0.22134877282475268,-0.06422038587368344,3.7096851061754963,1.9334156656265258,False
46,interference_stage3.1.wave_feature_conv2,32,15,1000,0.002,150.0,5.0,post_relu_mean,462.3702697753906,-462.3702697753906,64.03264617919922,0.3725273013114929,1.576195240020752,89.9141674041748,0.07258022613485735,-0.06497168224302959,3.751149425979924,1.9246422523260116,False
46,interference_stage3.1.wave_feature_conv2,32,15,1000,0.002,150.0,5.0,post_relu_mean,703.1481323242188,-703.1481323242188,103.86724090576172,0.8045293092727661,2.7891619205474854,347.14039611816406,0.2215352364383894,-0.34872185287298185,20.133337730616706,4.118673151731491,False
46,interference_stage3.1.wave_feature_conv2,32,15,1000,0.002,150.0,15.0,post_relu_mean,40.15350341796875,-40.15350341796875,5.427332878112793,0.08557114750146866,0.18224075436592102,154.08905601501465,0.23130484389254566,-0.06910547908083996,3.992658035931551,2.0040696823596953,False
46,interference_stage3.1.wave_feature_conv2,32,15,1000,0.002,150.0,15.0,post_relu_mean,435.7038269042969,-435.7038269042969,60.474971771240234,0.33554643392562866,1.2597330808639526,86.65103912353516,0.07455512057823735,-0.058692136043673605,3.3885944252042526,1.9215078943967818,False
46,interference_stage3.1.wave_feature_conv2,32,15,1000,0.002,150.0,15.0,post_relu_mean,690.6203002929688,-690.6203002929688,102.23115539550781,0.7757303714752197,2.4786698818206787,328.4170608520508,0.21607635433048797,-0.3206838313810629,18.514511000489893,4.056269052028656,False
46,interference_stage3.1.wave_feature_conv2,32,15,1000,0.002,150.0,30.0,post_relu_mean,35.819358825683594,-35.819358825683594,4.883421897888184,0.07943759858608246,0.13895675539970398,171.3031997680664,0.25247238723290316,-0.0759198797865836,4.387008566940303,2.0885338234901427,False
46,interference_stage3.1.wave_feature_conv2,32,15,1000,0.002,150.0,30.0,post_relu_mean,392.8755187988281,-392.8755187988281,54.65322494506836,0.28826698660850525,0.915027379989624,88.09278869628906,0.06415298105564338,-0.05302921884551478,3.0621588693921673,1.908605632185936,False
46,interference_stage3.1.wave_feature_conv2,32,15,1000,0.002,150.0,30.0,post_relu_mean,669.9380493164062,-669.9380493164062,99.67723083496094,0.7344412803649902,2.100898265838623,307.2593994140625,0.1999126638506856,-0.292967776564104,16.914312752912867,3.953349723815918,False
46,interference_stage3.1.wave_feature_conv2,19,15,1000,0.002,10.0,5.0,post_relu_mean,256.9477844238281,-256.9477844238281,23.90530776977539,0.8395612239837646,0.8685386180877686,134.33067893981934,1.2358361913710383,-0.03197023692424663,1.8463387257498265,0.5642064788937569,False
46,interference_stage3.1.wave_feature_conv2,19,15,1000,0.002,10.0,5.0,post_relu_mean,808.0519409179688,-808.0519409179688,87.76868438720703,2.0243983268737793,3.2033777236938477,300.1251754760742,0.2333395059621392,-0.302304432633704,17.45343119504403,2.3677013635635378,False
46,interference_stage3.1.wave_feature_conv2,19,15,1000,0.002,10.0,5.0,post_relu_mean,1002.9588012695312,-1002.9588012695312,126.86129760742188,2.6690001487731934,4.349928379058838,665.2380065917969,0.5050260232584786,-0.7453171100700857,43.030380337105065,4.753731338977814,False
46,interference_stage3.1.wave_feature_conv2,19,15,1000,0.002,10.0,15.0,post_relu_mean,228.28794860839844,-228.28794860839844,21.16904640197754,0.7238983511924744,0.598761796951294,140.6341733932495,1.230036535736205,-0.034816748107945064,2.0114156212725094,0.6114440989494324,False
46,interference_stage3.1.wave_feature_conv2,19,15,1000,0.002,10.0,15.0,post_relu_mean,790.8954467773438,-790.8954467773438,85.52745819091797,1.93104887008667,2.7169456481933594,281.4538154602051,0.24301892908030376,-0.27265347672967943,15.741468410819152,2.284320397377014,False
46,interference_stage3.1.wave_feature_conv2,19,15,1000,0.002,10.0,15.0,post_relu_mean,992.3713989257812,-992.3713989257812,124.987060546875,2.600994110107422,3.952906847000122,630.7437438964844,0.494459589034388,-0.6882649798941505,39.73675001213228,4.645360841751098,False
46,interference_stage3.1.wave_feature_conv2,19,15,1000,0.002,10.0,30.0,post_relu_mean,201.0540313720703,-201.0540313720703,18.58963394165039,0.6156551837921143,0.41225481033325195,153.51482105255127,1.2347507519098049,-0.03953953995007617,2.2833071952551283,0.6995127350091934,False
46,interference_stage3.1.wave_feature_conv2,19,15,1000,0.002,10.0,30.0,post_relu_mean,756.2171630859375,-756.2171630859375,81.01876068115234,1.7905781269073486,2.181464195251465,262.6581840515137,0.24572168885743503,-0.23592139579185276,13.620957206549184,2.168156977891922,False
46,interference_stage3.1.wave_feature_conv2,19,15,1000,0.002,10.0,30.0,post_relu_mean,982.0429077148438,-982.0429077148438,122.74400329589844,2.5094988346099854,3.472364902496338,595.3201141357422,0.4849733289139074,-0.6292956993877238,36.33225633395074,4.524668519496918,False
46,interference_stage3.1.wave_feature_conv2,19,15,1000,0.002,50.0,5.0,post_relu_mean,191.85357666015625,-191.85357666015625,18.497953414916992,0.30852991342544556,0.6202870607376099,135.9721450805664,1.164418344237431,-0.033634362979311834,1.9444124658750537,0.8243195071816445,False
46,interference_stage3.1.wave_feature_conv2,19,15,1000,0.002,50.0,5.0,post_relu_mean,706.4024047851562,-706.4024047851562,75.90826416015625,1.1162142753601074,2.72481107711792,243.0555763244629,0.25357638134933375,-0.234737483263284,13.552414325696809,2.160535824298859,False
46,interference_stage3.1.wave_feature_conv2,19,15,1000,0.002,50.0,5.0,post_relu_mean,953.5638427734375,-953.5638427734375,119.40426635742188,1.9357123374938965,3.9734609127044678,573.5384521484375,0.4508661041235444,-0.6542760232518996,37.7742233283533,4.46714298248291,False
46,interference_stage3.1.wave_feature_conv2,19,15,1000,0.002,50.0,15.0,post_relu_mean,172.75169372558594,-172.75169372558594,16.585573196411133,0.2764344811439514,0.44256994128227234,145.1445541381836,1.1567079520357915,-0.03974008782487705,2.295266703491762,0.8840148660540581,False
46,interference_stage3.1.wave_feature_conv2,19,15,1000,0.002,50.0,15.0,post_relu_mean,686.2153930664062,-686.2153930664062,73.18804931640625,1.0647735595703125,2.2774627208709717,229.58662223815918,0.264726455885153,-0.21213096911056198,12.247445893208555,2.083471871614456,False
46,interference_stage3.1.wave_feature_conv2,19,15,1000,0.002,50.0,15.0,post_relu_mean,945.9520263671875,-945.9520263671875,117.82852172851562,1.894616961479187,3.5879881381988525,546.6875610351562,0.452220262451038,-0.6087618444733581,35.14644419133636,4.3915582323074345,False
46,interference_stage3.1.wave_feature_conv2,19,15,1000,0.002,50.0,30.0,post_relu_mean,152.4834747314453,-152.4834747314453,14.575703620910645,0.2471863329410553,0.3091934323310852,160.42440509796143,1.1587329042257546,-0.047538422486755785,2.7475222947483875,0.9753152060508729,False
46,interference_stage3.1.wave_feature_conv2,19,15,1000,0.002,50.0,30.0,post_relu_mean,653.4620971679688,-653.4620971679688,69.33119201660156,0.9894070625305176,1.781562089920044,217.2252712249756,0.28225085013460327,-0.19191451300793633,11.08010512390674,2.0136514675617216,False
46,interference_stage3.1.wave_feature_conv2,19,15,1000,0.002,50.0,30.0,post_relu_mean,931.4379272460938,-931.4379272460938,115.58346557617188,1.8216091394424438,3.10888409614563,515.2464141845703,0.4431319330078495,-0.5585271462383483,32.246439520029874,4.290977442264557,False
46,interference_stage3.1.wave_feature_conv2,19,15,1000,0.002,150.0,5.0,post_relu_mean,144.33265686035156,-144.33265686035156,14.693612098693848,0.16714802384376526,0.48361706733703613,163.66168975830078,0.9298821144465665,-0.05005055286284729,2.8913048085752924,1.8637418287992478,False
46,interference_stage3.1.wave_feature_conv2,19,15,1000,0.002,150.0,5.0,post_relu_mean,485.3418884277344,-485.3418884277344,52.706546783447266,0.4403049945831299,1.8616678714752197,178.21374320983887,0.2492275533602293,-0.13036455333380406,7.526510403097559,2.2486693358421324,False
46,interference_stage3.1.wave_feature_conv2,19,15,1000,0.002,150.0,5.0,post_relu_mean,708.5269775390625,-708.5269775390625,86.23541259765625,0.8733983039855957,2.973996639251709,378.5730743408203,0.20526174282522455,-0.3981207607735359,22.98669845461309,3.8085362243652345,False
46,interference_stage3.1.wave_feature_conv2,19,15,1000,0.002,150.0,15.0,post_relu_mean,130.0266571044922,-130.0266571044922,13.244060516357422,0.15290145576000214,0.37847578525543213,173.81194496154785,0.9283899266708363,-0.055342003845143914,3.197329585990034,1.9217588728666306,False
46,interference_stage3.1.wave_feature_conv2,19,15,1000,0.002,150.0,15.0,post_relu_mean,461.9388122558594,-461.9388122558594,49.79917526245117,0.40951627492904663,1.5709593296051025,170.79259490966797,0.2624635410667429,-0.11635712100230484,6.718009533079683,2.210484344959259,False
46,interference_stage3.1.wave_feature_conv2,19,15,1000,0.002,150.0,15.0,post_relu_mean,699.7053833007812,-699.7053833007812,85.17420959472656,0.8505961894989014,2.6723783016204834,360.1001968383789,0.1930235348557455,-0.37363627366898766,21.572162033837962,3.7220003378391264,False
46,interference_stage3.1.wave_feature_conv2,19,15,1000,0.002,150.0,30.0,post_relu_mean,112.89695739746094,-112.89695739746094,11.545748710632324,0.13638511300086975,0.27619022130966187,190.15848922729492,0.9374857712591836,-0.06376890587196932,3.6842281070128005,1.993364070057869,False
46,interference_stage3.1.wave_feature_conv2,19,15,1000,0.002,150.0,30.0,post_relu_mean,430.15374755859375,-430.15374755859375,45.86556625366211,0.37508219480514526,1.237387776374817,166.90768432617188,0.28036846630458406,-0.1034235262886882,5.971142945915701,2.1946608591079713,False
46,interference_stage3.1.wave_feature_conv2,19,15,1000,0.002,150.0,30.0,post_relu_mean,681.1717529296875,-681.1717529296875,82.73611450195312,0.8142437934875488,2.293722152709961,337.3557434082031,0.19217179709896562,-0.33961660830461193,19.607719074060064,3.6568333220481875,False
51,source_localization_stage4.0.wave_feature_conv1,150,15,1000,0.002,10.0,5.0,post_relu_mean,1239.5711669921875,-1239.5711669921875,90.57891845703125,0.9525229930877686,0.9687046408653259,505.1578674316406,0.662712207446643,-0.31574065022249326,18.229767654705427,5.378693838119506,False
51,source_localization_stage4.0.wave_feature_conv1,150,15,1000,0.002,10.0,5.0,post_relu_mean,1620.124267578125,-1620.124267578125,134.8400421142578,1.6872199773788452,1.6772181987762451,844.2890548706055,0.6140145576964153,-0.7607739628610342,43.92305150899158,11.461991295814514,False
51,source_localization_stage4.0.wave_feature_conv1,150,15,1000,0.002,10.0,5.0,post_relu_mean,1906.087158203125,-1906.087158203125,193.81488037109375,2.4538638591766357,2.8536860942840576,1387.3912963867188,1.2868491819744712,-1.4143143194363552,81.65452099215112,16.384509510993958,False
51,source_localization_stage4.0.wave_feature_conv1,150,15,1000,0.002,10.0,15.0,post_relu_mean,1233.1240234375,-1233.1240234375,89.9950180053711,0.9059752225875854,0.8985255360603333,507.46368408203125,0.6945860995727485,-0.30919606602988564,17.85355810872483,5.329047346115113,False
51,source_localization_stage4.0.wave_feature_conv1,150,15,1000,0.002,10.0,15.0,post_relu_mean,1602.826904296875,-1602.826904296875,132.55288696289062,1.5929521322250366,1.540406346321106,835.7330169677734,0.5860830493424555,-0.7320391946871424,42.263979821606476,11.343784565925597,False
51,source_localization_stage4.0.wave_feature_conv1,150,15,1000,0.002,10.0,15.0,post_relu_mean,1900.568359375,-1900.568359375,192.10940551757812,2.372817039489746,2.6427628993988037,1370.098388671875,1.2746180303131271,-1.3795357806003254,79.64724479477111,16.319931740760804,False
51,source_localization_stage4.0.wave_feature_conv1,150,15,1000,0.002,10.0,30.0,post_relu_mean,1214.8101806640625,-1214.8101806640625,88.44917297363281,0.8426316976547241,0.8184764385223389,510.78956604003906,0.7457653427325283,-0.30104476427447185,17.383186260161803,5.226187148094177,False
51,source_localization_stage4.0.wave_feature_conv1,150,15,1000,0.002,10.0,30.0,post_relu_mean,1593.0516357421875,-1593.0516357421875,131.4312744140625,1.5107011795043945,1.3974491357803345,830.1951370239258,0.5474635649801828,-0.7157730242389361,41.32534273807519,11.219998540878295,False
51,source_localization_stage4.0.wave_feature_conv1,150,15,1000,0.002,10.0,30.0,post_relu_mean,1887.8583984375,-1887.8583984375,189.6424560546875,2.253955364227295,2.3990232944488525,1345.3389282226562,1.2168616530954826,-1.3186500296052321,76.13231197821965,16.055587730407716,False
51,source_localization_stage4.0.wave_feature_conv1,150,15,1000,0.002,50.0,5.0,post_relu_mean,1205.17236328125,-1205.17236328125,88.09284210205078,0.5738710165023804,0.849675714969635,495.4984436035156,0.6855401792341388,-0.2985167549949857,17.235996358491043,5.28770313501358,False
51,source_localization_stage4.0.wave_feature_conv1,150,15,1000,0.002,50.0,5.0,post_relu_mean,1524.3525390625,-1524.3525390625,123.53498077392578,1.0385416746139526,1.342328667640686,790.1139259338379,0.5518908553626123,-0.6927819420918873,39.99757550917713,11.22059507369995,False
51,source_localization_stage4.0.wave_feature_conv1,150,15,1000,0.002,50.0,5.0,post_relu_mean,1843.469970703125,-1843.469970703125,186.2148895263672,1.810508131980896,2.4470877647399902,1286.8722229003906,1.2306703306997544,-1.3157292473876787,75.9627179884756,16.147774596214294,False
51,source_localization_stage4.0.wave_feature_conv1,150,15,1000,0.002,50.0,15.0,post_relu_mean,1195.932373046875,-1195.932373046875,87.27013397216797,0.5557149648666382,0.7974386215209961,498.762939453125,0.710362263987732,-0.296654775149286,17.128641044487793,5.261148610115051,False
51,source_localization_stage4.0.wave_feature_conv1,150,15,1000,0.002,50.0,15.0,post_relu_mean,1509.477294921875,-1509.477294921875,121.57839965820312,0.9993557929992676,1.2493088245391846,786.0357971191406,0.5231468966449343,-0.6726237965366858,38.833724845954904,11.10475794315338,False
51,source_localization_stage4.0.wave_feature_conv1,150,15,1000,0.002,50.0,15.0,post_relu_mean,1849.917236328125,-1849.917236328125,186.28346252441406,1.7777678966522217,2.2991669178009033,1283.7185974121094,1.2074650174823378,-1.3029615556978278,75.22674479470216,16.001204357147216,False
51,source_localization_stage4.0.wave_feature_conv1,150,15,1000,0.002,50.0,30.0,post_relu_mean,1183.9603271484375,-1183.9603271484375,86.16462707519531,0.5317445993423462,0.7382382750511169,505.48316955566406,0.7534702914125172,-0.2929153340298961,16.912948367527203,5.20440016746521,False
51,source_localization_stage4.0.wave_feature_conv1,150,15,1000,0.002,50.0,30.0,post_relu_mean,1495.808837890625,-1495.808837890625,120.09234619140625,0.9622707366943359,1.1465535163879395,782.6190719604492,0.5071767989833249,-0.6541341794348084,37.76629203423628,11.041335234642029,False
51,source_localization_stage4.0.wave_feature_conv1,150,15,1000,0.002,50.0,30.0,post_relu_mean,1838.7432861328125,-1838.7432861328125,183.94789123535156,1.7181187868118286,2.1040239334106445,1265.8538055419922,1.183717794256446,-1.2513108470106773,72.24542978949499,15.909164862632752,False
51,source_localization_stage4.0.wave_feature_conv1,150,15,1000,0.002,150.0,5.0,post_relu_mean,1142.858154296875,-1142.858154296875,83.70225524902344,0.353645920753479,0.775519073009491,499.2369079589844,0.7206253666317232,-0.2875557410213637,16.60491126108422,5.290715775489807,False
51,source_localization_stage4.0.wave_feature_conv1,150,15,1000,0.002,150.0,5.0,post_relu_mean,1388.33544921875,-1388.33544921875,108.67636108398438,0.5659608840942383,1.098604440689087,742.7708568572998,0.4745415878590771,-0.6303933970572164,36.3961366379138,10.98313323020935,False
51,source_localization_stage4.0.wave_feature_conv1,150,15,1000,0.002,150.0,5.0,post_relu_mean,1689.0419921875,-1689.0419921875,166.04119873046875,1.0409846305847168,1.9199182987213135,1135.7607879638672,1.1089947651781362,-1.1595042690093131,66.9435780125848,15.69766031742096,False
51,source_localization_stage4.0.wave_feature_conv1,150,15,1000,0.002,150.0,15.0,post_relu_mean,1135.220458984375,-1135.220458984375,82.99380493164062,0.34794026613235474,0.7336395382881165,503.4954071044922,0.7425127055508601,-0.2851316361758836,16.46755416682939,5.283960382938385,False
51,source_localization_stage4.0.wave_feature_conv1,150,15,1000,0.002,150.0,15.0,post_relu_mean,1382.438232421875,-1382.438232421875,107.76655578613281,0.5579429268836975,1.039971947669983,743.6017227172852,0.4489046246311677,-0.6222320845038948,35.925242636567184,10.898023409843445,False
51,source_localization_stage4.0.wave_feature_conv1,150,15,1000,0.002,150.0,15.0,post_relu_mean,1686.4891357421875,-1686.4891357421875,165.3662567138672,1.0303072929382324,1.8129063844680786,1128.9733581542969,1.0937970768406151,-1.1375891170960915,65.67948494507061,15.641876540184022,False
51,source_localization_stage4.0.wave_feature_conv1,150,15,1000,0.002,150.0,30.0,post_relu_mean,1120.680419921875,-1120.680419921875,81.76158142089844,0.3378134071826935,0.6812889575958252,509.98675537109375,0.7909842250925286,-0.2798963859441945,16.164435487344164,5.212289173603057,False
51,source_localization_stage4.0.wave_feature_conv1,150,15,1000,0.002,150.0,30.0,post_relu_mean,1374.6026611328125,-1374.6026611328125,106.73138427734375,0.5461939573287964,0.9732270240783691,745.7313232421875,0.4137654145961591,-0.6122331406368655,35.34907415593362,10.804454040527343,False
51,source_localization_stage4.0.wave_feature_conv1,150,15,1000,0.002,150.0,30.0,post_relu_mean,1685.2802734375,-1685.2802734375,163.8869171142578,1.0114507675170898,1.675050973892212,1125.6384887695312,1.074514449222874,-1.1285939927123665,65.15924517801832,15.537977118492126,False
51,source_localization_stage4.0.wave_feature_conv1,151,15,1000,0.002,10.0,5.0,post_relu_mean,1323.83837890625,-1323.83837890625,91.08460998535156,0.9402258396148682,0.9763793349266052,603.2870788574219,0.7035579464091705,-0.3832911826671399,22.131590209654107,6.548323633670807,False
51,source_localization_stage4.0.wave_feature_conv1,151,15,1000,0.002,10.0,5.0,post_relu_mean,1628.907958984375,-1628.907958984375,126.25314331054688,1.5378659963607788,1.5101895332336426,916.8147506713867,0.5580824593413919,-0.8086345971362906,46.68645532099608,12.583924217224121,False
51,source_localization_stage4.0.wave_feature_conv1,151,15,1000,0.002,10.0,5.0,post_relu_mean,1915.8388671875,-1915.8388671875,186.57049560546875,2.394810676574707,2.632375717163086,1424.2791137695312,1.1924778960148645,-1.3960110030277615,80.5982262523339,17.3378005027771,False
51,source_localization_stage4.0.wave_feature_conv1,151,15,1000,0.002,10.0,15.0,post_relu_mean,1314.2357177734375,-1314.2357177734375,90.25975799560547,0.8941673636436462,0.9169342517852783,604.6041564941406,0.7407711900799783,-0.3747582927244081,21.63817828700128,6.472822217941284,False
51,source_localization_stage4.0.wave_feature_conv1,151,15,1000,0.002,10.0,15.0,post_relu_mean,1612.4844970703125,-1612.4844970703125,124.05249786376953,1.4614084959030151,1.3972550630569458,909.8340950012207,0.5371036570998827,-0.7894229128494326,45.576994946565975,12.490810012817382,False
51,source_localization_stage4.0.wave_feature_conv1,151,15,1000,0.002,10.0,15.0,post_relu_mean,1911.319091796875,-1911.319091796875,185.68804931640625,2.312053680419922,2.469289779663086,1408.6749267578125,1.1642095948519569,-1.3663921116155344,78.88775241784758,17.223794841766356,False
51,source_localization_stage4.0.wave_feature_conv1,151,15,1000,0.002,10.0,30.0,post_relu_mean,1302.186767578125,-1302.186767578125,89.22083282470703,0.8462021350860596,0.8491318225860596,608.3284149169922,0.7785104595128947,-0.36635248959989863,21.153710057919497,6.426003260612488,False
51,source_localization_stage4.0.wave_feature_conv1,151,15,1000,0.002,10.0,30.0,post_relu_mean,1592.4815673828125,-1592.4815673828125,121.22905731201172,1.3648124933242798,1.2684483528137207,904.443920135498,0.5086042219616941,-0.7644805885772145,44.137141894367346,12.359810943603515,False
51,source_localization_stage4.0.wave_feature_conv1,151,15,1000,0.002,10.0,30.0,post_relu_mean,1895.2132568359375,-1895.2132568359375,181.93756103515625,2.2078306674957275,2.2500593662261963,1383.5233917236328,1.1522714790702955,-1.3128371618103925,75.7960141683931,17.12494626045227,False
51,source_localization_stage4.0.wave_feature_conv1,151,15,1000,0.002,50.0,5.0,post_relu_mean,1291.426025390625,-1291.426025390625,88.782958984375,0.5913859605789185,0.874281108379364,592.6864013671875,0.7219503873439406,-0.3702227318103607,21.37717516433796,6.4848865389823915,False
51,source_localization_stage4.0.wave_feature_conv1,151,15,1000,0.002,50.0,5.0,post_relu_mean,1552.1065673828125,-1552.1065673828125,116.91435241699219,0.9697530269622803,1.2361817359924316,873.4201393127441,0.5242176810745772,-0.7594025327470346,43.84360207009299,12.42372498512268,False
51,source_localization_stage4.0.wave_feature_conv1,151,15,1000,0.002,50.0,5.0,post_relu_mean,1865.4945068359375,-1865.4945068359375,180.33030700683594,1.7644801139831543,2.249406576156616,1336.2656555175781,1.1476265069043974,-1.2963808550169809,74.8456768190928,17.127495965957642,False
51,source_localization_stage4.0.wave_feature_conv1,151,15,1000,0.002,50.0,15.0,post_relu_mean,1283.16552734375,-1283.16552734375,88.05298614501953,0.5757020711898804,0.8280014991760254,595.5440673828125,0.7483445621128859,-0.3630360489847207,20.961907342710745,6.436291267871857,False
51,source_localization_stage4.0.wave_feature_conv1,151,15,1000,0.002,50.0,15.0,post_relu_mean,1543.6746826171875,-1543.6746826171875,115.76504516601562,0.9421616792678833,1.1694111824035645,871.8369445800781,0.5120110976806683,-0.7439866057839188,42.95403163321764,12.404053926467896,False
51,source_localization_stage4.0.wave_feature_conv1,151,15,1000,0.002,50.0,15.0,post_relu_mean,1861.997314453125,-1861.997314453125,179.02272033691406,1.727543830871582,2.102454423904419,1326.7159118652344,1.131598177500527,-1.289581222379681,74.4533860249447,17.067222986221314,False
51,source_localization_stage4.0.wave_feature_conv1,151,15,1000,0.002,50.0,30.0,post_relu_mean,1272.958251953125,-1272.958251953125,87.18119049072266,0.555077314376831,0.7751256823539734,600.8764190673828,0.7954655818360019,-0.35821296231258304,20.684774170023946,6.361069226264954,False
51,source_localization_stage4.0.wave_feature_conv1,151,15,1000,0.002,50.0,30.0,post_relu_mean,1525.3677978515625,-1525.3677978515625,113.37223815917969,0.8993263244628906,1.0881872177124023,869.155632019043,0.47196782978724205,-0.7266156436167982,41.9506895891953,12.257218132019043,False
51,source_localization_stage4.0.wave_feature_conv1,151,15,1000,0.002,50.0,30.0,post_relu_mean,1847.75341796875,-1847.75341796875,176.6351776123047,1.661167025566101,1.9429643154144287,1308.0505828857422,1.1261268437957639,-1.258892078564171,72.681651064792,17.012417287826537,False
51,source_localization_stage4.0.wave_feature_conv1,151,15,1000,0.002,150.0,5.0,post_relu_mean,1232.97216796875,-1232.97216796875,84.7996597290039,0.3817611038684845,0.80181485414505,592.8624267578125,0.7577974883552616,-0.35448271572084716,20.47035135540704,6.438526449203491,False
51,source_localization_stage4.0.wave_feature_conv1,151,15,1000,0.002,150.0,5.0,post_relu_mean,1431.75146484375,-1431.75146484375,103.40057373046875,0.5565392971038818,1.0506131649017334,832.6979804039001,0.42609888136872404,-0.7023706928580196,40.550976439213215,12.113084383010865,False
51,source_localization_stage4.0.wave_feature_conv1,151,15,1000,0.002,150.0,5.0,post_relu_mean,1720.2236328125,-1720.2236328125,159.8799591064453,1.0187289714813232,1.7683682441711426,1195.3944549560547,1.0578974937872276,-1.1636493837760982,67.18359606843863,16.789933557510377,False
51,source_localization_stage4.0.wave_feature_conv1,151,15,1000,0.002,150.0,15.0,post_relu_mean,1225.052978515625,-1225.052978515625,84.1188735961914,0.37544894218444824,0.7645636796951294,596.3213500976562,0.7739371393614887,-0.3508636291613772,20.26189924589909,6.432745554447174,False
51,source_localization_stage4.0.wave_feature_conv1,151,15,1000,0.002,150.0,15.0,post_relu_mean,1423.1728515625,-1423.1728515625,102.4385757446289,0.5452735424041748,1.0026758909225464,831.9149551391602,0.3996946529185234,-0.6938091217478191,40.056643356419215,12.02236897468567,False
51,source_localization_stage4.0.wave_feature_conv1,151,15,1000,0.002,150.0,15.0,post_relu_mean,1713.5572509765625,-1713.5572509765625,157.9656982421875,0.9999879598617554,1.6704806089401245,1188.3208923339844,1.042192580870226,-1.1506839143756917,66.43537201945263,16.722051315307617,False
51,source_localization_stage4.0.wave_feature_conv1,151,15,1000,0.002,150.0,30.0,post_relu_mean,1215.1861572265625,-1215.1861572265625,83.3097915649414,0.367158979177475,0.7181270718574524,602.3377075195312,0.8180128121354845,-0.3451499533376091,19.93371002903492,6.37364581823349,False
51,source_localization_stage4.0.wave_feature_conv1,151,15,1000,0.002,150.0,30.0,post_relu_mean,1417.9010009765625,-1417.9010009765625,101.6692886352539,0.5351060628890991,0.9497053623199463,835.1878662109375,0.3767185829006021,-0.692047499139749,39.95545037210182,11.955371069908143,False
51,source_localization_stage4.0.wave_feature_conv1,151,15,1000,0.002,150.0,30.0,post_relu_mean,1711.066162109375,-1711.066162109375,156.59498596191406,0.9882785081863403,1.5520864725112915,1184.0757446289062,1.033703138659813,-1.1315652977384003,65.33124331147553,16.65100462913513,False
51,source_localization_stage4.0.wave_feature_conv1,146,15,1000,0.002,10.0,5.0,post_relu_mean,134.6385040283203,-134.6385040283203,15.040714263916016,0.687996506690979,0.4651428759098053,206.18801307678223,1.629614010014441,-0.04888774178582978,2.8262793168580176,1.0196400210261345,False
51,source_localization_stage4.0.wave_feature_conv1,146,15,1000,0.002,10.0,5.0,post_relu_mean,986.3753662109375,-986.3753662109375,124.47953796386719,2.0502729415893555,3.1923463344573975,295.69719886779785,0.18914504969536095,-0.28976722387114856,16.72958147344361,2.279952532052994,False
51,source_localization_stage4.0.wave_feature_conv1,146,15,1000,0.002,10.0,5.0,post_relu_mean,1373.552978515625,-1373.552978515625,225.32855224609375,2.8786306381225586,4.8766279220581055,852.8562622070312,0.4837874541372936,-0.9576535223927471,55.28966185897314,5.679875967502594,False
51,source_localization_stage4.0.wave_feature_conv1,146,15,1000,0.002,10.0,15.0,post_relu_mean,119.33625793457031,-119.33625793457031,13.37531852722168,0.6032290458679199,0.34809789061546326,216.5744571685791,1.6137902758823164,-0.0553907609792372,3.202489687190635,1.115455715060234,False
51,source_localization_stage4.0.wave_feature_conv1,146,15,1000,0.002,10.0,15.0,post_relu_mean,959.316650390625,-959.316650390625,120.51557922363281,1.9430313110351562,2.690875291824341,276.2121467590332,0.20718182026965065,-0.2562715260394021,14.7957507731543,2.1822962272167206,False
51,source_localization_stage4.0.wave_feature_conv1,146,15,1000,0.002,10.0,15.0,post_relu_mean,1359.084716796875,-1359.084716796875,222.46580505371094,2.82431960105896,4.531165599822998,809.2923583984375,0.46342277102104706,-0.8904796136443935,51.41127107416269,5.529481372833252,False
51,source_localization_stage4.0.wave_feature_conv1,146,15,1000,0.002,10.0,30.0,post_relu_mean,102.55491638183594,-102.55491638183594,11.597803115844727,0.5133365392684937,0.25350692868232727,232.70770072937012,1.6228877640043098,-0.06177214882213411,3.57127905153737,1.204763794541359,False
51,source_localization_stage4.0.wave_feature_conv1,146,15,1000,0.002,10.0,30.0,post_relu_mean,907.8873291015625,-907.8873291015625,113.43121337890625,1.7726445198059082,2.1560869216918945,254.21323776245117,0.23462442094694042,-0.21512660352214366,12.420267458106853,2.0559178698062897,False
51,source_localization_stage4.0.wave_feature_conv1,146,15,1000,0.002,10.0,30.0,post_relu_mean,1338.7938232421875,-1338.7938232421875,218.3890380859375,2.7502481937408447,4.0854878425598145,755.8460845947266,0.4301336888838331,-0.7979573999237674,46.07022508359488,5.306365950107574,False
51,source_localization_stage4.0.wave_feature_conv1,146,15,1000,0.002,50.0,5.0,post_relu_mean,108.28558349609375,-108.28558349609375,12.79455280303955,0.2764725089073181,0.314985990524292,214.55558013916016,1.5432480825218755,-0.06342797020643444,3.663900748576658,1.3100879216194152,False
51,source_localization_stage4.0.wave_feature_conv1,146,15,1000,0.002,50.0,5.0,post_relu_mean,863.1112060546875,-863.1112060546875,109.46154022216797,1.1050446033477783,2.6147239208221436,234.11342239379883,0.2271554116789572,-0.2118315832003161,12.230127125877424,2.094150114059448,False
51,source_localization_stage4.0.wave_feature_conv1,146,15,1000,0.002,50.0,5.0,post_relu_mean,1313.5843505859375,-1313.5843505859375,213.3092498779297,2.1863346099853516,4.549348831176758,744.4647521972656,0.44267610806199803,-0.8624382078210402,49.79238974246128,5.403427176475525,False
51,source_localization_stage4.0.wave_feature_conv1,146,15,1000,0.002,50.0,15.0,post_relu_mean,96.82685852050781,-96.82685852050781,11.486710548400879,0.2509751319885254,0.24296198785305023,226.46347045898438,1.545223257435317,-0.07048952190353684,4.071806094819542,1.37929432451725,False
51,source_localization_stage4.0.wave_feature_conv1,146,15,1000,0.002,50.0,15.0,post_relu_mean,835.896728515625,-835.896728515625,105.43254089355469,1.0569936037063599,2.1983866691589355,220.62708854675293,0.24585520386551113,-0.19134736529958044,11.047475760998175,2.0148208367824556,False
51,source_localization_stage4.0.wave_feature_conv1,146,15,1000,0.002,50.0,15.0,post_relu_mean,1300.7803955078125,-1300.7803955078125,210.8656463623047,2.155515670776367,4.220804691314697,706.1628723144531,0.4159121223426965,-0.7885137730707672,45.52445770225721,5.248541672229766,False
51,source_localization_stage4.0.wave_feature_conv1,146,15,1000,0.002,50.0,30.0,post_relu_mean,84.60514831542969,-84.60514831542969,10.16513729095459,0.2268793135881424,0.18499569594860077,243.38104248046875,1.543553096975872,-0.07733654472839178,4.468854642873963,1.488280295729637,False
51,source_localization_stage4.0.wave_feature_conv1,146,15,1000,0.002,50.0,30.0,post_relu_mean,791.5057373046875,-791.5057373046875,99.18253326416016,0.988019585609436,1.7435076236724854,208.2296657562256,0.27714686509684533,-0.16899962218446332,9.757186824027343,1.915238162279129,False
51,source_localization_stage4.0.wave_feature_conv1,146,15,1000,0.002,50.0,30.0,post_relu_mean,1279.4742431640625,-1279.4742431640625,206.18844604492188,2.0942063331604004,3.7478127479553223,660.1011810302734,0.4056643128065877,-0.7151765763595994,41.29034373689757,5.114917454719543,False
51,source_localization_stage4.0.wave_feature_conv1,146,15,1000,0.002,150.0,5.0,post_relu_mean,93.94276428222656,-93.94276428222656,11.883563041687012,0.14498023688793182,0.2728007435798645,247.73959350585938,1.3471955549328416,-0.08909447233880585,5.147095230635348,2.2146595406532286,False
51,source_localization_stage4.0.wave_feature_conv1,146,15,1000,0.002,150.0,5.0,post_relu_mean,631.0353393554688,-631.0353393554688,80.70404052734375,0.4818694591522217,1.784168004989624,179.07902145385742,0.21903871633426897,-0.12347834995732987,7.128950937358505,2.3294293344020844,False
51,source_localization_stage4.0.wave_feature_conv1,146,15,1000,0.002,150.0,5.0,post_relu_mean,1061.43115234375,-1061.43115234375,169.80038452148438,1.1403279304504395,3.5774409770965576,525.0768280029297,0.2897251540343701,-0.5725750126785396,33.05779433737637,4.845296232700348,False
51,source_localization_stage4.0.wave_feature_conv1,146,15,1000,0.002,150.0,15.0,post_relu_mean,86.28398132324219,-86.28398132324219,10.934103012084961,0.13629023730754852,0.22540822625160217,259.9446144104004,1.3529028971106514,-0.09569731615421735,5.528261452764088,2.268627117872238,False
51,source_localization_stage4.0.wave_feature_conv1,146,15,1000,0.002,150.0,15.0,post_relu_mean,606.3859252929688,-606.3859252929688,77.22098541259766,0.45343029499053955,1.5292023420333862,173.17639923095703,0.2335995885937354,-0.11247911569264453,6.494031720751645,2.2828872215747835,False
51,source_localization_stage4.0.wave_feature_conv1,146,15,1000,0.002,150.0,15.0,post_relu_mean,1050.1937255859375,-1050.1937255859375,167.41778564453125,1.1214625835418701,3.306441068649292,498.4252014160156,0.2690601168411939,-0.5331761002002344,30.78301455916579,4.7250603556633,False
51,source_localization_stage4.0.wave_feature_conv1,146,15,1000,0.002,150.0,30.0,post_relu_mean,77.04661560058594,-77.04661560058594,9.832128524780273,0.12682902812957764,0.17889635264873505,277.7846450805664,1.3515595837702665,-0.10340438740918477,5.973342099090968,2.363131343126297,False
51,source_localization_stage4.0.wave_feature_conv1,146,15,1000,0.002,150.0,30.0,post_relu_mean,566.0862426757812,-566.0862426757812,71.7417221069336,0.415114164352417,1.2213714122772217,168.94155883789062,0.2617727606262307,-0.09947458351185037,5.7435014096330255,2.2170028257369996,False
51,source_localization_stage4.0.wave_feature_conv1,146,15,1000,0.002,150.0,30.0,post_relu_mean,1019.437255859375,-1019.437255859375,161.59339904785156,1.0785138607025146,2.916818141937256,458.65179443359375,0.24158319714183246,-0.47415521909959363,27.375072508321416,4.5613837552070615,False
53,source_localization_stage4.0.wave_feature_conv2,228,15,1000,0.002,10.0,5.0,post_relu_mean,766.090087890625,-766.090087890625,43.849239349365234,1.059058666229248,1.2273231744766235,320.22440338134766,0.06012016674487941,-0.25665192318742297,14.81783873834121,4.449907574653626,False
53,source_localization_stage4.0.wave_feature_conv2,228,15,1000,0.002,10.0,5.0,post_relu_mean,815.6004638671875,-815.6004638671875,47.870635986328125,1.206518530845642,1.4207533597946167,481.3435592651367,0.41666939688032545,-0.43776964151429226,25.27434532826008,7.274954693317413,False
53,source_localization_stage4.0.wave_feature_conv2,228,15,1000,0.002,10.0,5.0,post_relu_mean,844.2808227539062,-844.2808227539062,51.64067077636719,1.392275333404541,1.6805649995803833,626.5087890625,0.7066749721601178,-0.6029072196684068,34.80855869189375,9.482057237625122,False
53,source_localization_stage4.0.wave_feature_conv2,228,15,1000,0.002,10.0,15.0,post_relu_mean,759.1896362304688,-759.1896362304688,43.417259216308594,0.9692037105560303,1.074681043624878,319.6415138244629,0.05757649547629748,-0.24543054402013123,14.170535896916098,4.358178522586822,False
53,source_localization_stage4.0.wave_feature_conv2,228,15,1000,0.002,10.0,15.0,post_relu_mean,809.3638916015625,-809.3638916015625,47.387298583984375,1.118235468864441,1.2640475034713745,477.63230895996094,0.38802838114122806,-0.4265595037474202,24.627416908483784,7.1840762877464295,False
53,source_localization_stage4.0.wave_feature_conv2,228,15,1000,0.002,10.0,15.0,post_relu_mean,839.7313232421875,-839.7313232421875,50.95808792114258,1.2995624542236328,1.4774415493011475,620.89306640625,0.6737797386324121,-0.5832231393858579,33.67226748383057,9.365654382705689,False
53,source_localization_stage4.0.wave_feature_conv2,228,15,1000,0.002,10.0,30.0,post_relu_mean,748.7937622070312,-748.7937622070312,42.74074172973633,0.8987125158309937,0.9423460364341736,321.18981552124023,0.09004350401072866,-0.23749494789081763,13.712247497234323,4.258533425331116,False
53,source_localization_stage4.0.wave_feature_conv2,228,15,1000,0.002,10.0,30.0,post_relu_mean,803.65869140625,-803.65869140625,46.92905044555664,1.039262294769287,1.1241862773895264,476.86743927001953,0.356378339210205,-0.41288167371115425,23.838593999349925,7.036333620548248,False
53,source_localization_stage4.0.wave_feature_conv2,228,15,1000,0.002,10.0,30.0,post_relu_mean,830.36279296875,-830.36279296875,49.95136642456055,1.1902334690093994,1.290159821510315,613.7055816650391,0.6471385120374276,-0.5631381072002387,32.51338088606628,9.277536177635193,False
53,source_localization_stage4.0.wave_feature_conv2,228,15,1000,0.002,50.0,5.0,post_relu_mean,731.7892456054688,-731.7892456054688,42.303096771240234,0.5729854702949524,1.031813621520996,302.7556343078613,0.0751976595675324,-0.2364989685159304,13.654249871194379,4.2784115600585935,False
53,source_localization_stage4.0.wave_feature_conv2,228,15,1000,0.002,50.0,5.0,post_relu_mean,784.915771484375,-784.915771484375,46.0721549987793,0.6904272437095642,1.1970601081848145,456.7652931213379,0.36782819269523853,-0.4130555823404863,23.847707291410774,7.106474657058715,False
53,source_localization_stage4.0.wave_feature_conv2,228,15,1000,0.002,50.0,5.0,post_relu_mean,811.203857421875,-811.203857421875,48.8157844543457,0.7912328243255615,1.3779377937316895,590.5826721191406,0.6564421352594276,-0.5629038310338861,32.49893719070967,9.321585478782653,False
53,source_localization_stage4.0.wave_feature_conv2,228,15,1000,0.002,50.0,15.0,post_relu_mean,725.156982421875,-725.156982421875,41.83415222167969,0.5525833964347839,0.924959659576416,304.2003936767578,0.1004727227983845,-0.2309292593269116,13.332763345095678,4.2003819108009335,False
53,source_localization_stage4.0.wave_feature_conv2,228,15,1000,0.002,50.0,15.0,post_relu_mean,780.9119873046875,-780.9119873046875,45.72384262084961,0.6724897027015686,1.087988018989563,456.1482238769531,0.3524573509802171,-0.4045746567629645,23.358121458050796,7.02998952627182,False
53,source_localization_stage4.0.wave_feature_conv2,228,15,1000,0.002,50.0,15.0,post_relu_mean,808.103271484375,-808.103271484375,48.37104797363281,0.7651073932647705,1.2378727197647095,588.6375350952148,0.6398512294434505,-0.55220637155028,31.88127834498795,9.245568656921387,False
53,source_localization_stage4.0.wave_feature_conv2,228,15,1000,0.002,50.0,30.0,post_relu_mean,715.8245849609375,-715.8245849609375,41.213584899902344,0.5356396436691284,0.8229147791862488,307.7320327758789,0.13303224418950393,-0.2235195361504826,12.905123443782493,4.119476696252823,False
53,source_localization_stage4.0.wave_feature_conv2,228,15,1000,0.002,50.0,30.0,post_relu_mean,773.603271484375,-773.603271484375,45.209075927734375,0.6446266770362854,0.9822884202003479,456.2818832397461,0.327691852797044,-0.3894076239387674,22.483006542961263,6.906284642219544,False
53,source_localization_stage4.0.wave_feature_conv2,228,15,1000,0.002,50.0,30.0,post_relu_mean,800.8421630859375,-800.8421630859375,47.687477111816406,0.7327110767364502,1.1105364561080933,585.5560150146484,0.6078874907687829,-0.5363926881832934,30.968938348400794,9.125393824577332,False
53,source_localization_stage4.0.wave_feature_conv2,228,15,1000,0.002,150.0,5.0,post_relu_mean,672.1493530273438,-672.1493530273438,39.215309143066406,0.339909166097641,0.9422271251678467,298.2338562011719,0.1244673697788806,-0.20696307185816856,11.950031468754668,4.2449648213386535,False
53,source_localization_stage4.0.wave_feature_conv2,228,15,1000,0.002,150.0,5.0,post_relu_mean,733.2264404296875,-733.2264404296875,43.34097671508789,0.4332951307296753,1.0797010660171509,434.97514152526855,0.29393019676401405,-0.3620714712203742,20.90449893868913,6.864161922931671,False
53,source_localization_stage4.0.wave_feature_conv2,228,15,1000,0.002,150.0,5.0,post_relu_mean,763.8483276367188,-763.8483276367188,46.0224494934082,0.4980825185775757,1.195361614227295,557.9120330810547,0.596059442026862,-0.5036456727763409,29.07853986527536,9.11871476650238,False
53,source_localization_stage4.0.wave_feature_conv2,228,15,1000,0.002,150.0,15.0,post_relu_mean,666.8031005859375,-666.8031005859375,38.84547805786133,0.3310505747795105,0.8570281863212585,300.8532180786133,0.14501317663226715,-0.20129459131329963,11.622942658558188,4.201077725887298,False
53,source_localization_stage4.0.wave_feature_conv2,228,15,1000,0.002,150.0,15.0,post_relu_mean,729.426025390625,-729.426025390625,43.06329345703125,0.4234998822212219,0.9945470094680786,435.5955276489258,0.27067433361908233,-0.3534278741795204,20.405756789260796,6.796387298107147,False
53,source_localization_stage4.0.wave_feature_conv2,228,15,1000,0.002,150.0,15.0,post_relu_mean,760.870849609375,-760.870849609375,45.65830612182617,0.48377907276153564,1.0941612720489502,558.0914077758789,0.5832242147909974,-0.4970149541214116,28.696331493028076,9.060913395881652,False
53,source_localization_stage4.0.wave_feature_conv2,228,15,1000,0.002,150.0,30.0,post_relu_mean,656.4486083984375,-656.4486083984375,38.1973991394043,0.3193734586238861,0.7609370946884155,305.3826141357422,0.17808881939347104,-0.1941010818819054,11.2077132917925,4.14888734459877,False
53,source_localization_stage4.0.wave_feature_conv2,228,15,1000,0.002,150.0,30.0,post_relu_mean,723.6172485351562,-723.6172485351562,42.644866943359375,0.41250115633010864,0.9027207493782043,437.989501953125,0.24651428281622553,-0.3443377146287789,19.880574971571786,6.716939997673035,False
53,source_localization_stage4.0.wave_feature_conv2,228,15,1000,0.002,150.0,30.0,post_relu_mean,756.3611450195312,-756.3611450195312,45.19620895385742,0.46987682580947876,0.9927085638046265,559.3845825195312,0.5513968804240089,-0.48143013606468094,27.7975924313826,8.930045909881592,False
53,source_localization_stage4.0.wave_feature_conv2,157,15,1000,0.002,10.0,5.0,post_relu_mean,215.5183563232422,-215.5183563232422,17.62798500061035,0.8667742013931274,1.1066256761550903,72.64874649047852,0.5469720338137017,-0.03410872801670048,1.969311320112285,0.4500833901762962,False
53,source_localization_stage4.0.wave_feature_conv2,157,15,1000,0.002,10.0,5.0,post_relu_mean,429.55084228515625,-429.55084228515625,40.053592681884766,1.8063117265701294,2.8679769039154053,158.68041229248047,0.08517190146085589,-0.16405116357691044,9.47158367120282,1.4789461261034011,False
53,source_localization_stage4.0.wave_feature_conv2,157,15,1000,0.002,10.0,5.0,post_relu_mean,501.3501281738281,-501.3501281738281,57.19718933105469,2.172276020050049,3.675774335861206,297.2034225463867,0.1509498707503795,-0.31894792451903575,18.414250852840368,2.524221625328064,False
53,source_localization_stage4.0.wave_feature_conv2,157,15,1000,0.002,10.0,15.0,post_relu_mean,189.18084716796875,-189.18084716796875,15.400253295898438,0.7153140306472778,0.7023628950119019,76.18365859985352,0.5630718840966118,-0.03161125586662845,1.8250631702359197,0.43419418334960935,False
53,source_localization_stage4.0.wave_feature_conv2,157,15,1000,0.002,10.0,15.0,post_relu_mean,407.0198059082031,-407.0198059082031,37.67103576660156,1.6227388381958008,2.1862940788269043,142.52618789672852,0.07557486426211572,-0.13586739726858035,7.844216235390528,1.4067054629325866,False
53,source_localization_stage4.0.wave_feature_conv2,157,15,1000,0.002,10.0,15.0,post_relu_mean,489.1083984375,-489.1083984375,55.815921783447266,2.0142273902893066,3.081599473953247,271.16111755371094,0.13793747192108255,-0.2809055102399899,16.217909943803036,2.4200632071495054,False
53,source_localization_stage4.0.wave_feature_conv2,157,15,1000,0.002,10.0,30.0,post_relu_mean,157.13641357421875,-157.13641357421875,12.770794868469238,0.5701054334640503,0.4369094967842102,85.93828964233398,0.5843230790615282,-0.03088980848769724,1.7837407773372953,0.4569298978149891,False
53,source_localization_stage4.0.wave_feature_conv2,157,15,1000,0.002,10.0,30.0,post_relu_mean,373.71636962890625,-373.71636962890625,34.241703033447266,1.384748935699463,1.5847127437591553,130.62658309936523,0.05732862179215239,-0.11237939586108671,6.488173599708168,1.3241614270210267,False
53,source_localization_stage4.0.wave_feature_conv2,157,15,1000,0.002,10.0,30.0,post_relu_mean,467.69561767578125,-467.69561767578125,53.44374084472656,1.8356058597564697,2.489746570587158,242.06256866455078,0.11434429815165072,-0.23095515867510938,13.334413613033508,2.2708724224567414,False
53,source_localization_stage4.0.wave_feature_conv2,157,15,1000,0.002,50.0,5.0,post_relu_mean,144.77232360839844,-144.77232360839844,12.180549621582031,0.2948031425476074,0.7309305667877197,70.63489151000977,0.4958145894909794,-0.02305226655318626,1.3312780333341232,0.6636715021729469,False
53,source_localization_stage4.0.wave_feature_conv2,157,15,1000,0.002,50.0,5.0,post_relu_mean,347.76776123046875,-347.76776123046875,32.782291412353516,0.8066620826721191,2.1221375465393066,113.16482925415039,0.053832391590302925,-0.10597459264789724,6.118447586328247,1.3529155039787293,False
53,source_localization_stage4.0.wave_feature_conv2,157,15,1000,0.002,50.0,5.0,post_relu_mean,440.3241882324219,-440.3241882324219,52.26226806640625,1.1222470998764038,2.9691202640533447,228.70780181884766,0.11653900575102928,-0.2391919481824936,13.809608526111825,2.34800243973732,False
53,source_localization_stage4.0.wave_feature_conv2,157,15,1000,0.002,50.0,15.0,post_relu_mean,125.11893463134766,-125.11893463134766,10.47040843963623,0.24734753370285034,0.47700393199920654,78.03810405731201,0.5067767463882206,-0.02458336951735675,1.4195771882537773,0.6784606724977493,False
53,source_localization_stage4.0.wave_feature_conv2,157,15,1000,0.002,50.0,15.0,post_relu_mean,329.32952880859375,-329.32952880859375,30.636417388916016,0.7460722923278809,1.6241601705551147,105.81654930114746,0.05610569547037081,-0.09475760228508887,5.47084498077418,1.3187965947389602,False
53,source_localization_stage4.0.wave_feature_conv2,157,15,1000,0.002,50.0,15.0,post_relu_mean,428.1388854980469,-428.1388854980469,50.76863479614258,1.0593557357788086,2.4927124977111816,209.69845581054688,0.10548005763535184,-0.21235089724289002,12.259982372473438,2.257072114944458,False
53,source_localization_stage4.0.wave_feature_conv2,157,15,1000,0.002,50.0,30.0,post_relu_mean,103.09912109375,-103.09912109375,8.617696762084961,0.2033814638853073,0.30201855301856995,91.46244049072266,0.5224576587717829,-0.02813769100898474,1.625731957936526,0.7134642663598061,False
53,source_localization_stage4.0.wave_feature_conv2,157,15,1000,0.002,50.0,30.0,post_relu_mean,302.5148010253906,-302.5148010253906,27.791879653930664,0.657992422580719,1.1647669076919556,103.67214012145996,0.056856618498113826,-0.08688350684642972,5.01657214999199,1.2798469203710556,False
53,source_localization_stage4.0.wave_feature_conv2,157,15,1000,0.002,50.0,30.0,post_relu_mean,409.6940612792969,-409.6940612792969,48.70246124267578,1.0028648376464844,1.9995734691619873,190.17205047607422,0.08892995519883452,-0.1755312930560386,10.134198618899234,2.1432975244522097,False
53,source_localization_stage4.0.wave_feature_conv2,157,15,1000,0.002,150.0,5.0,post_relu_mean,98.19302368164062,-98.19302368164062,8.555371284484863,0.1650978922843933,0.5519418716430664,97.30719470977783,0.3103000880630576,-0.03169248232665892,1.831196266032699,1.746632227897644,False
53,source_localization_stage4.0.wave_feature_conv2,157,15,1000,0.002,150.0,5.0,post_relu_mean,239.46510314941406,-239.46510314941406,23.576807022094727,0.34576308727264404,1.3554948568344116,89.32084465026855,0.06954232366732842,-0.0581175168102576,3.3553899412971404,1.9430044478178023,False
53,source_localization_stage4.0.wave_feature_conv2,157,15,1000,0.002,150.0,5.0,post_relu_mean,338.1692810058594,-338.1692810058594,42.74413299560547,0.5233436822891235,2.131528615951538,163.99920272827148,0.09111177826242678,-0.14067782014145686,8.121964134869543,2.476805726289749,False
53,source_localization_stage4.0.wave_feature_conv2,157,15,1000,0.002,150.0,15.0,post_relu_mean,86.86508178710938,-86.86508178710938,7.554967880249023,0.14414671063423157,0.4096631705760956,106.82353782653809,0.32201210025761234,-0.035864544552819,2.0728772308474217,1.762961236834526,False
53,source_localization_stage4.0.wave_feature_conv2,157,15,1000,0.002,150.0,15.0,post_relu_mean,223.72129821777344,-223.72129821777344,21.896257400512695,0.31109923124313354,1.0787274837493896,88.85874557495117,0.06188334601732291,-0.05418040852155796,3.128235724048746,1.9164598399400712,False
53,source_localization_stage4.0.wave_feature_conv2,157,15,1000,0.002,150.0,15.0,post_relu_mean,326.68487548828125,-326.68487548828125,41.3975715637207,0.4924812912940979,1.8337819576263428,152.72444915771484,0.08139892972573315,-0.12213653945550905,7.051576660451443,2.4135006928443907,False
53,source_localization_stage4.0.wave_feature_conv2,157,15,1000,0.002,150.0,30.0,post_relu_mean,74.29107666015625,-74.29107666015625,6.469569206237793,0.12246499955654144,0.28581976890563965,122.55036354064941,0.33803876473785965,-0.04166830882712833,2.4087680615415628,1.8045218926668167,False
53,source_localization_stage4.0.wave_feature_conv2,157,15,1000,0.002,150.0,30.0,post_relu_mean,200.38418579101562,-200.38418579101562,19.472108840942383,0.26853618025779724,0.7840813994407654,93.30953598022461,0.06279730377054268,-0.04991562503067093,2.8820451319594538,1.9316971093416213,False
53,source_localization_stage4.0.wave_feature_conv2,157,15,1000,0.002,150.0,30.0,post_relu_mean,309.70526123046875,-309.70526123046875,39.3673095703125,0.451263427734375,1.48335862159729,143.58798217773438,0.07221162684255568,-0.10672041500820849,6.16145042286435,2.3563397622108457,False
53,source_localization_stage4.0.wave_feature_conv2,167,15,1000,0.002,10.0,5.0,post_relu_mean,542.7698974609375,-542.7698974609375,41.08884048461914,0.7720777988433838,0.9912493824958801,169.0635986328125,0.2579712564463321,-0.11321274295246969,6.537735513364366,1.9192255115509034,False
53,source_localization_stage4.0.wave_feature_conv2,167,15,1000,0.002,10.0,5.0,post_relu_mean,615.99267578125,-615.99267578125,47.462345123291016,0.9752270579338074,1.2408478260040283,326.7306365966797,0.238257909546501,-0.28556457299799193,16.487050119247716,4.795478909015656,False
53,source_localization_stage4.0.wave_feature_conv2,167,15,1000,0.002,10.0,5.0,post_relu_mean,653.517333984375,-653.517333984375,55.52558898925781,1.3240092992782593,1.7255628108978271,471.4476089477539,0.5094547135421366,-0.4430955555154138,25.582430777912624,6.971914498806,False
53,source_localization_stage4.0.wave_feature_conv2,167,15,1000,0.002,10.0,15.0,post_relu_mean,533.3588256835938,-533.3588256835938,40.30606460571289,0.7175308465957642,0.841547429561615,171.44160842895508,0.2866947976720226,-0.10079038655615745,5.81952634224884,1.861867789030075,False
53,source_localization_stage4.0.wave_feature_conv2,167,15,1000,0.002,10.0,15.0,post_relu_mean,610.56884765625,-610.56884765625,46.9718017578125,0.9028898477554321,1.0967166423797607,325.31916427612305,0.21278604966435088,-0.2808515348915827,16.2164867718124,4.705888133049012,False
53,source_localization_stage4.0.wave_feature_conv2,167,15,1000,0.002,10.0,15.0,post_relu_mean,647.6648559570312,-647.6648559570312,54.33031463623047,1.214565634727478,1.4702816009521484,465.5412902832031,0.48254363177710985,-0.4260235991678601,24.597700764019912,6.878946905136108,False
53,source_localization_stage4.0.wave_feature_conv2,167,15,1000,0.002,10.0,30.0,post_relu_mean,514.5045776367188,-514.5045776367188,38.9215087890625,0.6273126602172852,0.6963533163070679,175.6919403076172,0.3358910406783853,-0.09243805586831258,5.337832673624383,1.7819229936599732,False
53,source_localization_stage4.0.wave_feature_conv2,167,15,1000,0.002,10.0,30.0,post_relu_mean,602.0934448242188,-602.0934448242188,46.29502868652344,0.8369263410568237,0.9779294729232788,324.6243324279785,0.1770546240438407,-0.26687478228215467,15.410625327138094,4.566566967964173,False
53,source_localization_stage4.0.wave_feature_conv2,167,15,1000,0.002,10.0,30.0,post_relu_mean,637.4544677734375,-637.4544677734375,53.1657600402832,1.0946807861328125,1.2540020942687988,458.75267791748047,0.4592431593704906,-0.40012768432919316,23.102894215509348,6.793612642288208,False
53,source_localization_stage4.0.wave_feature_conv2,167,15,1000,0.002,50.0,5.0,post_relu_mean,507.8948974609375,-507.8948974609375,38.757144927978516,0.39324507117271423,0.8631470799446106,164.65635681152344,0.2834483082360096,-0.09383871351010459,5.418457746002727,1.8614295083284378,False
53,source_localization_stage4.0.wave_feature_conv2,167,15,1000,0.002,50.0,5.0,post_relu_mean,591.1718139648438,-591.1718139648438,45.77854537963867,0.5651482343673706,1.0937552452087402,311.010799407959,0.19776921047555748,-0.26100543577279617,15.069240901724937,4.633429634571075,False
53,source_localization_stage4.0.wave_feature_conv2,167,15,1000,0.002,50.0,5.0,post_relu_mean,611.8449096679688,-611.8449096679688,48.13917922973633,0.6440547704696655,1.2097349166870117,439.2298812866211,0.491192126775157,-0.4081703027759409,23.566975548639086,6.898963050842285,False
53,source_localization_stage4.0.wave_feature_conv2,167,15,1000,0.002,50.0,15.0,post_relu_mean,496.9271240234375,-496.9271240234375,37.873924255371094,0.3739040493965149,0.740824818611145,167.77399444580078,0.3176499247673847,-0.08818901332671257,5.092500695849733,1.801028608083725,False
53,source_localization_stage4.0.wave_feature_conv2,167,15,1000,0.002,50.0,15.0,post_relu_mean,586.1939697265625,-586.1939697265625,45.33355712890625,0.5472637414932251,0.9858499765396118,310.9159755706787,0.17686603084695168,-0.25308678475018515,14.612715169120808,4.550250980854035,False
53,source_localization_stage4.0.wave_feature_conv2,167,15,1000,0.002,50.0,15.0,post_relu_mean,609.9174194335938,-609.9174194335938,47.79210662841797,0.6309805512428284,1.1033823490142822,438.88392639160156,0.47225719248074033,-0.3977609140317009,22.96509669586091,6.83980376958847,False
53,source_localization_stage4.0.wave_feature_conv2,167,15,1000,0.002,50.0,30.0,post_relu_mean,481.47064208984375,-481.47064208984375,36.67778396606445,0.354566752910614,0.6230274438858032,174.29158782958984,0.36605060997669,-0.08176009699238454,4.721735038123725,1.7326500815153123,False
53,source_localization_stage4.0.wave_feature_conv2,167,15,1000,0.002,50.0,30.0,post_relu_mean,576.2534790039062,-576.2534790039062,44.642059326171875,0.5150597095489502,0.8768843412399292,311.1486339569092,0.15430994431267514,-0.23188383975193858,13.388936824606741,4.443977861404419,False
53,source_localization_stage4.0.wave_feature_conv2,167,15,1000,0.002,50.0,30.0,post_relu_mean,603.7302856445312,-603.7302856445312,47.327701568603516,0.6035956144332886,0.9954678416252136,437.84131622314453,0.448701022545851,-0.38146916365932815,22.025465948362175,6.747720875740051,False
53,source_localization_stage4.0.wave_feature_conv2,167,15,1000,0.002,150.0,5.0,post_relu_mean,440.67230224609375,-440.67230224609375,33.82220458984375,0.22661378979682922,0.7745380997657776,179.02579498291016,0.25776781877295624,-0.08767819652301306,5.065059403601225,2.304277741909027,False
53,source_localization_stage4.0.wave_feature_conv2,167,15,1000,0.002,150.0,5.0,post_relu_mean,547.2782592773438,-547.2782592773438,42.585060119628906,0.3636881709098816,1.0105632543563843,303.3342342376709,0.1447948828666284,-0.23236848574107416,13.416335499773147,4.608723311424256,False
53,source_localization_stage4.0.wave_feature_conv2,167,15,1000,0.002,150.0,5.0,post_relu_mean,579.0416259765625,-579.0416259765625,45.541419982910156,0.43731459975242615,1.1121890544891357,422.24697494506836,0.4514421782234911,-0.37055992122459314,21.39488518164618,6.8191858720779415,False
53,source_localization_stage4.0.wave_feature_conv2,167,15,1000,0.002,150.0,15.0,post_relu_mean,431.31903076171875,-431.31903076171875,33.05097198486328,0.21437183022499084,0.6762672066688538,184.03264999389648,0.27904277148336376,-0.08561607549672079,4.945201760224175,2.2926423239707945,False
53,source_localization_stage4.0.wave_feature_conv2,167,15,1000,0.002,150.0,15.0,post_relu_mean,543.939453125,-543.939453125,42.281803131103516,0.3517078161239624,0.9207140803337097,305.63372802734375,0.1238798498394018,-0.22668987974851956,13.088820137959122,4.547489080429077,False
53,source_localization_stage4.0.wave_feature_conv2,167,15,1000,0.002,150.0,15.0,post_relu_mean,575.4130859375,-575.4130859375,45.21830749511719,0.42255350947380066,1.0200724601745605,422.49840545654297,0.4099498276340628,-0.3593837600761796,20.75053924199808,6.698564512729645,False
53,source_localization_stage4.0.wave_feature_conv2,167,15,1000,0.002,150.0,30.0,post_relu_mean,416.022216796875,-416.022216796875,31.838315963745117,0.20112216472625732,0.5731825828552246,192.42260360717773,0.31512664126146167,-0.08284979707309761,4.786055883566535,2.2870460641384125,False
53,source_localization_stage4.0.wave_feature_conv2,167,15,1000,0.002,150.0,30.0,post_relu_mean,537.057861328125,-537.057861328125,41.719093322753906,0.33983510732650757,0.8216750621795654,309.13123321533203,0.09771113723888136,-0.2175613292767622,12.561251555247352,4.48027291059494,False
53,source_localization_stage4.0.wave_feature_conv2,167,15,1000,0.002,150.0,30.0,post_relu_mean,572.0509033203125,-572.0509033203125,44.89027786254883,0.4121709167957306,0.9239753484725952,425.2277374267578,0.395359547423064,-0.3455309606769711,19.95139334528747,6.6306894230842595,False
56,source_localization_stage4.0.skip_connection.0,157,15,1000,0.002,10.0,5.0,post_relu_mean,27.10059356689453,-27.10059356689453,3.371098041534424,0.297987699508667,0.19238220155239105,83.07649517059326,0.35237752769097747,-0.029406737245533818,1.7005600286834717,0.6768804836273193,False
56,source_localization_stage4.0.skip_connection.0,157,15,1000,0.002,10.0,5.0,post_relu_mean,443.3386535644531,-443.3386535644531,59.92291259765625,1.5463535785675049,2.5065834522247314,101.8981876373291,0.040516451857427735,-0.09531666682360725,5.503061286738923,0.9252440744638443,False
56,source_localization_stage4.0.skip_connection.0,157,15,1000,0.002,10.0,5.0,post_relu_mean,601.4739379882812,-601.4739379882812,92.12261199951172,2.594898223876953,4.300339698791504,362.1046676635742,0.23096341578215104,-0.3956194138618115,22.84082712844747,2.6145915889739992,False
56,source_localization_stage4.0.skip_connection.0,157,15,1000,0.002,10.0,15.0,post_relu_mean,24.022075653076172,-24.022075653076172,2.9861438274383545,0.2606881260871887,0.13903261721134186,94.17975330352783,0.3548317846451195,-0.033113385618720965,1.9147661053199125,0.7455960381031036,False
56,source_localization_stage4.0.skip_connection.0,157,15,1000,0.002,10.0,15.0,post_relu_mean,403.43206787109375,-403.43206787109375,54.03684616088867,1.3507823944091797,1.7650818824768066,90.51713943481445,0.05368446565824743,-0.07180177425234885,4.145779718414234,0.8482321894168854,False
56,source_localization_stage4.0.skip_connection.0,157,15,1000,0.002,10.0,15.0,post_relu_mean,590.1991577148438,-590.1991577148438,89.71298217773438,2.467520236968994,3.6612846851348877,332.1785430908203,0.21771736102495018,-0.3483447987536358,20.111511118600546,2.507213177680969,False
56,source_localization_stage4.0.skip_connection.0,157,15,1000,0.002,10.0,30.0,post_relu_mean,22.437625885009766,-22.437625885009766,2.793524742126465,0.2302093505859375,0.11043012142181396,110.2230978012085,0.37469935624694567,-0.037730326690794,2.1818182057682187,0.8254347825050354,False
56,source_localization_stage4.0.skip_connection.0,157,15,1000,0.002,10.0,30.0,post_relu_mean,339.13946533203125,-339.13946533203125,44.98746109008789,1.1176164150238037,1.1385058164596558,82.74841690063477,0.0887871208757927,-0.054090042463311346,3.1243433904555338,0.7706542617082596,False
56,source_localization_stage4.0.skip_connection.0,157,15,1000,0.002,10.0,30.0,post_relu_mean,563.795166015625,-563.795166015625,84.78618621826172,2.2670774459838867,2.906115770339966,297.06580352783203,0.1975098839236127,-0.2937034460331112,16.95714852412243,2.371621534824371,False
56,source_localization_stage4.0.skip_connection.0,157,15,1000,0.002,50.0,5.0,post_relu_mean,25.937902450561523,-25.937902450561523,3.3987481594085693,0.1123974546790123,0.16297857463359833,97.59609317779541,0.28430547094313247,-0.04012373014427327,2.3191056555264913,0.9799228367209435,False
56,source_localization_stage4.0.skip_connection.0,157,15,1000,0.002,50.0,5.0,post_relu_mean,314.5862731933594,-314.5862731933594,42.242767333984375,0.5712215900421143,1.698074221611023,70.9432864189148,0.05765282262126155,-0.05690336633835463,3.2855534610102852,0.9093197485804558,False
56,source_localization_stage4.0.skip_connection.0,157,15,1000,0.002,50.0,5.0,post_relu_mean,520.9429931640625,-520.9429931640625,79.4639892578125,1.4338057041168213,3.528359889984131,270.8027114868164,0.18073610450311106,-0.30453530966417475,17.582207661940423,2.353904528617859,False
56,source_localization_stage4.0.skip_connection.0,157,15,1000,0.002,50.0,15.0,post_relu_mean,23.10399055480957,-23.10399055480957,3.033508539199829,0.10434688627719879,0.11930491030216217,108.92524147033691,0.29558503371409167,-0.04366345419454923,2.5235778730882963,1.0362625280022622,False
56,source_localization_stage4.0.skip_connection.0,157,15,1000,0.002,50.0,15.0,post_relu_mean,281.0758056640625,-281.0758056640625,37.26971435546875,0.48957014083862305,1.1798360347747803,68.25630760192871,0.06535337666371704,-0.04413534917325721,2.5483768118397303,0.87631920337677,False
56,source_localization_stage4.0.skip_connection.0,157,15,1000,0.002,50.0,15.0,post_relu_mean,507.0120544433594,-507.0120544433594,76.77919006347656,1.3717330694198608,2.9508514404296875,247.12203979492188,0.1669323216105341,-0.26083846811288686,15.059473926476484,2.2427768182754515,False
56,source_localization_stage4.0.skip_connection.0,157,15,1000,0.002,50.0,30.0,post_relu_mean,21.705299377441406,-21.705299377441406,2.8423867225646973,0.10027088224887848,0.09457627683877945,125.21807670593262,0.3209162387749419,-0.04748956264294714,2.7453245268587425,1.101857954263687,False
56,source_localization_stage4.0.skip_connection.0,157,15,1000,0.002,50.0,30.0,post_relu_mean,236.68609619140625,-236.68609619140625,30.992305755615234,0.40566742420196533,0.7528041005134583,71.1864242553711,0.09106775784529604,-0.038132156854736955,2.201919918938694,0.8555806449055672,False
56,source_localization_stage4.0.skip_connection.0,157,15,1000,0.002,50.0,30.0,post_relu_mean,480.989990234375,-480.989990234375,72.28628540039062,1.2740222215652466,2.3116872310638428,222.01482391357422,0.14370714943552604,-0.2224172143915414,12.841426844775114,2.1219944846630097,False
56,source_localization_stage4.0.skip_connection.0,157,15,1000,0.002,150.0,5.0,post_relu_mean,30.938987731933594,-30.938987731933594,4.30578088760376,0.07954481989145279,0.2120925784111023,133.09883308410645,0.1678060785852161,-0.05777342418589686,3.338079601376641,1.96988263964653,False
56,source_localization_stage4.0.skip_connection.0,157,15,1000,0.002,150.0,5.0,post_relu_mean,188.3130340576172,-188.3130340576172,25.81844711303711,0.22627654671669006,1.0084900856018066,70.98856735229492,0.04943007908655933,-0.034179465815247216,1.9734705233016596,1.8252145332098006,False
56,source_localization_stage4.0.skip_connection.0,157,15,1000,0.002,150.0,5.0,post_relu_mean,353.67962646484375,-353.67962646484375,53.30491638183594,0.5772107839584351,2.282249927520752,167.16701889038086,0.09717104453960398,-0.1536603336081021,8.871501469633744,2.368527317047119,False
56,source_localization_stage4.0.skip_connection.0,157,15,1000,0.002,150.0,15.0,post_relu_mean,27.562910079956055,-27.562910079956055,3.8209214210510254,0.07364735007286072,0.1636740267276764,145.1441478729248,0.17987611465728076,-0.06264331889440423,3.6196941096179107,2.0238158601522445,False
56,source_localization_stage4.0.skip_connection.0,157,15,1000,0.002,150.0,15.0,post_relu_mean,167.33273315429688,-167.33273315429688,22.7145938873291,0.19393077492713928,0.7490739822387695,75.26856517791748,0.040154039999941854,-0.03336793276890447,1.927174526321224,1.8147154158353807,False
56,source_localization_stage4.0.skip_connection.0,157,15,1000,0.002,150.0,15.0,post_relu_mean,339.64288330078125,-339.64288330078125,50.78749465942383,0.5393328666687012,1.9352538585662842,154.7946548461914,0.0934348115048596,-0.13427083363851672,7.752106322045054,2.3168890571594236,False
56,source_localization_stage4.0.skip_connection.0,157,15,1000,0.002,150.0,30.0,post_relu_mean,24.70464324951172,-24.70464324951172,3.425060272216797,0.06798161566257477,0.12363529950380325,162.46462440490723,0.20126495273464792,-0.0683616618656624,3.950928171522711,2.100749931335449,False
56,source_localization_stage4.0.skip_connection.0,157,15,1000,0.002,150.0,30.0,post_relu_mean,140.13375854492188,-140.13375854492188,18.872238159179688,0.15817567706108093,0.4998193383216858,85.51039218902588,0.040282334288527386,-0.03458681757752485,1.9979648048415266,1.838287694454193,False
56,source_localization_stage4.0.skip_connection.0,157,15,1000,0.002,150.0,30.0,post_relu_mean,320.74884033203125,-320.74884033203125,47.57798385620117,0.4935219883918762,1.5541913509368896,145.00909423828125,0.07483172550352174,-0.11617701864131683,6.707419684347744,2.242795417308807,False
56,source_localization_stage4.0.skip_connection.0,124,15,1000,0.002,10.0,5.0,post_relu_mean,25.94550323486328,-25.94550323486328,3.4423940181732178,0.3972094655036926,0.23818081617355347,98.60871124267578,0.3539092029485574,-0.03317595638875119,1.9182752429562804,0.7835882437229157,False
56,source_localization_stage4.0.skip_connection.0,124,15,1000,0.002,10.0,5.0,post_relu_mean,308.4609680175781,-308.4609680175781,44.74297332763672,1.26755690574646,1.9749159812927246,66.63659715652466,0.08614005719795056,-0.05068555852079895,2.9264274961783654,0.6255871114134789,False
56,source_localization_stage4.0.skip_connection.0,124,15,1000,0.002,10.0,5.0,post_relu_mean,492.3807678222656,-492.3807678222656,88.73235321044922,2.358424663543701,3.9599828720092773,278.457275390625,0.12118710377417953,-0.2958427126037648,17.08060687973971,2.102685467004776,False
56,source_localization_stage4.0.skip_connection.0,124,15,1000,0.002,10.0,15.0,post_relu_mean,23.441619873046875,-23.441619873046875,3.1039466857910156,0.34319067001342773,0.17385488748550415,109.69538497924805,0.3626189720608906,-0.03747745680860877,2.167081272911389,0.8394727480411529,False
56,source_localization_stage4.0.skip_connection.0,124,15,1000,0.002,10.0,15.0,post_relu_mean,266.879150390625,-266.879150390625,38.34899139404297,1.0787031650543213,1.2541130781173706,61.05892467498779,0.10759983016815595,-0.039269866256696706,2.2673824461842664,0.5861374136805534,False
56,source_localization_stage4.0.skip_connection.0,124,15,1000,0.002,10.0,15.0,post_relu_mean,478.3653564453125,-478.3653564453125,85.71347045898438,2.2138900756835938,3.3073890209198,250.17803192138672,0.09854994571673434,-0.2561176957356674,14.786815172651368,1.9851842051744462,False
56,source_localization_stage4.0.skip_connection.0,124,15,1000,0.002,10.0,30.0,post_relu_mean,21.264846801757812,-21.264846801757812,2.8370754718780518,0.29841089248657227,0.13351862132549286,125.86160850524902,0.3830444752308375,-0.04319467746835043,2.497693789602072,0.9203716334700585,False
56,source_localization_stage4.0.skip_connection.0,124,15,1000,0.002,10.0,30.0,post_relu_mean,207.93902587890625,-207.93902587890625,29.74950408935547,0.8341658711433411,0.7123947739601135,61.62569618225098,0.14515372375439084,-0.026267449403215067,1.5172321160691422,0.5500189989805222,False
56,source_localization_stage4.0.skip_connection.0,124,15,1000,0.002,10.0,30.0,post_relu_mean,449.4262390136719,-449.4262390136719,79.02564239501953,2.004067897796631,2.57216739654541,219.09498596191406,0.07055497734278869,-0.20818453094155107,12.019513460560251,1.843186839222908,False
56,source_localization_stage4.0.skip_connection.0,124,15,1000,0.002,50.0,5.0,post_relu_mean,21.429353713989258,-21.429353713989258,3.2003979682922363,0.1337222456932068,0.1709589958190918,112.58637046813965,0.2804898357638199,-0.04723002860008405,2.729458753665816,1.0869851672649384,False
56,source_localization_stage4.0.skip_connection.0,124,15,1000,0.002,50.0,5.0,post_relu_mean,210.50967407226562,-210.50967407226562,31.3946533203125,0.42736199498176575,1.2234879732131958,48.94328308105469,0.08701137740317501,-0.026721455842906992,1.5437955959233143,0.720334004163742,False
56,source_localization_stage4.0.skip_connection.0,124,15,1000,0.002,50.0,5.0,post_relu_mean,415.6594543457031,-415.6594543457031,71.71407318115234,1.1635496616363525,3.1966421604156494,206.42948532104492,0.06875530575073299,-0.2122146589507633,12.252147940052602,1.8690401369333267,False
56,source_localization_stage4.0.skip_connection.0,124,15,1000,0.002,50.0,15.0,post_relu_mean,19.55715560913086,-19.55715560913086,2.9250478744506836,0.12461187690496445,0.1321427971124649,123.87866973876953,0.2922861296165682,-0.051316702683993194,2.9653187579585567,1.1427080810070038,False
56,source_localization_stage4.0.skip_connection.0,124,15,1000,0.002,50.0,15.0,post_relu_mean,171.67108154296875,-171.67108154296875,25.451993942260742,0.34660086035728455,0.7510296106338501,49.79085731506348,0.10312201207451309,-0.021784396219850788,1.2582841321773233,0.7039817002415657,False
56,source_localization_stage4.0.skip_connection.0,124,15,1000,0.002,50.0,15.0,post_relu_mean,400.62689208984375,-400.62689208984375,68.81893157958984,1.104315996170044,2.6483452320098877,184.5946273803711,0.04940760278661469,-0.17861907005667693,10.312764071173847,1.7553567397594452,False
56,source_localization_stage4.0.skip_connection.0,124,15,1000,0.002,50.0,30.0,post_relu_mean,18.44293212890625,-18.44293212890625,2.763312816619873,0.11836592108011246,0.10510271042585373,140.14739227294922,0.32092191849552504,-0.05651123802060886,3.266591987908111,1.2132940596342088,False
56,source_localization_stage4.0.skip_connection.0,124,15,1000,0.002,50.0,30.0,post_relu_mean,129.55894470214844,-129.55894470214844,19.13510513305664,0.2665247321128845,0.4064604640007019,58.962836265563965,0.1321270813388682,-0.021277073461975635,1.2311571637065788,0.7197668772935867,False
56,source_localization_stage4.0.skip_connection.0,124,15,1000,0.002,50.0,30.0,post_relu_mean,377.694580078125,-377.694580078125,64.47469329833984,1.0243134498596191,2.0431363582611084,165.06198120117188,0.04345573656692633,-0.1479557648540517,8.542188256172766,1.6693955105543137,False
56,source_localization_stage4.0.skip_connection.0,124,15,1000,0.002,150.0,5.0,post_relu_mean,23.52106285095215,-23.52106285095215,3.8425545692443848,0.08342122286558151,0.20034576952457428,148.41192054748535,0.1695957362066862,-0.06543909865971366,3.782587670401097,2.0562839424610138,False
56,source_localization_stage4.0.skip_connection.0,124,15,1000,0.002,150.0,5.0,post_relu_mean,122.08772277832031,-122.08772277832031,19.320602416992188,0.17463085055351257,0.6957089900970459,64.83335781097412,0.04461764215979124,-0.02068858885187493,1.1952722460570353,1.7745630955696106,False
56,source_localization_stage4.0.skip_connection.0,124,15,1000,0.002,150.0,5.0,post_relu_mean,283.97796630859375,-283.97796630859375,48.53251647949219,0.46983587741851807,2.0893893241882324,137.29733848571777,0.04998728035265079,-0.10800911162000239,6.235862945566314,2.1039097011089325,False
56,source_localization_stage4.0.skip_connection.0,124,15,1000,0.002,150.0,15.0,post_relu_mean,21.357316970825195,-21.357316970825195,3.5005712509155273,0.07692106068134308,0.16078701615333557,160.3157615661621,0.1840947370932594,-0.07031993715044058,4.063983104888079,2.104375522136688,False
56,source_localization_stage4.0.skip_connection.0,124,15,1000,0.002,150.0,15.0,post_relu_mean,103.80199432373047,-103.80199432373047,16.365482330322266,0.14726179838180542,0.4910522997379303,72.62416934967041,0.04293641204001769,-0.02391977968053576,1.381983291070238,1.7884112703800201,False
56,source_localization_stage4.0.skip_connection.0,124,15,1000,0.002,150.0,15.0,post_relu_mean,269.7688293457031,-269.7688293457031,46.04479217529297,0.43571487069129944,1.7586629390716553,125.84388732910156,0.043186659538252375,-0.08973204732683315,5.180746697748099,2.040346703529358,False
56,source_localization_stage4.0.skip_connection.0,124,15,1000,0.002,150.0,30.0,post_relu_mean,19.499971389770508,-19.499971389770508,3.2042224407196045,0.07163861393928528,0.12628138065338135,177.4618740081787,0.2132679895753231,-0.0757423006333978,4.376934527469824,2.1555595600605013,False
56,source_localization_stage4.0.skip_connection.0,124,15,1000,0.002,150.0,30.0,post_relu_mean,82.50931549072266,-82.50931549072266,12.97369384765625,0.11920081079006195,0.31243300437927246,87.11660194396973,0.05156957160743813,-0.028738008940612382,1.6603778533689566,1.8182956647872925,False
56,source_localization_stage4.0.skip_connection.0,124,15,1000,0.002,150.0,30.0,post_relu_mean,247.3763885498047,-247.3763885498047,42.16532516479492,0.388327956199646,1.3660365343093872,116.46204376220703,0.043776560048223265,-0.07193234142605884,4.153749364964669,1.988503131866455,False
56,source_localization_stage4.0.skip_connection.0,4,15,1000,0.002,10.0,5.0,post_relu_mean,18.193370819091797,-18.193370819091797,2.8221559524536133,0.32938188314437866,0.19311486184597015,99.01702117919922,0.34817575096014824,-0.03701114121018427,2.1382152013510907,0.7638090187311173,False
56,source_localization_stage4.0.skip_connection.0,4,15,1000,0.002,10.0,5.0,post_relu_mean,270.9544372558594,-270.9544372558594,40.907466888427734,1.0910313129425049,1.7238683700561523,52.36267137527466,0.0536495551435779,-0.04091035201581181,2.36196624485481,0.5448942014575004,False
56,source_localization_stage4.0.skip_connection.0,4,15,1000,0.002,10.0,5.0,post_relu_mean,506.1694641113281,-506.1694641113281,93.91209411621094,2.4445810317993164,4.3056321144104,285.4951400756836,0.13371958462204053,-0.3166681088795407,18.282640256366566,1.9824198079109192,False
56,source_localization_stage4.0.skip_connection.0,4,15,1000,0.002,10.0,15.0,post_relu_mean,16.343978881835938,-16.343978881835938,2.5417587757110596,0.287868857383728,0.14411741495132446,110.273362159729,0.3572581620917172,-0.040969522732693414,2.36731253265608,0.8259867280721664,False
56,source_localization_stage4.0.skip_connection.0,4,15,1000,0.002,10.0,15.0,post_relu_mean,226.92120361328125,-226.92120361328125,33.81488800048828,0.8892688751220703,1.0199666023254395,50.21263122558594,0.07685284085989447,-0.02996365604902757,1.7303074956904714,0.4966409532725811,False
56,source_localization_stage4.0.skip_connection.0,4,15,1000,0.002,10.0,15.0,post_relu_mean,490.1579895019531,-490.1579895019531,90.4871826171875,2.3225908279418945,3.573493003845215,253.1370391845703,0.10967355527780165,-0.2676348057993442,15.45209917191929,1.853708645105362,False
56,source_localization_stage4.0.skip_connection.0,4,15,1000,0.002,10.0,30.0,post_relu_mean,15.136378288269043,-15.136378288269043,2.391739845275879,0.25294074416160583,0.11408022791147232,126.27882289886475,0.37892430571024627,-0.04565813186100184,2.6394559761472545,0.9091011199355126,False
56,source_localization_stage4.0.skip_connection.0,4,15,1000,0.002,10.0,30.0,post_relu_mean,180.52500915527344,-180.52500915527344,26.630693435668945,0.7078779935836792,0.5815504193305969,56.028520584106445,0.11351084578977715,-0.026289344663998376,1.5189788969855922,0.487865120023489,False
56,source_localization_stage4.0.skip_connection.0,4,15,1000,0.002,10.0,30.0,post_relu_mean,465.5960693359375,-465.5960693359375,85.36775207519531,2.1287856101989746,2.762627601623535,222.98041534423828,0.09539778959498658,-0.2184687654911099,12.613914158181615,1.7419886815547942,False
56,source_localization_stage4.0.skip_connection.0,4,15,1000,0.002,50.0,5.0,post_relu_mean,16.911043167114258,-16.911043167114258,2.8162851333618164,0.1194470226764679,0.15251296758651733,113.76963806152344,0.28427536226711264,-0.04830544829449061,2.790423552984717,1.0597727477550507,False
56,source_localization_stage4.0.skip_connection.0,4,15,1000,0.002,50.0,5.0,post_relu_mean,169.131103515625,-169.131103515625,26.022022247314453,0.35007160902023315,0.9940314292907715,40.4742488861084,0.05107459690208385,-0.02089504475480196,1.2065494796918574,0.6712886559963226,False
56,source_localization_stage4.0.skip_connection.0,4,15,1000,0.002,50.0,5.0,post_relu_mean,421.07080078125,-421.07080078125,75.83229064941406,1.2305631637573242,3.4906375408172607,203.92065811157227,0.07182984928889995,-0.218738709686309,12.628814570551878,1.7112317484617234,False
56,source_localization_stage4.0.skip_connection.0,4,15,1000,0.002,50.0,15.0,post_relu_mean,15.50326919555664,-15.50326919555664,2.5920114517211914,0.11157505214214325,0.11771930009126663,125.07780075073242,0.29818884976688953,-0.0522389819045708,3.018162475437291,1.1207605171203614,False
56,source_localization_stage4.0.skip_connection.0,4,15,1000,0.002,50.0,15.0,post_relu_mean,137.53884887695312,-137.53884887695312,20.98429298400879,0.28148919343948364,0.592515230178833,44.66500949859619,0.06955864541696456,-0.01915796835746356,1.106493931377604,0.6670724162459374,False
56,source_localization_stage4.0.skip_connection.0,4,15,1000,0.002,50.0,15.0,post_relu_mean,404.77978515625,-404.77978515625,72.87786865234375,1.1668658256530762,2.8617286682128906,179.37899780273438,0.051524350079090536,-0.18403663694192443,10.625529179322376,1.5936103087663651,False
56,source_localization_stage4.0.skip_connection.0,4,15,1000,0.002,50.0,30.0,post_relu_mean,14.780067443847656,-14.780067443847656,2.4832394123077393,0.10587522387504578,0.09479327499866486,141.27352333068848,0.32716833904296727,-0.057062886496383476,3.297415988876774,1.1876241475343705,False
56,source_localization_stage4.0.skip_connection.0,4,15,1000,0.002,50.0,30.0,post_relu_mean,104.0224838256836,-104.0224838256836,15.808771133422852,0.21979907155036926,0.3258555829524994,55.847049713134766,0.10276481447731702,-0.01878318492858218,1.0864774120893468,0.6882101738452912,False
56,source_localization_stage4.0.skip_connection.0,4,15,1000,0.002,50.0,30.0,post_relu_mean,375.8358459472656,-375.8358459472656,67.12911987304688,1.069230079650879,2.1652822494506836,155.65729522705078,0.033066407844080874,-0.146140509359139,8.437669857477413,1.4729118245840072,False
56,source_localization_stage4.0.skip_connection.0,4,15,1000,0.002,150.0,5.0,post_relu_mean,20.63026237487793,-20.63026237487793,3.613062620162964,0.07721337676048279,0.19089551270008087,149.84892463684082,0.16498416317018386,-0.06450884598654959,3.726973014001101,2.0472119295597078,False
56,source_localization_stage4.0.skip_connection.0,4,15,1000,0.002,150.0,5.0,post_relu_mean,96.03326416015625,-96.03326416015625,15.727518081665039,0.16248665750026703,0.597477912902832,60.09168338775635,0.03982082416628484,-0.019699672040779832,1.138499672094781,1.7371500521898269,False
56,source_localization_stage4.0.skip_connection.0,4,15,1000,0.002,150.0,5.0,post_relu_mean,276.3450622558594,-276.3450622558594,49.71303939819336,0.48345324397087097,2.171790599822998,127.04797172546387,0.060842699365135894,-0.10368452174713795,5.986158761191479,2.049800270795822,False
56,source_localization_stage4.0.skip_connection.0,4,15,1000,0.002,150.0,15.0,post_relu_mean,18.677162170410156,-18.677162170410156,3.2785096168518066,0.07208704948425293,0.15322913229465485,161.74917030334473,0.18056550818431416,-0.06976052511053989,4.031076789625277,2.098772478103638,False
56,source_localization_stage4.0.skip_connection.0,4,15,1000,0.002,150.0,15.0,post_relu_mean,79.91851806640625,-79.91851806640625,13.051222801208496,0.13480159640312195,0.4093877971172333,69.4405632019043,0.03545624224370335,-0.0235876600137755,1.3637089116750671,1.7593268239498139,False
56,source_localization_stage4.0.skip_connection.0,4,15,1000,0.002,150.0,15.0,post_relu_mean,261.3274841308594,-261.3274841308594,46.92998123168945,0.44586458802223206,1.7947578430175781,115.47216033935547,0.055804622147654075,-0.08678863631251123,5.010829513556148,2.0080447822809218,False
56,source_localization_stage4.0.skip_connection.0,4,15,1000,0.002,150.0,30.0,post_relu_mean,17.033279418945312,-17.033279418945312,3.004467010498047,0.0675211027264595,0.12017356604337692,178.84805488586426,0.20827605814396338,-0.07598590424097837,4.391711487769804,2.1689917135238646,False
56,source_localization_stage4.0.skip_connection.0,4,15,1000,0.002,150.0,30.0,post_relu_mean,63.131858825683594,-63.131858825683594,10.312848091125488,0.10786306858062744,0.25908759236335754,85.37897396087646,0.0397547794717283,-0.02916426860266006,1.6857336377299061,1.7722120296955108,False
56,source_localization_stage4.0.skip_connection.0,4,15,1000,0.002,150.0,30.0,post_relu_mean,237.71035766601562,-237.71035766601562,42.59403610229492,0.3933185338973999,1.3482718467712402,107.17031860351562,0.05067252560923647,-0.07107455442504838,4.103907349078993,1.9685475927591325,False
59,source_localization_stage4.1.wave_feature_conv1,129,15,1000,0.002,10.0,5.0,post_relu_mean,742.5737915039062,-742.5737915039062,31.695981979370117,1.0052226781845093,1.2217705249786377,478.5299377441406,0.7023843422125853,-0.33230766706667664,19.1866470305501,6.073956861495971,False
59,source_localization_stage4.1.wave_feature_conv1,129,15,1000,0.002,10.0,5.0,post_relu_mean,796.44873046875,-796.44873046875,36.999385833740234,1.0117523670196533,1.2156322002410889,576.3744373321533,1.1552376031498137,-0.465198697151877,26.858637875959275,8.244414982795716,False
59,source_localization_stage4.1.wave_feature_conv1,129,15,1000,0.002,10.0,5.0,post_relu_mean,851.513916015625,-851.513916015625,45.21255874633789,1.1794066429138184,1.3757119178771973,698.3802108764648,1.6432085077677632,-0.6047554174389027,34.915310501873826,10.023441600799561,False
59,source_localization_stage4.1.wave_feature_conv1,129,15,1000,0.002,10.0,15.0,post_relu_mean,739.0220947265625,-739.0220947265625,31.58382225036621,0.9510137438774109,1.097261667251587,477.3746643066406,0.701539003705076,-0.32257794626170583,18.62558805841267,5.981283993721008,False
59,source_localization_stage4.1.wave_feature_conv1,129,15,1000,0.002,10.0,15.0,post_relu_mean,794.17919921875,-794.17919921875,37.07802963256836,0.9478230476379395,1.1059998273849487,574.9220390319824,1.134362127749391,-0.45526730150523054,26.285085010032073,8.164652888774873,False
59,source_localization_stage4.1.wave_feature_conv1,129,15,1000,0.002,10.0,15.0,post_relu_mean,848.1329345703125,-848.1329345703125,44.58702850341797,1.104400873184204,1.2569687366485596,695.4816436767578,1.6272188450426552,-0.5893496971671117,34.0261964955497,10.001466202735902,False
59,source_localization_stage4.1.wave_feature_conv1,129,15,1000,0.002,10.0,30.0,post_relu_mean,732.3727416992188,-732.3727416992188,31.314075469970703,0.8860836029052734,0.983463704586029,477.6513214111328,0.705041921394351,-0.30688564764320525,17.718455831807656,5.885264873504639,False
59,source_localization_stage4.1.wave_feature_conv1,129,15,1000,0.002,10.0,30.0,post_relu_mean,790.1021728515625,-790.1021728515625,36.96783447265625,0.8886090517044067,1.0113509893417358,574.8618202209473,1.107084508365491,-0.445825452147229,25.740702847229418,8.048333773612976,False
59,source_localization_stage4.1.wave_feature_conv1,129,15,1000,0.002,10.0,30.0,post_relu_mean,842.8944702148438,-842.8944702148438,43.720985412597656,1.0267130136489868,1.1470050811767578,692.9546890258789,1.5918837541335533,-0.57315382390175,33.0907292119506,9.892136464118957,False
59,source_localization_stage4.1.wave_feature_conv1,129,15,1000,0.002,50.0,5.0,post_relu_mean,728.5757446289062,-728.5757446289062,31.461469650268555,0.6186486482620239,1.088018536567688,465.11732482910156,0.7029870361086655,-0.31210026580162786,18.019587735359103,5.929838247299195,False
59,source_localization_stage4.1.wave_feature_conv1,129,15,1000,0.002,50.0,5.0,post_relu_mean,784.149658203125,-784.149658203125,36.984317779541016,0.6393147706985474,1.0738033056259155,561.46346616745,1.1249644232373606,-0.4509574414851703,26.036994706903098,8.095020904541016,False
59,source_localization_stage4.1.wave_feature_conv1,129,15,1000,0.002,50.0,5.0,post_relu_mean,832.5274047851562,-832.5274047851562,43.05598449707031,0.7394739389419556,1.2038615942001343,675.6817092895508,1.6144043813579143,-0.5759160043911986,33.25040557221442,9.888052830696106,False
59,source_localization_stage4.1.wave_feature_conv1,129,15,1000,0.002,50.0,15.0,post_relu_mean,724.992431640625,-724.992431640625,31.292451858520508,0.6021992564201355,0.994579553604126,465.6508560180664,0.6945268186851985,-0.30496467019829787,17.607748519260657,5.883729703426361,False
59,source_localization_stage4.1.wave_feature_conv1,129,15,1000,0.002,50.0,15.0,post_relu_mean,783.1238403320312,-783.1238403320312,37.07038116455078,0.6203031539916992,0.993678867816925,562.5045986175537,1.1090863267496314,-0.4452745478106557,25.707693006405915,8.057178983688354,False
59,source_localization_stage4.1.wave_feature_conv1,129,15,1000,0.002,50.0,15.0,post_relu_mean,831.0521240234375,-831.0521240234375,42.69102096557617,0.7201691269874573,1.1255426406860352,675.7555541992188,1.585570817871989,-0.5644839608691632,32.590503788381255,9.823985304832458,False
59,source_localization_stage4.1.wave_feature_conv1,129,15,1000,0.002,50.0,30.0,post_relu_mean,719.9283447265625,-719.9283447265625,31.024511337280273,0.580866813659668,0.9039463996887207,468.75732421875,0.6985598032434103,-0.2974209372018967,17.171760180800494,5.780132999420166,False
59,source_localization_stage4.1.wave_feature_conv1,129,15,1000,0.002,50.0,30.0,post_relu_mean,789.3265991210938,-789.3265991210938,37.622108459472656,0.6052738428115845,0.920958399772644,570.6008739471436,1.0929506659374477,-0.46872955232999475,27.066219056394505,8.025056505203247,False
59,source_localization_stage4.1.wave_feature_conv1,129,15,1000,0.002,50.0,30.0,post_relu_mean,826.243408203125,-826.243408203125,41.932167053222656,0.6921769976615906,1.037672519683838,675.4825057983398,1.5517278841781263,-0.5567359513577682,32.14309077075015,9.771143746376037,False
59,source_localization_stage4.1.wave_feature_conv1,129,15,1000,0.002,150.0,5.0,post_relu_mean,697.4690551757812,-697.4690551757812,30.458391189575195,0.41121017932891846,1.0027155876159668,459.8482360839844,0.6638552749154019,-0.293252797674312,16.932158484644617,5.830546441078186,False
59,source_localization_stage4.1.wave_feature_conv1,129,15,1000,0.002,150.0,5.0,post_relu_mean,770.343994140625,-770.343994140625,36.927337646484375,0.43898552656173706,0.9978232979774475,560.5698585510254,1.0875683539263814,-0.4571378653668001,26.397664576747154,8.11176544904709,False
59,source_localization_stage4.1.wave_feature_conv1,129,15,1000,0.002,150.0,5.0,post_relu_mean,801.7364501953125,-801.7364501953125,40.280723571777344,0.4906611442565918,1.0884472131729126,657.7469615936279,1.565790398380223,-0.551451660009762,31.838346221807193,9.825011706352234,False
59,source_localization_stage4.1.wave_feature_conv1,129,15,1000,0.002,150.0,15.0,post_relu_mean,690.6304321289062,-690.6304321289062,30.126338958740234,0.400072306394577,0.9270172715187073,460.19195556640625,0.6679114815002537,-0.2847605625336556,16.442590805254383,5.758556241989136,False
59,source_localization_stage4.1.wave_feature_conv1,129,15,1000,0.002,150.0,15.0,post_relu_mean,769.8045043945312,-769.8045043945312,36.88401794433594,0.4317055642604828,0.937134325504303,563.3539123535156,1.0716584593413414,-0.44099386916893374,25.46438172836138,8.045120530128479,False
59,source_localization_stage4.1.wave_feature_conv1,129,15,1000,0.002,150.0,15.0,post_relu_mean,800.4557495117188,-800.4557495117188,39.926876068115234,0.4799247980117798,1.0219380855560303,659.6265335083008,1.540946353536008,-0.5452106062173038,31.47875509899934,9.783173952102661,False
59,source_localization_stage4.1.wave_feature_conv1,129,15,1000,0.002,150.0,30.0,post_relu_mean,686.1380004882812,-686.1380004882812,29.953472137451172,0.38792240619659424,0.84474778175354,464.43772888183594,0.6736870031837787,-0.2819436361916127,16.280636158166267,5.684901068210602,False
59,source_localization_stage4.1.wave_feature_conv1,129,15,1000,0.002,150.0,30.0,post_relu_mean,765.6343383789062,-765.6343383789062,36.60424041748047,0.4212105870246887,0.8715382814407349,566.6920394897461,1.0470762066920243,-0.42887595792189726,24.763699229570356,7.9441486883163455,False
59,source_localization_stage4.1.wave_feature_conv1,129,15,1000,0.002,150.0,30.0,post_relu_mean,798.93603515625,-798.93603515625,39.56913375854492,0.4715411067008972,0.9522160291671753,663.1089782714844,1.505307154513176,-0.5382223972866168,31.075440044266223,9.684407768249512,False
59,source_localization_stage4.1.wave_feature_conv1,90,15,1000,0.002,10.0,5.0,post_relu_mean,52.51811981201172,-52.51811981201172,5.714025497436523,0.36860665678977966,0.45085570216178894,64.14870929718018,0.5566375950978235,-0.015002550099944445,0.867009935238099,0.3595883579552174,False
59,source_localization_stage4.1.wave_feature_conv1,90,15,1000,0.002,10.0,5.0,post_relu_mean,337.19183349609375,-337.19183349609375,41.382972717285156,1.479464054107666,2.645336627960205,88.90190315246582,0.04426550353441018,-0.08895646211650894,5.135936963000636,0.7791455048322677,False
59,source_localization_stage4.1.wave_feature_conv1,90,15,1000,0.002,10.0,5.0,post_relu_mean,451.69989013671875,-451.69989013671875,71.08138275146484,2.2403414249420166,3.845238447189331,255.18318939208984,0.12633586357982618,-0.2764309760591305,15.959583718340323,2.0708101272583006,False
59,source_localization_stage4.1.wave_feature_conv1,90,15,1000,0.002,10.0,15.0,post_relu_mean,45.51670837402344,-45.51670837402344,4.949300289154053,0.3145172894001007,0.28813207149505615,74.35055732727051,0.5473296224106045,-0.02055006714313519,1.1876870439567249,0.4511550098657608,False
59,source_localization_stage4.1.wave_feature_conv1,90,15,1000,0.002,10.0,15.0,post_relu_mean,302.01470947265625,-302.01470947265625,36.66830825805664,1.2685637474060059,1.7164250612258911,77.9702262878418,0.04000437790332234,-0.06681910477136623,3.859001910090061,0.6947144144773483,False
59,source_localization_stage4.1.wave_feature_conv1,90,15,1000,0.002,10.0,15.0,post_relu_mean,438.0297546386719,-438.0297546386719,69.3055648803711,2.0728137493133545,3.104066848754883,228.71214294433594,0.11005063048540537,-0.2336012288666286,13.486965363188352,1.9644016307592391,False
59,source_localization_stage4.1.wave_feature_conv1,90,15,1000,0.002,10.0,30.0,post_relu_mean,40.20308303833008,-40.20308303833008,4.388717174530029,0.2759443521499634,0.20094822347164154,89.94625663757324,0.5481225893637838,-0.026257098346785454,1.5172552226690625,0.5690248969197274,False
59,source_localization_stage4.1.wave_feature_conv1,90,15,1000,0.002,10.0,30.0,post_relu_mean,260.5948486328125,-260.5948486328125,31.362354278564453,1.0415321588516235,1.0600560903549194,75.91937637329102,0.058721946165253065,-0.05419081202757149,3.129045371786014,0.634566430747509,False
59,source_localization_stage4.1.wave_feature_conv1,90,15,1000,0.002,10.0,30.0,post_relu_mean,411.0613708496094,-411.0613708496094,65.1961898803711,1.784902572631836,2.302499771118164,202.8425064086914,0.1072274980946182,-0.19104996118936785,11.030786088661198,1.8987344390153884,False
59,source_localization_stage4.1.wave_feature_conv1,90,15,1000,0.002,50.0,5.0,post_relu_mean,47.2842903137207,-47.2842903137207,5.355535507202148,0.18007898330688477,0.39619094133377075,75.9069881439209,0.474732741592425,-0.023625940209719695,1.3649049818369898,0.7105634307861328,False
59,source_localization_stage4.1.wave_feature_conv1,90,15,1000,0.002,50.0,5.0,post_relu_mean,224.374755859375,-224.374755859375,27.47535514831543,0.5001742243766785,1.6980676651000977,58.596946239471436,0.03806490362621063,-0.049380148247678966,2.8510995045066316,0.7523803216218948,False
59,source_localization_stage4.1.wave_feature_conv1,90,15,1000,0.002,50.0,5.0,post_relu_mean,361.7218933105469,-361.7218933105469,56.3718376159668,0.998016357421875,2.8004965782165527,176.09282684326172,0.08167965823871325,-0.1829204078032859,10.561059386123267,1.8735815125703812,False
59,source_localization_stage4.1.wave_feature_conv1,90,15,1000,0.002,50.0,15.0,post_relu_mean,41.562049865722656,-41.562049865722656,4.702144622802734,0.158120259642601,0.2657005786895752,86.89485549926758,0.4721007094721112,-0.02979792583679872,1.7215543769494281,0.7907583186030388,False
59,source_localization_stage4.1.wave_feature_conv1,90,15,1000,0.002,50.0,15.0,post_relu_mean,196.5382080078125,-196.5382080078125,23.701879501342773,0.42262324690818787,1.0872676372528076,56.769460678100586,0.050082163586487816,-0.04098480525024296,2.36641308685864,0.7199137079715728,False
59,source_localization_stage4.1.wave_feature_conv1,90,15,1000,0.002,50.0,15.0,post_relu_mean,349.57000732421875,-349.57000732421875,55.6240119934082,0.9126853942871094,2.207958221435547,160.9212188720703,0.07801802173016145,-0.15680849673143077,9.053352990147863,1.8136439698934554,False
59,source_localization_stage4.1.wave_feature_conv1,90,15,1000,0.002,50.0,30.0,post_relu_mean,36.44483184814453,-36.44483184814453,4.1507887840271,0.14205625653266907,0.1830769181251526,103.21182632446289,0.4846055297323425,-0.03554592434127717,2.0542459875960675,0.8944286105036735,False
59,source_localization_stage4.1.wave_feature_conv1,90,15,1000,0.002,50.0,30.0,post_relu_mean,165.54364013671875,-165.54364013671875,19.767709732055664,0.3532172441482544,0.6610403060913086,62.018083572387695,0.07900748500880435,-0.035568274983871204,2.0540789872316325,0.7097642317414283,False
59,source_localization_stage4.1.wave_feature_conv1,90,15,1000,0.002,50.0,30.0,post_relu_mean,336.4744873046875,-336.4744873046875,54.087928771972656,0.8547979593276978,1.722411036491394,150.32744598388672,0.0630984329585963,-0.1420709055476631,8.202418238903794,1.7311736619472504,False
59,source_localization_stage4.1.wave_feature_conv1,90,15,1000,0.002,150.0,5.0,post_relu_mean,44.95912170410156,-44.95912170410156,5.353476524353027,0.13177375495433807,0.40140706300735474,108.9436149597168,0.3110264124914849,-0.04045069196330969,2.3365892119557885,1.7382136136293411,False
59,source_localization_stage4.1.wave_feature_conv1,90,15,1000,0.002,150.0,5.0,post_relu_mean,123.56383514404297,-123.56383514404297,15.367695808410645,0.21913954615592957,0.8876317143440247,60.64367866516113,0.05486020670953609,-0.02736147002162431,1.5800702213398234,1.7563424307107924,False
59,source_localization_stage4.1.wave_feature_conv1,90,15,1000,0.002,150.0,5.0,post_relu_mean,268.67266845703125,-268.67266845703125,44.51060104370117,0.4499058425426483,1.8467705249786377,128.21778678894043,0.07345981947065575,-0.1095181288147316,6.322997026184376,2.193950482606888,False
59,source_localization_stage4.1.wave_feature_conv1,90,15,1000,0.002,150.0,15.0,post_relu_mean,40.367095947265625,-40.367095947265625,4.799294471740723,0.11863212287425995,0.3049459457397461,120.38032913208008,0.3195356493048926,-0.047153038923858234,2.723877521691924,1.7768004256486893,False
59,source_localization_stage4.1.wave_feature_conv1,90,15,1000,0.002,150.0,15.0,post_relu_mean,108.5994644165039,-108.5994644165039,13.37637710571289,0.18725213408470154,0.6400215029716492,66.33967399597168,0.04217119818550196,-0.02747068940891308,1.5869646098824615,1.7450912964344025,False
59,source_localization_stage4.1.wave_feature_conv1,90,15,1000,0.002,150.0,15.0,post_relu_mean,259.7901916503906,-259.7901916503906,43.35869216918945,0.4186168313026428,1.5577380657196045,122.13118743896484,0.06728389163230977,-0.09748770846346355,5.628407265261974,2.159489698410034,False
59,source_localization_stage4.1.wave_feature_conv1,90,15,1000,0.002,150.0,30.0,post_relu_mean,35.76458740234375,-35.76458740234375,4.265078544616699,0.10529623925685883,0.2192832976579666,137.74027061462402,0.32851450225096146,-0.05511612499537189,3.184547693782879,1.8825623494386674,False
59,source_localization_stage4.1.wave_feature_conv1,90,15,1000,0.002,150.0,30.0,post_relu_mean,90.69441223144531,-90.69441223144531,11.08935546875,0.15352675318717957,0.4231324791908264,78.45911121368408,0.029739599414506247,-0.030601191187015757,1.7678537941853425,1.7528947913646697,False
59,source_localization_stage4.1.wave_feature_conv1,90,15,1000,0.002,150.0,30.0,post_relu_mean,244.0626678466797,-244.0626678466797,41.21248245239258,0.37809765338897705,1.2361723184585571,117.53288269042969,0.06205271370428823,-0.08344748399517483,4.81816179691373,2.133122707605362,False
59,source_localization_stage4.1.wave_feature_conv1,138,15,1000,0.002,10.0,5.0,post_relu_mean,28.932039260864258,-28.932039260864258,4.13422966003418,0.3731571435928345,0.37970706820487976,87.33682632446289,0.6806649334547078,-0.026688979332046312,1.5416180691457606,0.6082619741559029,False
59,source_localization_stage4.1.wave_feature_conv1,138,15,1000,0.002,10.0,5.0,post_relu_mean,199.73272705078125,-199.73272705078125,28.318727493286133,1.0242290496826172,1.5460017919540405,56.90043640136719,0.2175700095770721,-0.05148993390629138,2.9772063081484537,0.4552160355448723,False
59,source_localization_stage4.1.wave_feature_conv1,138,15,1000,0.002,10.0,5.0,post_relu_mean,349.885009765625,-349.885009765625,62.432884216308594,2.1004586219787598,3.538362979888916,194.5745391845703,0.13645769662807328,-0.21262522882346954,12.275782137778089,1.601702047586441,False
59,source_localization_stage4.1.wave_feature_conv1,138,15,1000,0.002,10.0,15.0,post_relu_mean,25.893220901489258,-25.893220901489258,3.700167655944824,0.3210052251815796,0.25522398948669434,98.31313705444336,0.6648993806455777,-0.032745647888195055,1.891943254623857,0.7104176098108291,False
59,source_localization_stage4.1.wave_feature_conv1,138,15,1000,0.002,10.0,15.0,post_relu_mean,171.90911865234375,-171.90911865234375,24.22808265686035,0.8426340818405151,0.9356392621994019,56.12424850463867,0.2383619399877484,-0.042704027232123826,2.47124955439079,0.42227997675538065,False
59,source_localization_stage4.1.wave_feature_conv1,138,15,1000,0.002,10.0,15.0,post_relu_mean,338.8957214355469,-338.8957214355469,61.039100646972656,1.9420726299285889,2.733609437942505,174.33340072631836,0.12413506293863279,-0.17835798438219624,10.297614686612478,1.5064682233333588,False
59,source_localization_stage4.1.wave_feature_conv1,138,15,1000,0.002,10.0,30.0,post_relu_mean,23.401752471923828,-23.401752471923828,3.355623245239258,0.2841843366622925,0.18448176980018616,114.55345153808594,0.6605773072583742,-0.03911836955174141,2.2609210671705333,0.8306017783284187,False
59,source_localization_stage4.1.wave_feature_conv1,138,15,1000,0.002,10.0,30.0,post_relu_mean,136.5303955078125,-136.5303955078125,19.15220069885254,0.6437830924987793,0.5284399390220642,62.919063568115234,0.26768308789338613,-0.03546839763332645,2.0531882249279074,0.4101056607067585,False
59,source_localization_stage4.1.wave_feature_conv1,138,15,1000,0.002,10.0,30.0,post_relu_mean,316.5089416503906,-316.5089416503906,57.516178131103516,1.6948562860488892,1.9883232116699219,155.92036819458008,0.10536014541131483,-0.14575740345275598,8.415428514724267,1.403778219819069,False
59,source_localization_stage4.1.wave_feature_conv1,138,15,1000,0.002,50.0,5.0,post_relu_mean,27.852705001831055,-27.852705001831055,4.168251037597656,0.17677047848701477,0.3364877998828888,99.47818756103516,0.6117643718568248,-0.03722778844465009,2.1503092654216984,0.9140985682606697,False
59,source_localization_stage4.1.wave_feature_conv1,138,15,1000,0.002,50.0,5.0,post_relu_mean,117.89299011230469,-117.89299011230469,17.382219314575195,0.3163532018661499,0.9349286556243896,45.675004959106445,0.184140170588096,-0.019174590562116466,1.1070634042711138,0.6116342717409133,False
59,source_localization_stage4.1.wave_feature_conv1,138,15,1000,0.002,50.0,5.0,post_relu_mean,289.1695556640625,-289.1695556640625,53.582191467285156,0.9433014392852783,2.647434949874878,139.4556999206543,0.11190478642638499,-0.14940215932842776,8.625647678765342,1.4724530673027039,False
59,source_localization_stage4.1.wave_feature_conv1,138,15,1000,0.002,50.0,15.0,post_relu_mean,24.676645278930664,-24.676645278930664,3.7238805294036865,0.1591206043958664,0.23124021291732788,110.92498207092285,0.6016568452558921,-0.04327075408206542,2.4995287271112816,1.010193519592285,False
59,source_localization_stage4.1.wave_feature_conv1,138,15,1000,0.002,50.0,15.0,post_relu_mean,100.24560546875,-100.24560546875,14.671001434326172,0.2560316324234009,0.5590892434120178,51.970909118652344,0.1988753498398338,-0.022609372005578523,1.3055087784936656,0.6225592434406281,False
59,source_localization_stage4.1.wave_feature_conv1,138,15,1000,0.002,50.0,15.0,post_relu_mean,276.9884948730469,-276.9884948730469,51.93110656738281,0.8764572143554688,2.0310959815979004,126.1214828491211,0.09850249002708893,-0.12812840920006766,7.397775260162859,1.3923713535070419,False
59,source_localization_stage4.1.wave_feature_conv1,138,15,1000,0.002,50.0,30.0,post_relu_mean,22.467937469482422,-22.467937469482422,3.392507553100586,0.14601218700408936,0.16526290774345398,127.82037544250488,0.6005093320545449,-0.049849501407880484,2.879656231432088,1.1344274652004243,False
59,source_localization_stage4.1.wave_feature_conv1,138,15,1000,0.002,50.0,30.0,post_relu_mean,82.22821807861328,-82.22821807861328,12.112993240356445,0.19934850931167603,0.3299809694290161,64.68886280059814,0.2269058722182238,-0.020965420566960245,1.2116471854624749,0.6379187500476837,False
59,source_localization_stage4.1.wave_feature_conv1,138,15,1000,0.002,50.0,30.0,post_relu_mean,255.8770294189453,-255.8770294189453,49.10063934326172,0.785655677318573,1.4333537817001343,116.47064208984375,0.07844724096026313,-0.10753013157642478,6.208970430176579,1.3189615738391876,False
59,source_localization_stage4.1.wave_feature_conv1,138,15,1000,0.002,150.0,5.0,post_relu_mean,28.731040954589844,-28.731040954589844,4.508464813232422,0.1277882307767868,0.35771283507347107,132.64795303344727,0.4414945773792977,-0.05512542466824761,3.183959492146499,1.885132485628128,False
59,source_localization_stage4.1.wave_feature_conv1,138,15,1000,0.002,150.0,5.0,post_relu_mean,74.83692932128906,-74.83692932128906,11.496593475341797,0.1723143607378006,0.6289460062980652,69.6768970489502,0.07871952778754811,-0.02145280807828149,1.2404905228853067,1.6597027093172074,False
59,source_localization_stage4.1.wave_feature_conv1,138,15,1000,0.002,150.0,5.0,post_relu_mean,180.4090118408203,-180.4090118408203,37.19924545288086,0.3668614327907562,1.5572891235351562,90.79408073425293,0.06830274596438281,-0.06896548436049771,3.981694148552467,1.897765970826149,False
59,source_localization_stage4.1.wave_feature_conv1,138,15,1000,0.002,150.0,15.0,post_relu_mean,25.99344253540039,-25.99344253540039,4.092645645141602,0.11616729199886322,0.2743796110153198,144.56736755371094,0.44345346530712826,-0.06214369486968498,3.5893248789300616,1.9614255237579346,False
59,source_localization_stage4.1.wave_feature_conv1,138,15,1000,0.002,150.0,15.0,post_relu_mean,65.39862823486328,-65.39862823486328,10.038980484008789,0.14776718616485596,0.44923025369644165,78.69783306121826,0.08829024024116783,-0.025501881809502133,1.4742899767292736,1.7003986471891404,False
59,source_localization_stage4.1.wave_feature_conv1,138,15,1000,0.002,150.0,15.0,post_relu_mean,170.06671142578125,-170.06671142578125,35.663978576660156,0.32668519020080566,1.2217639684677124,88.55630493164062,0.0628334631608768,-0.06124960996129546,3.536425245204957,1.8786210650205613,False
59,source_localization_stage4.1.wave_feature_conv1,138,15,1000,0.002,150.0,30.0,post_relu_mean,23.065797805786133,-23.065797805786133,3.676210880279541,0.10580465197563171,0.20098531246185303,162.0688362121582,0.45334430327630865,-0.06960718702663764,4.020639772352583,2.0648855924606324,False
59,source_localization_stage4.1.wave_feature_conv1,138,15,1000,0.002,150.0,30.0,post_relu_mean,54.407875061035156,-54.407875061035156,8.355988502502441,0.12323352694511414,0.29819974303245544,94.21877765655518,0.10835983124062074,-0.032102015727835755,1.8562292366435493,1.733254861831665,False
59,source_localization_stage4.1.wave_feature_conv1,138,15,1000,0.002,150.0,30.0,post_relu_mean,155.37637329101562,-155.37637329101562,33.58917236328125,0.2781257629394531,0.8820010423660278,91.71533966064453,0.05612170235030306,-0.05336977942442488,3.081646496750566,1.874525917172432,False
61,source_localization_stage4.1.wave_feature_conv2,167,15,1000,0.002,10.0,5.0,post_relu_mean,381.2384033203125,-381.2384033203125,31.12574577331543,0.7218540906906128,1.1833264827728271,93.34672927856445,0.2693305539334749,-0.047972485593725536,2.7699481203958993,0.8939306399226189,False
61,source_localization_stage4.1.wave_feature_conv2,167,15,1000,0.002,10.0,5.0,post_relu_mean,490.94635009765625,-490.94635009765625,42.49811553955078,0.8750249743461609,1.2801541090011597,242.20955085754395,0.601950377130551,-0.19842116439797589,11.455963678605409,3.4136899626255035,False
61,source_localization_stage4.1.wave_feature_conv2,167,15,1000,0.002,10.0,5.0,post_relu_mean,521.9230346679688,-521.9230346679688,47.518497467041016,1.063011646270752,1.4714823961257935,389.2448196411133,1.1846779961299285,-0.4051916017749076,23.39521922794498,5.670417659282684,False
61,source_localization_stage4.1.wave_feature_conv2,167,15,1000,0.002,10.0,15.0,post_relu_mean,361.65704345703125,-361.65704345703125,29.555498123168945,0.6542313098907471,0.8708387017250061,94.08092498779297,0.3180405158773019,-0.041131096756003196,2.375328479603433,0.8172007459402084,False
61,source_localization_stage4.1.wave_feature_conv2,167,15,1000,0.002,10.0,15.0,post_relu_mean,486.6866455078125,-486.6866455078125,42.20851135253906,0.8293336629867554,1.1028660535812378,240.79536056518555,0.5741099769603091,-0.19089879219560446,11.02159276322517,3.318033320903778,False
61,source_localization_stage4.1.wave_feature_conv2,167,15,1000,0.002,10.0,15.0,post_relu_mean,525.2266845703125,-525.2266845703125,48.694087982177734,0.9931020736694336,1.2692726850509644,391.4731140136719,1.1739562082496005,-0.3914974910810758,22.60920135021054,5.6007650542259215,False
61,source_localization_stage4.1.wave_feature_conv2,167,15,1000,0.002,10.0,30.0,post_relu_mean,333.7383728027344,-333.7383728027344,27.36427879333496,0.5739710927009583,0.6324865818023682,99.58926391601562,0.37471301557827585,-0.03572023988261831,2.062722756030941,0.7703800168633461,False
61,source_localization_stage4.1.wave_feature_conv2,167,15,1000,0.002,10.0,30.0,post_relu_mean,475.1661071777344,-475.1661071777344,41.25471496582031,0.7612085342407227,0.9480420351028442,239.45099258422852,0.5401669706183734,-0.17522776113378669,10.117029773822068,3.2129360592365264,False
61,source_localization_stage4.1.wave_feature_conv2,167,15,1000,0.002,10.0,30.0,post_relu_mean,522.1926879882812,-522.1926879882812,49.13693618774414,0.9148738384246826,1.1002843379974365,391.4333724975586,1.169883106778489,-0.3407592495796891,19.676372263306114,5.493107285499573,False
61,source_localization_stage4.1.wave_feature_conv2,167,15,1000,0.002,50.0,5.0,post_relu_mean,326.4705810546875,-326.4705810546875,26.87993049621582,0.34652185440063477,1.0170142650604248,90.21281051635742,0.2881465796799485,-0.038698456890896134,2.2346893353813813,0.937581641972065,False
61,source_localization_stage4.1.wave_feature_conv2,167,15,1000,0.002,50.0,5.0,post_relu_mean,471.48040771484375,-471.48040771484375,41.21628189086914,0.5259302854537964,1.1568100452423096,230.6749529838562,0.5657956184664968,-0.1810889568427565,10.456003435396086,3.305435839891434,False
61,source_localization_stage4.1.wave_feature_conv2,167,15,1000,0.002,50.0,5.0,post_relu_mean,506.92926025390625,-506.92926025390625,47.25243377685547,0.6128342151641846,1.2394423484802246,374.11748123168945,1.205824497045579,-0.35277810973594653,20.369956883515457,5.563434383869171,False
61,source_localization_stage4.1.wave_feature_conv2,167,15,1000,0.002,50.0,15.0,post_relu_mean,308.093505859375,-308.093505859375,25.421321868896484,0.31135714054107666,0.752327024936676,93.06304931640625,0.32499512735511177,-0.035779917923050304,2.06726006350126,0.9077236047387123,False
61,source_localization_stage4.1.wave_feature_conv2,167,15,1000,0.002,50.0,15.0,post_relu_mean,466.7668762207031,-466.7668762207031,40.87596893310547,0.5056788325309753,1.0007688999176025,230.53090476989746,0.5415243577439588,-0.1721364248286199,9.939552298356597,3.2250597512722017,False
61,source_localization_stage4.1.wave_feature_conv2,167,15,1000,0.002,50.0,15.0,post_relu_mean,508.17364501953125,-508.17364501953125,48.176048278808594,0.586974024772644,1.0878819227218628,376.6930694580078,1.1870123680524707,-0.34646802258618475,20.00464000075572,5.518134534358978,False
61,source_localization_stage4.1.wave_feature_conv2,167,15,1000,0.002,50.0,30.0,post_relu_mean,281.9100646972656,-281.9100646972656,23.302270889282227,0.2785159945487976,0.5329185128211975,101.63376235961914,0.36416401188436387,-0.034201088549628895,1.975867246808594,0.9040651771426201,False
61,source_localization_stage4.1.wave_feature_conv2,167,15,1000,0.002,50.0,30.0,post_relu_mean,457.67333984375,-457.67333984375,40.142906188964844,0.4822806119918823,0.8626761436462402,232.02807426452637,0.510394715449854,-0.16097407227203384,9.294502356677905,3.13380558013916,False
61,source_localization_stage4.1.wave_feature_conv2,167,15,1000,0.002,50.0,30.0,post_relu_mean,504.79046630859375,-504.79046630859375,48.32856750488281,0.562785267829895,0.9597910642623901,378.5155715942383,1.1524294119940879,-0.3258008043218658,18.81187821475545,5.434283328056336,False
61,source_localization_stage4.1.wave_feature_conv2,167,15,1000,0.002,150.0,5.0,post_relu_mean,251.62428283691406,-251.62428283691406,20.940635681152344,0.1891660988330841,0.7950946092605591,110.94965362548828,0.16854962104926033,-0.041228922294102285,2.382178906069423,1.8139209926128388,False
61,source_localization_stage4.1.wave_feature_conv2,167,15,1000,0.002,150.0,5.0,post_relu_mean,428.9097900390625,-428.9097900390625,38.22439193725586,0.32344159483909607,1.0300312042236328,227.60736465454102,0.46306114935593584,-0.1654103739678453,9.551041306547758,3.3763893163204193,False
61,source_localization_stage4.1.wave_feature_conv2,167,15,1000,0.002,150.0,5.0,post_relu_mean,481.53631591796875,-481.53631591796875,45.72214126586914,0.403511106967926,1.1058497428894043,367.16726446151733,1.1214776483720204,-0.3338435221973689,19.275866262323948,5.562783651351928,False
61,source_localization_stage4.1.wave_feature_conv2,167,15,1000,0.002,150.0,15.0,post_relu_mean,234.77337646484375,-234.77337646484375,19.558961868286133,0.16963863372802734,0.6285231709480286,116.4750509262085,0.1881996869714355,-0.041182303330299784,2.379784899187137,1.8190631395578385,False
61,source_localization_stage4.1.wave_feature_conv2,167,15,1000,0.002,150.0,15.0,post_relu_mean,425.0730895996094,-425.0730895996094,38.03727722167969,0.3086746335029602,0.9095348119735718,229.51124572753906,0.4380728392350864,-0.1569178559450559,9.06064387845381,3.3244887411594393,False
61,source_localization_stage4.1.wave_feature_conv2,167,15,1000,0.002,150.0,15.0,post_relu_mean,481.00726318359375,-481.00726318359375,45.97665023803711,0.39059895277023315,1.000538945198059,369.9244918823242,1.1001777203696457,-0.3256453766004185,18.802513868960705,5.534018931388855,False
61,source_localization_stage4.1.wave_feature_conv2,167,15,1000,0.002,150.0,30.0,post_relu_mean,210.16976928710938,-210.16976928710938,17.51293182373047,0.14869892597198486,0.46608737111091614,127.54214572906494,0.21743643713488509,-0.04266645460487137,2.4667141347837775,1.8535446232557298,False
61,source_localization_stage4.1.wave_feature_conv2,167,15,1000,0.002,150.0,30.0,post_relu_mean,418.2054748535156,-418.2054748535156,37.5803337097168,0.2921309471130371,0.7862600684165955,234.08934783935547,0.4047623691678514,-0.14695469073967454,8.486137765381882,3.251430697441101,False
61,source_localization_stage4.1.wave_feature_conv2,167,15,1000,0.002,150.0,30.0,post_relu_mean,478.47467041015625,-478.47467041015625,45.969459533691406,0.3737354874610901,0.8940039873123169,374.7407989501953,1.0547637410003732,-0.3145281353667753,18.161579535507425,5.456029670238495,False
61,source_localization_stage4.1.wave_feature_conv2,243,15,1000,0.002,10.0,5.0,post_relu_mean,36.30382537841797,-36.30382537841797,3.996074676513672,0.30718010663986206,0.4764370918273926,50.442298889160156,0.5056372633793622,-0.01140292940445193,0.6586632204462767,0.2781322319805622,False
61,source_localization_stage4.1.wave_feature_conv2,243,15,1000,0.002,10.0,5.0,post_relu_mean,383.49560546875,-383.49560546875,47.41048049926758,1.110121250152588,1.6939259767532349,128.39445161819458,0.1415092096906137,-0.11330720554581555,6.541723818131568,1.4155896949768065,False
61,source_localization_stage4.1.wave_feature_conv2,243,15,1000,0.002,10.0,5.0,post_relu_mean,431.9753723144531,-431.9753723144531,56.40291976928711,1.3183989524841309,1.8286455869674683,308.34242248535156,0.8390606887428105,-0.33581755369537325,19.38848614572747,3.912106827497482,False
61,source_localization_stage4.1.wave_feature_conv2,243,15,1000,0.002,10.0,15.0,post_relu_mean,30.610326766967773,-30.610326766967773,3.367518663406372,0.2643078565597534,0.2796528935432434,60.73330116271973,0.4916793230410396,-0.01667099501717737,0.9631407545264086,0.3672563822567463,False
61,source_localization_stage4.1.wave_feature_conv2,243,15,1000,0.002,10.0,15.0,post_relu_mean,375.97344970703125,-375.97344970703125,46.82860565185547,0.9907817244529724,1.2929766178131104,125.13284206390381,0.12413851422961038,-0.09658912062439319,5.576574673790593,1.3474991607666016,False
61,source_localization_stage4.1.wave_feature_conv2,243,15,1000,0.002,10.0,15.0,post_relu_mean,431.98919677734375,-431.98919677734375,56.409732818603516,1.2136212587356567,1.5468120574951172,306.42109298706055,0.8242933847198393,-0.30755761298970213,17.757826434243857,3.8413746881484987,False
61,source_localization_stage4.1.wave_feature_conv2,243,15,1000,0.002,10.0,30.0,post_relu_mean,26.156301498413086,-26.156301498413086,2.888892412185669,0.23686358332633972,0.18795143067836761,76.52045249938965,0.49076066546867425,-0.022654573270602746,1.3091882559145733,0.4833034735918045,False
61,source_localization_stage4.1.wave_feature_conv2,243,15,1000,0.002,10.0,30.0,post_relu_mean,370.44873046875,-370.44873046875,46.76481246948242,0.8648873567581177,0.9759359955787659,127.92684173583984,0.09493113214012859,-0.09016451968458634,5.205620736136307,1.3219238221645355,False
61,source_localization_stage4.1.wave_feature_conv2,243,15,1000,0.002,10.0,30.0,post_relu_mean,432.80224609375,-432.80224609375,56.46312713623047,1.1162457466125488,1.3106625080108643,308.66101455688477,0.8183743773905809,-0.3115803883637741,17.989363241645517,3.902284791469574,False
61,source_localization_stage4.1.wave_feature_conv2,243,15,1000,0.002,50.0,5.0,post_relu_mean,33.49729919433594,-33.49729919433594,3.8852055072784424,0.16371852159500122,0.4479382634162903,62.22460174560547,0.4218993220383094,-0.01934779845183156,1.1174872762398718,0.6560482883453369,False
61,source_localization_stage4.1.wave_feature_conv2,243,15,1000,0.002,50.0,5.0,post_relu_mean,350.5389404296875,-350.5389404296875,44.195411682128906,0.5234001874923706,1.3643033504486084,116.54420471191406,0.11820053929718044,-0.10131541109153033,5.849428223206298,1.3872922056913375,False
61,source_localization_stage4.1.wave_feature_conv2,243,15,1000,0.002,50.0,5.0,post_relu_mean,430.99212646484375,-430.99212646484375,56.327911376953125,0.7916926741600037,1.5610967874526978,300.823055267334,0.9151373787403744,-0.3357398418603043,19.384035161159275,4.0789138174057005,False
61,source_localization_stage4.1.wave_feature_conv2,243,15,1000,0.002,50.0,15.0,post_relu_mean,28.217945098876953,-28.217945098876953,3.2779715061187744,0.1406940519809723,0.27798011898994446,73.32161617279053,0.41651382627397365,-0.025928273079749885,1.4977220986428743,0.7471619465947151,False
61,source_localization_stage4.1.wave_feature_conv2,243,15,1000,0.002,50.0,15.0,post_relu_mean,352.7169494628906,-352.7169494628906,45.080474853515625,0.4816625118255615,1.0486701726913452,118.55805397033691,0.10740389931465583,-0.09869214978551037,5.6981356864344885,1.4107473868131637,False
61,source_localization_stage4.1.wave_feature_conv2,243,15,1000,0.002,50.0,15.0,post_relu_mean,426.2911071777344,-426.2911071777344,55.844905853271484,0.755135178565979,1.35391366481781,297.0125026702881,0.89180001302703,-0.30998266802754654,17.897538922176018,3.9918411278724673,False
61,source_localization_stage4.1.wave_feature_conv2,243,15,1000,0.002,50.0,30.0,post_relu_mean,24.338232040405273,-24.338232040405273,2.8707094192504883,0.12298906594514847,0.17816561460494995,89.8487377166748,0.42565405628151687,-0.032078470688449864,1.8532344964099727,0.8431987482309341,False
61,source_localization_stage4.1.wave_feature_conv2,243,15,1000,0.002,50.0,30.0,post_relu_mean,343.66961669921875,-343.66961669921875,44.459320068359375,0.43435752391815186,0.7794031500816345,123.95393371582031,0.08272863251853667,-0.08823850307694918,5.095932322828984,1.3953147166967392,False
61,source_localization_stage4.1.wave_feature_conv2,243,15,1000,0.002,50.0,30.0,post_relu_mean,427.9163818359375,-427.9163818359375,56.1518440246582,0.7243161797523499,1.163147211074829,301.91029167175293,0.8821010302477879,-0.3041367786246963,17.560785916574503,4.02147206902504,False
61,source_localization_stage4.1.wave_feature_conv2,243,15,1000,0.002,150.0,5.0,post_relu_mean,33.033119201660156,-33.033119201660156,3.945075273513794,0.13223323225975037,0.4534621834754944,95.61444664001465,0.26454481819650194,-0.03400854769913942,1.964303738019486,1.6931052601337433,False
61,source_localization_stage4.1.wave_feature_conv2,243,15,1000,0.002,150.0,5.0,post_relu_mean,210.87200927734375,-210.87200927734375,27.16879653930664,0.19939038157463074,0.9216791391372681,106.61432647705078,0.03292359645439771,-0.0667558527704495,3.854516966236452,1.8617044544219972,False
61,source_localization_stage4.1.wave_feature_conv2,243,15,1000,0.002,150.0,5.0,post_relu_mean,336.9278259277344,-336.9278259277344,44.506927490234375,0.4065016210079193,1.2687996625900269,244.78000450134277,0.6232342186931706,-0.2875377262201025,16.600950705547454,3.6695562517642974,False
61,source_localization_stage4.1.wave_feature_conv2,243,15,1000,0.002,150.0,15.0,post_relu_mean,29.110288619995117,-29.110288619995117,3.496915102005005,0.11587392538785934,0.3304029107093811,107.02120018005371,0.27056246243431525,-0.04087251462359177,2.3608915140093294,1.7499717396497727,False
61,source_localization_stage4.1.wave_feature_conv2,243,15,1000,0.002,150.0,15.0,post_relu_mean,206.07958984375,-206.07958984375,26.867429733276367,0.17831367254257202,0.7317288517951965,111.20552825927734,0.025733605269981003,-0.06428864986980737,3.713156892414881,1.833257858157158,False
61,source_localization_stage4.1.wave_feature_conv2,243,15,1000,0.002,150.0,15.0,post_relu_mean,338.60296630859375,-338.60296630859375,44.709659576416016,0.39100706577301025,1.1134114265441895,249.30224609375,0.6099907006095264,-0.27214993236464213,15.712596904052486,3.6499359548091888,False
61,source_localization_stage4.1.wave_feature_conv2,243,15,1000,0.002,150.0,30.0,post_relu_mean,25.650550842285156,-25.650550842285156,3.1085667610168457,0.10208630561828613,0.23236480355262756,124.1224250793457,0.2801029647210875,-0.04892423678971568,2.826358929327386,1.8492890483140945,False
61,source_localization_stage4.1.wave_feature_conv2,243,15,1000,0.002,150.0,30.0,post_relu_mean,188.8370819091797,-188.8370819091797,24.749998092651367,0.15513309836387634,0.5462086796760559,119.24116516113281,0.04248907683071013,-0.060575843458548315,3.5002941099913367,1.8358226358890533,False
61,source_localization_stage4.1.wave_feature_conv2,243,15,1000,0.002,150.0,30.0,post_relu_mean,349.390625,-349.390625,46.00409698486328,0.3823809325695038,0.9610486626625061,264.58333587646484,0.6452200378101488,-0.28421428760816675,16.409910495613566,3.7993879199028013,False
61,source_localization_stage4.1.wave_feature_conv2,154,15,1000,0.002,10.0,5.0,post_relu_mean,42.23347473144531,-42.23347473144531,4.880362510681152,0.26438719034194946,0.3783973157405853,50.62395477294922,0.43301918092329766,-0.015993103434906657,0.9237349663836963,0.3858894994854927,False
61,source_localization_stage4.1.wave_feature_conv2,154,15,1000,0.002,10.0,5.0,post_relu_mean,348.85992431640625,-348.85992431640625,39.84096145629883,0.7703648805618286,1.192378044128418,139.647358417511,0.2621026997651804,-0.10662854706705496,6.156238084512113,1.8327276045084,False
61,source_localization_stage4.1.wave_feature_conv2,154,15,1000,0.002,10.0,5.0,post_relu_mean,385.0186767578125,-385.0186767578125,46.42277908325195,0.962449312210083,1.4137780666351318,279.10253143310547,0.8468190027874066,-0.28253971764485764,16.31341322561352,4.032947400808334,False
61,source_localization_stage4.1.wave_feature_conv2,154,15,1000,0.002,10.0,15.0,post_relu_mean,33.94160079956055,-33.94160079956055,3.962972402572632,0.230707585811615,0.2184971123933792,61.54013538360596,0.42224054072647194,-0.02131622542911518,1.2315368734699068,0.48380519196391103,False
61,source_localization_stage4.1.wave_feature_conv2,154,15,1000,0.002,10.0,15.0,post_relu_mean,342.84710693359375,-342.84710693359375,39.193397521972656,0.7168172597885132,0.9777549505233765,139.78622341156006,0.24303284885750426,-0.09802849556941438,5.6599593923528575,1.7636741149425506,False
61,source_localization_stage4.1.wave_feature_conv2,154,15,1000,0.002,10.0,15.0,post_relu_mean,389.807861328125,-389.807861328125,48.66645431518555,0.9048654437065125,1.1846650838851929,282.6056098937988,0.8490015700477328,-0.2731008304351897,15.768918299643925,3.9886174464225768,False
61,source_localization_stage4.1.wave_feature_conv2,154,15,1000,0.002,10.0,30.0,post_relu_mean,28.44468116760254,-28.44468116760254,3.368924617767334,0.21130400896072388,0.15360607206821442,77.47122383117676,0.42419657671888683,-0.026245587526397378,1.5172869933118158,0.5952239027619362,False
61,source_localization_stage4.1.wave_feature_conv2,154,15,1000,0.002,10.0,30.0,post_relu_mean,329.9146728515625,-329.9146728515625,37.854923248291016,0.6430301070213318,0.7973959445953369,141.65270233154297,0.22265022631315615,-0.08669635846807423,5.0064348237512535,1.6780986189842224,False
61,source_localization_stage4.1.wave_feature_conv2,154,15,1000,0.002,10.0,30.0,post_relu_mean,390.6939392089844,-390.6939392089844,50.033939361572266,0.8509151935577393,1.0219359397888184,286.3998222351074,0.8392490807045052,-0.24286555361821055,14.022294029595685,3.9319570326805113,False
61,source_localization_stage4.1.wave_feature_conv2,154,15,1000,0.002,50.0,5.0,post_relu_mean,41.50501251220703,-41.50501251220703,4.887593746185303,0.1438887119293213,0.3925938308238983,63.65340232849121,0.3617844397375131,-0.02349915796072622,1.3572432725444374,0.7216980934143067,False
61,source_localization_stage4.1.wave_feature_conv2,154,15,1000,0.002,50.0,5.0,post_relu_mean,325.61865234375,-325.61865234375,37.57721710205078,0.43239033222198486,1.0800275802612305,132.82244873046875,0.23049199307786875,-0.09498306724750331,5.484103837228648,1.7692264080047608,False
61,source_localization_stage4.1.wave_feature_conv2,154,15,1000,0.002,50.0,5.0,post_relu_mean,374.2225341796875,-374.2225341796875,47.5567512512207,0.5445501804351807,1.1709073781967163,269.2355079650879,0.8794722298442523,-0.24706184652144383,14.264683743839724,3.990975729227066,False
61,source_localization_stage4.1.wave_feature_conv2,154,15,1000,0.002,50.0,15.0,post_relu_mean,34.08320617675781,-34.08320617675781,4.050300598144531,0.125043585896492,0.2427871823310852,74.95076179504395,0.35446252515255516,-0.030055489993225937,1.7366726902973157,0.8126491245627403,False
61,source_localization_stage4.1.wave_feature_conv2,154,15,1000,0.002,50.0,15.0,post_relu_mean,319.23980712890625,-319.23980712890625,37.016693115234375,0.4059287905693054,0.8802751302719116,133.8481216430664,0.21554202157498895,-0.08780465327101011,5.069623245519706,1.704804728627205,False
61,source_localization_stage4.1.wave_feature_conv2,154,15,1000,0.002,50.0,15.0,post_relu_mean,375.7854309082031,-375.7854309082031,48.642059326171875,0.5194265842437744,1.0073317289352417,272.7966594696045,0.8653794844365791,-0.24082106155742267,13.905217409720333,3.9640599298477173,False
61,source_localization_stage4.1.wave_feature_conv2,154,15,1000,0.002,50.0,30.0,post_relu_mean,24.08608627319336,-24.08608627319336,3.0055930614471436,0.11538368463516235,0.15632757544517517,91.45992279052734,0.35802121683503485,-0.03727494608530679,2.1533682347545042,0.950237681567669,False
61,source_localization_stage4.1.wave_feature_conv2,154,15,1000,0.002,50.0,30.0,post_relu_mean,308.4897766113281,-308.4897766113281,35.84886932373047,0.3803292214870453,0.7159157395362854,138.56806182861328,0.20423200819663814,-0.08052263716947539,4.6500218319015305,1.6401318514347076,False
61,source_localization_stage4.1.wave_feature_conv2,154,15,1000,0.002,50.0,30.0,post_relu_mean,371.4369812011719,-371.4369812011719,48.11765670776367,0.5042383074760437,0.8865254521369934,274.87047386169434,0.8217462004928974,-0.2225672135524396,12.850109888272298,3.886525521278381,False
61,source_localization_stage4.1.wave_feature_conv2,154,15,1000,0.002,150.0,5.0,post_relu_mean,38.28399658203125,-38.28399658203125,4.652848243713379,0.11926939338445663,0.41704612970352173,98.09101104736328,0.2174420241801465,-0.04058548508514422,2.345148682114497,1.7568044173717499,False
61,source_localization_stage4.1.wave_feature_conv2,154,15,1000,0.002,150.0,5.0,post_relu_mean,270.29339599609375,-270.29339599609375,31.72879981994629,0.23450757563114166,0.9139066934585571,140.14266204833984,0.15609078469614568,-0.08519037720358293,4.91905923781715,2.1783687925338744,False
61,source_localization_stage4.1.wave_feature_conv2,154,15,1000,0.002,150.0,5.0,post_relu_mean,345.28564453125,-345.28564453125,44.43360137939453,0.34625282883644104,1.0521703958511353,265.43444633483887,0.7679507583910608,-0.23487372437072765,13.560913527951092,4.11618483543396,False
61,source_localization_stage4.1.wave_feature_conv2,154,15,1000,0.002,150.0,15.0,post_relu_mean,32.48128128051758,-32.48128128051758,4.002518177032471,0.10643026232719421,0.3087632358074188,109.25406455993652,0.22349614520809144,-0.04757019807882358,2.748536738558666,1.8164339315891267,False
61,source_localization_stage4.1.wave_feature_conv2,154,15,1000,0.002,150.0,15.0,post_relu_mean,264.6759338378906,-264.6759338378906,31.19280433654785,0.2159646451473236,0.7659074664115906,144.15035247802734,0.14105957606284297,-0.08027450469968414,4.635136305204912,2.167043572664261,False
61,source_localization_stage4.1.wave_feature_conv2,154,15,1000,0.002,150.0,15.0,post_relu_mean,343.8783874511719,-343.8783874511719,44.563819885253906,0.32849693298339844,0.9317682385444641,268.9275131225586,0.742916982481522,-0.2276661406777174,13.145316114365059,4.051050384044647,False
61,source_localization_stage4.1.wave_feature_conv2,154,15,1000,0.002,150.0,30.0,post_relu_mean,25.267383575439453,-25.267383575439453,3.2408270835876465,0.09482410550117493,0.2167934775352478,126.1498794555664,0.23581254172856164,-0.05429489871758743,3.1362322739022246,1.912221079468727,False
61,source_localization_stage4.1.wave_feature_conv2,154,15,1000,0.002,150.0,30.0,post_relu_mean,254.9484405517578,-254.9484405517578,30.16181755065918,0.19811922311782837,0.626406729221344,151.57526016235352,0.12855429742432378,-0.0775406318618201,4.4780553312540015,2.1688586127758027,False
61,source_localization_stage4.1.wave_feature_conv2,154,15,1000,0.002,150.0,30.0,post_relu_mean,341.8036193847656,-341.8036193847656,44.458961486816406,0.3140983581542969,0.8193309903144836,275.1382141113281,0.6966027529331161,-0.2177752968680784,12.57476817499829,3.964772834777832,False
8,wave_feature_stage1.0.wave_feature_conv1,21,16,1000,0.002,10.0,5.0,post_relu_mean,495.78582763671875,-495.78582763671875,19.938766479492188,2.5804765224456787,2.789468765258789,341.7225036621094,0.34160588648347867,-0.2976555022014588,17.184975635332844,1.77726626932621,False
8,wave_feature_stage1.0.wave_feature_conv1,21,16,1000,0.002,10.0,5.0,post_relu_mean,717.5801391601562,-717.5801391601562,40.152931213378906,2.842707395553589,4.113326072692871,470.4146490097046,0.060724351777437555,-0.4548370270917539,26.259723656249925,2.3943468165397643,False
8,wave_feature_stage1.0.wave_feature_conv1,21,16,1000,0.002,10.0,5.0,post_relu_mean,812.8734130859375,-812.8734130859375,55.42799377441406,2.959156036376953,4.818269729614258,640.3684349060059,0.23757704409343836,-0.6527316367723647,37.685057002077556,3.436035068035126,False
8,wave_feature_stage1.0.wave_feature_conv1,21,16,1000,0.002,10.0,15.0,post_relu_mean,469.02392578125,-469.02392578125,18.48945426940918,2.4307103157043457,2.3829667568206787,320.95977783203125,0.39649791731787654,-0.25406059980982554,14.668232106612857,1.6388980197906493,False
8,wave_feature_stage1.0.wave_feature_conv1,21,16,1000,0.002,10.0,15.0,post_relu_mean,696.8731079101562,-696.8731079101562,38.78092956542969,2.734337568283081,3.614157199859619,435.8110647201538,0.11650174744407424,-0.3932056036233669,22.701683042890572,2.2052121448516844,False
8,wave_feature_stage1.0.wave_feature_conv1,21,16,1000,0.002,10.0,15.0,post_relu_mean,799.1434326171875,-799.1434326171875,54.68147659301758,2.8649473190307617,4.2798237800598145,600.026538848877,0.19434675107972268,-0.5795025225056897,33.45805051510816,3.238093326091766,False
8,wave_feature_stage1.0.wave_feature_conv1,21,16,1000,0.002,10.0,30.0,post_relu_mean,432.5823669433594,-432.5823669433594,16.509504318237305,2.209580421447754,1.9013539552688599,302.9411163330078,0.4622537586725723,-0.21452230392979058,12.387076728887024,1.5074494898319244,False
8,wave_feature_stage1.0.wave_feature_conv1,21,16,1000,0.002,10.0,30.0,post_relu_mean,661.1484375,-661.1484375,36.72793197631836,2.5512032508850098,2.991856813430786,394.34766006469727,0.20828931438584392,-0.31552551338197515,18.21863879051379,1.9701473701000214,False
8,wave_feature_stage1.0.wave_feature_conv1,21,16,1000,0.002,10.0,30.0,post_relu_mean,773.6300048828125,-773.6300048828125,53.31618881225586,2.7094502449035645,3.6069083213806152,551.1317672729492,0.15308508030457335,-0.4908319096603513,28.339644689343135,2.980598878860474,False
8,wave_feature_stage1.0.wave_feature_conv1,21,16,1000,0.002,50.0,5.0,post_relu_mean,431.76300048828125,-431.76300048828125,18.596521377563477,1.642816185951233,2.0772109031677246,256.1132354736328,0.41538831406782306,-0.2009643653738591,11.602562005423762,1.4264201605319977,False
8,wave_feature_stage1.0.wave_feature_conv1,21,16,1000,0.002,50.0,5.0,post_relu_mean,673.8992919921875,-673.8992919921875,39.705162048339844,2.0215635299682617,3.590592622756958,376.70097732543945,0.10342317566070822,-0.35502841128614887,20.4975351707259,2.046804530620575,False
8,wave_feature_stage1.0.wave_feature_conv1,21,16,1000,0.002,50.0,5.0,post_relu_mean,786.9385375976562,-786.9385375976562,55.11731719970703,2.2285008430480957,4.437105655670166,552.5823783874512,0.2054766517783706,-0.5529626778648591,31.925054615362534,3.102825289964676,False
8,wave_feature_stage1.0.wave_feature_conv1,21,16,1000,0.002,50.0,15.0,post_relu_mean,402.7110290527344,-402.7110290527344,16.986310958862305,1.534224510192871,1.7152924537658691,245.05511474609375,0.4614127980618658,-0.17370607107584918,10.02930264002141,1.336260302066803,False
8,wave_feature_stage1.0.wave_feature_conv1,21,16,1000,0.002,50.0,15.0,post_relu_mean,647.068115234375,-647.068115234375,37.927730560302734,1.9350248575210571,3.0754077434539795,346.71125411987305,0.16563771034876837,-0.2992912717982439,17.27998917742332,1.8712401121854783,False
8,wave_feature_stage1.0.wave_feature_conv1,21,16,1000,0.002,50.0,15.0,post_relu_mean,771.1979370117188,-771.1979370117188,54.53367614746094,2.162978410720825,3.8795840740203857,516.4987831115723,0.16424883939733423,-0.49293179814083976,28.459414521135532,2.921957424879074,False
8,wave_feature_stage1.0.wave_feature_conv1,21,16,1000,0.002,50.0,30.0,post_relu_mean,360.281494140625,-360.281494140625,14.778544425964355,1.3753509521484375,1.3187732696533203,236.5213623046875,0.519245128595902,-0.14176510524671074,8.185881277757378,1.2380277919769287,False
8,wave_feature_stage1.0.wave_feature_conv1,21,16,1000,0.002,50.0,30.0,post_relu_mean,612.8259887695312,-612.8259887695312,36.041282653808594,1.7882473468780518,2.484964370727539,318.5306854248047,0.24098084544664633,-0.2436363791975964,14.067404052088147,1.6863117742538452,False
8,wave_feature_stage1.0.wave_feature_conv1,21,16,1000,0.002,50.0,30.0,post_relu_mean,742.8711547851562,-742.8711547851562,52.87314987182617,2.0369768142700195,3.2294721603393555,475.15052032470703,0.13644493872902227,-0.4109826674805053,23.729341305006766,2.683628896474838,False
8,wave_feature_stage1.0.wave_feature_conv1,21,16,1000,0.002,150.0,5.0,post_relu_mean,203.08023071289062,-203.08023071289062,11.031822204589844,0.5355166792869568,0.77036052942276,155.83955764770508,0.3513015983320691,-0.06525142265029567,3.768397375181485,1.7422453570365906,False
8,wave_feature_stage1.0.wave_feature_conv1,21,16,1000,0.002,150.0,5.0,post_relu_mean,436.2693176269531,-436.2693176269531,29.118000030517578,0.9764842391014099,1.8322559595108032,199.818603515625,0.14757816927926506,-0.1526890455014366,8.815414463129882,1.907167980670929,False
8,wave_feature_stage1.0.wave_feature_conv1,21,16,1000,0.002,150.0,5.0,post_relu_mean,621.2072143554688,-621.2072143554688,47.704715728759766,1.3812012672424316,2.8881356716156006,350.6679496765137,0.10156752855805787,-0.3522570500709662,20.337444550464884,2.644918990135193,False
8,wave_feature_stage1.0.wave_feature_conv1,21,16,1000,0.002,150.0,15.0,post_relu_mean,183.37179565429688,-183.37179565429688,9.916019439697266,0.483499675989151,0.6178098320960999,161.48185348510742,0.3728525709754576,-0.06427654935424365,3.7123254723104746,1.7473438686132432,False
8,wave_feature_stage1.0.wave_feature_conv1,21,16,1000,0.002,150.0,15.0,post_relu_mean,406.0448303222656,-406.0448303222656,26.96526527404785,0.9000610709190369,1.514580249786377,190.06936645507812,0.18262839803593625,-0.1311510843477111,7.571967580305071,1.841132698059082,False
8,wave_feature_stage1.0.wave_feature_conv1,21,16,1000,0.002,150.0,15.0,post_relu_mean,604.1650390625,-604.1650390625,46.361881256103516,1.3270552158355713,2.5125725269317627,331.64807510375977,0.07038600919095843,-0.3161188864545222,18.25139402706271,2.513170511722565,False
8,wave_feature_stage1.0.wave_feature_conv1,21,16,1000,0.002,150.0,30.0,post_relu_mean,164.2015838623047,-164.2015838623047,8.764369010925293,0.43243086338043213,0.4790465831756592,174.09246253967285,0.40910767531512493,-0.06492647308567627,3.7516797908614894,1.760657213330269,False
8,wave_feature_stage1.0.wave_feature_conv1,21,16,1000,0.002,150.0,30.0,post_relu_mean,370.543212890625,-370.543212890625,24.56739044189453,0.8141986131668091,1.1782939434051514,184.51463317871094,0.2320851776725699,-0.11025073453221826,6.365591355702475,1.7701364082098008,False
8,wave_feature_stage1.0.wave_feature_conv1,21,16,1000,0.002,150.0,30.0,post_relu_mean,570.7440185546875,-570.7440185546875,44.03361129760742,1.2363440990447998,2.068027973175049,307.5180130004883,0.06578654386480365,-0.26381372634749223,15.232126608159534,2.3441235756874086,False
8,wave_feature_stage1.0.wave_feature_conv1,15,16,1000,0.002,10.0,5.0,post_relu_mean,237.31329345703125,-237.31329345703125,9.708229064941406,2.3678455352783203,1.6989068984985352,214.14332580566406,0.29818350992363624,-0.1857752492319999,10.726016847557718,1.228813675045967,False
8,wave_feature_stage1.0.wave_feature_conv1,15,16,1000,0.002,10.0,5.0,post_relu_mean,375.1065368652344,-375.1065368652344,21.736045837402344,3.0924277305603027,3.1385250091552734,240.84900665283203,0.06615120672112916,-0.2643922499277081,15.264518058260109,1.3820412403345108,False
8,wave_feature_stage1.0.wave_feature_conv1,15,16,1000,0.002,10.0,5.0,post_relu_mean,483.2572326660156,-483.2572326660156,44.13441848754883,3.347935199737549,4.706178665161133,335.11563873291016,0.11971792916411704,-0.36952015888715084,21.334039686304994,1.7861428821086884,False
8,wave_feature_stage1.0.wave_feature_conv1,15,16,1000,0.002,10.0,15.0,post_relu_mean,222.61666870117188,-222.61666870117188,8.72545337677002,2.1753430366516113,1.3974225521087646,210.53819274902344,0.33174975237366283,-0.17255509752974388,9.962448114168991,1.1912263250350952,False
8,wave_feature_stage1.0.wave_feature_conv1,15,16,1000,0.002,10.0,15.0,post_relu_mean,352.5700378417969,-352.5700378417969,19.343524932861328,2.8533921241760254,2.5400216579437256,222.06329345703125,0.08083592037112176,-0.22666881396766364,13.086603674364035,1.264666336774826,False
8,wave_feature_stage1.0.wave_feature_conv1,15,16,1000,0.002,10.0,15.0,post_relu_mean,466.707763671875,-466.707763671875,41.25373077392578,3.1953234672546387,3.9459028244018555,299.1208190917969,0.07482549875560068,-0.30697874072218,17.723894553443465,1.6065162307024001,False
8,wave_feature_stage1.0.wave_feature_conv1,15,16,1000,0.002,10.0,30.0,post_relu_mean,201.78067016601562,-201.78067016601562,7.551225185394287,1.9060970544815063,1.0748608112335205,210.56069946289062,0.3754361306798602,-0.15777672675726503,9.10917304222071,1.1726062577962875,False
8,wave_feature_stage1.0.wave_feature_conv1,15,16,1000,0.002,10.0,30.0,post_relu_mean,318.1578674316406,-318.1578674316406,16.49514389038086,2.5011892318725586,1.8983991146087646,204.27167129516602,0.1282578965355684,-0.18089335149257027,10.445665465642996,1.1369902521371842,False
8,wave_feature_stage1.0.wave_feature_conv1,15,16,1000,0.002,10.0,30.0,post_relu_mean,431.7536315917969,-431.7536315917969,36.9909553527832,2.897340774536133,3.032290458679199,257.337345123291,0.021713459213058797,-0.23485251090017484,13.560589794022835,1.3864188075065613,False
8,wave_feature_stage1.0.wave_feature_conv1,15,16,1000,0.002,50.0,5.0,post_relu_mean,134.2489471435547,-134.2489471435547,7.118340015411377,0.9675184488296509,0.7255179286003113,134.91316604614258,0.3788036351036104,-0.07422091419462734,4.285217671171105,0.9332738909125328,False
8,wave_feature_stage1.0.wave_feature_conv1,15,16,1000,0.002,50.0,5.0,post_relu_mean,268.4352111816406,-268.4352111816406,19.046546936035156,1.498093843460083,1.881152868270874,127.69746780395508,0.14601638219287263,-0.12846529670874982,7.416912547148816,0.9537305152416229,False
8,wave_feature_stage1.0.wave_feature_conv1,15,16,1000,0.002,50.0,5.0,post_relu_mean,403.9520263671875,-403.9520263671875,42.381805419921875,1.927245855331421,3.7964282035827637,216.99467849731445,0.06538158684924374,-0.24683354470946733,14.250829301564057,1.37512472987175,False
8,wave_feature_stage1.0.wave_feature_conv1,15,16,1000,0.002,50.0,15.0,post_relu_mean,125.07622528076172,-125.07622528076172,6.429440021514893,0.8903871178627014,0.587841808795929,143.1014862060547,0.3937810168903725,-0.07893463793747214,4.557552572565299,0.9677800518274308,False
8,wave_feature_stage1.0.wave_feature_conv1,15,16,1000,0.002,50.0,15.0,post_relu_mean,242.7665557861328,-242.7665557861328,16.284021377563477,1.3462878465652466,1.3927733898162842,123.75139999389648,0.16830046827258585,-0.11960105609600538,6.905554722966235,0.9162585508823394,False
8,wave_feature_stage1.0.wave_feature_conv1,15,16,1000,0.002,50.0,15.0,post_relu_mean,387.1850280761719,-387.1850280761719,39.12434387207031,1.8248958587646484,3.0225119590759277,194.05256271362305,0.04703360304467191,-0.20593244690660112,11.889427260925098,1.2424745839834213,False
8,wave_feature_stage1.0.wave_feature_conv1,15,16,1000,0.002,50.0,30.0,post_relu_mean,110.74140930175781,-110.74140930175781,5.611025333404541,0.782422661781311,0.4528837502002716,155.2884111404419,0.42029675145028766,-0.07856028083884813,4.53620467460557,1.0236717358231544,False
8,wave_feature_stage1.0.wave_feature_conv1,15,16,1000,0.002,50.0,30.0,post_relu_mean,214.06912231445312,-214.06912231445312,13.55460262298584,1.1737778186798096,0.9861000776290894,126.34342193603516,0.20267427280367456,-0.10646891170562649,6.1470307106541835,0.8877083012461662,False
8,wave_feature_stage1.0.wave_feature_conv1,15,16,1000,0.002,50.0,30.0,post_relu_mean,351.5733337402344,-351.5733337402344,34.10991668701172,1.6416301727294922,2.1897716522216797,169.9713897705078,0.05873700396408529,-0.1578451997692154,9.11423134230058,1.084023888707161,False
8,wave_feature_stage1.0.wave_feature_conv1,15,16,1000,0.002,150.0,5.0,post_relu_mean,39.94811248779297,-39.94811248779297,5.061765670776367,0.17090557515621185,0.28895920515060425,130.51552200317383,0.21639155005123173,-0.05799291811137442,3.349741240729839,1.963457038998604,False
8,wave_feature_stage1.0.wave_feature_conv1,15,16,1000,0.002,150.0,5.0,post_relu_mean,86.31965637207031,-86.31965637207031,11.020803451538086,0.2791748046875,0.6725388765335083,69.19670867919922,0.0744126212098756,-0.02229747928647136,1.2880451269528188,1.894785502552986,False
8,wave_feature_stage1.0.wave_feature_conv1,15,16,1000,0.002,150.0,5.0,post_relu_mean,166.46145629882812,-166.46145629882812,24.199604034423828,0.4921287000179291,1.6436342000961304,75.40781021118164,0.07398338033042176,-0.04812053223789243,2.7782098627336236,1.8770064610242843,False
8,wave_feature_stage1.0.wave_feature_conv1,15,16,1000,0.002,150.0,15.0,post_relu_mean,36.160423278808594,-36.160423278808594,4.586334705352783,0.15764930844306946,0.24146248400211334,143.09894180297852,0.22549119517561272,-0.06412630365712603,3.703919932460813,2.0160506588220595,False
8,wave_feature_stage1.0.wave_feature_conv1,15,16,1000,0.002,150.0,15.0,post_relu_mean,74.04393005371094,-74.04393005371094,9.501840591430664,0.24203413724899292,0.5018894076347351,77.72676277160645,0.07092184082616944,-0.027828150298369575,1.6075120172713966,1.8984614312648773,False
8,wave_feature_stage1.0.wave_feature_conv1,15,16,1000,0.002,150.0,15.0,post_relu_mean,151.22828674316406,-151.22828674316406,21.676321029663086,0.44261106848716736,1.266297459602356,71.15478134155273,0.05799548695793665,-0.03855043925250506,2.2259445456634945,1.8421490252017976,False
8,wave_feature_stage1.0.wave_feature_conv1,15,16,1000,0.002,150.0,30.0,post_relu_mean,31.71341896057129,-31.71341896057129,4.1173787117004395,0.14064417779445648,0.19631455838680267,161.3330192565918,0.2464149898697699,-0.07225561003633856,4.1736127116973,2.0827944219112395,False
8,wave_feature_stage1.0.wave_feature_conv1,15,16,1000,0.002,150.0,30.0,post_relu_mean,61.2239875793457,-61.2239875793457,7.893312454223633,0.20280221104621887,0.35387152433395386,93.45469856262207,0.07771693316176911,-0.03744750040698498,2.162755807770988,1.9439144515991211,False
8,wave_feature_stage1.0.wave_feature_conv1,15,16,1000,0.002,150.0,30.0,post_relu_mean,130.06173706054688,-130.06173706054688,18.38595962524414,0.3775615394115448,0.8872248530387878,73.12199401855469,0.04851673688244506,-0.0351447409670807,2.029194476141769,1.8248016273975372,False
8,wave_feature_stage1.0.wave_feature_conv1,24,16,1000,0.002,10.0,5.0,post_relu_mean,232.5216064453125,-232.5216064453125,12.558067321777344,2.093137741088867,1.5824559926986694,189.4685516357422,0.4033884569713822,-0.1209375403442932,6.982550291041012,1.0199786859750748,False
8,wave_feature_stage1.0.wave_feature_conv1,24,16,1000,0.002,10.0,5.0,post_relu_mean,407.06036376953125,-407.06036376953125,28.23351287841797,2.9205713272094727,3.218870162963867,246.273681640625,0.11831092851996958,-0.22579067008489787,13.03590858698363,1.3110451555252076,False
8,wave_feature_stage1.0.wave_feature_conv1,24,16,1000,0.002,10.0,5.0,post_relu_mean,534.8463134765625,-534.8463134765625,54.4140739440918,3.1824159622192383,4.600393772125244,382.73483657836914,0.0771918589752948,-0.3777465257249106,21.809021807249376,2.013706260919571,False
8,wave_feature_stage1.0.wave_feature_conv1,24,16,1000,0.002,10.0,15.0,post_relu_mean,213.5967254638672,-213.5967254638672,11.261878967285156,1.909122347831726,1.262014389038086,186.13327026367188,0.43815699017792153,-0.10381866180126947,5.994505398148782,0.9739476406574249,False
8,wave_feature_stage1.0.wave_feature_conv1,24,16,1000,0.002,10.0,15.0,post_relu_mean,380.00604248046875,-380.00604248046875,25.795085906982422,2.7080206871032715,2.6268064975738525,222.0347671508789,0.17419336662444848,-0.17911108456574937,10.341037955932574,1.1524523174762726,False
8,wave_feature_stage1.0.wave_feature_conv1,24,16,1000,0.002,10.0,15.0,post_relu_mean,513.5823974609375,-513.5823974609375,52.08668518066406,3.049776554107666,3.8918306827545166,341.55468368530273,0.04178423210011479,-0.3107015877453821,17.93887519042211,1.8062305796146392,False
8,wave_feature_stage1.0.wave_feature_conv1,24,16,1000,0.002,10.0,30.0,post_relu_mean,185.90916442871094,-185.90916442871094,9.682441711425781,1.6429297924041748,0.9258195161819458,185.7659034729004,0.485029034098896,-0.08464141754434211,4.8887910065771445,0.9488311839103699,False
8,wave_feature_stage1.0.wave_feature_conv1,24,16,1000,0.002,10.0,30.0,post_relu_mean,337.7882385253906,-337.7882385253906,22.459550857543945,2.3850345611572266,1.9452944993972778,198.47602462768555,0.24796366202066675,-0.13143468426073748,7.5911899469512,0.9873041597008705,False
8,wave_feature_stage1.0.wave_feature_conv1,24,16,1000,0.002,10.0,30.0,post_relu_mean,480.8526916503906,-480.8526916503906,48.8820686340332,2.811311721801758,3.0631680488586426,298.6048889160156,0.0894486400195646,-0.24278759014416032,14.01896785970814,1.563636187314987,False
8,wave_feature_stage1.0.wave_feature_conv1,24,16,1000,0.002,50.0,5.0,post_relu_mean,132.98770141601562,-132.98770141601562,8.636674880981445,0.8401552438735962,0.7027264833450317,130.23666143417358,0.4427432496955175,-0.042939705062429306,2.4799153685502633,0.8427510693669319,False
8,wave_feature_stage1.0.wave_feature_conv1,24,16,1000,0.002,50.0,5.0,post_relu_mean,313.07476806640625,-313.07476806640625,24.11673927307129,1.5827348232269287,2.1478209495544434,146.0620002746582,0.20190187483120095,-0.11362667855377416,6.560289643995389,0.9108892446756363,False
8,wave_feature_stage1.0.wave_feature_conv1,24,16,1000,0.002,50.0,5.0,post_relu_mean,481.18988037109375,-481.18988037109375,52.31941604614258,2.146225690841675,3.9080309867858887,276.9135284423828,0.024696591287215755,-0.274460541826656,15.84592746205382,1.617567423582077,False
8,wave_feature_stage1.0.wave_feature_conv1,24,16,1000,0.002,50.0,15.0,post_relu_mean,117.13505554199219,-117.13505554199219,7.5412774085998535,0.7405010461807251,0.5303053259849548,137.6852478981018,0.45990484134570864,-0.04566212048241251,2.638657437432427,0.8701672625541687,False
8,wave_feature_stage1.0.wave_feature_conv1,24,16,1000,0.002,50.0,15.0,post_relu_mean,284.690673828125,-284.690673828125,21.35489845275879,1.4336307048797607,1.6270816326141357,137.0806999206543,0.24055353515602218,-0.09268533644436235,5.351556029710048,0.8267268711328506,False
8,wave_feature_stage1.0.wave_feature_conv1,24,16,1000,0.002,50.0,15.0,post_relu_mean,455.95404052734375,-455.95404052734375,49.37656784057617,2.022062063217163,3.186506509780884,244.37677764892578,0.03522786839464806,-0.21994648331937053,12.699488780904153,1.4381031435728073,False
8,wave_feature_stage1.0.wave_feature_conv1,24,16,1000,0.002,50.0,30.0,post_relu_mean,98.60798645019531,-98.60798645019531,6.349777698516846,0.6276777386665344,0.3785734176635742,151.01996994018555,0.4838097731355092,-0.04978571006061346,2.876785996428644,0.936593021452427,False
8,wave_feature_stage1.0.wave_feature_conv1,24,16,1000,0.002,50.0,30.0,post_relu_mean,243.2332000732422,-243.2332000732422,17.897113800048828,1.2286001443862915,1.114516019821167,131.84267807006836,0.2916801202156237,-0.06944755216017852,4.011222757197368,0.76043968886137,False
8,wave_feature_stage1.0.wave_feature_conv1,24,16,1000,0.002,50.0,30.0,post_relu_mean,417.6596984863281,-417.6596984863281,45.476524353027344,1.8440319299697876,2.399768114089966,212.39680099487305,0.11329499918337085,-0.1621391563612943,9.36202331578914,1.226020987033844,False
8,wave_feature_stage1.0.wave_feature_conv1,24,16,1000,0.002,150.0,5.0,post_relu_mean,41.85350036621094,-41.85350036621094,4.996539115905762,0.1678190529346466,0.30395588278770447,138.74711990356445,0.23496443785831492,-0.05480758642100665,3.166894953875477,1.9217821913957596,False
8,wave_feature_stage1.0.wave_feature_conv1,24,16,1000,0.002,150.0,5.0,post_relu_mean,92.45148468017578,-92.45148468017578,10.600658416748047,0.31674155592918396,0.647244930267334,76.56206130981445,0.08221061599876854,-0.023266833854760558,1.3438778666515523,1.777156577706337,False
8,wave_feature_stage1.0.wave_feature_conv1,24,16,1000,0.002,150.0,5.0,post_relu_mean,236.53468322753906,-236.53468322753906,31.206619262695312,0.767888069152832,1.6888982057571411,101.00942993164062,0.047985331554320707,-0.07570459121364204,4.3709628860609016,1.749956133365631,False
8,wave_feature_stage1.0.wave_feature_conv1,24,16,1000,0.002,150.0,15.0,post_relu_mean,37.5440788269043,-37.5440788269043,4.518348217010498,0.152934268116951,0.246067613363266,151.08658981323242,0.24549846374883094,-0.0614190437015335,3.548387567922379,1.9762889915704727,False
8,wave_feature_stage1.0.wave_feature_conv1,24,16,1000,0.002,150.0,15.0,post_relu_mean,80.26646423339844,-80.26646423339844,9.214838027954102,0.27673691511154175,0.4886585474014282,85.01868629455566,0.08928108432313497,-0.026741088659615077,1.5452183544071927,1.7981069308519364,False
8,wave_feature_stage1.0.wave_feature_conv1,24,16,1000,0.002,150.0,15.0,post_relu_mean,217.28167724609375,-217.28167724609375,28.433591842651367,0.6990131139755249,1.3206818103790283,95.30046081542969,0.04984448679701378,-0.062264602968414365,3.5950855199001164,1.6937848383188248,False
8,wave_feature_stage1.0.wave_feature_conv1,24,16,1000,0.002,150.0,30.0,post_relu_mean,33.33714294433594,-33.33714294433594,4.085458755493164,0.136958509683609,0.19586902856826782,169.12810897827148,0.2691348306036763,-0.06941706558201213,4.010499849346583,2.0489563953876497,False
8,wave_feature_stage1.0.wave_feature_conv1,24,16,1000,0.002,150.0,30.0,post_relu_mean,67.2883071899414,-67.2883071899414,7.760464668273926,0.23225148022174835,0.3421807885169983,100.7579231262207,0.10831808740409964,-0.03382120544443894,1.95439365797088,1.825742946267128,False
8,wave_feature_stage1.0.wave_feature_conv1,24,16,1000,0.002,150.0,30.0,post_relu_mean,194.10665893554688,-194.10665893554688,25.309677124023438,0.6148195266723633,0.9515702724456787,96.84976959228516,0.062229076107166735,-0.05345414590774773,3.087303583683583,1.6761654615402222,False
10,wave_feature_stage1.0.wave_feature_conv2,5,16,1000,0.002,10.0,5.0,post_relu_mean,139.791748046875,-139.791748046875,8.715672492980957,1.5739667415618896,1.505306601524353,67.90721321105957,0.25644036500858314,-0.03480386656187019,2.009560701966408,0.39941297575831414,False
10,wave_feature_stage1.0.wave_feature_conv2,5,16,1000,0.002,10.0,5.0,post_relu_mean,306.3858947753906,-306.3858947753906,23.847122192382812,2.379417657852173,3.4824252128601074,136.84192562103271,0.01933381415305734,-0.13155648945850112,7.595349541451181,0.8153868681192398,False
10,wave_feature_stage1.0.wave_feature_conv2,5,16,1000,0.002,10.0,5.0,post_relu_mean,357.52349853515625,-357.52349853515625,32.68471908569336,2.6834535598754883,4.759492874145508,226.99237060546875,0.10142680779472057,-0.23610804790764905,13.63154743704642,1.3222750627994537,False
10,wave_feature_stage1.0.wave_feature_conv2,5,16,1000,0.002,10.0,15.0,post_relu_mean,111.67718505859375,-111.67718505859375,6.848038196563721,1.2475496530532837,0.9091059565544128,67.42860984802246,0.2769492292429093,-0.025709744356653654,1.4853170878172857,0.38195830181241036,False
10,wave_feature_stage1.0.wave_feature_conv2,5,16,1000,0.002,10.0,15.0,post_relu_mean,284.1231994628906,-284.1231994628906,21.855485916137695,2.0957818031311035,2.400498151779175,120.58390712738037,0.04803179119274762,-0.1030776819663869,5.95147847183403,0.7080874517560005,False
10,wave_feature_stage1.0.wave_feature_conv2,5,16,1000,0.002,10.0,15.0,post_relu_mean,344.33428955078125,-344.33428955078125,30.840028762817383,2.5297629833221436,3.571462631225586,199.21578216552734,0.07533619381165571,-0.18873433388263905,10.896868382001248,1.18331258893013,False
10,wave_feature_stage1.0.wave_feature_conv2,5,16,1000,0.002,10.0,30.0,post_relu_mean,82.5013198852539,-82.5013198852539,5.0679240226745605,0.9160578846931458,0.5065841674804688,75.51612854003906,0.30010975868722184,-0.022962561846047645,1.327525397785976,0.41765583351254465,False
10,wave_feature_stage1.0.wave_feature_conv2,5,16,1000,0.002,10.0,30.0,post_relu_mean,247.21446228027344,-247.21446228027344,18.927406311035156,1.731770634651184,1.568673014640808,108.61122512817383,0.10457220242924331,-0.07376816962080547,4.260796815726263,0.5914235800504685,False
10,wave_feature_stage1.0.wave_feature_conv2,5,16,1000,0.002,10.0,30.0,post_relu_mean,320.16143798828125,-320.16143798828125,28.045820236206055,2.224358558654785,2.5037312507629395,177.05944442749023,0.05467794385563266,-0.144638547623389,8.35129693104005,1.032920213341713,False
10,wave_feature_stage1.0.wave_feature_conv2,5,16,1000,0.002,50.0,5.0,post_relu_mean,59.255332946777344,-59.255332946777344,4.619193077087402,0.3351685106754303,0.5188308954238892,50.015031814575195,0.2117765460600011,-0.014642466069662607,0.8457828574412344,0.563303827047348,False
10,wave_feature_stage1.0.wave_feature_conv2,5,16,1000,0.002,50.0,5.0,post_relu_mean,215.1919708251953,-215.1919708251953,17.946889877319336,1.01661217212677,1.9903347492218018,73.33899307250977,0.046284138570559526,-0.06453081933375392,3.725644721255807,0.6867923012375832,False
10,wave_feature_stage1.0.wave_feature_conv2,5,16,1000,0.002,50.0,5.0,post_relu_mean,290.6351318359375,-290.6351318359375,28.22736930847168,1.4065790176391602,3.591762065887451,144.67141342163086,0.0664567876994239,-0.1551487288807281,8.957421344786201,1.08090316593647,False
10,wave_feature_stage1.0.wave_feature_conv2,5,16,1000,0.002,50.0,15.0,post_relu_mean,45.359764099121094,-45.359764099121094,3.5561270713806152,0.2595006823539734,0.31642764806747437,60.18675470352173,0.2208024803733741,-0.01891211710911058,1.0923866985875037,0.5983304452896118,False
10,wave_feature_stage1.0.wave_feature_conv2,5,16,1000,0.002,50.0,15.0,post_relu_mean,191.60549926757812,-191.60549926757812,15.679844856262207,0.8872412443161011,1.3104993104934692,69.65599060058594,0.06838047462656321,-0.052443256971850934,3.0285276848688656,0.6318915739655495,False
10,wave_feature_stage1.0.wave_feature_conv2,5,16,1000,0.002,50.0,15.0,post_relu_mean,275.0819396972656,-275.0819396972656,25.67706298828125,1.3257569074630737,2.5419416427612305,127.34482192993164,0.04523257161802716,-0.12707816657055832,7.33694173577741,0.9801253345608711,False
10,wave_feature_stage1.0.wave_feature_conv2,5,16,1000,0.002,50.0,30.0,post_relu_mean,35.12221908569336,-35.12221908569336,2.801546096801758,0.20439983904361725,0.21260318160057068,76.32664108276367,0.2456210475740369,-0.023548739474845964,1.3611246757495838,0.6500533419847488,False
10,wave_feature_stage1.0.wave_feature_conv2,5,16,1000,0.002,50.0,30.0,post_relu_mean,157.97817993164062,-157.97817993164062,12.835216522216797,0.7181310653686523,0.7990283370018005,72.10221099853516,0.11044691167534142,-0.044741853938442114,2.584224389054809,0.6058748424053192,False
10,wave_feature_stage1.0.wave_feature_conv2,5,16,1000,0.002,50.0,30.0,post_relu_mean,250.4827117919922,-250.4827117919922,22.605852127075195,1.2036519050598145,1.694911241531372,116.91210174560547,0.026873655876598127,-0.09828983452514473,5.675369048723971,0.8683074960112571,False
10,wave_feature_stage1.0.wave_feature_conv2,5,16,1000,0.002,150.0,5.0,post_relu_mean,31.20159149169922,-31.20159149169922,3.1569929122924805,0.14475685358047485,0.4003174602985382,76.63531303405762,0.06986643095920184,-0.029960446829450003,1.7306275121774566,1.9522535449266434,False
10,wave_feature_stage1.0.wave_feature_conv2,5,16,1000,0.002,150.0,5.0,post_relu_mean,67.56468963623047,-67.56468963623047,7.010796070098877,0.25786349177360535,0.7422031164169312,43.1984806060791,0.14379767825937154,-0.013272824530965217,0.7667298937822844,1.983416520357132,False
10,wave_feature_stage1.0.wave_feature_conv2,5,16,1000,0.002,150.0,5.0,post_relu_mean,114.6213607788086,-114.6213607788086,13.75555419921875,0.40459144115448,1.452398657798767,47.88105010986328,0.1267527947837313,-0.02432980676535269,1.4047979569829063,1.9270190465450288,False
10,wave_feature_stage1.0.wave_feature_conv2,5,16,1000,0.002,150.0,15.0,post_relu_mean,26.52793312072754,-26.52793312072754,2.6996076107025146,0.1253575086593628,0.30073070526123047,88.74153137207031,0.05933935201685293,-0.03581538374833654,2.0691131015166304,1.966992471218109,False
10,wave_feature_stage1.0.wave_feature_conv2,5,16,1000,0.002,150.0,15.0,post_relu_mean,57.278602600097656,-57.278602600097656,5.879290580749512,0.21796837449073792,0.5184935331344604,52.29331016540527,0.13773071918877283,-0.01801037817073586,1.0404070197290702,2.0177968084812163,False
10,wave_feature_stage1.0.wave_feature_conv2,5,16,1000,0.002,150.0,15.0,post_relu_mean,101.36654663085938,-101.36654663085938,11.938676834106445,0.35558998584747314,1.0399585962295532,47.26145362854004,0.11597206964174482,-0.021193915082232985,1.2237943469853083,1.9182918018102646,False
10,wave_feature_stage1.0.wave_feature_conv2,5,16,1000,0.002,150.0,30.0,post_relu_mean,22.07611656188965,-22.07611656188965,2.2846732139587402,0.10681933164596558,0.22111628949642181,106.80550765991211,0.054743113679134106,-0.04345368234749846,2.5106671839858756,2.030710749030113,False
10,wave_feature_stage1.0.wave_feature_conv2,5,16,1000,0.002,150.0,30.0,post_relu_mean,46.23099899291992,-46.23099899291992,4.714459419250488,0.17663416266441345,0.34245559573173523,68.48198127746582,0.10345335748304932,-0.02485073607886874,1.4358943219853924,2.0186832726001738,False
10,wave_feature_stage1.0.wave_feature_conv2,5,16,1000,0.002,150.0,30.0,post_relu_mean,85.29009246826172,-85.29009246826172,9.882231712341309,0.29786816239356995,0.6727063655853271,55.02615737915039,0.095828819221868,-0.02327424298078079,1.3440114267063008,1.9250023943185806,False
10,wave_feature_stage1.0.wave_feature_conv2,8,16,1000,0.002,10.0,5.0,post_relu_mean,101.26078796386719,-101.26078796386719,4.562008380889893,1.5122833251953125,1.3011554479599,119.6146469116211,0.32992309790802027,-0.06014061692828027,3.472521509298815,0.6258137452602387,False
10,wave_feature_stage1.0.wave_feature_conv2,8,16,1000,0.002,10.0,5.0,post_relu_mean,161.26475524902344,-161.26475524902344,9.516611099243164,2.083866834640503,2.271146059036255,113.70988082885742,0.10252860015211107,-0.09026101584947002,5.211508595996764,0.6659172916412354,False
10,wave_feature_stage1.0.wave_feature_conv2,8,16,1000,0.002,10.0,5.0,post_relu_mean,222.9873504638672,-222.9873504638672,20.076826095581055,2.5008323192596436,3.542703628540039,149.7072639465332,0.057070365458870474,-0.1504002732056827,8.683344064491816,0.8939049178361893,False
10,wave_feature_stage1.0.wave_feature_conv2,8,16,1000,0.002,10.0,15.0,post_relu_mean,85.9980239868164,-85.9980239868164,3.8426554203033447,1.2759578227996826,0.8821292519569397,118.98800277709961,0.36183814631290967,-0.04882865461791382,2.8204695004663565,0.6114217993617058,False
10,wave_feature_stage1.0.wave_feature_conv2,8,16,1000,0.002,10.0,15.0,post_relu_mean,140.1295928955078,-140.1295928955078,8.075751304626465,1.7745003700256348,1.541035532951355,102.91838455200195,0.14608762510765375,-0.06286057255572625,3.6306382464111504,0.5830872294306755,False
10,wave_feature_stage1.0.wave_feature_conv2,8,16,1000,0.002,10.0,15.0,post_relu_mean,203.91073608398438,-203.91073608398438,18.078306198120117,2.2218570709228516,2.5151476860046387,127.21073532104492,0.01974087935210792,-0.10922394799638974,6.306530007803933,0.7648015403747559,False
10,wave_feature_stage1.0.wave_feature_conv2,8,16,1000,0.002,10.0,30.0,post_relu_mean,68.04287719726562,-68.04287719726562,3.1065874099731445,1.0055633783340454,0.5522405505180359,125.4704647064209,0.396607501004954,-0.04165078832285443,2.407007471151921,0.6365425762534141,False
10,wave_feature_stage1.0.wave_feature_conv2,8,16,1000,0.002,10.0,30.0,post_relu_mean,112.64359283447266,-112.64359283447266,6.412906169891357,1.3936338424682617,0.9408619999885559,100.1531982421875,0.20299680242299797,-0.04484364016258304,2.591362843730834,0.5393970683217049,False
10,wave_feature_stage1.0.wave_feature_conv2,8,16,1000,0.002,10.0,30.0,post_relu_mean,172.1523895263672,-172.1523895263672,15.316154479980469,1.8161044120788574,1.6004834175109863,109.69304656982422,0.06096624303435903,-0.07433243093688732,4.29313057881931,0.6359265667200088,False
10,wave_feature_stage1.0.wave_feature_conv2,8,16,1000,0.002,50.0,5.0,post_relu_mean,40.2864990234375,-40.2864990234375,2.70915150642395,0.34244799613952637,0.5290855765342712,96.79553413391113,0.33720530123692616,-0.0245576005731959,1.4190071678848442,0.6657409024238586,False
10,wave_feature_stage1.0.wave_feature_conv2,8,16,1000,0.002,50.0,5.0,post_relu_mean,76.84798431396484,-76.84798431396484,5.6763529777526855,0.5869519710540771,1.0050320625305176,64.08185386657715,0.14796121359613543,-0.026087633907718958,1.5065705175604693,0.5838704237341881,False
10,wave_feature_stage1.0.wave_feature_conv2,8,16,1000,0.002,50.0,5.0,post_relu_mean,140.64602661132812,-140.64602661132812,15.019380569458008,1.0003387928009033,2.0189783573150635,72.79922676086426,0.031264777151486865,-0.06862821587419721,3.9623320007626943,0.689932059943676,False
10,wave_feature_stage1.0.wave_feature_conv2,8,16,1000,0.002,50.0,15.0,post_relu_mean,32.47858810424805,-32.47858810424805,2.262935161590576,0.2802707552909851,0.3515010476112366,105.73705673217773,0.3509971585567254,-0.028145545615998274,1.6277766617596099,0.7160057425498962,False
10,wave_feature_stage1.0.wave_feature_conv2,8,16,1000,0.002,50.0,15.0,post_relu_mean,61.62710189819336,-61.62710189819336,4.538135528564453,0.4789517819881439,0.592736005783081,67.89169406890869,0.17178318476227203,-0.02286330151198497,1.3207661390945067,0.5895636487007141,False
10,wave_feature_stage1.0.wave_feature_conv2,8,16,1000,0.002,50.0,15.0,post_relu_mean,125.93551635742188,-125.93551635742188,13.28368854522705,0.8825823664665222,1.296907663345337,68.15900611877441,0.04220720123320206,-0.05224224175264569,3.0164012610454636,0.6431821808218956,False
10,wave_feature_stage1.0.wave_feature_conv2,8,16,1000,0.002,50.0,30.0,post_relu_mean,25.546443939208984,-25.546443939208984,1.9207792282104492,0.22824594378471375,0.23712964355945587,120.69460678100586,0.37570143744779566,-0.033836913504014375,1.9559681191405127,0.7880285564064979,False
10,wave_feature_stage1.0.wave_feature_conv2,8,16,1000,0.002,50.0,30.0,post_relu_mean,46.01974868774414,-46.01974868774414,3.5402348041534424,0.3579328954219818,0.3403722941875458,79.71291255950928,0.20470616086596508,-0.02497767798051038,1.4437660645870483,0.6391630759835243,False
10,wave_feature_stage1.0.wave_feature_conv2,8,16,1000,0.002,50.0,30.0,post_relu_mean,101.77181243896484,-101.77181243896484,10.861612319946289,0.701562762260437,0.7535240054130554,70.02451705932617,0.08176485876542856,-0.04421203547619132,2.553657780873904,0.6205138343572617,False
10,wave_feature_stage1.0.wave_feature_conv2,8,16,1000,0.002,150.0,5.0,post_relu_mean,19.894805908203125,-19.894805908203125,2.2669434547424316,0.110113725066185,0.41405731439590454,126.42095565795898,0.13210148328786403,-0.04355205705837686,2.5175446014700484,1.9372923910617827,False
10,wave_feature_stage1.0.wave_feature_conv2,8,16,1000,0.002,150.0,5.0,post_relu_mean,25.57191276550293,-25.57191276550293,3.31416916847229,0.13449791073799133,0.5440003871917725,80.50933170318604,0.0629555739432062,-0.026395480414802344,1.525492477968201,1.9578299450874328,False
10,wave_feature_stage1.0.wave_feature_conv2,8,16,1000,0.002,150.0,5.0,post_relu_mean,37.02449417114258,-37.02449417114258,6.517618179321289,0.19344069063663483,0.8101927638053894,49.138771533966064,0.127898080660622,-0.017042000419083395,0.9846487788656766,1.9810696417093276,False
10,wave_feature_stage1.0.wave_feature_conv2,8,16,1000,0.002,150.0,15.0,post_relu_mean,17.3769588470459,-17.3769588470459,2.036531686782837,0.09784246981143951,0.3242085576057434,137.06056785583496,0.15270734180556048,-0.048329704993933284,2.7931288970298,1.9536653476953507,False
10,wave_feature_stage1.0.wave_feature_conv2,8,16,1000,0.002,150.0,15.0,post_relu_mean,21.706064224243164,-21.706064224243164,2.8261845111846924,0.1154426783323288,0.4002690017223358,90.46315479278564,0.05327474851753193,-0.030506060151160454,1.763440283933925,1.9917427241802215,False
10,wave_feature_stage1.0.wave_feature_conv2,8,16,1000,0.002,150.0,15.0,post_relu_mean,31.3480224609375,-31.3480224609375,5.406023025512695,0.1613219976425171,0.5673484802246094,56.73793983459473,0.11388542682689008,-0.019520332303094034,1.1285722042483852,1.9840102118253709,False
10,wave_feature_stage1.0.wave_feature_conv2,8,16,1000,0.002,150.0,30.0,post_relu_mean,15.0659761428833,-15.0659761428833,1.80217707157135,0.0886712521314621,0.2447245717048645,153.69847297668457,0.17503806623186965,-0.05581116849784421,3.2258676807913913,2.027013354897499,False
10,wave_feature_stage1.0.wave_feature_conv2,8,16,1000,0.002,150.0,30.0,post_relu_mean,17.90513038635254,-17.90513038635254,2.413175582885742,0.09786936640739441,0.2799416482448578,106.67730712890625,0.04583616843346573,-0.03671835150103911,2.122425146174529,2.0384995198249816,False
10,wave_feature_stage1.0.wave_feature_conv2,8,16,1000,0.002,150.0,30.0,post_relu_mean,25.1533260345459,-25.1533260345459,4.334314823150635,0.13025538623332977,0.36704203486442566,71.4821662902832,0.0986888147575023,-0.024126594111860928,1.3949218600866267,2.0181958454847337,False
10,wave_feature_stage1.0.wave_feature_conv2,19,16,1000,0.002,10.0,5.0,post_relu_mean,20.824460983276367,-20.824460983276367,2.544320821762085,0.4505108892917633,0.34063470363616943,78.4972038269043,0.3536221777049857,-0.022002282286766796,1.2720723708344328,0.45488367959856985,False
10,wave_feature_stage1.0.wave_feature_conv2,19,16,1000,0.002,10.0,5.0,post_relu_mean,118.82162475585938,-118.82162475585938,14.15036678314209,1.509940266609192,1.3724815845489502,61.59837341308594,0.18290079143837348,-0.03614615726549627,2.0869469069128965,0.37351267024874685,False
10,wave_feature_stage1.0.wave_feature_conv2,19,16,1000,0.002,10.0,5.0,post_relu_mean,237.7085418701172,-237.7085418701172,32.80274200439453,2.637681484222412,3.55596923828125,153.17244243621826,0.028470572521234555,-0.1471534126686297,8.496033270064865,0.8781736373901368,False
10,wave_feature_stage1.0.wave_feature_conv2,19,16,1000,0.002,10.0,15.0,post_relu_mean,17.46750259399414,-17.46750259399414,2.1715407371520996,0.3740122318267822,0.2416570782661438,89.51686096191406,0.36178894991432803,-0.026173409166066402,1.513143562386296,0.51179343521595,False
10,wave_feature_stage1.0.wave_feature_conv2,19,16,1000,0.002,10.0,15.0,post_relu_mean,95.8701400756836,-95.8701400756836,11.237760543823242,1.1857142448425293,0.7923054099082947,63.23550510406494,0.2087125918791927,-0.02762814062369305,1.5963936381141948,0.35769303992390633,False
10,wave_feature_stage1.0.wave_feature_conv2,19,16,1000,0.002,10.0,15.0,post_relu_mean,218.9720916748047,-218.9720916748047,29.79988670349121,2.340123176574707,2.533505439758301,131.99721813201904,0.03257921775978588,-0.10734749830270719,6.198300658313873,0.7400233605504036,False
10,wave_feature_stage1.0.wave_feature_conv2,19,16,1000,0.002,10.0,30.0,post_relu_mean,15.407835960388184,-15.407835960388184,1.9637103080749512,0.3154366612434387,0.1848408281803131,105.90913772583008,0.3833571239189602,-0.03191496734115588,1.8453769708443826,0.595396366417408,False
10,wave_feature_stage1.0.wave_feature_conv2,19,16,1000,0.002,10.0,30.0,post_relu_mean,70.99748992919922,-70.99748992919922,8.342851638793945,0.8632376194000244,0.4476442337036133,72.22568130493164,0.24419186919612335,-0.023294016441025342,1.3458592133953586,0.38788077875971794,False
10,wave_feature_stage1.0.wave_feature_conv2,19,16,1000,0.002,10.0,30.0,post_relu_mean,190.5072784423828,-190.5072784423828,25.786752700805664,1.9317572116851807,1.6752748489379883,117.08177947998047,0.09348220196648908,-0.07204796352399351,4.161858369785996,0.6124307638406754,False
10,wave_feature_stage1.0.wave_feature_conv2,19,16,1000,0.002,50.0,5.0,post_relu_mean,11.242083549499512,-11.242083549499512,1.9462131261825562,0.13382664322853088,0.24218465387821198,90.96775245666504,0.2938912502769776,-0.03295912307942969,1.9044008470625484,0.73064293384552,False
10,wave_feature_stage1.0.wave_feature_conv2,19,16,1000,0.002,50.0,5.0,post_relu_mean,32.680912017822266,-32.680912017822266,4.883453369140625,0.26221519708633423,0.42427951097488403,46.28770208358765,0.14704326373951174,-0.012632411369404413,0.7299502870813649,0.5678648340702057,False
10,wave_feature_stage1.0.wave_feature_conv2,19,16,1000,0.002,50.0,5.0,post_relu_mean,153.60398864746094,-153.60398864746094,23.20513916015625,1.116120457649231,1.9480905532836914,75.04150390625,0.038809638482041754,-0.07321232246599774,4.226921137314349,0.6844872760772706,False
10,wave_feature_stage1.0.wave_feature_conv2,19,16,1000,0.002,50.0,15.0,post_relu_mean,9.973860740661621,-9.973860740661621,1.7568426132202148,0.1180010437965393,0.18441002070903778,102.63480186462402,0.3060150922284624,-0.037504031609712815,2.167403136801138,0.785861397087574,False
10,wave_feature_stage1.0.wave_feature_conv2,19,16,1000,0.002,50.0,15.0,post_relu_mean,25.54872703552246,-25.54872703552246,3.805837631225586,0.20441187918186188,0.2654171884059906,57.37940835952759,0.16293651009581794,-0.017156967498406214,0.9916992179484414,0.597682021856308,False
10,wave_feature_stage1.0.wave_feature_conv2,19,16,1000,0.002,50.0,15.0,post_relu_mean,134.5284423828125,-134.5284423828125,19.995075225830078,0.9537668228149414,1.2674951553344727,69.82723999023438,0.06181223202953773,-0.05586082086839921,3.2254758543507287,0.6231145012378693,False
10,wave_feature_stage1.0.wave_feature_conv2,19,16,1000,0.002,50.0,30.0,post_relu_mean,9.331838607788086,-9.331838607788086,1.6633819341659546,0.11136847734451294,0.1530206799507141,119.14279556274414,0.33363393843332556,-0.04288417680689284,2.4791113931409723,0.8598051726818084,False
10,wave_feature_stage1.0.wave_feature_conv2,19,16,1000,0.002,50.0,30.0,post_relu_mean,20.036174774169922,-20.036174774169922,3.040659189224243,0.16539758443832397,0.1837097853422165,73.82168006896973,0.19533568468556378,-0.023611846629278444,1.364804384165183,0.650397292971611,False
10,wave_feature_stage1.0.wave_feature_conv2,19,16,1000,0.002,50.0,30.0,post_relu_mean,112.19216918945312,-112.19216918945312,16.460153579711914,0.7803939580917358,0.7867467999458313,72.81280899047852,0.10710469159228156,-0.043836444111423976,2.533030862165066,0.5938167530298233,False
10,wave_feature_stage1.0.wave_feature_conv2,19,16,1000,0.002,150.0,5.0,post_relu_mean,9.208181381225586,-9.208181381225586,2.1614837646484375,0.09055179357528687,0.2758024036884308,124.13618659973145,0.1272657602399943,-0.05069934705063184,2.9304204160063603,1.9259529674053193,False
10,wave_feature_stage1.0.wave_feature_conv2,19,16,1000,0.002,150.0,5.0,post_relu_mean,15.871267318725586,-15.871267318725586,3.483861207962036,0.12775492668151855,0.38031476736068726,75.05791091918945,0.06535894307326386,-0.030402903010712325,1.756218606208556,1.89723959505558,False
10,wave_feature_stage1.0.wave_feature_conv2,19,16,1000,0.002,150.0,5.0,post_relu_mean,32.786685943603516,-32.786685943603516,8.157245635986328,0.22390630841255188,0.7080399990081787,42.10697841644287,0.14066983784925396,-0.01166651778913873,0.6741102341763467,1.9513288402557374,False
10,wave_feature_stage1.0.wave_feature_conv2,19,16,1000,0.002,150.0,15.0,post_relu_mean,8.341187477111816,-8.341187477111816,1.972627878189087,0.08337195217609406,0.22433245182037354,136.05424880981445,0.13829564521964935,-0.055425748410929836,3.203206110663534,1.9723606741428374,False
10,wave_feature_stage1.0.wave_feature_conv2,19,16,1000,0.002,150.0,15.0,post_relu_mean,13.132818222045898,-13.132818222045898,2.919799327850342,0.10724110901355743,0.2783963084220886,87.74798202514648,0.05808693769602473,-0.036321113729194394,2.0981863724718695,1.931572995185852,False
10,wave_feature_stage1.0.wave_feature_conv2,19,16,1000,0.002,150.0,15.0,post_relu_mean,27.151880264282227,-27.151880264282227,6.747684001922607,0.18582883477210999,0.4813985228538513,51.71808052062988,0.13476091295586637,-0.016810404221687725,0.9712199604617557,1.982778742313385,False
10,wave_feature_stage1.0.wave_feature_conv2,19,16,1000,0.002,150.0,30.0,post_relu_mean,7.691349029541016,-7.691349029541016,1.8100430965423584,0.07738035917282104,0.1807859241962433,153.57865715026855,0.1630453332796347,-0.061654549456139775,3.563725763832495,2.0359168457984924,False
10,wave_feature_stage1.0.wave_feature_conv2,19,16,1000,0.002,150.0,30.0,post_relu_mean,10.380441665649414,-10.380441665649414,2.4530515670776367,0.08905108273029327,0.20316040515899658,105.84723281860352,0.05207808818160609,-0.04346539476417972,2.5117188207244174,2.0111769276857374,False
10,wave_feature_stage1.0.wave_feature_conv2,19,16,1000,0.002,150.0,30.0,post_relu_mean,21.30299186706543,-21.30299186706543,5.276963233947754,0.14795342087745667,0.3124040961265564,68.57833957672119,0.1260840466266883,-0.024894939570096843,1.438137424892502,2.0638840198516846,False
14,wave_feature_stage1.1.wave_feature_conv1,18,16,1000,0.002,10.0,5.0,post_relu_mean,244.64373779296875,-244.64373779296875,10.780097007751465,2.2066855430603027,1.978222370147705,161.4964828491211,0.257248956435972,-0.1274807023011421,7.360022521039317,1.2068946194648742,False
14,wave_feature_stage1.1.wave_feature_conv1,18,16,1000,0.002,10.0,5.0,post_relu_mean,344.413330078125,-344.413330078125,21.22173309326172,2.4177660942077637,2.984279155731201,188.77091217041016,0.06767994725173586,-0.18680089314397166,10.785083451099863,1.5456346201896667,False
14,wave_feature_stage1.1.wave_feature_conv1,18,16,1000,0.002,10.0,5.0,post_relu_mean,393.0426940917969,-393.0426940917969,31.519838333129883,2.4401283264160156,3.7353310585021973,254.37313842773438,0.12208614737723132,-0.26670594660221736,15.398244505254608,2.121460084915161,False
14,wave_feature_stage1.1.wave_feature_conv1,18,16,1000,0.002,10.0,15.0,post_relu_mean,223.96786499023438,-223.96786499023438,9.556794166564941,2.013413906097412,1.557753086090088,153.31668090820312,0.2859336950802995,-0.11141607695542119,6.432558204776072,1.1511450058221817,False
14,wave_feature_stage1.1.wave_feature_conv1,18,16,1000,0.002,10.0,15.0,post_relu_mean,325.01312255859375,-325.01312255859375,19.562421798706055,2.2712435722351074,2.4009006023406982,169.8459014892578,0.08007244673521996,-0.158419311164084,9.146290018318322,1.4767294186353683,False
14,wave_feature_stage1.1.wave_feature_conv1,18,16,1000,0.002,10.0,15.0,post_relu_mean,380.8576354980469,-380.8576354980469,30.087303161621094,2.339625835418701,3.1501693725585938,227.85524368286133,0.10904426582602975,-0.23103733499633264,13.338784752262464,2.0289749199151994,False
14,wave_feature_stage1.1.wave_feature_conv1,18,16,1000,0.002,10.0,30.0,post_relu_mean,199.2969970703125,-199.2969970703125,8.231201171875,1.7597076892852783,1.134445309638977,151.47999572753906,0.3185318885531816,-0.10112361378942618,5.838374198126583,1.1293726736307144,False
14,wave_feature_stage1.1.wave_feature_conv1,18,16,1000,0.002,10.0,30.0,post_relu_mean,297.8424072265625,-297.8424072265625,17.459362030029297,2.031049966812134,1.7768628597259521,156.00827407836914,0.1036907689769555,-0.13573756080695534,7.836771127320289,1.40569216132164,False
14,wave_feature_stage1.1.wave_feature_conv1,18,16,1000,0.002,10.0,30.0,post_relu_mean,357.8738098144531,-357.8738098144531,27.833070755004883,2.177814483642578,2.446711301803589,200.3032455444336,0.09613862381303565,-0.19270671945479054,11.125870673194218,1.933222845196724,False
14,wave_feature_stage1.1.wave_feature_conv1,18,16,1000,0.002,50.0,5.0,post_relu_mean,160.04978942871094,-160.04978942871094,9.063667297363281,0.8638726472854614,1.1116472482681274,95.03874969482422,0.3217660094441354,-0.044548560675896624,2.5720364102645217,0.9982025131583214,False
14,wave_feature_stage1.1.wave_feature_conv1,18,16,1000,0.002,50.0,5.0,post_relu_mean,269.1329040527344,-269.1329040527344,19.818866729736328,1.0686726570129395,2.234869956970215,112.7617301940918,0.1249256555576662,-0.09117616529700046,5.2640023594499255,1.2905393916368484,False
14,wave_feature_stage1.1.wave_feature_conv1,18,16,1000,0.002,50.0,5.0,post_relu_mean,333.5283203125,-333.5283203125,30.093053817749023,1.21023690700531,3.2427961826324463,180.40348434448242,0.08364753735889048,-0.17751339704055347,10.24869358145801,1.8144963830709457,False
14,wave_feature_stage1.1.wave_feature_conv1,18,16,1000,0.002,50.0,15.0,post_relu_mean,141.54434204101562,-141.54434204101562,7.930123329162598,0.7568148374557495,0.8219974040985107,98.25540828704834,0.33447188257566157,-0.040367461702144676,2.331051739398945,0.9996038657426835,False
14,wave_feature_stage1.1.wave_feature_conv1,18,16,1000,0.002,50.0,15.0,post_relu_mean,245.76402282714844,-245.76402282714844,17.714122772216797,0.9761110544204712,1.6873888969421387,102.21364974975586,0.1400840326120937,-0.07582861428606638,4.378036254564461,1.24362111389637,False
14,wave_feature_stage1.1.wave_feature_conv1,18,16,1000,0.002,50.0,15.0,post_relu_mean,319.5230407714844,-319.5230407714844,28.33241081237793,1.1567569971084595,2.631434917449951,159.38081741333008,0.08429195759199516,-0.149658937957061,8.640487567191435,1.7494165939092636,False
14,wave_feature_stage1.1.wave_feature_conv1,18,16,1000,0.002,50.0,30.0,post_relu_mean,119.1532211303711,-119.1532211303711,6.579883098602295,0.6417625546455383,0.5607468485832214,108.33511924743652,0.3528721361371945,-0.04475078123701063,2.584425276247495,1.0422753793001176,False
14,wave_feature_stage1.1.wave_feature_conv1,18,16,1000,0.002,50.0,30.0,post_relu_mean,218.79327392578125,-218.79327392578125,15.305281639099121,0.8706930875778198,1.171754240989685,100.42449188232422,0.15504746527570226,-0.07012474911806417,4.048654270966032,1.2446052420139313,False
14,wave_feature_stage1.1.wave_feature_conv1,18,16,1000,0.002,50.0,30.0,post_relu_mean,297.16998291015625,-297.16998291015625,25.84662628173828,1.0667338371276855,1.9559664726257324,142.5154800415039,0.09124646904676623,-0.12978508572974334,7.493097039171853,1.7193118351697922,False
14,wave_feature_stage1.1.wave_feature_conv1,18,16,1000,0.002,150.0,5.0,post_relu_mean,78.30104064941406,-78.30104064941406,6.740634918212891,0.21285194158554077,0.5711175203323364,94.90336608886719,0.25137483391834287,-0.029242988594436865,1.689220857524124,1.767338992357254,False
14,wave_feature_stage1.1.wave_feature_conv1,18,16,1000,0.002,150.0,5.0,post_relu_mean,146.601806640625,-146.601806640625,13.890547752380371,0.32175594568252563,1.2072175741195679,74.59527587890625,0.1397807833418105,-0.027073848591038226,1.56340997484646,1.7896285009384156,False
14,wave_feature_stage1.1.wave_feature_conv1,18,16,1000,0.002,150.0,5.0,post_relu_mean,210.53793334960938,-210.53793334960938,22.73785972595215,0.4259290099143982,2.076850652694702,111.63506698608398,0.09415170539693828,-0.0784719316984237,4.530540502040294,1.9958806228637695,False
14,wave_feature_stage1.1.wave_feature_conv1,18,16,1000,0.002,150.0,15.0,post_relu_mean,68.62506103515625,-68.62506103515625,5.966402053833008,0.18793298304080963,0.4462183117866516,104.67536926269531,0.2592596294244304,-0.03504025910412622,2.024939826267285,1.80431017100811,False
14,wave_feature_stage1.1.wave_feature_conv1,18,16,1000,0.002,150.0,15.0,post_relu_mean,129.62986755371094,-129.62986755371094,12.216187477111816,0.2841894030570984,0.9232277870178223,75.6232967376709,0.14558709326822633,-0.024339337796341638,1.4056700974681378,1.817417808175087,False
14,wave_feature_stage1.1.wave_feature_conv1,18,16,1000,0.002,150.0,15.0,post_relu_mean,194.01121520996094,-194.01121520996094,20.901138305664062,0.3858608603477478,1.6761058568954468,100.00345993041992,0.09947079473523544,-0.060799683831436,3.510265113055311,1.963423530459404,False
14,wave_feature_stage1.1.wave_feature_conv1,18,16,1000,0.002,150.0,30.0,post_relu_mean,58.67771911621094,-58.67771911621094,5.14738130569458,0.16448774933815002,0.3322356343269348,120.86949157714844,0.27357644425743594,-0.044430088827725006,2.567438348912237,1.8591096162796021,False
14,wave_feature_stage1.1.wave_feature_conv1,18,16,1000,0.002,150.0,30.0,post_relu_mean,110.12469482421875,-110.12469482421875,10.308993339538574,0.24285829067230225,0.64836186170578,83.9595718383789,0.15927080815636724,-0.02721528754466421,1.5720588465477054,1.8305397766828537,False
14,wave_feature_stage1.1.wave_feature_conv1,18,16,1000,0.002,150.0,30.0,post_relu_mean,172.37973022460938,-172.37973022460938,18.430967330932617,0.3384076952934265,1.233721375465393,93.7983169555664,0.10900130139168533,-0.04824446519728514,2.7856105594686933,1.95154119849205,False
14,wave_feature_stage1.1.wave_feature_conv1,2,16,1000,0.002,10.0,5.0,post_relu_mean,301.0783386230469,-301.0783386230469,12.527295112609863,2.189042568206787,2.227931499481201,208.80699920654297,0.2973588051885518,-0.1464398872869313,8.454726586842032,1.3477360904216766,False
14,wave_feature_stage1.1.wave_feature_conv1,2,16,1000,0.002,10.0,5.0,post_relu_mean,396.6842346191406,-396.6842346191406,20.08100128173828,2.626040458679199,3.148155689239502,252.1146001815796,0.03932607166824873,-0.22594221441992343,13.044622200194693,1.7299341404438018,False
14,wave_feature_stage1.1.wave_feature_conv1,2,16,1000,0.002,10.0,5.0,post_relu_mean,436.43536376953125,-436.43536376953125,28.884851455688477,2.846175193786621,3.8843212127685547,302.9475860595703,0.10724672888466032,-0.3037261407151634,17.535427760604748,2.1492458999156954,False
14,wave_feature_stage1.1.wave_feature_conv1,2,16,1000,0.002,10.0,15.0,post_relu_mean,279.15997314453125,-279.15997314453125,11.500263214111328,2.025480270385742,1.8209283351898193,194.42581939697266,0.3398375648287469,-0.11454867282364738,6.6138961670048335,1.251556126475334,False
14,wave_feature_stage1.1.wave_feature_conv1,2,16,1000,0.002,10.0,15.0,post_relu_mean,377.4287414550781,-377.4287414550781,18.875324249267578,2.4735774993896484,2.629711389541626,228.5127248764038,0.062578176789983,-0.18744043661363752,10.822144063322108,1.6224331349134444,False
14,wave_feature_stage1.1.wave_feature_conv1,2,16,1000,0.002,10.0,15.0,post_relu_mean,424.1817321777344,-424.1817321777344,27.18425750732422,2.7290000915527344,3.3261353969573975,274.90137481689453,0.07745175932980909,-0.25940821906930733,14.97678427268648,2.0273088818788527,False
14,wave_feature_stage1.1.wave_feature_conv1,2,16,1000,0.002,10.0,30.0,post_relu_mean,248.46739196777344,-248.46739196777344,10.141545295715332,1.7774797677993774,1.3591810464859009,184.0471649169922,0.38945965377116787,-0.08783054147810603,5.072519582778662,1.1760856312513353,False
14,wave_feature_stage1.1.wave_feature_conv1,2,16,1000,0.002,10.0,30.0,post_relu_mean,345.9500732421875,-345.9500732421875,17.078983306884766,2.242508888244629,2.0361220836639404,204.39673233032227,0.11405283700130599,-0.14172505449034542,8.183428557246142,1.481307109594345,False
14,wave_feature_stage1.1.wave_feature_conv1,2,16,1000,0.002,10.0,30.0,post_relu_mean,400.5905456542969,-400.5905456542969,25.018835067749023,2.532472610473633,2.6455259323120117,243.67539596557617,0.042489863748385655,-0.21064988365965867,12.16218035983072,1.8817188066244126,False
14,wave_feature_stage1.1.wave_feature_conv1,2,16,1000,0.002,50.0,5.0,post_relu_mean,222.18382263183594,-222.18382263183594,9.995878219604492,1.0857176780700684,1.5252403020858765,144.1104621887207,0.36760908091059546,-0.06687086465129308,3.8615264763164534,1.0697557812929153,False
14,wave_feature_stage1.1.wave_feature_conv1,2,16,1000,0.002,50.0,5.0,post_relu_mean,321.96527099609375,-321.96527099609375,17.14973258972168,1.4985935688018799,2.4324965476989746,164.72682571411133,0.10910016875097564,-0.1270710729560231,7.336517673082807,1.3673905682563783,False
14,wave_feature_stage1.1.wave_feature_conv1,2,16,1000,0.002,50.0,5.0,post_relu_mean,373.9206237792969,-373.9206237792969,26.031461715698242,1.7533550262451172,3.2704217433929443,204.91555404663086,0.06533246086391227,-0.1983816367297915,11.4534424090216,1.78786186337471,False
14,wave_feature_stage1.1.wave_feature_conv1,2,16,1000,0.002,50.0,15.0,post_relu_mean,199.4188995361328,-199.4188995361328,8.877330780029297,0.9779009819030762,1.1704163551330566,139.79732513427734,0.3962758715958229,-0.05298507631491141,3.060041941508378,1.0294665974378585,False
14,wave_feature_stage1.1.wave_feature_conv1,2,16,1000,0.002,50.0,15.0,post_relu_mean,299.7476806640625,-299.7476806640625,15.73796558380127,1.3926646709442139,1.9370728731155396,149.77640914916992,0.13621274366501657,-0.10139518127235406,5.8541465088870055,1.2964953893423081,False
14,wave_feature_stage1.1.wave_feature_conv1,2,16,1000,0.002,50.0,15.0,post_relu_mean,357.2436218261719,-357.2436218261719,24.00613021850586,1.6727021932601929,2.6807332038879395,182.2431526184082,0.05105431994788067,-0.16139831752400863,9.318231626266368,1.6751996117830277,False
14,wave_feature_stage1.1.wave_feature_conv1,2,16,1000,0.002,50.0,30.0,post_relu_mean,169.86749267578125,-169.86749267578125,7.4998087882995605,0.8373908400535583,0.8186823725700378,141.75067520141602,0.4298670403664162,-0.04471244712731741,2.584216843639302,1.0222704568505288,False
14,wave_feature_stage1.1.wave_feature_conv1,2,16,1000,0.002,50.0,30.0,post_relu_mean,264.2155456542969,-264.2155456542969,13.735116958618164,1.2316429615020752,1.3942408561706543,137.24671936035156,0.1810312136275139,-0.07528666253155351,4.347730852360387,1.2172787064313888,False
14,wave_feature_stage1.1.wave_feature_conv1,2,16,1000,0.002,50.0,30.0,post_relu_mean,328.02490234375,-328.02490234375,21.417184829711914,1.5411186218261719,2.0011839866638184,160.07628631591797,0.05393188569406675,-0.12886330068026478,7.440012894267748,1.597418110370636,False
14,wave_feature_stage1.1.wave_feature_conv1,2,16,1000,0.002,150.0,5.0,post_relu_mean,106.15736389160156,-106.15736389160156,6.111978054046631,0.2847592234611511,0.7669137120246887,126.7011981010437,0.269071237409358,-0.03737170742679802,2.1596631614523445,1.7384070819616317,False
14,wave_feature_stage1.1.wave_feature_conv1,2,16,1000,0.002,150.0,5.0,post_relu_mean,159.27670288085938,-159.27670288085938,10.248023986816406,0.42299026250839233,1.2532711029052734,98.3386116027832,0.11742314647399589,-0.04544577799206028,2.6245493306940695,1.7499520951509475,False
14,wave_feature_stage1.1.wave_feature_conv1,2,16,1000,0.002,150.0,5.0,post_relu_mean,204.31307983398438,-204.31307983398438,17.70600700378418,0.5700037479400635,1.9018118381500244,97.05826187133789,0.07861118697322364,-0.06471451472871297,3.7362559451031045,1.886920959353447,False
14,wave_feature_stage1.1.wave_feature_conv1,2,16,1000,0.002,150.0,15.0,post_relu_mean,94.39924621582031,-94.39924621582031,5.45320987701416,0.252438485622406,0.6003557443618774,133.0136194229126,0.2831359889310662,-0.0393754316611917,2.27638186775992,1.7607046127319337,False
14,wave_feature_stage1.1.wave_feature_conv1,2,16,1000,0.002,150.0,15.0,post_relu_mean,142.73341369628906,-142.73341369628906,9.063841819763184,0.3778025805950165,0.9668330550193787,98.06375122070312,0.12903245655443085,-0.04077042960247972,2.354187246454244,1.7458236372470857,False
14,wave_feature_stage1.1.wave_feature_conv1,2,16,1000,0.002,150.0,15.0,post_relu_mean,187.10690307617188,-187.10690307617188,15.803532600402832,0.5215306282043457,1.5025279521942139,87.80218124389648,0.08188869611650633,-0.04908383482101395,2.8340692786404054,1.8501008069515228,False
14,wave_feature_stage1.1.wave_feature_conv1,2,16,1000,0.002,150.0,30.0,post_relu_mean,80.54533386230469,-80.54533386230469,4.697071552276611,0.2171357274055481,0.4409993588924408,145.5001106262207,0.30642112684297856,-0.043073377099978126,2.4899234408528383,1.8048311364650726,False
14,wave_feature_stage1.1.wave_feature_conv1,2,16,1000,0.002,150.0,30.0,post_relu_mean,122.05268859863281,-122.05268859863281,7.727822780609131,0.32201582193374634,0.6825507283210754,104.16536521911621,0.15396002391563743,-0.03862468547244534,2.2327193926412474,1.7407539528608322,False
14,wave_feature_stage1.1.wave_feature_conv1,2,16,1000,0.002,150.0,30.0,post_relu_mean,164.9038848876953,-164.9038848876953,13.507542610168457,0.45847317576408386,1.0729212760925293,85.41230773925781,0.08924596647661942,-0.040100950674401614,2.3154701416940275,1.8317032307386398,False
14,wave_feature_stage1.1.wave_feature_conv1,14,16,1000,0.002,10.0,5.0,post_relu_mean,215.50408935546875,-215.50408935546875,4.874099254608154,2.138256072998047,2.091309070587158,243.9109344482422,0.4886893275402453,-0.1655710850378529,9.559298241099311,1.2470476895570755,False
14,wave_feature_stage1.1.wave_feature_conv1,14,16,1000,0.002,10.0,5.0,post_relu_mean,273.2586364746094,-273.2586364746094,8.945085525512695,2.4510698318481445,2.982957601547241,224.66107940673828,0.18984072590550036,-0.19283570565063687,11.133324504225834,1.203183423280716,False
14,wave_feature_stage1.1.wave_feature_conv1,14,16,1000,0.002,10.0,5.0,post_relu_mean,325.7582092285156,-325.7582092285156,19.006345748901367,2.7029383182525635,4.001870155334473,236.51962661743164,0.008956476776029398,-0.23388402470910766,13.503176831888497,1.2980579578876494,False
14,wave_feature_stage1.1.wave_feature_conv1,14,16,1000,0.002,10.0,15.0,post_relu_mean,200.4844512939453,-200.4844512939453,4.360508918762207,1.966356635093689,1.713484287261963,232.30599212646484,0.5333489453917787,-0.13987163514804116,8.076471980962651,1.1624925142526628,False
14,wave_feature_stage1.1.wave_feature_conv1,14,16,1000,0.002,10.0,15.0,post_relu_mean,254.04754638671875,-254.04754638671875,7.898636817932129,2.25631046295166,2.3779714107513428,203.68055725097656,0.24174997964750422,-0.15332289385954742,8.852118396929432,1.0684574025869369,False
14,wave_feature_stage1.1.wave_feature_conv1,14,16,1000,0.002,10.0,15.0,post_relu_mean,308.0793762207031,-308.0793762207031,17.178693771362305,2.5140633583068848,3.2340621948242188,205.86114120483398,0.04713231696065115,-0.18438670334128954,10.645901717580308,1.1275467252731324,False
14,wave_feature_stage1.1.wave_feature_conv1,14,16,1000,0.002,10.0,30.0,post_relu_mean,177.94338989257812,-177.94338989257812,3.724675178527832,1.7357561588287354,1.2926738262176514,223.05958557128906,0.5978356307609247,-0.10847855292337201,6.265207701123302,1.0709382849931717,False
14,wave_feature_stage1.1.wave_feature_conv1,14,16,1000,0.002,10.0,30.0,post_relu_mean,225.34628295898438,-225.34628295898438,6.6846771240234375,1.9843316078186035,1.7279075384140015,185.30948638916016,0.3121263054408525,-0.11472790588685614,6.625162522197649,0.9243774750828743,False
14,wave_feature_stage1.1.wave_feature_conv1,14,16,1000,0.002,10.0,30.0,post_relu_mean,277.3016052246094,-277.3016052246094,15.061603546142578,2.2057480812072754,2.3471829891204834,176.0872802734375,0.11358559444240693,-0.13148454288902386,7.592467803455784,0.9415982142090797,False
14,wave_feature_stage1.1.wave_feature_conv1,14,16,1000,0.002,50.0,5.0,post_relu_mean,165.3306121826172,-165.3306121826172,4.572322368621826,1.2051923274993896,1.3450084924697876,179.3755111694336,0.5624721470691318,-0.08806358125395243,5.084888751490085,0.9722792947292328,False
14,wave_feature_stage1.1.wave_feature_conv1,14,16,1000,0.002,50.0,5.0,post_relu_mean,215.1343536376953,-215.1343536376953,8.44069766998291,1.3458868265151978,2.0804269313812256,148.55356979370117,0.2670384782677769,-0.10476847590325801,6.048826338926753,0.8911279487609863,False
14,wave_feature_stage1.1.wave_feature_conv1,14,16,1000,0.002,50.0,5.0,post_relu_mean,259.99163818359375,-259.99163818359375,16.961956024169922,1.4680782556533813,2.9870364665985107,149.2628936767578,0.06229403301077845,-0.14098538388371207,8.139708714864064,1.0014635521173476,False
14,wave_feature_stage1.1.wave_feature_conv1,14,16,1000,0.002,50.0,15.0,post_relu_mean,150.11476135253906,-150.11476135253906,3.999478340148926,1.0919692516326904,1.0527218580245972,178.28897857666016,0.5935327167780351,-0.07571515920683815,4.3723280105140985,0.9414567205309868,False
14,wave_feature_stage1.1.wave_feature_conv1,14,16,1000,0.002,50.0,15.0,post_relu_mean,195.1070098876953,-195.1070098876953,7.282088756561279,1.2210184335708618,1.5523724555969238,139.48475646972656,0.3053646749140696,-0.08456832390200623,4.882873713842152,0.8149136313796044,False
14,wave_feature_stage1.1.wave_feature_conv1,14,16,1000,0.002,50.0,15.0,post_relu_mean,240.73654174804688,-240.73654174804688,15.09488582611084,1.349663257598877,2.27907133102417,130.35025787353516,0.10065741875293134,-0.10844780264098886,6.2612902989309775,0.8664640128612519,False
14,wave_feature_stage1.1.wave_feature_conv1,14,16,1000,0.002,50.0,30.0,post_relu_mean,129.8329315185547,-129.8329315185547,3.419548988342285,0.9421015977859497,0.7643933296203613,181.86710357666016,0.6302065702146139,-0.06455584737425367,3.7296344592524227,0.9407362055778503,False
14,wave_feature_stage1.1.wave_feature_conv1,14,16,1000,0.002,50.0,30.0,post_relu_mean,165.6927032470703,-165.6927032470703,6.017392635345459,1.0399161577224731,1.0505402088165283,134.9266815185547,0.3588576133647898,-0.062020452103557236,3.5816358803502237,0.7520973119139671,False
14,wave_feature_stage1.1.wave_feature_conv1,14,16,1000,0.002,50.0,30.0,post_relu_mean,213.23651123046875,-213.23651123046875,13.037310600280762,1.1707000732421875,1.5673338174819946,118.73025131225586,0.1500618025858059,-0.07698610001222625,4.446085790826902,0.7552042391896248,False
14,wave_feature_stage1.1.wave_feature_conv1,14,16,1000,0.002,150.0,5.0,post_relu_mean,59.18083953857422,-59.18083953857422,3.900503396987915,0.2833336293697357,0.4899713099002838,146.39324569702148,0.4041050647675314,-0.04024356968644447,2.32580660361821,1.7454635304212571,False
14,wave_feature_stage1.1.wave_feature_conv1,14,16,1000,0.002,150.0,5.0,post_relu_mean,76.85540771484375,-76.85540771484375,6.0574951171875,0.32050883769989014,0.7437884211540222,92.50639963150024,0.14175196637398338,-0.025771064911011707,1.4893113073572872,1.733444402217865,False
14,wave_feature_stage1.1.wave_feature_conv1,14,16,1000,0.002,150.0,5.0,post_relu_mean,101.37065124511719,-101.37065124511719,11.176084518432617,0.393610417842865,1.2146992683410645,64.06637001037598,0.04367153576401832,-0.02821792137754264,1.6293551069554744,1.749231194257736,False
14,wave_feature_stage1.1.wave_feature_conv1,14,16,1000,0.002,150.0,15.0,post_relu_mean,52.240631103515625,-52.240631103515625,3.4888362884521484,0.2530428469181061,0.3880344033241272,156.54816246032715,0.4212064770798697,-0.04553353005997698,2.631652003019852,1.7674344593286515,False
14,wave_feature_stage1.1.wave_feature_conv1,14,16,1000,0.002,150.0,15.0,post_relu_mean,66.49334716796875,-66.49334716796875,5.24354362487793,0.27981725335121155,0.5536174178123474,99.53802394866943,0.15288828994923367,-0.027913287156414827,1.6128806724137652,1.7551349103450775,False
14,wave_feature_stage1.1.wave_feature_conv1,14,16,1000,0.002,150.0,15.0,post_relu_mean,90.39006042480469,-90.39006042480469,9.6818265914917,0.3473208546638489,0.8929613828659058,66.00805282592773,0.041935707403268824,-0.02635242189424372,1.5215945807673206,1.7591704720258712,False
14,wave_feature_stage1.1.wave_feature_conv1,14,16,1000,0.002,150.0,30.0,post_relu_mean,44.995975494384766,-44.995975494384766,3.042738199234009,0.22083324193954468,0.29526031017303467,173.2668914794922,0.44396610149597204,-0.05368222857991494,3.102860748177853,1.8207898569107055,False
14,wave_feature_stage1.1.wave_feature_conv1,14,16,1000,0.002,150.0,30.0,post_relu_mean,55.66793441772461,-55.66793441772461,4.404545783996582,0.23651334643363953,0.38451915979385376,113.88012790679932,0.17879593774564173,-0.03401385354520071,1.9658090756166318,1.7868878626823426,False
14,wave_feature_stage1.1.wave_feature_conv1,14,16,1000,0.002,150.0,30.0,post_relu_mean,75.86090087890625,-75.86090087890625,7.974001884460449,0.2913762927055359,0.5891405940055847,75.00686645507812,0.044057864050596654,-0.02717262980192821,1.5693393710344568,1.7746994417905808,False
16,wave_feature_stage1.1.wave_feature_conv2,11,16,1000,0.002,10.0,5.0,post_relu_mean,9.220240592956543,-9.220240592956543,1.7221291065216064,0.3285020589828491,0.22058555483818054,72.15956974029541,0.24781048809838632,-0.026500345171593175,1.5312882918910837,0.4408416958153248,False
16,wave_feature_stage1.1.wave_feature_conv2,11,16,1000,0.002,10.0,5.0,post_relu_mean,53.36665344238281,-53.36665344238281,8.458597183227539,0.6552313566207886,0.5553789734840393,25.515090703964233,0.08978847556895814,-0.011683408196185418,0.6746061011022704,0.17223669588565826,False
16,wave_feature_stage1.1.wave_feature_conv2,11,16,1000,0.002,10.0,5.0,post_relu_mean,193.13404846191406,-193.13404846191406,38.95844650268555,2.2208659648895264,3.653897523880005,88.8457260131836,0.0302149926263193,-0.0903092506721695,5.213976827307917,0.6567192906141281,False
16,wave_feature_stage1.1.wave_feature_conv2,11,16,1000,0.002,10.0,15.0,post_relu_mean,8.280696868896484,-8.280696868896484,1.5669511556625366,0.2817727029323578,0.1757189929485321,83.51173782348633,0.2592684620380935,-0.02992527557458308,1.7294903333281682,0.5039560028910637,False
16,wave_feature_stage1.1.wave_feature_conv2,11,16,1000,0.002,10.0,15.0,post_relu_mean,37.345359802246094,-37.345359802246094,5.901401519775391,0.4634029269218445,0.2770049571990967,34.62538242340088,0.10649688517236255,-0.012879608139705293,0.7445874627751885,0.21701072357594967,False
16,wave_feature_stage1.1.wave_feature_conv2,11,16,1000,0.002,10.0,15.0,post_relu_mean,170.85626220703125,-170.85626220703125,33.54387283325195,1.921988844871521,2.3044474124908447,70.47957611083984,0.011554133746429501,-0.05957974427532988,3.4403558315786182,0.5674747550487518,False
16,wave_feature_stage1.1.wave_feature_conv2,11,16,1000,0.002,10.0,30.0,post_relu_mean,7.922794818878174,-7.922794818878174,1.5378518104553223,0.2505575120449066,0.14732658863067627,99.68122863769531,0.2833643564827867,-0.03476569231010866,2.0098360363264027,0.6012023892998696,False
16,wave_feature_stage1.1.wave_feature_conv2,11,16,1000,0.002,10.0,30.0,post_relu_mean,29.13608741760254,-29.13608741760254,4.71131706237793,0.35493171215057373,0.1898559033870697,49.61889719963074,0.14183544625278538,-0.016960761489866742,0.9803450794314805,0.30061025500297545,False
16,wave_feature_stage1.1.wave_feature_conv2,11,16,1000,0.002,10.0,30.0,post_relu_mean,138.7422332763672,-138.7422332763672,26.639606475830078,1.5121639966964722,1.3030709028244019,62.55089569091797,0.03120712770438291,-0.03861529547195589,2.2299694822592016,0.5101348380744457,False
16,wave_feature_stage1.1.wave_feature_conv2,11,16,1000,0.002,50.0,5.0,post_relu_mean,8.763265609741211,-8.763265609741211,1.9448935985565186,0.10710857808589935,0.1768830418586731,85.38887786865234,0.16755246081644987,-0.03807624669262056,2.200112673303127,0.8172620341181756,False
16,wave_feature_stage1.1.wave_feature_conv2,11,16,1000,0.002,50.0,5.0,post_relu_mean,19.764427185058594,-19.764427185058594,4.164694786071777,0.11983622610569,0.28847411274909973,33.043219566345215,0.02884174748475105,-0.013940274164126448,0.8052899676022272,0.6374071475863456,False
16,wave_feature_stage1.1.wave_feature_conv2,11,16,1000,0.002,50.0,5.0,post_relu_mean,112.05924224853516,-112.05924224853516,24.683914184570312,0.6200811862945557,2.1022791862487793,38.77396774291992,0.022500846022276647,-0.030160467748227827,1.7413034985670464,0.656033992767334,False
16,wave_feature_stage1.1.wave_feature_conv2,11,16,1000,0.002,50.0,15.0,post_relu_mean,7.8887529373168945,-7.8887529373168945,1.7923527956008911,0.1000247597694397,0.14315687119960785,96.93652153015137,0.18725373598416833,-0.041732942520664604,2.4116847020765593,0.855401705801487,False
16,wave_feature_stage1.1.wave_feature_conv2,11,16,1000,0.002,50.0,15.0,post_relu_mean,14.877138137817383,-14.877138137817383,3.1961846351623535,0.09604126214981079,0.17781400680541992,44.76889610290527,0.04093078433395516,-0.018693628040783797,1.0801392020614677,0.6695667672157287,False
16,wave_feature_stage1.1.wave_feature_conv2,11,16,1000,0.002,50.0,15.0,post_relu_mean,91.8709716796875,-91.8709716796875,19.776695251464844,0.5118499994277954,1.1901341676712036,33.36936569213867,0.02312548562216441,-0.020236229220969477,1.1684130231983227,0.6294151338934898,False
16,wave_feature_stage1.1.wave_feature_conv2,11,16,1000,0.002,50.0,30.0,post_relu_mean,7.548277378082275,-7.548277378082275,1.7475255727767944,0.09687736630439758,0.1246267706155777,113.3185043334961,0.23279086563006382,-0.04588574377512133,2.6522127619244884,0.9000561034679413,False
16,wave_feature_stage1.1.wave_feature_conv2,11,16,1000,0.002,50.0,30.0,post_relu_mean,12.49138069152832,-12.49138069152832,2.776360034942627,0.08677491545677185,0.1355278044939041,61.255210876464844,0.08497798980640818,-0.023326202064410585,1.3482141141562172,0.7098197248578072,False
16,wave_feature_stage1.1.wave_feature_conv2,11,16,1000,0.002,50.0,30.0,post_relu_mean,70.70816040039062,-70.70816040039062,14.959027290344238,0.3975902199745178,0.6175401210784912,39.77127456665039,0.043524687646753484,-0.018257129522987522,1.054554801833137,0.6263778141140938,False
16,wave_feature_stage1.1.wave_feature_conv2,11,16,1000,0.002,150.0,5.0,post_relu_mean,10.932784080505371,-10.932784080505371,2.6918609142303467,0.072989821434021,0.240054652094841,118.59436988830566,0.06717942714437469,-0.054662660539959385,3.1587792028967643,1.9815617024898529,False
16,wave_feature_stage1.1.wave_feature_conv2,11,16,1000,0.002,150.0,5.0,post_relu_mean,20.061378479003906,-20.061378479003906,4.761488914489746,0.0986800491809845,0.3669208884239197,65.56832504272461,0.07927168463750192,-0.029146201610743987,1.6837472658104502,1.8363189125061035,False
16,wave_feature_stage1.1.wave_feature_conv2,11,16,1000,0.002,150.0,5.0,post_relu_mean,52.27151107788086,-52.27151107788086,12.90207290649414,0.21658112108707428,0.9976404309272766,39.222716331481934,0.10836015528884588,-0.010888597695761143,0.6290747909301142,1.8761327540874482,False
16,wave_feature_stage1.1.wave_feature_conv2,11,16,1000,0.002,150.0,15.0,post_relu_mean,9.923529624938965,-9.923529624938965,2.458676338195801,0.06821123510599136,0.1968255490064621,130.68713569641113,0.07126392261808397,-0.05887940765222925,3.4029473191971538,2.077045087814331,False
16,wave_feature_stage1.1.wave_feature_conv2,11,16,1000,0.002,150.0,15.0,post_relu_mean,16.2430419921875,-16.2430419921875,3.902076482772827,0.08079192787408829,0.260856568813324,78.45752334594727,0.07947889947491467,-0.03452477253074364,1.994696709300843,1.9133357900381087,False
16,wave_feature_stage1.1.wave_feature_conv2,11,16,1000,0.002,150.0,15.0,post_relu_mean,43.472293853759766,-43.472293853759766,10.715852737426758,0.17835679650306702,0.678910493850708,44.95341396331787,0.10533769888045087,-0.013096143792201831,0.7564226491126961,1.8984715563058854,False
16,wave_feature_stage1.1.wave_feature_conv2,11,16,1000,0.002,150.0,30.0,post_relu_mean,9.108280181884766,-9.108280181884766,2.2731692790985107,0.06538182497024536,0.15968695282936096,148.02141189575195,0.082018737809803,-0.06446859803496967,3.7264745123299514,2.172326602935791,False
16,wave_feature_stage1.1.wave_feature_conv2,11,16,1000,0.002,150.0,30.0,post_relu_mean,13.564245223999023,-13.564245223999023,3.307429552078247,0.06927424669265747,0.19373390078544617,96.28870391845703,0.073543904174328,-0.04066530420785009,2.350683444190522,2.015678158402443,False
16,wave_feature_stage1.1.wave_feature_conv2,11,16,1000,0.002,150.0,30.0,post_relu_mean,34.084510803222656,-34.084510803222656,8.410391807556152,0.14010974764823914,0.4229430854320526,58.81177043914795,0.08896791589578254,-0.01961351660949689,1.1331683280042015,1.9251475793123245,False
16,wave_feature_stage1.1.wave_feature_conv2,4,16,1000,0.002,10.0,5.0,post_relu_mean,14.082807540893555,-14.082807540893555,2.280911922454834,0.4885113835334778,0.3217466175556183,81.90462684631348,0.3420466554926122,-0.02537491266094251,1.465888111024605,0.46549739614129065,False
16,wave_feature_stage1.1.wave_feature_conv2,4,16,1000,0.002,10.0,5.0,post_relu_mean,58.523681640625,-58.523681640625,8.549243927001953,0.8936400413513184,0.8007402420043945,37.65052032470703,0.17705928577385038,-0.013104115844461344,0.7565828971972554,0.23308322951197624,False
16,wave_feature_stage1.1.wave_feature_conv2,4,16,1000,0.002,10.0,5.0,post_relu_mean,160.27488708496094,-160.27488708496094,30.511188507080078,1.8341240882873535,3.1071319580078125,80.85066223144531,0.03030072544963361,-0.08190980857323249,4.729039701099959,0.6727440056204795,False
16,wave_feature_stage1.1.wave_feature_conv2,4,16,1000,0.002,10.0,15.0,post_relu_mean,11.808241844177246,-11.808241844177246,1.9814753532409668,0.4040897488594055,0.2381293922662735,93.31093215942383,0.3419119056009151,-0.030902049565971524,1.7855633572620486,0.5519100669026374,False
16,wave_feature_stage1.1.wave_feature_conv2,4,16,1000,0.002,10.0,15.0,post_relu_mean,42.754058837890625,-42.754058837890625,6.231871128082275,0.6501356959342957,0.41129162907600403,45.542635917663574,0.18498005343633972,-0.016072655655049707,0.9281889315912082,0.2799836993217468,False
16,wave_feature_stage1.1.wave_feature_conv2,4,16,1000,0.002,10.0,15.0,post_relu_mean,140.0873260498047,-140.0873260498047,26.17617416381836,1.5859123468399048,1.9353621006011963,65.79095458984375,0.02825943303144091,-0.059012304560810754,3.4071494067221018,0.6014175543189049,False
16,wave_feature_stage1.1.wave_feature_conv2,4,16,1000,0.002,10.0,30.0,post_relu_mean,10.003454208374023,-10.003454208374023,1.7857047319412231,0.33638548851013184,0.1843862235546112,109.88950729370117,0.3568854225670282,-0.03739106762590711,2.1604117155620335,0.6595513769984245,False
16,wave_feature_stage1.1.wave_feature_conv2,4,16,1000,0.002,10.0,30.0,post_relu_mean,31.51767921447754,-31.51767921447754,4.750483989715576,0.475460410118103,0.24803945422172546,59.896390438079834,0.20645820439675217,-0.020586566923618276,1.1896118685123265,0.3672803013026714,False
16,wave_feature_stage1.1.wave_feature_conv2,4,16,1000,0.002,10.0,30.0,post_relu_mean,116.09335327148438,-116.09335327148438,21.428913116455078,1.2750236988067627,1.11314857006073,62.99736785888672,0.04740886688286737,-0.04574519278791601,2.6420010551910336,0.5642569673061371,False
16,wave_feature_stage1.1.wave_feature_conv2,4,16,1000,0.002,50.0,5.0,post_relu_mean,9.110105514526367,-9.110105514526367,2.155959129333496,0.15271417796611786,0.2002543956041336,93.80414390563965,0.2549099848100005,-0.041460572492152716,2.3945793140777125,0.8332183760404587,False
16,wave_feature_stage1.1.wave_feature_conv2,4,16,1000,0.002,50.0,5.0,post_relu_mean,23.251338958740234,-23.251338958740234,4.843916893005371,0.1738380640745163,0.3507181704044342,41.165239334106445,0.11126736924120803,-0.015519585358017358,0.8963578112224245,0.6161900347471237,False
16,wave_feature_stage1.1.wave_feature_conv2,4,16,1000,0.002,50.0,5.0,post_relu_mean,94.70619201660156,-94.70619201660156,21.429443359375,0.4681600332260132,1.8691747188568115,43.252553939819336,0.04650815168147291,-0.032294952311323046,1.8646105125813919,0.6520723870396614,False
16,wave_feature_stage1.1.wave_feature_conv2,4,16,1000,0.002,50.0,15.0,post_relu_mean,8.014652252197266,-8.014652252197266,1.9687669277191162,0.14041867852210999,0.1617087721824646,105.57652282714844,0.26439565680183086,-0.045553433687145276,2.631456126896484,0.8971885225176811,False
16,wave_feature_stage1.1.wave_feature_conv2,4,16,1000,0.002,50.0,15.0,post_relu_mean,16.944719314575195,-16.944719314575195,3.6965534687042236,0.1369454711675644,0.2158001959323883,52.76215934753418,0.1216191711786336,-0.02105555999862864,1.2163586692834245,0.6624736276268959,False
16,wave_feature_stage1.1.wave_feature_conv2,4,16,1000,0.002,50.0,15.0,post_relu_mean,79.0579833984375,-79.0579833984375,17.692710876464844,0.37955981492996216,1.1095402240753174,40.27936553955078,0.05502491351587058,-0.026608428161124402,1.5364006490097888,0.6419801163673401,False
16,wave_feature_stage1.1.wave_feature_conv2,4,16,1000,0.002,50.0,30.0,post_relu_mean,7.365843772888184,-7.365843772888184,1.859156847000122,0.13101525604724884,0.13952986896038055,122.44197463989258,0.2926425386605992,-0.05024309978744038,2.90335455759117,0.9710053396224976,False
16,wave_feature_stage1.1.wave_feature_conv2,4,16,1000,0.002,50.0,30.0,post_relu_mean,13.245519638061523,-13.245519638061523,3.0737197399139404,0.11513786017894745,0.15555554628372192,69.54610443115234,0.15258175183366404,-0.026743693058841066,1.5455956210414348,0.7190219792723656,False
16,wave_feature_stage1.1.wave_feature_conv2,4,16,1000,0.002,50.0,30.0,post_relu_mean,62.24261474609375,-62.24261474609375,13.808941841125488,0.3027031719684601,0.6038541197776794,47.42633056640625,0.0755565997275122,-0.02677714003005944,1.5460060144842511,0.6633532416820526,False
16,wave_feature_stage1.1.wave_feature_conv2,4,16,1000,0.002,150.0,5.0,post_relu_mean,9.229496955871582,-9.229496955871582,2.845710039138794,0.08562638610601425,0.24244919419288635,126.0213508605957,0.1479479999447298,-0.05970337354671052,3.4499839492059876,1.8997536432743072,False
16,wave_feature_stage1.1.wave_feature_conv2,4,16,1000,0.002,150.0,5.0,post_relu_mean,19.54927635192871,-19.54927635192871,5.163558483123779,0.11258364468812943,0.38737377524375916,71.90059852600098,0.06511849517075707,-0.02973382967997051,1.7175700899980495,1.7546862840652466,False
16,wave_feature_stage1.1.wave_feature_conv2,4,16,1000,0.002,150.0,5.0,post_relu_mean,49.848854064941406,-49.848854064941406,12.886152267456055,0.20336338877677917,0.9785000085830688,48.70992088317871,0.07133622122923375,-0.015027142873200545,0.8679548988325816,1.7450809371471405,False
16,wave_feature_stage1.1.wave_feature_conv2,4,16,1000,0.002,150.0,15.0,post_relu_mean,8.159086227416992,-8.159086227416992,2.5925230979919434,0.0787905752658844,0.20038951933383942,138.52008056640625,0.1554499352366196,-0.06520602963919009,3.7680271644027887,1.9625428038835526,False
16,wave_feature_stage1.1.wave_feature_conv2,4,16,1000,0.002,150.0,15.0,post_relu_mean,15.859651565551758,-15.859651565551758,4.32241153717041,0.09524630010128021,0.28306490182876587,84.51370239257812,0.06455115825816742,-0.03631856859682523,2.0983059376151085,1.8104943764209747,False
16,wave_feature_stage1.1.wave_feature_conv2,4,16,1000,0.002,150.0,15.0,post_relu_mean,41.948272705078125,-41.948272705078125,10.852148056030273,0.16959455609321594,0.6763888001441956,54.46084213256836,0.06849043671750492,-0.01757585772854313,1.0154663964935922,1.7614616733789443,False
16,wave_feature_stage1.1.wave_feature_conv2,4,16,1000,0.002,150.0,30.0,post_relu_mean,7.263461589813232,-7.263461589813232,2.389258861541748,0.0736600011587143,0.1640600860118866,156.21897888183594,0.1710448579857221,-0.07086247536494657,4.095479908821566,2.059523661136627,False
16,wave_feature_stage1.1.wave_feature_conv2,4,16,1000,0.002,150.0,30.0,post_relu_mean,12.563533782958984,-12.563533782958984,3.5949513912200928,0.08056601881980896,0.20505404472351074,102.85954093933105,0.06931699667718504,-0.04388139778090857,2.535377469479757,1.9006438702344894,False
16,wave_feature_stage1.1.wave_feature_conv2,4,16,1000,0.002,150.0,30.0,post_relu_mean,33.15456008911133,-33.15456008911133,8.674217224121094,0.1357371211051941,0.43060189485549927,67.85970687866211,0.06670446348050167,-0.023097886740915473,1.3346999385902847,1.818363189101219,False
16,wave_feature_stage1.1.wave_feature_conv2,22,16,1000,0.002,10.0,5.0,post_relu_mean,8.773144721984863,-8.773144721984863,1.8318898677825928,0.40965646505355835,0.2621227502822876,87.08803749084473,0.31023075478135553,-0.03107312989183068,1.795580559589812,0.5225255253911019,False
16,wave_feature_stage1.1.wave_feature_conv2,22,16,1000,0.002,10.0,5.0,post_relu_mean,40.98850631713867,-40.98850631713867,6.432209491729736,0.6414122581481934,0.518938422203064,38.948445320129395,0.12669630993882,-0.015607440557124364,0.9011044446256771,0.2695013925433159,False
16,wave_feature_stage1.1.wave_feature_conv2,22,16,1000,0.002,10.0,5.0,post_relu_mean,154.68655395507812,-154.68655395507812,32.84123611450195,1.6314406394958496,3.012502670288086,79.26926803588867,0.027723634472569238,-0.08377355849225211,4.836613406294476,0.5669356817007065,False
16,wave_feature_stage1.1.wave_feature_conv2,22,16,1000,0.002,10.0,15.0,post_relu_mean,7.777014255523682,-7.777014255523682,1.6824449300765991,0.3419448435306549,0.2062607854604721,98.28566932678223,0.3186215935716744,-0.034977647177251985,2.0215803350994768,0.5940819653868675,False
16,wave_feature_stage1.1.wave_feature_conv2,22,16,1000,0.002,10.0,15.0,post_relu_mean,32.15200424194336,-32.15200424194336,5.0028228759765625,0.4925176501274109,0.3046928942203522,48.57762622833252,0.14129209662458656,-0.018820918294983436,1.0871216800998555,0.3191842085123062,False
16,wave_feature_stage1.1.wave_feature_conv2,22,16,1000,0.002,10.0,15.0,post_relu_mean,136.52194213867188,-136.52194213867188,27.480966567993164,1.387902021408081,1.8407204151153564,68.15752029418945,0.008226525452008126,-0.05892563530557074,3.402248698870647,0.48658665642142296,False
16,wave_feature_stage1.1.wave_feature_conv2,22,16,1000,0.002,10.0,30.0,post_relu_mean,7.170767784118652,-7.170767784118652,1.6059529781341553,0.2919071316719055,0.1682756096124649,114.69861602783203,0.34157446637363753,-0.03971004249185361,2.2954400202926055,0.6915715888142586,False
16,wave_feature_stage1.1.wave_feature_conv2,22,16,1000,0.002,10.0,30.0,post_relu_mean,24.900920867919922,-24.900920867919922,3.9834275245666504,0.38407599925994873,0.2080647349357605,63.544644355773926,0.17600795258078536,-0.021969003966696352,1.2705091823582524,0.3984163723886013,False
16,wave_feature_stage1.1.wave_feature_conv2,22,16,1000,0.002,10.0,30.0,post_relu_mean,110.66117095947266,-110.66117095947266,21.64917755126953,1.0790871381759644,1.059936761856079,64.7376480102539,0.05655430241591094,-0.04501737061439537,2.5991064257815895,0.43585921689867974,False
16,wave_feature_stage1.1.wave_feature_conv2,22,16,1000,0.002,50.0,5.0,post_relu_mean,6.862550735473633,-6.862550735473633,1.9385665655136108,0.1296662837266922,0.1810104101896286,99.89531135559082,0.23137131546405504,-0.044557250701039094,2.5745975498887717,0.8654055827856064,False
16,wave_feature_stage1.1.wave_feature_conv2,22,16,1000,0.002,50.0,5.0,post_relu_mean,16.575244903564453,-16.575244903564453,3.8909404277801514,0.13351884484291077,0.2556336522102356,46.06205368041992,0.07650383311002666,-0.01967504850896992,1.1364382771374415,0.634906823337078,False
16,wave_feature_stage1.1.wave_feature_conv2,22,16,1000,0.002,50.0,5.0,post_relu_mean,87.89985656738281,-87.89985656738281,21.379528045654297,0.4367597699165344,1.6615378856658936,42.94133377075195,0.020934483950558087,-0.03723233980507716,2.149604815990689,0.6132885652780533,False
16,wave_feature_stage1.1.wave_feature_conv2,22,16,1000,0.002,50.0,15.0,post_relu_mean,6.395626068115234,-6.395626068115234,1.815295934677124,0.12100686877965927,0.1527494341135025,111.51337051391602,0.24979860499466103,-0.04778114689645502,2.762511849654506,0.9134405928850174,False
16,wave_feature_stage1.1.wave_feature_conv2,22,16,1000,0.002,50.0,15.0,post_relu_mean,13.314996719360352,-13.314996719360352,3.106565475463867,0.11194375157356262,0.17658859491348267,58.23727893829346,0.09193001543609823,-0.02430872524847712,1.4047602758740434,0.6865224894881249,False
16,wave_feature_stage1.1.wave_feature_conv2,22,16,1000,0.002,50.0,15.0,post_relu_mean,74.25272369384766,-74.25272369384766,17.413864135742188,0.36318671703338623,0.9620473384857178,42.62100601196289,0.031848970690773304,-0.03107163975514717,1.7939261942451792,0.5954937294125557,False
16,wave_feature_stage1.1.wave_feature_conv2,22,16,1000,0.002,50.0,30.0,post_relu_mean,6.202268123626709,-6.202268123626709,1.774226188659668,0.11590643227100372,0.13430966436862946,127.95595169067383,0.2842673733078955,-0.05129823918586856,2.9655421866768266,0.9805946889519691,False
16,wave_feature_stage1.1.wave_feature_conv2,22,16,1000,0.002,50.0,30.0,post_relu_mean,10.951236724853516,-10.951236724853516,2.6864473819732666,0.09999141842126846,0.1397508680820465,74.7362813949585,0.12435066870318306,-0.029120817949075745,1.6832362148910234,0.7626580798625946,False
16,wave_feature_stage1.1.wave_feature_conv2,22,16,1000,0.002,50.0,30.0,post_relu_mean,58.402809143066406,-58.402809143066406,13.289258003234863,0.29719892144203186,0.5285515189170837,50.47750759124756,0.06744719776797364,-0.028060828680074066,1.6204189057187788,0.602516568005085,False
16,wave_feature_stage1.1.wave_feature_conv2,22,16,1000,0.002,150.0,5.0,post_relu_mean,8.138843536376953,-8.138843536376953,2.7039690017700195,0.0791904628276825,0.22719600796699524,132.3059482574463,0.11611603007365406,-0.061216547847339535,3.537961671084226,2.007040646672249,False
16,wave_feature_stage1.1.wave_feature_conv2,22,16,1000,0.002,150.0,5.0,post_relu_mean,15.690298080444336,-15.690298080444336,4.589719295501709,0.09861361980438232,0.3383985161781311,77.56784629821777,0.051393949233508096,-0.03408467064541832,1.9690347419308287,1.7789301478862762,False
16,wave_feature_stage1.1.wave_feature_conv2,22,16,1000,0.002,150.0,5.0,post_relu_mean,41.76430130004883,-41.76430130004883,12.128918647766113,0.1827211081981659,0.8457044959068298,48.979933738708496,0.043598285978431926,-0.019178345376317053,1.1075200129528375,1.640668585896492,False
16,wave_feature_stage1.1.wave_feature_conv2,22,16,1000,0.002,150.0,15.0,post_relu_mean,7.47302770614624,-7.47302770614624,2.5024940967559814,0.07412513345479965,0.18990112841129303,144.50764274597168,0.12077279072756025,-0.06553740583445693,3.7876993138583397,2.0951037204265592,False
16,wave_feature_stage1.1.wave_feature_conv2,22,16,1000,0.002,150.0,15.0,post_relu_mean,13.176384925842285,-13.176384925842285,3.9063029289245605,0.08412201702594757,0.25331684947013855,90.34249114990234,0.05622412313770109,-0.039855294202923164,2.3024852251044856,1.8637229382991791,False
16,wave_feature_stage1.1.wave_feature_conv2,22,16,1000,0.002,150.0,15.0,post_relu_mean,35.281917572021484,-35.281917572021484,10.118561744689941,0.14995288848876953,0.5730487108230591,56.861435890197754,0.04544316670629096,-0.02244148190019906,1.2959513235483495,1.693490537405014,False
16,wave_feature_stage1.1.wave_feature_conv2,22,16,1000,0.002,150.0,30.0,post_relu_mean,6.921319961547852,-6.921319961547852,2.3075220584869385,0.07084472477436066,0.15733769536018372,162.23436737060547,0.13428057202013888,-0.07103968561862442,4.106330417039509,2.2008340978622436,False
16,wave_feature_stage1.1.wave_feature_conv2,22,16,1000,0.002,150.0,30.0,post_relu_mean,10.727909088134766,-10.727909088134766,3.280337333679199,0.07248914986848831,0.1887025237083435,108.61571884155273,0.0577192982596503,-0.0468666572874077,2.708304428379313,1.9690162897109986,False
16,wave_feature_stage1.1.wave_feature_conv2,22,16,1000,0.002,150.0,30.0,post_relu_mean,28.24510955810547,-28.24510955810547,8.065062522888184,0.11825819313526154,0.36620453000068665,71.95017623901367,0.05750625292070376,-0.0276736364176507,1.5988404504211913,1.8114604806900025,False
21,wave_pattern_stage2.0.wave_feature_conv1,22,16,1000,0.002,10.0,5.0,post_relu_mean,601.5223388671875,-601.5223388671875,30.511646270751953,2.3399572372436523,2.83545184135437,362.1449279785156,0.733541158258513,-0.26074135521906117,15.053784958064892,1.7769236361980438,False
21,wave_pattern_stage2.0.wave_feature_conv1,22,16,1000,0.002,10.0,5.0,post_relu_mean,865.475830078125,-865.475830078125,51.957645416259766,2.8895459175109863,4.635566711425781,507.863037109375,0.06864089860432218,-0.5000735317760385,28.871432658256005,2.54563441157341,False
21,wave_pattern_stage2.0.wave_feature_conv1,22,16,1000,0.002,10.0,5.0,post_relu_mean,970.4720458984375,-970.4720458984375,74.7221908569336,3.068106174468994,5.917354583740234,670.4770660400391,0.2240502319925006,-0.7215234420777511,41.656724959467326,3.3433019399642943,False
21,wave_pattern_stage2.0.wave_feature_conv1,22,16,1000,0.002,10.0,15.0,post_relu_mean,575.15283203125,-575.15283203125,28.84846305847168,2.239089250564575,2.4852054119110107,342.12059020996094,0.7917921740030723,-0.2199928251647148,12.70177156491205,1.6369458669424057,False
21,wave_pattern_stage2.0.wave_feature_conv1,22,16,1000,0.002,10.0,15.0,post_relu_mean,840.7264404296875,-840.7264404296875,50.10111618041992,2.804708480834961,4.159848690032959,465.8302536010742,0.12628325416279826,-0.42821461302676367,24.722902990568475,2.3237288439273835,False
21,wave_pattern_stage2.0.wave_feature_conv1,22,16,1000,0.002,10.0,15.0,post_relu_mean,953.1427001953125,-953.1427001953125,72.36346435546875,3.018324613571167,5.414340972900391,616.1813659667969,0.17014078251154158,-0.6345559170290294,36.63632716158934,3.093117349147797,False
21,wave_pattern_stage2.0.wave_feature_conv1,22,16,1000,0.002,10.0,30.0,post_relu_mean,532.2698974609375,-532.2698974609375,26.54240608215332,2.0667171478271484,2.0258448123931885,318.23292541503906,0.8638064546856858,-0.17429349143533882,10.064157825911831,1.4887044352293015,False
21,wave_pattern_stage2.0.wave_feature_conv1,22,16,1000,0.002,10.0,30.0,post_relu_mean,797.5486450195312,-797.5486450195312,46.9554557800293,2.6311755180358887,3.493978261947632,415.40273666381836,0.21148237296593805,-0.3425833011319056,19.78037539150764,2.050976127386093,False
21,wave_pattern_stage2.0.wave_feature_conv1,22,16,1000,0.002,10.0,30.0,post_relu_mean,924.499755859375,-924.499755859375,68.23465728759766,2.9252700805664062,4.695165157318115,550.6662292480469,0.11561768836651187,-0.53027573136533,30.61651656077504,2.787321183681488,False
21,wave_pattern_stage2.0.wave_feature_conv1,22,16,1000,0.002,50.0,5.0,post_relu_mean,531.61767578125,-531.61767578125,27.964662551879883,1.5426037311553955,2.3065872192382812,284.3896026611328,0.8134444512742789,-0.1715352750609537,9.903613789061646,1.4536363518238067,False
21,wave_pattern_stage2.0.wave_feature_conv1,22,16,1000,0.002,50.0,5.0,post_relu_mean,829.932861328125,-829.932861328125,50.99300003051758,2.124631404876709,4.253816604614258,419.4817924499512,0.10561416262146459,-0.40889474688954636,23.607276437934335,2.2114017856121064,False
21,wave_pattern_stage2.0.wave_feature_conv1,22,16,1000,0.002,50.0,5.0,post_relu_mean,940.541015625,-940.541015625,73.88324737548828,2.340022563934326,5.705376148223877,573.8905944824219,0.1907818126272496,-0.6266981304354384,36.18223765482603,3.017059859037399,False
21,wave_pattern_stage2.0.wave_feature_conv1,22,16,1000,0.002,50.0,15.0,post_relu_mean,502.9681091308594,-502.9681091308594,26.384519577026367,1.4448617696762085,1.9640761613845825,270.3058776855469,0.8607009997853626,-0.14187787324840592,8.191612694018824,1.350599620938301,False
21,wave_pattern_stage2.0.wave_feature_conv1,22,16,1000,0.002,50.0,15.0,post_relu_mean,800.35693359375,-800.35693359375,48.72014617919922,2.0499062538146973,3.734727382659912,382.06006240844727,0.16519564842580772,-0.34480455534032395,19.907210195568105,2.0081754225492476,False
21,wave_pattern_stage2.0.wave_feature_conv1,22,16,1000,0.002,50.0,15.0,post_relu_mean,925.3179931640625,-925.3179931640625,70.71855926513672,2.3097126483917236,5.141947269439697,526.5508880615234,0.14268867468410204,-0.5529747734049795,31.925774322938864,2.7915139067173005,False
21,wave_pattern_stage2.0.wave_feature_conv1,22,16,1000,0.002,50.0,30.0,post_relu_mean,456.1840515136719,-456.1840515136719,23.82181167602539,1.3136119842529297,1.5303407907485962,256.97054290771484,0.9188917743224962,-0.11175647874358788,6.453789963752877,1.2498454344272614,False
21,wave_pattern_stage2.0.wave_feature_conv1,22,16,1000,0.002,50.0,30.0,post_relu_mean,753.9953002929688,-753.9953002929688,45.26921463012695,1.9201176166534424,3.0666346549987793,341.1725845336914,0.24727180382615158,-0.2737925052206505,15.808656378394454,1.7688466095924378,False
21,wave_pattern_stage2.0.wave_feature_conv1,22,16,1000,0.002,50.0,30.0,post_relu_mean,893.1742553710938,-893.1742553710938,66.56623077392578,2.2344841957092285,4.3953633308410645,465.29747772216797,0.08601647195819627,-0.45373227371150593,26.19674013423607,2.4832566702365875,False
21,wave_pattern_stage2.0.wave_feature_conv1,22,16,1000,0.002,150.0,5.0,post_relu_mean,313.8257751464844,-313.8257751464844,18.66793441772461,0.5920225977897644,1.1620017290115356,198.02925491333008,0.7329187244472565,-0.06040103594772028,3.489726294732911,1.7180976271629333,False
21,wave_pattern_stage2.0.wave_feature_conv1,22,16,1000,0.002,150.0,5.0,post_relu_mean,571.9502563476562,-571.9502563476562,37.6338996887207,1.0289990901947021,2.528698444366455,233.21648788452148,0.16657816178568308,-0.20031461539025663,11.565052167121125,2.0244963324069976,False
21,wave_pattern_stage2.0.wave_feature_conv1,22,16,1000,0.002,150.0,5.0,post_relu_mean,725.1049194335938,-725.1049194335938,62.03738784790039,1.2936809062957764,4.073848724365234,345.821533203125,0.11794728568758298,-0.3752199350790654,21.663079089614115,2.5933028769493105,False
21,wave_pattern_stage2.0.wave_feature_conv1,22,16,1000,0.002,150.0,15.0,post_relu_mean,286.2378845214844,-286.2378845214844,17.03095817565918,0.5402703285217285,0.9589425325393677,197.8053379058838,0.7543143134238643,-0.054415985681214384,3.143351152020686,1.7295564156770706,False
21,wave_pattern_stage2.0.wave_feature_conv1,22,16,1000,0.002,150.0,15.0,post_relu_mean,541.2631225585938,-541.2631225585938,35.481754302978516,0.9681307077407837,2.1587066650390625,214.4887580871582,0.20035046782763385,-0.16914574187291695,9.765793093280108,1.9274268597364426,False
21,wave_pattern_stage2.0.wave_feature_conv1,22,16,1000,0.002,150.0,15.0,post_relu_mean,700.7582397460938,-700.7582397460938,58.55924606323242,1.247209906578064,3.5778565406799316,310.43052673339844,0.09172204677567222,-0.3229929190154802,18.647791742834897,2.4378098320960997,False
21,wave_pattern_stage2.0.wave_feature_conv1,22,16,1000,0.002,150.0,30.0,post_relu_mean,256.1087646484375,-256.1087646484375,15.199968338012695,0.4822513461112976,0.7382305860519409,204.63444709777832,0.7825651620281591,-0.052926906929596916,3.0576961088336563,1.7376024901866913,False
21,wave_pattern_stage2.0.wave_feature_conv1,22,16,1000,0.002,150.0,30.0,post_relu_mean,502.2994689941406,-502.2994689941406,32.55014419555664,0.8943130970001221,1.718395471572876,199.79279327392578,0.24376126520064145,-0.14160952122939427,8.17577625170348,1.8375905108451844,False
21,wave_pattern_stage2.0.wave_feature_conv1,22,16,1000,0.002,150.0,30.0,post_relu_mean,667.2963256835938,-667.2963256835938,53.9157829284668,1.1906193494796753,2.953900098800659,272.8597946166992,0.06136297885131116,-0.2651612456998437,15.309362233750424,2.2305307471752167,False
21,wave_pattern_stage2.0.wave_feature_conv1,24,16,1000,0.002,10.0,5.0,post_relu_mean,338.7147521972656,-338.7147521972656,22.690568923950195,1.8103406429290771,1.6199820041656494,253.1632308959961,0.86627643642989,-0.12349148406902312,7.129898114635531,1.43832100212574,False
21,wave_pattern_stage2.0.wave_feature_conv1,24,16,1000,0.002,10.0,5.0,post_relu_mean,591.4783325195312,-591.4783325195312,46.26433563232422,2.4464221000671387,3.331695556640625,333.12415981292725,0.24277638319666023,-0.30718079178633517,17.73487024782637,1.935705053806305,False
21,wave_pattern_stage2.0.wave_feature_conv1,24,16,1000,0.002,10.0,5.0,post_relu_mean,710.7803344726562,-710.7803344726562,71.31490325927734,2.7647666931152344,4.809718132019043,479.0856475830078,0.07385556439337979,-0.5086281292545619,29.365299565712572,2.737097682952881,False
21,wave_pattern_stage2.0.wave_feature_conv1,24,16,1000,0.002,10.0,15.0,post_relu_mean,315.0738525390625,-315.0738525390625,20.972930908203125,1.6740589141845703,1.3562037944793701,247.6238784790039,0.8972106805473014,-0.10869299632042194,6.276155902079295,1.4014251136779785,False
21,wave_pattern_stage2.0.wave_feature_conv1,24,16,1000,0.002,10.0,15.0,post_relu_mean,566.8626098632812,-566.8626098632812,44.02698516845703,2.325669765472412,2.9000167846679688,305.86649322509766,0.29465935437465524,-0.26036272043657166,15.03207034715138,1.778355257511139,False
21,wave_pattern_stage2.0.wave_feature_conv1,24,16,1000,0.002,10.0,15.0,post_relu_mean,692.3303833007812,-692.3303833007812,68.41180419921875,2.6760687828063965,4.310085296630859,435.6285095214844,0.024356125419178143,-0.44112466762779906,25.46803238985932,2.520092008113861,False
21,wave_pattern_stage2.0.wave_feature_conv1,24,16,1000,0.002,10.0,30.0,post_relu_mean,281.3131103515625,-281.3131103515625,18.674665451049805,1.4846421480178833,1.0535508394241333,245.18473434448242,0.9371574931408427,-0.09256954401116806,5.345559787955081,1.3719934630393982,False
21,wave_pattern_stage2.0.wave_feature_conv1,24,16,1000,0.002,10.0,30.0,post_relu_mean,526.67822265625,-526.67822265625,40.515316009521484,2.133779525756836,2.341592788696289,276.12002182006836,0.35805053540715326,-0.20806145315757518,12.013539143865176,1.6020958679914474,False
21,wave_pattern_stage2.0.wave_feature_conv1,24,16,1000,0.002,10.0,30.0,post_relu_mean,662.708251953125,-662.708251953125,64.4127426147461,2.5455760955810547,3.637073278427124,384.55777740478516,0.04892076210677551,-0.3610976594223814,20.84864185711281,2.2580538070201874,False
21,wave_pattern_stage2.0.wave_feature_conv1,24,16,1000,0.002,50.0,5.0,post_relu_mean,258.0321044921875,-258.0321044921875,18.999147415161133,0.9435261487960815,1.0198289155960083,201.08848571777344,0.9050184140365062,-0.061887318147576184,3.573871894174453,1.2812287259101867,False
21,wave_pattern_stage2.0.wave_feature_conv1,24,16,1000,0.002,50.0,5.0,post_relu_mean,524.3428955078125,-524.3428955078125,43.28547668457031,1.5233874320983887,2.7230820655822754,249.9867820739746,0.31064189580813356,-0.21524177882584275,12.42683694123421,1.629522175192833,False
21,wave_pattern_stage2.0.wave_feature_conv1,24,16,1000,0.002,50.0,5.0,post_relu_mean,654.8331298828125,-654.8331298828125,68.38026428222656,1.8445725440979004,4.340120315551758,381.60589599609375,0.0462609563831315,-0.407625542422313,23.533984833276513,2.4035730147361756,False
21,wave_pattern_stage2.0.wave_feature_conv1,24,16,1000,0.002,50.0,15.0,post_relu_mean,235.3736114501953,-235.3736114501953,17.300600051879883,0.8549447059631348,0.8329922556877136,204.2542963027954,0.924242508360074,-0.05913938568831653,3.4158360134727053,1.2877775090932846,False
21,wave_pattern_stage2.0.wave_feature_conv1,24,16,1000,0.002,50.0,15.0,post_relu_mean,495.72625732421875,-495.72625732421875,40.67637634277344,1.4262950420379639,2.307129383087158,230.0842170715332,0.3586502904678106,-0.18158117197177367,10.48382204029582,1.4915774685144425,False
21,wave_pattern_stage2.0.wave_feature_conv1,24,16,1000,0.002,50.0,15.0,post_relu_mean,633.099609375,-633.099609375,65.42103576660156,1.7730894088745117,3.814042568206787,342.7012176513672,0.05593723759694438,-0.3459587850322478,19.973760448250456,2.190836284160614,False
21,wave_pattern_stage2.0.wave_feature_conv1,24,16,1000,0.002,50.0,30.0,post_relu_mean,204.33145141601562,-204.33145141601562,15.093430519104004,0.7382053136825562,0.6361398696899414,212.23974418640137,0.9504292940183788,-0.058976239623771666,3.4069674847625375,1.317255300283432,False
21,wave_pattern_stage2.0.wave_feature_conv1,24,16,1000,0.002,50.0,30.0,post_relu_mean,457.31268310546875,-457.31268310546875,37.0753059387207,1.299093246459961,1.8200733661651611,213.74909210205078,0.41505022374742373,-0.1449117761204375,8.366660654968559,1.3534832924604416,False
21,wave_pattern_stage2.0.wave_feature_conv1,24,16,1000,0.002,50.0,30.0,post_relu_mean,602.3648681640625,-602.3648681640625,60.8674201965332,1.6681910753250122,3.1422128677368164,302.4175033569336,0.10330288558968805,-0.2854067533557845,16.47794828428263,1.963135244846344,False
21,wave_pattern_stage2.0.wave_feature_conv1,24,16,1000,0.002,150.0,5.0,post_relu_mean,139.108154296875,-139.108154296875,12.733332633972168,0.3147280216217041,0.4978691637516022,191.8141326904297,0.6952677136488286,-0.05039943664740757,2.911612173318341,2.089661589860916,False
21,wave_pattern_stage2.0.wave_feature_conv1,24,16,1000,0.002,150.0,5.0,post_relu_mean,335.5367736816406,-335.5367736816406,31.737834930419922,0.596092939376831,1.5375927686691284,156.01628875732422,0.2775931107438615,-0.08751247811422946,5.0527516686515686,1.926900782585144,False
21,wave_pattern_stage2.0.wave_feature_conv1,24,16,1000,0.002,150.0,5.0,post_relu_mean,473.3199768066406,-473.3199768066406,55.990047454833984,0.7900963425636292,3.0382001399993896,237.12127304077148,0.08704831787658836,-0.22380267012855135,12.921093571252907,2.298145823478699,False
21,wave_pattern_stage2.0.wave_feature_conv1,24,16,1000,0.002,150.0,15.0,post_relu_mean,127.15809631347656,-127.15809631347656,11.645951271057129,0.2882763743400574,0.4245072901248932,202.63286972045898,0.7072948007671784,-0.05774238502023494,3.3360535957973148,2.1175537490844727,False
21,wave_pattern_stage2.0.wave_feature_conv1,24,16,1000,0.002,150.0,15.0,post_relu_mean,311.62799072265625,-311.62799072265625,29.314109802246094,0.5485079288482666,1.279723048210144,151.66149139404297,0.29850189920024267,-0.07662617853288131,4.424363937656131,1.8976470196247102,False
21,wave_pattern_stage2.0.wave_feature_conv1,24,16,1000,0.002,150.0,15.0,post_relu_mean,451.8392028808594,-451.8392028808594,52.98402404785156,0.7426954507827759,2.625871419906616,213.36505508422852,0.10621194594830287,-0.1876703424696214,10.83524290720041,2.1729611921310426,False
21,wave_pattern_stage2.0.wave_feature_conv1,24,16,1000,0.002,150.0,30.0,post_relu_mean,112.78938293457031,-112.78938293457031,10.364638328552246,0.25791579484939575,0.34733590483665466,219.28716659545898,0.7336995467483455,-0.06722284219310228,3.8839884558700377,2.1375312542915346,False
21,wave_pattern_stage2.0.wave_feature_conv1,24,16,1000,0.002,150.0,30.0,post_relu_mean,280.77301025390625,-280.77301025390625,26.233173370361328,0.4866804778575897,0.9868080019950867,152.78518676757812,0.326689668860257,-0.06769163805930781,3.90931678470931,1.8768156975507737,False
21,wave_pattern_stage2.0.wave_feature_conv1,24,16,1000,0.002,150.0,30.0,post_relu_mean,423.81170654296875,-423.81170654296875,48.45481491088867,0.6871272325515747,2.116062641143799,191.81649017333984,0.13292894906826894,-0.15405171432615292,8.89421207020862,2.0503059005737305,False
21,wave_pattern_stage2.0.wave_feature_conv1,2,16,1000,0.002,10.0,5.0,post_relu_mean,117.4567642211914,-117.4567642211914,11.823697090148926,1.1069307327270508,0.5832563042640686,178.11305141448975,0.5713783057824107,-0.059898993720942505,3.4597192024632775,1.2356725364923478,False
21,wave_pattern_stage2.0.wave_feature_conv1,2,16,1000,0.002,10.0,5.0,post_relu_mean,427.07196044921875,-427.07196044921875,48.26554489135742,2.416189670562744,2.4663591384887695,186.92778778076172,0.11831596194186171,-0.16832322734299737,9.718202916485705,1.2711637139320373,False
21,wave_pattern_stage2.0.wave_feature_conv1,2,16,1000,0.002,10.0,5.0,post_relu_mean,676.7171020507812,-676.7171020507812,105.86233520507812,2.893380641937256,4.45203971862793,433.1766815185547,0.16384516417965428,-0.47328092770342944,27.324608491801037,2.6392373096942903,False
21,wave_pattern_stage2.0.wave_feature_conv1,2,16,1000,0.002,10.0,15.0,post_relu_mean,103.7436294555664,-103.7436294555664,10.575127601623535,0.967071533203125,0.4586195647716522,186.12668800354004,0.5873105382718681,-0.062158839428119964,3.59159957780223,1.284300292134285,False
21,wave_pattern_stage2.0.wave_feature_conv1,2,16,1000,0.002,10.0,15.0,post_relu_mean,393.0422058105469,-393.0422058105469,43.8626594543457,2.2142493724823,1.9679014682769775,171.5506591796875,0.15663725724485958,-0.13560969625169889,7.829757774333365,1.1674288219213487,False
21,wave_pattern_stage2.0.wave_feature_conv1,2,16,1000,0.002,10.0,15.0,post_relu_mean,656.2963256835938,-656.2963256835938,102.4492416381836,2.7946057319641113,3.959994077682495,391.8226318359375,0.11334544122149132,-0.40619615102041373,23.451659150317656,2.427689219713211,False
21,wave_pattern_stage2.0.wave_feature_conv1,2,16,1000,0.002,10.0,30.0,post_relu_mean,88.35446166992188,-88.35446166992188,9.210796356201172,0.8109537959098816,0.3450058102607727,200.17939376831055,0.6091183588970798,-0.0653955191295592,3.778575007820315,1.3447023981809616,False
21,wave_pattern_stage2.0.wave_feature_conv1,2,16,1000,0.002,10.0,30.0,post_relu_mean,346.2393798828125,-346.2393798828125,38.16899490356445,1.922013759613037,1.4234404563903809,160.6620635986328,0.20674786695394948,-0.10559746546192036,6.098306799931372,1.0831672757864,False
21,wave_pattern_stage2.0.wave_feature_conv1,2,16,1000,0.002,10.0,30.0,post_relu_mean,628.6160278320312,-628.6160278320312,97.86819458007812,2.6341230869293213,3.311100482940674,348.10330963134766,0.06345663165847627,-0.33360458052436415,19.26068262913834,2.198511517047882,False
21,wave_pattern_stage2.0.wave_feature_conv1,2,16,1000,0.002,50.0,5.0,post_relu_mean,54.601707458496094,-54.601707458496094,7.342372417449951,0.3344917893409729,0.26028144359588623,173.79665756225586,0.5271776052131576,-0.0633690870195339,3.660241251515705,1.3824002915620803,False
21,wave_pattern_stage2.0.wave_feature_conv1,2,16,1000,0.002,50.0,5.0,post_relu_mean,315.1755676269531,-315.1755676269531,38.27034378051758,1.2379498481750488,1.4794483184814453,109.97219467163086,0.18718666337230358,-0.08177867662519506,4.721610059062469,0.9797358065843582,False
21,wave_pattern_stage2.0.wave_feature_conv1,2,16,1000,0.002,50.0,5.0,post_relu_mean,621.7384033203125,-621.7384033203125,100.8322982788086,2.0146420001983643,3.9896888732910156,331.5073547363281,0.12089235917561371,-0.3645887070943863,21.04929248711084,2.2606348741054534,False
21,wave_pattern_stage2.0.wave_feature_conv1,2,16,1000,0.002,50.0,15.0,post_relu_mean,49.38832473754883,-49.38832473754883,6.761510848999023,0.2977132797241211,0.22142530977725983,186.0163345336914,0.5407181225617798,-0.06918168534219005,3.9966797898752504,1.4313409519195557,False
21,wave_pattern_stage2.0.wave_feature_conv1,2,16,1000,0.002,50.0,15.0,post_relu_mean,276.2218322753906,-276.2218322753906,33.35858917236328,1.0772137641906738,1.083863377571106,106.558837890625,0.21200539006777824,-0.06619371395301347,3.821761232044647,0.9438955500721932,False
21,wave_pattern_stage2.0.wave_feature_conv1,2,16,1000,0.002,50.0,15.0,post_relu_mean,601.9742431640625,-601.9742431640625,97.11012268066406,1.944016695022583,3.4716336727142334,298.6761054992676,0.0903515678260721,-0.3158333574428228,18.23450197626946,2.0975361037254334,False
21,wave_pattern_stage2.0.wave_feature_conv1,2,16,1000,0.002,50.0,30.0,post_relu_mean,43.909454345703125,-43.909454345703125,6.189718723297119,0.26074910163879395,0.18593522906303406,203.55517196655273,0.5614629002290903,-0.0754840569670324,4.360787808594752,1.5194748443365098,False
21,wave_pattern_stage2.0.wave_feature_conv1,2,16,1000,0.002,50.0,30.0,post_relu_mean,232.0742645263672,-232.0742645263672,27.770755767822266,0.9034769535064697,0.7290731072425842,111.13128280639648,0.24559018211860914,-0.05957118517100958,3.4399818743634283,0.9402157014608383,False
21,wave_pattern_stage2.0.wave_feature_conv1,2,16,1000,0.002,50.0,30.0,post_relu_mean,574.35986328125,-574.35986328125,91.80150604248047,1.8447182178497314,2.838165760040283,265.9730453491211,0.0687853126764361,-0.26138896300395187,15.092010324489166,1.9108390891551972,False
21,wave_pattern_stage2.0.wave_feature_conv1,2,16,1000,0.002,150.0,5.0,post_relu_mean,31.286462783813477,-31.286462783813477,6.170881748199463,0.11487884819507599,0.19250760972499847,206.44249725341797,0.34491992346863665,-0.0929735883167587,5.370279316733085,2.3382217371463776,False
21,wave_pattern_stage2.0.wave_feature_conv1,2,16,1000,0.002,150.0,5.0,post_relu_mean,107.82737731933594,-107.82737731933594,17.837976455688477,0.2587786018848419,0.5098704099655151,77.12897300720215,0.12169500473702498,-0.02731362721428799,1.5778243604525133,1.7397804236412049,False
21,wave_pattern_stage2.0.wave_feature_conv1,2,16,1000,0.002,150.0,5.0,post_relu_mean,402.8880615234375,-402.8880615234375,72.38302612304688,0.8623424768447876,2.624082326889038,163.72961044311523,0.10231930024412872,-0.15713614986599642,9.072261426768701,1.970547446012497,False
21,wave_pattern_stage2.0.wave_feature_conv1,2,16,1000,0.002,150.0,15.0,post_relu_mean,29.340408325195312,-29.340408325195312,5.835130214691162,0.1077575758099556,0.17229335010051727,219.10578536987305,0.35744979310579095,-0.09793709610100934,5.657298472950586,2.3937928223609926,False
21,wave_pattern_stage2.0.wave_feature_conv1,2,16,1000,0.002,150.0,15.0,post_relu_mean,93.00814056396484,-93.00814056396484,15.428178787231445,0.22364085912704468,0.3859371840953827,88.19519424438477,0.1288766682986567,-0.03427178222723773,1.979414920294439,1.770418075323105,False
21,wave_pattern_stage2.0.wave_feature_conv1,2,16,1000,0.002,150.0,15.0,post_relu_mean,383.250732421875,-383.250732421875,68.18462371826172,0.8181450963020325,2.2059431076049805,146.75703811645508,0.11094142766080524,-0.13326094832592375,7.693844731175834,1.9072578966617584,False
21,wave_pattern_stage2.0.wave_feature_conv1,2,16,1000,0.002,150.0,30.0,post_relu_mean,27.601686477661133,-27.601686477661133,5.482076168060303,0.10271723568439484,0.1523018777370453,237.37724685668945,0.3907038471524933,-0.10458264187451093,6.040964786302341,2.4427636456489563,False
21,wave_pattern_stage2.0.wave_feature_conv1,2,16,1000,0.002,150.0,30.0,post_relu_mean,77.52870178222656,-77.52870178222656,12.987264633178711,0.1878560483455658,0.27696532011032104,105.47639274597168,0.14734430576444185,-0.04218319355784338,2.4370466917424465,1.8146525472402573,False
21,wave_pattern_stage2.0.wave_feature_conv1,2,16,1000,0.002,150.0,30.0,post_relu_mean,352.56463623046875,-352.56463623046875,62.24983596801758,0.7467222213745117,1.689644455909729,132.82723236083984,0.1239611237675896,-0.1127240558447738,6.508299371277321,1.828984208703041,False
23,wave_pattern_stage2.0.wave_feature_conv2,37,16,1000,0.002,10.0,5.0,post_relu_mean,225.5787811279297,-225.5787811279297,18.779525756835938,1.2478909492492676,1.2727792263031006,62.23118591308594,0.23490354110630715,-0.026758261123190297,1.5450486792187466,0.5021304713189602,False
23,wave_pattern_stage2.0.wave_feature_conv2,37,16,1000,0.002,10.0,5.0,post_relu_mean,654.1038818359375,-654.1038818359375,64.78353881835938,2.4823265075683594,4.269824981689453,228.9325408935547,0.08598412812043242,-0.2541458394247942,14.672937543645372,1.492230715751648,False
23,wave_pattern_stage2.0.wave_feature_conv2,37,16,1000,0.002,10.0,5.0,post_relu_mean,712.2626953125,-712.2626953125,79.65618133544922,2.610328435897827,4.681354522705078,449.31781005859375,0.24827999458579808,-0.5109461269551757,29.49930435274442,3.0488672637939453,False
23,wave_pattern_stage2.0.wave_feature_conv2,37,16,1000,0.002,10.0,15.0,post_relu_mean,178.5413360595703,-178.5413360595703,14.817207336425781,0.9863479137420654,0.7761516571044922,63.9594783782959,0.25420919170337397,-0.022092694894305258,1.2759633748780124,0.5018879546225071,False
23,wave_pattern_stage2.0.wave_feature_conv2,37,16,1000,0.002,10.0,15.0,post_relu_mean,623.0546875,-623.0546875,61.496978759765625,2.3256611824035645,3.3991904258728027,198.04956817626953,0.054945518655590345,-0.20616733016286837,11.903109796402411,1.3363772398233413,False
23,wave_pattern_stage2.0.wave_feature_conv2,37,16,1000,0.002,10.0,15.0,post_relu_mean,698.6591796875,-698.6591796875,78.23091888427734,2.532282829284668,4.169621467590332,410.58802795410156,0.21639876325867916,-0.4483511071922915,25.88532178767786,2.8796257853507994,False
23,wave_pattern_stage2.0.wave_feature_conv2,37,16,1000,0.002,10.0,30.0,post_relu_mean,135.23486328125,-135.23486328125,11.220263481140137,0.7476634979248047,0.4540087580680847,74.73955821990967,0.27860898169283077,-0.02428112473069776,1.4035199572824144,0.5543043500185013,False
23,wave_pattern_stage2.0.wave_feature_conv2,37,16,1000,0.002,10.0,30.0,post_relu_mean,575.2208862304688,-575.2208862304688,56.61371612548828,2.101137161254883,2.5073537826538086,170.35282516479492,0.028450376812510312,-0.15582638843467425,8.997893800791513,1.1705918073654176,False
23,wave_pattern_stage2.0.wave_feature_conv2,37,16,1000,0.002,10.0,30.0,post_relu_mean,676.9346923828125,-676.9346923828125,75.82817840576172,2.409663677215576,3.487147331237793,368.13060760498047,0.19235424984403676,-0.386079288952744,22.290586757622904,2.711943709850311,False
23,wave_pattern_stage2.0.wave_feature_conv2,37,16,1000,0.002,50.0,5.0,post_relu_mean,116.62296295166016,-116.62296295166016,10.717447280883789,0.3222847580909729,0.5654012560844421,51.5635347366333,0.20483444755688918,-0.013601087585783397,0.7857711322220705,0.6552508199214935,False
23,wave_pattern_stage2.0.wave_feature_conv2,37,16,1000,0.002,50.0,5.0,post_relu_mean,535.8040771484375,-535.8040771484375,54.69019317626953,1.2131283283233643,3.4215333461761475,147.27360153198242,0.04797075497409729,-0.159134820686191,9.187618286471173,1.2003541308641434,False
23,wave_pattern_stage2.0.wave_feature_conv2,37,16,1000,0.002,50.0,5.0,post_relu_mean,653.6290283203125,-653.6290283203125,73.30538177490234,1.6773240566253662,4.24436616897583,359.2228240966797,0.2037006579192491,-0.41404357942200515,23.90469073840984,2.7580051362514495,False
23,wave_pattern_stage2.0.wave_feature_conv2,37,16,1000,0.002,50.0,15.0,post_relu_mean,89.16809844970703,-89.16809844970703,8.236595153808594,0.2552011013031006,0.3586568236351013,61.524024963378906,0.21780387577839946,-0.01837671515518357,1.0619003364463562,0.6905166956782341,False
23,wave_pattern_stage2.0.wave_feature_conv2,37,16,1000,0.002,50.0,15.0,post_relu_mean,504.0876159667969,-504.0876159667969,51.09967803955078,1.137939214706421,2.6290218830108643,126.74701309204102,0.05311976833005894,-0.13060990990106783,7.540729071821756,1.097757834792137,False
23,wave_pattern_stage2.0.wave_feature_conv2,37,16,1000,0.002,50.0,15.0,post_relu_mean,637.927001953125,-637.927001953125,71.8353500366211,1.6264032125473022,3.718226671218872,324.7908020019531,0.18224906860055076,-0.3643437126959059,21.0352629130887,2.620605593919754,False
23,wave_pattern_stage2.0.wave_feature_conv2,37,16,1000,0.002,50.0,30.0,post_relu_mean,68.29365539550781,-68.29365539550781,6.387138366699219,0.20156528055667877,0.2376711219549179,77.78391933441162,0.24322448621797613,-0.025541745108387925,1.476188947017922,0.7547738689184189,False
23,wave_pattern_stage2.0.wave_feature_conv2,37,16,1000,0.002,50.0,30.0,post_relu_mean,455.4868469238281,-455.4868469238281,45.93819046020508,1.0255922079086304,1.8394088745117188,111.53235626220703,0.07097556487754392,-0.10632121525084025,6.1389292045745405,1.001442611515522,False
23,wave_pattern_stage2.0.wave_feature_conv2,37,16,1000,0.002,50.0,30.0,post_relu_mean,613.0747680664062,-613.0747680664062,69.04092407226562,1.5562188625335693,3.056877613067627,288.01749420166016,0.15739059070794387,-0.31114334036634606,17.96370569445422,2.4530944514274595,False
23,wave_pattern_stage2.0.wave_feature_conv2,37,16,1000,0.002,150.0,5.0,post_relu_mean,77.37810516357422,-77.37810516357422,7.954836368560791,0.1490943729877472,0.4365493357181549,78.7536792755127,0.06858557607851436,-0.029576754970918193,1.7087122936805688,1.8806752049922943,False
23,wave_pattern_stage2.0.wave_feature_conv2,37,16,1000,0.002,150.0,5.0,post_relu_mean,306.80035400390625,-306.80035400390625,33.36842727661133,0.41066354513168335,1.8343958854675293,76.28582382202148,0.054328588598626056,-0.04649822765554338,2.6846370101544763,1.8337986493110656,False
23,wave_pattern_stage2.0.wave_feature_conv2,37,16,1000,0.002,150.0,5.0,post_relu_mean,469.1939392089844,-469.1939392089844,53.61928176879883,0.7332212924957275,3.12664794921875,218.35997009277344,0.0857217754022206,-0.21093630139596872,12.178382944644211,2.5006304275989533,False
23,wave_pattern_stage2.0.wave_feature_conv2,37,16,1000,0.002,150.0,15.0,post_relu_mean,65.56336975097656,-65.56336975097656,6.79151725769043,0.1290673315525055,0.331011027097702,90.59926414489746,0.07218434827337165,-0.03528958397223482,2.0386323482614768,1.9260465943813323,False
23,wave_pattern_stage2.0.wave_feature_conv2,37,16,1000,0.002,150.0,15.0,post_relu_mean,275.1277770996094,-275.1277770996094,29.884801864624023,0.36489176750183105,1.4042999744415283,68.81012344360352,0.04965432727054766,-0.03373701457080341,1.9481175445081176,1.7992383116483688,False
23,wave_pattern_stage2.0.wave_feature_conv2,37,16,1000,0.002,150.0,15.0,post_relu_mean,451.5850524902344,-451.5850524902344,51.690303802490234,0.6961513161659241,2.7068700790405273,195.07623672485352,0.07129255887826326,-0.1819638832302289,10.50563030095025,2.390208419561386,False
23,wave_pattern_stage2.0.wave_feature_conv2,37,16,1000,0.002,150.0,30.0,post_relu_mean,53.75712966918945,-53.75712966918945,5.620815753936768,0.11065007746219635,0.24197660386562347,108.6767520904541,0.08424383758174962,-0.04377196154805071,2.529372961732957,2.0051313650608065,False
23,wave_pattern_stage2.0.wave_feature_conv2,37,16,1000,0.002,150.0,30.0,post_relu_mean,232.8052215576172,-232.8052215576172,25.2314510345459,0.3068874478340149,0.9610100388526917,68.39742469787598,0.04946747956323093,-0.027643973276780188,1.596505975677204,1.786753534078598,False
23,wave_pattern_stage2.0.wave_feature_conv2,37,16,1000,0.002,150.0,30.0,post_relu_mean,423.8220520019531,-423.8220520019531,48.48074722290039,0.6478936672210693,2.187767267227173,170.43973541259766,0.06341041734595534,-0.14888158536284576,8.595866770386893,2.2778133261203766,False
23,wave_pattern_stage2.0.wave_feature_conv2,7,16,1000,0.002,10.0,5.0,post_relu_mean,286.5782775878906,-286.5782775878906,21.224849700927734,1.6660077571868896,1.8420989513397217,111.79142761230469,0.40731062642696725,-0.057933304012112316,3.345146689886529,0.5714064174890519,False
23,wave_pattern_stage2.0.wave_feature_conv2,7,16,1000,0.002,10.0,5.0,post_relu_mean,642.2841796875,-642.2841796875,60.77219009399414,2.756559133529663,4.289627552032471,252.9972686767578,0.03907463587239733,-0.26409639242217015,15.247428406056233,1.4041146498918533,False
23,wave_pattern_stage2.0.wave_feature_conv2,7,16,1000,0.002,10.0,5.0,post_relu_mean,726.3716430664062,-726.3716430664062,81.79592895507812,2.919560432434082,4.730688571929932,475.5188446044922,0.2944475828953352,-0.5487127916723308,31.679582325143784,3.0121663784980774,False
23,wave_pattern_stage2.0.wave_feature_conv2,7,16,1000,0.002,10.0,15.0,post_relu_mean,241.85568237304688,-241.85568237304688,17.837459564208984,1.3942124843597412,1.221416711807251,106.35543823242188,0.4333699436331982,-0.04048293095612074,2.338242336293874,0.5359407550096512,False
23,wave_pattern_stage2.0.wave_feature_conv2,7,16,1000,0.002,10.0,15.0,post_relu_mean,612.85302734375,-612.85302734375,57.84783172607422,2.604231834411621,3.4935812950134277,220.56110382080078,0.030699784789682428,-0.21111286866873208,12.188632147047516,1.232907361984253,False
23,wave_pattern_stage2.0.wave_feature_conv2,7,16,1000,0.002,10.0,15.0,post_relu_mean,716.58984375,-716.58984375,80.80233764648438,2.843151569366455,4.236600399017334,439.40467834472656,0.26899643264780093,-0.4945207198905558,28.550828506497652,2.8720046401023867,False
23,wave_pattern_stage2.0.wave_feature_conv2,7,16,1000,0.002,10.0,30.0,post_relu_mean,187.40570068359375,-187.40570068359375,13.86364459991455,1.0732111930847168,0.728395402431488,109.03127479553223,0.46081767192542666,-0.03221264447130893,1.8629232272593208,0.5565238076448441,False
23,wave_pattern_stage2.0.wave_feature_conv2,7,16,1000,0.002,10.0,30.0,post_relu_mean,569.9117431640625,-569.9117431640625,54.12134552001953,2.3375039100646973,2.609243869781494,190.75422286987305,0.07863703575197085,-0.15844501911650574,9.148355555954222,1.0567270749807358,False
23,wave_pattern_stage2.0.wave_feature_conv2,7,16,1000,0.002,10.0,30.0,post_relu_mean,704.3641357421875,-704.3641357421875,79.74801635742188,2.7248549461364746,3.5872673988342285,403.05552673339844,0.24910391936236495,-0.4329567900757578,24.996643480824073,2.715766725540161,False
23,wave_pattern_stage2.0.wave_feature_conv2,7,16,1000,0.002,50.0,5.0,post_relu_mean,150.4647216796875,-150.4647216796875,12.084242820739746,0.5056338906288147,0.8361203670501709,81.25804805755615,0.3825869818871069,-0.020566590198704816,1.1890495741589635,0.6405463629961013,False
23,wave_pattern_stage2.0.wave_feature_conv2,7,16,1000,0.002,50.0,5.0,post_relu_mean,542.1983642578125,-542.1983642578125,52.041908264160156,1.5694555044174194,3.3942859172821045,167.89822006225586,0.05591791910249184,-0.17957531084349496,10.367814215613844,1.1207133328914642,False
23,wave_pattern_stage2.0.wave_feature_conv2,7,16,1000,0.002,50.0,5.0,post_relu_mean,675.7665405273438,-675.7665405273438,76.92268371582031,2.0302391052246094,4.313659191131592,377.3216552734375,0.25727622866721633,-0.4445746299144539,25.667424363696234,2.697149887084961,False
23,wave_pattern_stage2.0.wave_feature_conv2,7,16,1000,0.002,50.0,15.0,post_relu_mean,119.11953735351562,-119.11953735351562,9.581995964050293,0.4087761640548706,0.527305006980896,87.85474157333374,0.3919167494509674,-0.022558701911173238,1.3041660839908373,0.6745014455914498,False
23,wave_pattern_stage2.0.wave_feature_conv2,7,16,1000,0.002,50.0,15.0,post_relu_mean,505.3735656738281,-505.3735656738281,48.26323318481445,1.4522030353546143,2.6369173526763916,145.0526008605957,0.07623322081824903,-0.142335613453584,8.217663850504538,0.9856945499777794,False
23,wave_pattern_stage2.0.wave_feature_conv2,7,16,1000,0.002,50.0,15.0,post_relu_mean,670.7838134765625,-670.7838134765625,76.2684555053711,1.9978808164596558,3.8094544410705566,350.84307861328125,0.2508819821990374,-0.40354678293684654,23.298537563167457,2.6007738173007966,False
23,wave_pattern_stage2.0.wave_feature_conv2,7,16,1000,0.002,50.0,30.0,post_relu_mean,93.86871337890625,-93.86871337890625,7.630624771118164,0.3277894854545593,0.33464595675468445,101.74542427062988,0.41214730811505834,-0.026798963608981735,1.549402137889581,0.7375195074081421,False
23,wave_pattern_stage2.0.wave_feature_conv2,7,16,1000,0.002,50.0,30.0,post_relu_mean,453.5782165527344,-453.5782165527344,43.18253707885742,1.290639877319336,1.8455760478973389,128.63361358642578,0.11315717226901544,-0.10822207347938824,6.2486212711126266,0.869871920645237,False
23,wave_pattern_stage2.0.wave_feature_conv2,7,16,1000,0.002,50.0,30.0,post_relu_mean,648.9635009765625,-648.9635009765625,73.7445068359375,1.9195091724395752,3.1272449493408203,316.49798583984375,0.2257345439513317,-0.35019974811198895,20.2186536538417,2.444839677810669,False
23,wave_pattern_stage2.0.wave_feature_conv2,7,16,1000,0.002,150.0,5.0,post_relu_mean,73.59861755371094,-73.59861755371094,6.918045520782471,0.169622540473938,0.5078094005584717,101.94833564758301,0.12443205064461872,-0.03233217126080544,1.868169224923894,1.9501012921333314,False
23,wave_pattern_stage2.0.wave_feature_conv2,7,16,1000,0.002,150.0,5.0,post_relu_mean,230.8109130859375,-230.8109130859375,23.83634376525879,0.4452783167362213,1.4397720098495483,63.406742095947266,0.06538664657600503,-0.031382102744573766,1.8119339175772824,1.8065220218896867,False
23,wave_pattern_stage2.0.wave_feature_conv2,7,16,1000,0.002,150.0,5.0,post_relu_mean,445.5775451660156,-445.5775451660156,53.81012725830078,0.8998593091964722,2.9997777938842773,187.76222610473633,0.08744789370540171,-0.19872285665936812,11.473665977856424,2.207133085727692,False
23,wave_pattern_stage2.0.wave_feature_conv2,7,16,1000,0.002,150.0,15.0,post_relu_mean,63.43244171142578,-63.43244171142578,5.991365909576416,0.14944037795066833,0.38826268911361694,112.59688568115234,0.13906937170005035,-0.03735183158622163,2.1585297390980296,1.972971059679985,False
23,wave_pattern_stage2.0.wave_feature_conv2,7,16,1000,0.002,150.0,15.0,post_relu_mean,204.90870666503906,-204.90870666503906,21.04401206970215,0.39403483271598816,1.079253911972046,61.96826934814453,0.059211232425997615,-0.02614625536098149,1.5097706513202551,1.7986609280109405,False
23,wave_pattern_stage2.0.wave_feature_conv2,7,16,1000,0.002,150.0,15.0,post_relu_mean,429.69439697265625,-429.69439697265625,51.72001266479492,0.8632709980010986,2.539348602294922,168.17162704467773,0.08558387404934252,-0.17389914886650853,10.040422005443151,2.1547452235221862,False
23,wave_pattern_stage2.0.wave_feature_conv2,7,16,1000,0.002,150.0,30.0,post_relu_mean,53.08684539794922,-53.08684539794922,5.092947006225586,0.12857913970947266,0.2847103476524353,129.35556030273438,0.1650073051426976,-0.044509238744724434,2.5718496815571443,2.0251873445510866,False
23,wave_pattern_stage2.0.wave_feature_conv2,7,16,1000,0.002,150.0,30.0,post_relu_mean,170.20924377441406,-170.20924377441406,17.428442001342773,0.3288329839706421,0.7231767177581787,67.32869720458984,0.05180144248834406,-0.025853279659952468,1.492853726806606,1.807929692864418,False
23,wave_pattern_stage2.0.wave_feature_conv2,7,16,1000,0.002,150.0,30.0,post_relu_mean,403.97705078125,-403.97705078125,48.41368103027344,0.8132110834121704,1.986728549003601,149.46620178222656,0.0795501194205313,-0.15067358695762437,8.699945888367315,2.075617904663086,False
23,wave_pattern_stage2.0.wave_feature_conv2,27,16,1000,0.002,10.0,5.0,post_relu_mean,59.66991424560547,-59.66991424560547,6.294536113739014,0.6508299112319946,0.5304939150810242,97.72912788391113,0.4693115197073707,-0.023647310140654517,1.3670769730229295,0.5798394110798836,False
23,wave_pattern_stage2.0.wave_feature_conv2,27,16,1000,0.002,10.0,5.0,post_relu_mean,303.7209167480469,-303.7209167480469,36.3165168762207,2.0457019805908203,2.7803401947021484,94.99277400970459,0.06629527331586868,-0.08083220837005908,4.667027661322491,0.6516945117712021,False
23,wave_pattern_stage2.0.wave_feature_conv2,27,16,1000,0.002,10.0,5.0,post_relu_mean,491.597900390625,-491.597900390625,79.06562042236328,2.7157387733459473,4.320318698883057,288.6247100830078,0.20437144896108425,-0.3323640678220935,19.188873358111717,2.0639356684684755,False
23,wave_pattern_stage2.0.wave_feature_conv2,27,16,1000,0.002,10.0,15.0,post_relu_mean,45.2681999206543,-45.2681999206543,4.981960773468018,0.5058791041374207,0.3400425612926483,107.26001930236816,0.47938355915103986,-0.02810679778202991,1.624623217948221,0.6326064211130142,False
23,wave_pattern_stage2.0.wave_feature_conv2,27,16,1000,0.002,10.0,15.0,post_relu_mean,263.13189697265625,-263.13189697265625,31.362735748291016,1.7521491050720215,1.825303554534912,80.43583679199219,0.09913165645251516,-0.056156039262653015,3.2424891958446773,0.5761887806653977,False
23,wave_pattern_stage2.0.wave_feature_conv2,27,16,1000,0.002,10.0,15.0,post_relu_mean,483.21978759765625,-483.21978759765625,77.9543685913086,2.602153778076172,3.6369211673736572,261.3469657897949,0.20109779566940827,-0.29612553073989206,17.096685458854243,1.9870473742485046,False
23,wave_pattern_stage2.0.wave_feature_conv2,27,16,1000,0.002,10.0,30.0,post_relu_mean,35.510284423828125,-35.510284423828125,4.084315299987793,0.39940211176872253,0.24043360352516174,123.13920783996582,0.4922590367095338,-0.03469076166057823,2.005429584233016,0.7289133995771409,False
23,wave_pattern_stage2.0.wave_feature_conv2,27,16,1000,0.002,10.0,30.0,post_relu_mean,211.48321533203125,-211.48321533203125,25.2432804107666,1.3964314460754395,1.0564345121383667,76.33638000488281,0.138095393581704,-0.03954541350487499,2.284579606146385,0.5483184531331062,False
23,wave_pattern_stage2.0.wave_feature_conv2,27,16,1000,0.002,10.0,30.0,post_relu_mean,459.3664855957031,-459.3664855957031,74.21849822998047,2.420132637023926,2.840088129043579,230.1091766357422,0.18286675160468951,-0.24082352578376232,13.90414196153371,1.8676097911596299,False
23,wave_pattern_stage2.0.wave_feature_conv2,27,16,1000,0.002,50.0,5.0,post_relu_mean,34.827877044677734,-34.827877044677734,4.494496822357178,0.16173426806926727,0.3511961102485657,107.97138214111328,0.4090210031184529,-0.03371381766653237,1.948781540109512,0.8342910891771317,False
23,wave_pattern_stage2.0.wave_feature_conv2,27,16,1000,0.002,50.0,5.0,post_relu_mean,169.3504638671875,-169.3504638671875,21.505260467529297,0.5792773962020874,1.4998023509979248,50.34025573730469,0.089533247184719,-0.026229310640469416,1.5143613885493747,0.6166539254784584,False
23,wave_pattern_stage2.0.wave_feature_conv2,27,16,1000,0.002,50.0,5.0,post_relu_mean,416.1977844238281,-416.1977844238281,68.85639953613281,1.5358924865722656,3.6935205459594727,194.69636917114258,0.14497633266184476,-0.2232721088718136,12.890524294975048,1.7176596873998642,False
23,wave_pattern_stage2.0.wave_feature_conv2,27,16,1000,0.002,50.0,15.0,post_relu_mean,28.963233947753906,-28.963233947753906,3.851336717605591,0.1456129252910614,0.25838255882263184,119.03016090393066,0.4189560017710212,-0.038940242295825614,2.2512285774080683,0.8862776646018028,False
23,wave_pattern_stage2.0.wave_feature_conv2,27,16,1000,0.002,50.0,15.0,post_relu_mean,134.8296661376953,-134.8296661376953,17.09669303894043,0.470380961894989,0.8781487941741943,49.43939971923828,0.10628123208128448,-0.020397107132125093,1.1780253992211922,0.6182652354240418,False
23,wave_pattern_stage2.0.wave_feature_conv2,27,16,1000,0.002,50.0,15.0,post_relu_mean,405.87298583984375,-405.87298583984375,66.9588623046875,1.4844834804534912,3.010775089263916,173.95104598999023,0.13897429490903412,-0.20069638730561773,11.587503680854406,1.6424266463518142,False
23,wave_pattern_stage2.0.wave_feature_conv2,27,16,1000,0.002,50.0,30.0,post_relu_mean,24.390798568725586,-24.390798568725586,3.374063491821289,0.13414372503757477,0.1963970959186554,135.49599647521973,0.4420172814958422,-0.044709585211706704,2.5846517749851294,0.967244126200676,False
23,wave_pattern_stage2.0.wave_feature_conv2,27,16,1000,0.002,50.0,30.0,post_relu_mean,100.0693359375,-100.0693359375,12.790852546691895,0.36087068915367126,0.4694584012031555,58.48052406311035,0.13703235118880006,-0.021016184049992715,1.2140589282395988,0.6490715679526329,False
23,wave_pattern_stage2.0.wave_feature_conv2,27,16,1000,0.002,50.0,30.0,post_relu_mean,387.0195007324219,-387.0195007324219,63.83620834350586,1.4003480672836304,2.2324540615081787,158.3232421875,0.1538778209601417,-0.17786439637416107,10.269199980314283,1.6332817947864533,False
23,wave_pattern_stage2.0.wave_feature_conv2,27,16,1000,0.002,150.0,5.0,post_relu_mean,34.24443054199219,-34.24443054199219,4.735568523406982,0.09866169095039368,0.3657606840133667,142.6064052581787,0.2337775672701262,-0.050256550221738944,2.904946236414995,1.9195432317256929,False
23,wave_pattern_stage2.0.wave_feature_conv2,27,16,1000,0.002,150.0,5.0,post_relu_mean,78.01112365722656,-78.01112365722656,11.26781940460205,0.17614832520484924,0.7340246438980103,60.97317981719971,0.07062333126468047,-0.021102370137187704,1.2195929175269165,1.9266745841503143,False
23,wave_pattern_stage2.0.wave_feature_conv2,27,16,1000,0.002,150.0,5.0,post_relu_mean,235.13540649414062,-235.13540649414062,41.60464096069336,0.5371875762939453,2.1671996116638184,89.14839553833008,0.06536705295996682,-0.07075442626650993,4.084967172998091,1.8784951394796372,False
23,wave_pattern_stage2.0.wave_feature_conv2,27,16,1000,0.002,150.0,15.0,post_relu_mean,30.295413970947266,-30.295413970947266,4.260286331176758,0.0915326476097107,0.2952025234699249,153.6858310699463,0.23660093899552415,-0.055380478019717225,3.201086208864978,1.9966463470458984,False
23,wave_pattern_stage2.0.wave_feature_conv2,27,16,1000,0.002,150.0,15.0,post_relu_mean,65.86003875732422,-65.86003875732422,9.527405738830566,0.14923140406608582,0.5322071313858032,69.05422973632812,0.06113387564768777,-0.02444804938263486,1.4132322213043598,1.9467197734117507,False
23,wave_pattern_stage2.0.wave_feature_conv2,27,16,1000,0.002,150.0,15.0,post_relu_mean,215.41053771972656,-215.41053771972656,37.967559814453125,0.4894009828567505,1.6991143226623535,77.38338851928711,0.06270437744723699,-0.054447655365578475,3.143507297946577,1.8561605542898179,False
23,wave_pattern_stage2.0.wave_feature_conv2,27,16,1000,0.002,150.0,30.0,post_relu_mean,26.17373275756836,-26.17373275756836,3.7858145236968994,0.08472335338592529,0.23119428753852844,170.53071975708008,0.24718581615103602,-0.06247997340156052,3.6110073996720775,2.1110878694057464,False
23,wave_pattern_stage2.0.wave_feature_conv2,27,16,1000,0.002,150.0,30.0,post_relu_mean,52.302894592285156,-52.302894592285156,7.663486003875732,0.12202026695013046,0.3590826094150543,83.81723594665527,0.03987855192860666,-0.03016905132491976,1.7428612959643641,1.965094730257988,False
23,wave_pattern_stage2.0.wave_feature_conv2,27,16,1000,0.002,150.0,30.0,post_relu_mean,189.3777618408203,-189.3777618408203,33.2911262512207,0.4276784062385559,1.1875700950622559,72.85330581665039,0.0569521718713113,-0.04581763523942683,2.645275222685454,1.8366671639680863,False
26,wave_pattern_stage2.0.skip_connection.0,47,16,1000,0.002,10.0,5.0,post_relu_mean,140.02587890625,-140.02587890625,12.085023880004883,1.143008828163147,0.846028208732605,115.76755094528198,0.3724255739016909,-0.03955955263715901,2.284795391775905,1.0849604207277297,False
26,wave_pattern_stage2.0.skip_connection.0,47,16,1000,0.002,10.0,5.0,post_relu_mean,345.8913269042969,-345.8913269042969,34.69072723388672,2.1954805850982666,2.563079357147217,146.01383876800537,0.14142736098024783,-0.12065321528401063,6.966007868539894,1.1780672365427016,False
26,wave_pattern_stage2.0.skip_connection.0,47,16,1000,0.002,10.0,5.0,post_relu_mean,473.22412109375,-473.22412109375,58.22164535522461,2.7414050102233887,4.228841304779053,291.66595458984375,0.030113578545659415,-0.290644779181003,16.780194915468748,1.8718274909257888,False
26,wave_pattern_stage2.0.skip_connection.0,47,16,1000,0.002,10.0,15.0,post_relu_mean,121.68649291992188,-121.68649291992188,10.536064147949219,0.9876210689544678,0.6320934295654297,121.02587127685547,0.3859479246697364,-0.03854552295304002,2.2268909251971163,1.1095702594518662,False
26,wave_pattern_stage2.0.skip_connection.0,47,16,1000,0.002,10.0,15.0,post_relu_mean,318.4946594238281,-318.4946594238281,31.552719116210938,2.0126917362213135,2.0278875827789307,130.3376922607422,0.17392114789521174,-0.09064635368134874,5.233782272051199,1.0723992252349854,False
26,wave_pattern_stage2.0.skip_connection.0,47,16,1000,0.002,10.0,15.0,post_relu_mean,457.0203857421875,-457.0203857421875,55.485069274902344,2.6275582313537598,3.639536142349243,257.6939277648926,0.04065527368461695,-0.2380161146637308,13.741985724288671,1.6903980296850205,False
26,wave_pattern_stage2.0.skip_connection.0,47,16,1000,0.002,10.0,30.0,post_relu_mean,100.10464477539062,-100.10464477539062,8.794124603271484,0.8074126243591309,0.4376640021800995,132.72525215148926,0.4105602358106163,-0.041671525171546424,2.4081944623930958,1.1541862469911575,False
26,wave_pattern_stage2.0.skip_connection.0,47,16,1000,0.002,10.0,30.0,post_relu_mean,275.49456787109375,-275.49456787109375,27.002534866333008,1.730426549911499,1.424200415611267,118.31172561645508,0.21385998860428657,-0.0665805742834153,3.8453955578225063,0.9958873796463013,False
26,wave_pattern_stage2.0.skip_connection.0,47,16,1000,0.002,10.0,30.0,post_relu_mean,423.1376953125,-423.1376953125,50.934242248535156,2.4274134635925293,2.8843913078308105,216.1330795288086,0.09799353916743102,-0.1737711492561483,10.0331105103394,1.4492542040348053,False
26,wave_pattern_stage2.0.skip_connection.0,47,16,1000,0.002,50.0,5.0,post_relu_mean,78.79960632324219,-78.79960632324219,8.116914749145508,0.3879666328430176,0.43061363697052,106.0970230102539,0.3385623782059533,-0.03378087895438505,1.9527544863983035,1.2085062819719314,False
26,wave_pattern_stage2.0.skip_connection.0,47,16,1000,0.002,50.0,5.0,post_relu_mean,245.28164672851562,-245.28164672851562,26.642120361328125,1.0333173274993896,1.6476726531982422,78.27899551391602,0.17929255664161756,-0.044846918667855,2.589234644704498,0.9909045186638832,False
26,wave_pattern_stage2.0.skip_connection.0,47,16,1000,0.002,50.0,5.0,post_relu_mean,410.05352783203125,-410.05352783203125,52.81640625,1.7278021574020386,3.6106295585632324,195.78142929077148,0.0666020737013714,-0.18961357620824063,10.9472100631511,1.5359796744585037,False
26,wave_pattern_stage2.0.skip_connection.0,47,16,1000,0.002,50.0,15.0,post_relu_mean,68.00911712646484,-68.00911712646484,7.084311008453369,0.33759838342666626,0.3327923119068146,117.11766052246094,0.3447805860469342,-0.03975330145783018,2.296378632150992,1.268395693898201,False
26,wave_pattern_stage2.0.skip_connection.0,47,16,1000,0.002,50.0,15.0,post_relu_mean,215.60630798339844,-215.60630798339844,23.097070693969727,0.9097538590431213,1.2004239559173584,74.54458618164062,0.19892860590169234,-0.03492595721675192,2.0165234393395934,0.9557370889186859,False
26,wave_pattern_stage2.0.skip_connection.0,47,16,1000,0.002,50.0,15.0,post_relu_mean,390.43121337890625,-390.43121337890625,49.59893798828125,1.645748257637024,2.989412307739258,168.4967384338379,0.08827506901966158,-0.14718335140156452,8.49793039650961,1.3873387259244918,False
26,wave_pattern_stage2.0.skip_connection.0,47,16,1000,0.002,50.0,30.0,post_relu_mean,57.18486404418945,-57.18486404418945,6.0923871994018555,0.28446730971336365,0.24765053391456604,134.1398162841797,0.3666938715365498,-0.04821710001883195,2.7856985192380885,1.33764028608799,False
26,wave_pattern_stage2.0.skip_connection.0,47,16,1000,0.002,50.0,30.0,post_relu_mean,181.0379638671875,-181.0379638671875,19.134838104248047,0.7634254097938538,0.7878885269165039,79.1817798614502,0.2204954080301565,-0.031621455390911296,1.8266301321409089,0.9566030722856521,False
26,wave_pattern_stage2.0.skip_connection.0,47,16,1000,0.002,50.0,30.0,post_relu_mean,355.3043212890625,-355.3043212890625,44.40763473510742,1.5013545751571655,2.239480972290039,141.14586639404297,0.12472468248477404,-0.10826763564215448,6.251555602386665,1.2268052744865416,False
26,wave_pattern_stage2.0.skip_connection.0,47,16,1000,0.002,150.0,5.0,post_relu_mean,47.014644622802734,-47.014644622802734,6.371729373931885,0.13502803444862366,0.30765876173973083,135.93736267089844,0.21801152567482512,-0.056714248920447276,3.2760690877023584,2.080290834903717,False
26,wave_pattern_stage2.0.skip_connection.0,47,16,1000,0.002,150.0,5.0,post_relu_mean,109.44058227539062,-109.44058227539062,14.683956146240234,0.273800790309906,0.7742539048194885,61.606143951416016,0.09901817598158877,-0.01608177786174544,0.929131210033658,1.8401732754707336,False
26,wave_pattern_stage2.0.skip_connection.0,47,16,1000,0.002,150.0,5.0,post_relu_mean,231.97251892089844,-231.97251892089844,33.75569534301758,0.6152355670928955,2.079895496368408,82.93413162231445,0.08326283399232463,-0.05483606640489497,3.165946554042217,1.8377285796403884,False
26,wave_pattern_stage2.0.skip_connection.0,47,16,1000,0.002,150.0,15.0,post_relu_mean,42.56477355957031,-42.56477355957031,5.804180145263672,0.12258787453174591,0.25592848658561707,148.53386688232422,0.22661791535982154,-0.06416050032236069,3.7068963163331476,2.1339727687835692,False
26,wave_pattern_stage2.0.skip_connection.0,47,16,1000,0.002,150.0,15.0,post_relu_mean,94.68651580810547,-94.68651580810547,12.679839134216309,0.23648041486740112,0.5831649303436279,69.40001392364502,0.10169755647850878,-0.02009788258331604,1.1609293222579098,1.862556984424591,False
26,wave_pattern_stage2.0.skip_connection.0,47,16,1000,0.002,150.0,15.0,post_relu_mean,213.494873046875,-213.494873046875,30.643400192260742,0.5656732320785522,1.6438932418823242,72.54970169067383,0.08550047531249527,-0.039063215737116457,2.2554597249393304,1.7964147520065308,False
26,wave_pattern_stage2.0.skip_connection.0,47,16,1000,0.002,150.0,30.0,post_relu_mean,37.81354904174805,-37.81354904174805,5.240101337432861,0.11135413497686386,0.20627054572105408,166.46755599975586,0.24899499052738197,-0.07034251937574379,4.064039755230942,2.1964356434345245,False
26,wave_pattern_stage2.0.skip_connection.0,47,16,1000,0.002,150.0,30.0,post_relu_mean,78.823974609375,-78.823974609375,10.519551277160645,0.19846510887145996,0.4060952365398407,84.31408500671387,0.11171271238429485,-0.028008544711298437,1.6182807591129733,1.8960911321640015,False
26,wave_pattern_stage2.0.skip_connection.0,47,16,1000,0.002,150.0,30.0,post_relu_mean,186.74269104003906,-186.74269104003906,26.38585090637207,0.49249279499053955,1.1580349206924438,68.65774917602539,0.0914152480912605,-0.032896307273824116,1.8999639660909278,1.761836969256401,False
26,wave_pattern_stage2.0.skip_connection.0,30,16,1000,0.002,10.0,5.0,post_relu_mean,122.5091781616211,-122.5091781616211,11.535890579223633,0.9697067737579346,0.6547799706459045,109.00255107879639,0.32052502990576587,-0.04327578232042128,2.499479005953768,1.0662006038427352,False
26,wave_pattern_stage2.0.skip_connection.0,30,16,1000,0.002,10.0,5.0,post_relu_mean,343.237548828125,-343.237548828125,35.96828079223633,2.1688618659973145,2.476959228515625,140.06410884857178,0.11101394436617124,-0.12431076873799897,7.177015471986105,1.1319037622213364,False
26,wave_pattern_stage2.0.skip_connection.0,30,16,1000,0.002,10.0,5.0,post_relu_mean,465.20172119140625,-465.20172119140625,58.484588623046875,2.7636923789978027,4.343771934509277,284.8371887207031,0.01783106578922098,-0.28105695298327277,16.22666324674016,1.7739823293685912,False
26,wave_pattern_stage2.0.skip_connection.0,30,16,1000,0.002,10.0,15.0,post_relu_mean,105.80074310302734,-105.80074310302734,9.99141788482666,0.8345080614089966,0.4841894507408142,116.90739822387695,0.3341178761403453,-0.04378154591341705,2.5294339426789634,1.0953468495607377,False
26,wave_pattern_stage2.0.skip_connection.0,30,16,1000,0.002,10.0,15.0,post_relu_mean,313.11663818359375,-313.11663818359375,32.257259368896484,1.9662981033325195,1.9051767587661743,126.13658142089844,0.1430394083377034,-0.09657529292617689,5.5757891766672065,1.0311708563566209,False
26,wave_pattern_stage2.0.skip_connection.0,30,16,1000,0.002,10.0,15.0,post_relu_mean,445.2085876464844,-445.2085876464844,55.269527435302734,2.6513094902038574,3.690183401107788,247.3545799255371,0.045912113725015115,-0.22431775870080342,12.95131312547619,1.5811987614631653,False
26,wave_pattern_stage2.0.skip_connection.0,30,16,1000,0.002,10.0,30.0,post_relu_mean,89.15301513671875,-89.15301513671875,8.478803634643555,0.6922261714935303,0.3478858768939972,131.34314346313477,0.35862444257465365,-0.04758461410175124,2.750186976333014,1.1523455321788787,False
26,wave_pattern_stage2.0.skip_connection.0,30,16,1000,0.002,10.0,30.0,post_relu_mean,271.189697265625,-271.189697265625,27.40202522277832,1.6895318031311035,1.3252599239349365,117.78158187866211,0.18608974781624665,-0.0755402678888307,4.362129476050784,0.9535757794976234,False
26,wave_pattern_stage2.0.skip_connection.0,30,16,1000,0.002,10.0,30.0,post_relu_mean,412.71307373046875,-412.71307373046875,50.10084915161133,2.442725658416748,2.87457275390625,208.93740844726562,0.09863465690904619,-0.16819589546058838,9.711049396985842,1.3728857660293579,False
26,wave_pattern_stage2.0.skip_connection.0,30,16,1000,0.002,50.0,5.0,post_relu_mean,64.10177612304688,-64.10177612304688,7.323928356170654,0.311109721660614,0.32234451174736023,106.28435325622559,0.27965708586380045,-0.04312731635067153,2.4915288886806874,1.2354088360071183,False
26,wave_pattern_stage2.0.skip_connection.0,30,16,1000,0.002,50.0,5.0,post_relu_mean,236.02879333496094,-236.02879333496094,26.884868621826172,0.9392631649971008,1.5665061473846436,75.31594848632812,0.15658071997971948,-0.046741806993890064,2.6986091830708956,0.9410794016718864,False
26,wave_pattern_stage2.0.skip_connection.0,30,16,1000,0.002,50.0,5.0,post_relu_mean,400.4642333984375,-400.4642333984375,53.03371810913086,1.6973681449890137,3.708139657974243,189.2630958557129,0.06417144762579702,-0.18217528050582246,10.517780122597651,1.4446003246307373,False
26,wave_pattern_stage2.0.skip_connection.0,30,16,1000,0.002,50.0,15.0,post_relu_mean,55.59737014770508,-55.59737014770508,6.4205145835876465,0.27084410190582275,0.25025880336761475,118.49071311950684,0.29048503208539767,-0.050307755803235744,2.9063114539946984,1.2902818948030472,False
26,wave_pattern_stage2.0.skip_connection.0,30,16,1000,0.002,50.0,15.0,post_relu_mean,205.01953125,-205.01953125,23.023344039916992,0.8196278214454651,1.0914884805679321,72.86178207397461,0.17541304244684458,-0.03770533988224202,2.177237764594909,0.9037575146555901,False
26,wave_pattern_stage2.0.skip_connection.0,30,16,1000,0.002,50.0,15.0,post_relu_mean,378.9979553222656,-378.9979553222656,49.30835723876953,1.6132586002349854,3.031280517578125,160.60465621948242,0.09016789789262455,-0.1397509147170818,8.068703562928446,1.291331385374069,False
26,wave_pattern_stage2.0.skip_connection.0,30,16,1000,0.002,50.0,30.0,post_relu_mean,47.30221939086914,-47.30221939086914,5.585593223571777,0.23051267862319946,0.19599592685699463,136.1436004638672,0.31455260026068516,-0.05649838874660678,3.2644236419720745,1.3614122331142426,False
26,wave_pattern_stage2.0.skip_connection.0,30,16,1000,0.002,50.0,30.0,post_relu_mean,167.32940673828125,-167.32940673828125,18.59406852722168,0.6723488569259644,0.6964612007141113,77.86873245239258,0.20507150992517734,-0.032865942472421986,1.8984106097493931,0.8899758997559547,False
26,wave_pattern_stage2.0.skip_connection.0,30,16,1000,0.002,50.0,30.0,post_relu_mean,341.5854187011719,-341.5854187011719,43.510658264160156,1.4573322534561157,2.2151970863342285,133.50770568847656,0.12854382348485782,-0.09813171850216053,5.666184527644432,1.1304190099239348,False
26,wave_pattern_stage2.0.skip_connection.0,30,16,1000,0.002,150.0,5.0,post_relu_mean,39.07537078857422,-39.07537078857422,6.012127876281738,0.11262165009975433,0.2554423213005066,137.78725051879883,0.16597682096398392,-0.06663070543381168,3.8481513569831365,2.1851381289958955,False
26,wave_pattern_stage2.0.skip_connection.0,30,16,1000,0.002,150.0,5.0,post_relu_mean,110.10334014892578,-110.10334014892578,15.626710891723633,0.25031793117523193,0.7597837448120117,63.544915199279785,0.08632705353768536,-0.01888252079553904,1.0907921904947868,1.8909485834836959,False
26,wave_pattern_stage2.0.skip_connection.0,30,16,1000,0.002,150.0,5.0,post_relu_mean,225.93853759765625,-225.93853759765625,33.813655853271484,0.5617371797561646,2.1194708347320557,86.92319107055664,0.07731709028607808,-0.05751249011938188,3.320445578735566,1.8134397983551025,False
26,wave_pattern_stage2.0.skip_connection.0,30,16,1000,0.002,150.0,15.0,post_relu_mean,35.288604736328125,-35.288604736328125,5.483862400054932,0.10322999954223633,0.212368443608284,150.5890655517578,0.17470046879889678,-0.07239549844699338,4.181741947207361,2.2372957944869993,False
26,wave_pattern_stage2.0.skip_connection.0,30,16,1000,0.002,150.0,15.0,post_relu_mean,94.82136535644531,-94.82136535644531,13.443936347961426,0.2170514166355133,0.5590721964836121,71.38513851165771,0.08561274809208284,-0.02265789395198366,1.3085894266075822,1.9081223261356355,False
26,wave_pattern_stage2.0.skip_connection.0,30,16,1000,0.002,150.0,15.0,post_relu_mean,205.7774658203125,-205.7774658203125,30.46080780029297,0.5075908899307251,1.6662307977676392,75.64629745483398,0.08065782140841773,-0.04103740105328197,2.3695232006069054,1.776293438076973,False
26,wave_pattern_stage2.0.skip_connection.0,30,16,1000,0.002,150.0,30.0,post_relu_mean,31.53754425048828,-31.53754425048828,4.954106330871582,0.0942590981721878,0.17496971786022186,169.12589263916016,0.19825296058071823,-0.07940285143004278,4.5874777301195815,2.291982138156891,False
26,wave_pattern_stage2.0.skip_connection.0,30,16,1000,0.002,150.0,30.0,post_relu_mean,77.95735168457031,-77.95735168457031,11.106629371643066,0.17921319603919983,0.38481515645980835,86.43327331542969,0.08881226654572706,-0.031032550934508532,1.7934285990453516,1.9537626993656159,False
26,wave_pattern_stage2.0.skip_connection.0,30,16,1000,0.002,150.0,30.0,post_relu_mean,177.82229614257812,-177.82229614257812,25.857139587402344,0.43659961223602295,1.1624786853790283,70.77084350585938,0.08955484307793606,-0.03149834376161833,1.8189116460210322,1.7417343580722808,False
26,wave_pattern_stage2.0.skip_connection.0,37,16,1000,0.002,10.0,5.0,post_relu_mean,84.17733001708984,-84.17733001708984,8.257474899291992,0.9773974418640137,0.5852560997009277,118.3945255279541,0.34564423351015333,-0.03945235046453097,2.2802381943939576,1.0942086416482926,False
26,wave_pattern_stage2.0.skip_connection.0,37,16,1000,0.002,10.0,5.0,post_relu_mean,258.3240966796875,-258.3240966796875,28.02922821044922,2.0583577156066895,2.1694657802581787,111.15265655517578,0.13670105278192837,-0.08962590065308576,5.174499006189489,0.8424491667747498,False
26,wave_pattern_stage2.0.skip_connection.0,37,16,1000,0.002,10.0,5.0,post_relu_mean,424.5880126953125,-424.5880126953125,61.43378829956055,2.802684783935547,4.613784313201904,252.39480209350586,0.03585185596893208,-0.26323993055423306,15.197985537243133,1.4313732773065566,False
26,wave_pattern_stage2.0.skip_connection.0,37,16,1000,0.002,10.0,15.0,post_relu_mean,72.72676086425781,-72.72676086425781,7.212560176849365,0.8346957564353943,0.4369131028652191,126.99820327758789,0.36328333384513367,-0.041468033853174824,2.3962782388104844,1.1205022650957108,False
26,wave_pattern_stage2.0.skip_connection.0,37,16,1000,0.002,10.0,15.0,post_relu_mean,228.29177856445312,-228.29177856445312,24.40523338317871,1.8170922994613647,1.5747019052505493,100.68527221679688,0.16743618982738045,-0.0662028530340868,3.82250915036366,0.7692405453324318,False
26,wave_pattern_stage2.0.skip_connection.0,37,16,1000,0.002,10.0,15.0,post_relu_mean,405.0299377441406,-405.0299377441406,57.571868896484375,2.6609177589416504,3.801271438598633,215.97163772583008,0.025096295256489192,-0.20339469604675295,11.743275292136786,1.235518323779106,False
26,wave_pattern_stage2.0.skip_connection.0,37,16,1000,0.002,10.0,30.0,post_relu_mean,60.70159912109375,-60.70159912109375,6.138871192932129,0.6784746646881104,0.31372496485710144,142.12234497070312,0.38836291711471765,-0.047753136360948426,2.7601374675171577,1.176348284482956,False
26,wave_pattern_stage2.0.skip_connection.0,37,16,1000,0.002,10.0,30.0,post_relu_mean,188.62997436523438,-188.62997436523438,19.84954261779785,1.4886937141418457,1.0153212547302246,97.9550552368164,0.20528807988415412,-0.04962107282509944,2.866039115532089,0.7336268377304077,False
26,wave_pattern_stage2.0.skip_connection.0,37,16,1000,0.002,10.0,30.0,post_relu_mean,366.8215637207031,-366.8215637207031,51.22978973388672,2.4032301902770996,2.822154998779297,176.7448959350586,0.07963413325846665,-0.14319406022870293,8.268378589780095,1.0127776727080344,False
26,wave_pattern_stage2.0.skip_connection.0,37,16,1000,0.002,50.0,5.0,post_relu_mean,43.77705383300781,-43.77705383300781,5.629862308502197,0.292578786611557,0.27815181016921997,118.71675872802734,0.3062312868839757,-0.04721713354857032,2.7272950870726467,1.2620237332582473,False
26,wave_pattern_stage2.0.skip_connection.0,37,16,1000,0.002,50.0,5.0,post_relu_mean,151.33287048339844,-151.33287048339844,19.21243667602539,0.7229961156845093,1.0752204656600952,55.91621017456055,0.17164348185904707,-0.022523683597899725,1.300601664039515,0.717254964709282,False
26,wave_pattern_stage2.0.skip_connection.0,37,16,1000,0.002,50.0,5.0,post_relu_mean,355.15277099609375,-355.15277099609375,54.941688537597656,1.5530250072479248,3.7894084453582764,161.71496200561523,0.05214372720517872,-0.16468512108005337,9.507987507621941,1.1151224511861801,False
26,wave_pattern_stage2.0.skip_connection.0,37,16,1000,0.002,50.0,15.0,post_relu_mean,38.32441329956055,-38.32441329956055,5.02932596206665,0.2541564106941223,0.22213849425315857,131.05477905273438,0.3196572197411437,-0.05239058654288471,3.026171461166335,1.307543587088585,False
26,wave_pattern_stage2.0.skip_connection.0,37,16,1000,0.002,50.0,15.0,post_relu_mean,122.10160064697266,-122.10160064697266,15.442317962646484,0.5869807004928589,0.6798495650291443,59.32016086578369,0.18478147235997353,-0.021029267492418055,1.2154944985561897,0.7284970623254776,False
26,wave_pattern_stage2.0.skip_connection.0,37,16,1000,0.002,50.0,15.0,post_relu_mean,333.3651428222656,-333.3651428222656,50.42471694946289,1.458813190460205,2.9816207885742188,135.18310928344727,0.07487104271462519,-0.12614143174166512,7.283093808308191,0.9658569765090942,False
26,wave_pattern_stage2.0.skip_connection.0,37,16,1000,0.002,50.0,30.0,post_relu_mean,33.33062744140625,-33.33062744140625,4.468827724456787,0.22031675279140472,0.17762616276741028,149.06951522827148,0.34319378270353906,-0.05967938326094105,3.44885682610084,1.383778573870659,False
26,wave_pattern_stage2.0.skip_connection.0,37,16,1000,0.002,50.0,30.0,post_relu_mean,94.84673309326172,-94.84673309326172,11.95573902130127,0.45739924907684326,0.40835148096084595,71.63271999359131,0.21047259523427694,-0.02418852549951826,1.3984045376543741,0.7591465583443642,False
26,wave_pattern_stage2.0.skip_connection.0,37,16,1000,0.002,50.0,30.0,post_relu_mean,290.3924255371094,-290.3924255371094,43.25572967529297,1.2716519832611084,2.035619020462036,110.10143280029297,0.1160187067703156,-0.08556548315792244,4.940971883128675,0.8038628813624382,False
26,wave_pattern_stage2.0.skip_connection.0,37,16,1000,0.002,150.0,5.0,post_relu_mean,28.699613571166992,-28.699613571166992,5.143576622009277,0.11049679666757584,0.2175551801919937,151.2741241455078,0.1952427706008285,-0.0724221454506776,4.182761679805378,2.18422128200531,False
26,wave_pattern_stage2.0.skip_connection.0,37,16,1000,0.002,150.0,5.0,post_relu_mean,66.73976135253906,-66.73976135253906,11.440516471862793,0.19426651298999786,0.5130751132965088,64.41780853271484,0.07312705215786759,-0.020055341154799622,1.1586261412910301,1.8838498532772063,False
26,wave_pattern_stage2.0.skip_connection.0,37,16,1000,0.002,150.0,5.0,post_relu_mean,171.07101440429688,-171.07101440429688,30.695466995239258,0.47616708278656006,1.8112080097198486,62.41115188598633,0.06520251927533043,-0.03442123294636625,1.9874501277517131,1.784665117263794,False
26,wave_pattern_stage2.0.skip_connection.0,37,16,1000,0.002,150.0,15.0,post_relu_mean,26.486003875732422,-26.486003875732422,4.782709121704102,0.10304509103298187,0.1867837905883789,163.8784637451172,0.2057206905210848,-0.07725222588801414,4.462313721032341,2.2322036373615264,False
26,wave_pattern_stage2.0.skip_connection.0,37,16,1000,0.002,150.0,15.0,post_relu_mean,56.726226806640625,-56.726226806640625,9.795119285583496,0.16515395045280457,0.37830299139022827,75.69447135925293,0.07103858110237209,-0.027293554656657417,1.5765101664076668,1.9196059644222259,False
26,wave_pattern_stage2.0.skip_connection.0,37,16,1000,0.002,150.0,15.0,post_relu_mean,151.2003173828125,-151.2003173828125,26.8721866607666,0.41705194115638733,1.3550646305084229,55.766578674316406,0.06125889551134346,-0.024992831273151515,1.4432410057521279,1.7678657531738282,False
26,wave_pattern_stage2.0.skip_connection.0,37,16,1000,0.002,150.0,30.0,post_relu_mean,24.12334632873535,-24.12334632873535,4.401669502258301,0.09449060261249542,0.15762859582901,182.39054489135742,0.22985480056090377,-0.08341164688708894,4.817989473729106,2.28789657831192,False
26,wave_pattern_stage2.0.skip_connection.0,37,16,1000,0.002,150.0,30.0,post_relu_mean,46.26314926147461,-46.26314926147461,8.077234268188477,0.13620026409626007,0.26717057824134827,93.53156089782715,0.07430633428852643,-0.03581910836261202,2.0694296881058416,1.9622223794460296,False
26,wave_pattern_stage2.0.skip_connection.0,37,16,1000,0.002,150.0,30.0,post_relu_mean,125.30853271484375,-125.30853271484375,22.06711196899414,0.3433077931404114,0.887305498123169,57.15655326843262,0.05738952176887179,-0.02170669379277588,1.2535980444484025,1.7765250712633134,False
29,wave_pattern_stage2.1.wave_feature_conv1,35,16,1000,0.002,10.0,5.0,post_relu_mean,56.34569549560547,-56.34569549560547,8.084157943725586,0.47787007689476013,0.2874301075935364,193.35292625427246,0.6944459767960218,-0.06469820947574853,3.7388631582793663,1.1652897846698762,False
29,wave_pattern_stage2.1.wave_feature_conv1,35,16,1000,0.002,10.0,5.0,post_relu_mean,668.1557006835938,-668.1557006835938,101.87686157226562,2.1654908657073975,3.119471788406372,111.23009490966797,0.05728261701653507,-0.09656282103768903,5.575156300846567,0.7479484489560128,False
29,wave_pattern_stage2.1.wave_feature_conv1,35,16,1000,0.002,10.0,5.0,post_relu_mean,1088.120361328125,-1088.120361328125,197.2078094482422,2.8447213172912598,5.0691609382629395,639.3475189208984,0.29938721978718397,-0.7073765619470078,40.839959654747645,4.038821872472763,False
29,wave_pattern_stage2.1.wave_feature_conv1,35,16,1000,0.002,10.0,15.0,post_relu_mean,51.69460678100586,-51.69460678100586,7.453763961791992,0.4309101402759552,0.24403423070907593,205.0575122833252,0.7044928725543178,-0.06941116062348276,4.012732540234058,1.2288092744350434,False
29,wave_pattern_stage2.1.wave_feature_conv1,35,16,1000,0.002,10.0,15.0,post_relu_mean,587.4850463867188,-587.4850463867188,88.93721771240234,1.9152430295944214,2.2162773609161377,91.91883087158203,0.09261430170795722,-0.06333577009507332,3.6572644221694315,0.6261389571428299,False
29,wave_pattern_stage2.1.wave_feature_conv1,35,16,1000,0.002,10.0,15.0,post_relu_mean,1076.04248046875,-1076.04248046875,195.36026000976562,2.8003549575805664,4.676319599151611,596.5674438476562,0.2707812664542632,-0.6416661192744417,37.04617919991355,3.8674755573272703,False
29,wave_pattern_stage2.1.wave_feature_conv1,35,16,1000,0.002,10.0,30.0,post_relu_mean,47.20002365112305,-47.20002365112305,6.880433559417725,0.38554105162620544,0.20688468217849731,221.91216468811035,0.720729213502423,-0.07492292618613837,4.331589062725269,1.3257323956489564,False
29,wave_pattern_stage2.1.wave_feature_conv1,35,16,1000,0.002,10.0,30.0,post_relu_mean,473.877685546875,-473.877685546875,71.4820327758789,1.5427461862564087,1.3620223999023438,79.40412521362305,0.1395811198563721,-0.03853829816089945,2.2264391376415023,0.5381619122624397,False
29,wave_pattern_stage2.1.wave_feature_conv1,35,16,1000,0.002,10.0,30.0,post_relu_mean,1056.0938720703125,-1056.0938720703125,192.1458740234375,2.7210750579833984,4.142782211303711,544.195556640625,0.23171675815465168,-0.5671479030017743,32.74405482993022,3.6400111532211303,False
29,wave_pattern_stage2.1.wave_feature_conv1,35,16,1000,0.002,50.0,5.0,post_relu_mean,45.473052978515625,-45.473052978515625,7.096837520599365,0.1940196305513382,0.21096551418304443,205.5793571472168,0.607879585139991,-0.08162684111944568,4.716114117632018,1.47769710958004,False
29,wave_pattern_stage2.1.wave_feature_conv1,35,16,1000,0.002,50.0,5.0,post_relu_mean,472.9609375,-472.9609375,74.22516632080078,0.8684459924697876,1.9324848651885986,56.227176666259766,0.08381603099474423,-0.037946066089968596,2.190832422128653,0.6464134067296982,False
29,wave_pattern_stage2.1.wave_feature_conv1,35,16,1000,0.002,50.0,5.0,post_relu_mean,1037.4351806640625,-1037.4351806640625,187.95196533203125,2.147599220275879,4.777470111846924,538.2097778320312,0.2573576990947824,-0.6095839693050431,35.19405870909633,3.7071796584129335,False
29,wave_pattern_stage2.1.wave_feature_conv1,35,16,1000,0.002,50.0,15.0,post_relu_mean,42.625850677490234,-42.625850677490234,6.693792343139648,0.1815596967935562,0.18689662218093872,217.44247817993164,0.6247301550864077,-0.0856299400057786,4.949354099874666,1.5268308568000792,False
29,wave_pattern_stage2.1.wave_feature_conv1,35,16,1000,0.002,50.0,15.0,post_relu_mean,392.3908386230469,-392.3908386230469,61.04767990112305,0.7334940433502197,1.2359451055526733,51.220848083496094,0.10207176297804463,-0.025586609794257913,1.4776277452056277,0.603614030778408,False
29,wave_pattern_stage2.1.wave_feature_conv1,35,16,1000,0.002,50.0,15.0,post_relu_mean,1027.7039794921875,-1027.7039794921875,186.51956176757812,2.1272945404052734,4.367519855499268,501.10621643066406,0.2380996052091205,-0.5554355723364519,32.06772137251626,3.5594818139076234,False
29,wave_pattern_stage2.1.wave_feature_conv1,35,16,1000,0.002,50.0,30.0,post_relu_mean,40.00782775878906,-40.00782775878906,6.328203201293945,0.17097108066082,0.16472245752811432,234.57980728149414,0.6500799105241617,-0.09104702075674145,5.263431326068728,1.6146470236778259,False
29,wave_pattern_stage2.1.wave_feature_conv1,35,16,1000,0.002,50.0,30.0,post_relu_mean,300.6875915527344,-300.6875915527344,46.62543487548828,0.5686955451965332,0.6955986022949219,55.24823760986328,0.12818449773186982,-0.021764487659440328,1.2576379005577631,0.6132930052280426,False
29,wave_pattern_stage2.1.wave_feature_conv1,35,16,1000,0.002,50.0,30.0,post_relu_mean,999.337158203125,-999.337158203125,181.9056396484375,2.0632925033569336,3.8001623153686523,449.7696228027344,0.20140172217637342,-0.4719754674241001,27.249277661147207,3.3366104221343993,False
29,wave_pattern_stage2.1.wave_feature_conv1,35,16,1000,0.002,150.0,5.0,post_relu_mean,43.9166145324707,-43.9166145324707,7.446003437042236,0.10046768188476562,0.20073410868644714,239.62778091430664,0.44382161231896444,-0.10114661667715862,5.845147181566295,2.4133214604854585,False
29,wave_pattern_stage2.1.wave_feature_conv1,35,16,1000,0.002,150.0,5.0,post_relu_mean,220.20645141601562,-220.20645141601562,37.21759796142578,0.2450242042541504,0.8232097625732422,45.140127182006836,0.07471585519720826,-0.013322226542878618,0.769863600909677,1.8311499321460725,False
29,wave_pattern_stage2.1.wave_feature_conv1,35,16,1000,0.002,150.0,5.0,post_relu_mean,815.5057373046875,-815.5057373046875,147.6703338623047,1.1163735389709473,3.8338067531585693,345.61871337890625,0.14519710969712682,-0.3645504296329332,21.04797038277447,3.1936222207546234,False
29,wave_pattern_stage2.1.wave_feature_conv1,35,16,1000,0.002,150.0,15.0,post_relu_mean,41.722450256347656,-41.722450256347656,7.0846052169799805,0.09626594930887222,0.1799454689025879,251.78786087036133,0.4554930130442222,-0.10575145867637475,6.111203839759857,2.490956721305847,False
29,wave_pattern_stage2.1.wave_feature_conv1,35,16,1000,0.002,150.0,15.0,post_relu_mean,184.6614532470703,-184.6614532470703,31.211837768554688,0.20604431629180908,0.5852003693580627,52.61445426940918,0.06484984411890325,-0.017270940497963516,0.9977885185514508,1.8446457451581955,False
29,wave_pattern_stage2.1.wave_feature_conv1,35,16,1000,0.002,150.0,15.0,post_relu_mean,799.2633056640625,-799.2633056640625,144.89735412597656,1.0888009071350098,3.4627785682678223,315.3180389404297,0.13775449018450547,-0.3284234209431896,18.961882120364223,3.085328563451767,False
29,wave_pattern_stage2.1.wave_feature_conv1,35,16,1000,0.002,150.0,30.0,post_relu_mean,39.3475456237793,-39.3475456237793,6.709555625915527,0.09278319776058197,0.15973961353302002,269.30110931396484,0.4824363792664025,-0.11187357072594874,6.46657405086288,2.568330748081207,False
29,wave_pattern_stage2.1.wave_feature_conv1,35,16,1000,0.002,150.0,30.0,post_relu_mean,147.37916564941406,-147.37916564941406,24.929828643798828,0.16758543252944946,0.38390159606933594,67.48026084899902,0.046811717055476994,-0.025187109288652174,1.4551812898654195,1.8578113669157028,False
29,wave_pattern_stage2.1.wave_feature_conv1,35,16,1000,0.002,150.0,30.0,post_relu_mean,773.9385986328125,-773.9385986328125,140.3565216064453,1.051025629043579,2.954977512359619,281.2010726928711,0.13181294635422922,-0.2829460029942521,16.33578327285259,2.960944368839264,False
29,wave_pattern_stage2.1.wave_feature_conv1,39,16,1000,0.002,10.0,5.0,post_relu_mean,34.91396713256836,-34.91396713256836,6.728549480438232,0.4012908339500427,0.22830690443515778,217.5398292541504,0.6762610798534764,-0.08093679363582905,4.6770777078885155,1.3879929542541505,False
29,wave_pattern_stage2.1.wave_feature_conv1,39,16,1000,0.002,10.0,5.0,post_relu_mean,499.74200439453125,-499.74200439453125,81.0267105102539,1.7877938747406006,2.123917818069458,84.69967651367188,0.10510506290323218,-0.06627318177480346,3.8262593384452774,0.6568356230854988,False
29,wave_pattern_stage2.1.wave_feature_conv1,39,16,1000,0.002,10.0,5.0,post_relu_mean,945.2118530273438,-945.2118530273438,185.3988800048828,2.7244648933410645,4.940384387969971,537.2735595703125,0.21737502168775819,-0.5809437863052289,33.5404001296236,3.5391676115989683,False
29,wave_pattern_stage2.1.wave_feature_conv1,39,16,1000,0.002,10.0,15.0,post_relu_mean,32.86151885986328,-32.86151885986328,6.3905439376831055,0.36521556973457336,0.19956077635288239,229.18181610107422,0.6859559663857748,-0.08536432406858145,4.933794545331761,1.4601923894882203,False
29,wave_pattern_stage2.1.wave_feature_conv1,39,16,1000,0.002,10.0,15.0,post_relu_mean,422.9947204589844,-422.9947204589844,68.22684478759766,1.4979076385498047,1.415403127670288,76.04462432861328,0.13468202410705424,-0.04534176241597811,2.6186352530345363,0.5933551055192947,False
29,wave_pattern_stage2.1.wave_feature_conv1,39,16,1000,0.002,10.0,15.0,post_relu_mean,928.34228515625,-928.34228515625,182.52951049804688,2.654664993286133,4.48879337310791,493.1468048095703,0.18040181545676348,-0.5166354495776456,29.827599683839583,3.3563953053951265,False
29,wave_pattern_stage2.1.wave_feature_conv1,39,16,1000,0.002,10.0,30.0,post_relu_mean,31.023578643798828,-31.023578643798828,6.087182998657227,0.3334815502166748,0.17638298869132996,246.1050033569336,0.7083257778304944,-0.08961533702305872,5.179648583495693,1.557868593931198,False
29,wave_pattern_stage2.1.wave_feature_conv1,39,16,1000,0.002,10.0,30.0,post_relu_mean,332.8170166015625,-332.8170166015625,53.63819885253906,1.1658226251602173,0.8464140295982361,75.67789459228516,0.1724901080652613,-0.034134993217340655,1.972529667122193,0.5791173574328422,False
29,wave_pattern_stage2.1.wave_feature_conv1,39,16,1000,0.002,10.0,30.0,post_relu_mean,900.669921875,-900.669921875,177.31504821777344,2.547414779663086,3.866598606109619,440.8036804199219,0.14787704371794175,-0.43896976998246956,25.344376208439908,3.1564604270458223,False
29,wave_pattern_stage2.1.wave_feature_conv1,39,16,1000,0.002,50.0,5.0,post_relu_mean,30.080625534057617,-30.080625534057617,6.251164436340332,0.16779005527496338,0.17644105851650238,231.12887954711914,0.6175786763506127,-0.09742064899240585,5.6312397277543935,1.656157180070877,False
29,wave_pattern_stage2.1.wave_feature_conv1,39,16,1000,0.002,50.0,5.0,post_relu_mean,321.4966735839844,-321.4966735839844,54.9951171875,0.5119277238845825,1.1202306747436523,51.67811298370361,0.12812012925707117,-0.026000291725203892,1.5012900266739992,0.6428654202818871,False
29,wave_pattern_stage2.1.wave_feature_conv1,39,16,1000,0.002,50.0,5.0,post_relu_mean,886.7201538085938,-886.7201538085938,174.07565307617188,1.896683692932129,4.617293834686279,441.8968048095703,0.1673408552860285,-0.47974913195766905,27.698142805346325,3.203728927373886,False
29,wave_pattern_stage2.1.wave_feature_conv1,39,16,1000,0.002,50.0,15.0,post_relu_mean,28.927562713623047,-28.927562713623047,6.0388994216918945,0.16081085801124573,0.16138766705989838,242.71432876586914,0.6334266160473501,-0.10121414275839223,5.851252639496951,1.7180356621742248,False
29,wave_pattern_stage2.1.wave_feature_conv1,39,16,1000,0.002,50.0,15.0,post_relu_mean,258.582275390625,-258.582275390625,44.095664978027344,0.4176279902458191,0.7000642418861389,54.881649017333984,0.14309736437023382,-0.023517056481385638,1.3588819132654557,0.6486577588319778,False
29,wave_pattern_stage2.1.wave_feature_conv1,39,16,1000,0.002,50.0,15.0,post_relu_mean,870.042236328125,-870.042236328125,170.60426330566406,1.8588658571243286,4.132815361022949,403.4808654785156,0.14538010893858905,-0.4275132285793108,24.68230456211659,3.05857984662056,False
29,wave_pattern_stage2.1.wave_feature_conv1,39,16,1000,0.002,50.0,30.0,post_relu_mean,27.994665145874023,-27.994665145874023,5.851136207580566,0.1535588651895523,0.1475560963153839,259.72404861450195,0.6587096725246779,-0.10520338281207889,6.083399275286265,1.8031820094585418,False
29,wave_pattern_stage2.1.wave_feature_conv1,39,16,1000,0.002,50.0,30.0,post_relu_mean,195.42819213867188,-195.42819213867188,33.44464111328125,0.32321012020111084,0.41271838545799255,65.53125381469727,0.17062089481369444,-0.024529747088529664,1.417095261857868,0.6904281190037728,False
29,wave_pattern_stage2.1.wave_feature_conv1,39,16,1000,0.002,50.0,30.0,post_relu_mean,839.392578125,-839.392578125,164.8460693359375,1.770561933517456,3.4877419471740723,358.0728530883789,0.125415169224899,-0.3641142669268024,21.022007667963518,2.8919741344451904,False
29,wave_pattern_stage2.1.wave_feature_conv1,39,16,1000,0.002,150.0,5.0,post_relu_mean,31.800674438476562,-31.800674438476562,6.888271808624268,0.0927915871143341,0.1758417785167694,265.36616134643555,0.49125322566289414,-0.1174548368454695,6.787532385388592,2.4972789335250853,False
29,wave_pattern_stage2.1.wave_feature_conv1,39,16,1000,0.002,150.0,5.0,post_relu_mean,183.7417449951172,-183.7417449951172,33.834041595458984,0.17662063241004944,0.623458206653595,65.73026657104492,0.06535492471611104,-0.024962909952837623,1.441724134860326,1.819454533457756,False
29,wave_pattern_stage2.1.wave_feature_conv1,39,16,1000,0.002,150.0,5.0,post_relu_mean,682.5936889648438,-682.5936889648438,132.99403381347656,0.9098265171051025,3.515272378921509,287.1367950439453,0.10464863309989757,-0.29238544575980113,16.880855942509957,2.927548484802246,False
29,wave_pattern_stage2.1.wave_feature_conv1,39,16,1000,0.002,150.0,15.0,post_relu_mean,30.507518768310547,-30.507518768310547,6.630627155303955,0.09028443694114685,0.1602691411972046,277.3062057495117,0.49823149053333277,-0.12160179566489442,7.027749661094805,2.582712223529816,False
29,wave_pattern_stage2.1.wave_feature_conv1,39,16,1000,0.002,150.0,15.0,post_relu_mean,156.77699279785156,-156.77699279785156,28.910297393798828,0.15136361122131348,0.4613564610481262,75.17523574829102,0.06215853454521301,-0.030189203465323753,1.7441288170816835,1.8459979516267777,False
29,wave_pattern_stage2.1.wave_feature_conv1,39,16,1000,0.002,150.0,15.0,post_relu_mean,662.206298828125,-662.206298828125,128.74432373046875,0.8753004670143127,3.1270477771759033,258.6541442871094,0.08968967816022082,-0.2527019503307407,14.589602348952637,2.7985556530952453,False
29,wave_pattern_stage2.1.wave_feature_conv1,39,16,1000,0.002,150.0,30.0,post_relu_mean,29.018484115600586,-29.018484115600586,6.369002819061279,0.08759897202253342,0.1451176404953003,294.5949935913086,0.521291778589359,-0.12856729863223387,7.432310421992189,2.678790267705917,False
29,wave_pattern_stage2.1.wave_feature_conv1,39,16,1000,0.002,150.0,30.0,post_relu_mean,126.60200500488281,-126.60200500488281,23.438148498535156,0.12618863582611084,0.32270243763923645,91.08477020263672,0.06279692403495252,-0.037131696983010665,2.1447890997649317,1.885139496922493,False
29,wave_pattern_stage2.1.wave_feature_conv1,39,16,1000,0.002,150.0,30.0,post_relu_mean,633.8787231445312,-633.8787231445312,123.01887512207031,0.827609658241272,2.6164119243621826,229.32730865478516,0.08629259855250747,-0.21658816680988316,12.504658906800758,2.690492488145828,False
29,wave_pattern_stage2.1.wave_feature_conv1,54,16,1000,0.002,10.0,5.0,post_relu_mean,39.58429718017578,-39.58429718017578,7.499375343322754,0.5245162844657898,0.29575473070144653,264.23602294921875,0.9112541882626488,-0.08569027122692685,4.951365862532342,1.585685814023018,False
