layer_idx,layer_name,filter_idx,sample_idx,iterations,learning_rate,tv_reg,l2_reg,activation_mode,final_activation,final_target_loss,final_suppression_loss,final_tv_loss,final_l2_loss,loss_reduction,grad_variation,loss_slope_lastk,loss_std_lastk,grad_mean_lastk,converged
41,interference_stage3.0.skip_connection.0,126,0,1000,0.005,0.0,0.0,post_relu_mean,1294.2548828125,-1294.2548828125,240.27403259277344,0.0,0.0,963.1192245483398,0.16734715702963152,-1.0173278635554757,58.73472120197673,2.383115124702454,False
41,interference_stage3.0.skip_connection.0,90,0,1000,0.005,0.0,0.0,post_relu_mean,1137.461181640625,-1137.461181640625,206.2388458251953,0.0,0.0,841.1602325439453,0.10756238253394919,-0.8919130961367295,51.49400096606893,2.0763948166370394,False
41,interference_stage3.0.skip_connection.0,68,0,1000,0.005,0.0,0.0,post_relu_mean,1094.093994140625,-1094.093994140625,197.63311767578125,0.0,0.0,810.3523712158203,0.11374256637406634,-0.8584141134595259,49.55994929913436,2.117492527961731,False
41,interference_stage3.0.skip_connection.0,79,0,1000,0.005,0.0,0.0,post_relu_mean,1183.68017578125,-1183.68017578125,219.36154174804688,0.0,0.0,881.1577987670898,0.14502298743562192,-0.9403812917893747,54.29228100024648,2.115910551548004,False
41,interference_stage3.0.skip_connection.0,103,0,1000,0.005,0.0,0.0,post_relu_mean,1312.365478515625,-1312.365478515625,234.06919860839844,0.0,0.0,996.8044738769531,0.19557209477554072,-1.0728670102586306,61.941272541477254,2.438478374481201,False
41,interference_stage3.0.skip_connection.0,17,0,1000,0.005,0.0,0.0,post_relu_mean,1150.503662109375,-1150.503662109375,211.02064514160156,0.0,0.0,858.2646713256836,0.15105101250413172,-0.9133549331164921,52.73192816786682,2.2062348926067354,False
41,interference_stage3.0.skip_connection.0,120,0,1000,0.005,0.0,0.0,post_relu_mean,1031.1080322265625,-1031.1080322265625,201.9026641845703,0.0,0.0,751.3274307250977,0.09756407631784392,-0.7784765641479904,44.94481730086448,1.7676636976003648,False
41,interference_stage3.0.skip_connection.0,34,0,1000,0.005,0.0,0.0,post_relu_mean,1002.0511474609375,-1002.0511474609375,211.7428741455078,0.0,0.0,717.8724746704102,0.11573978766960571,-0.766093027676644,44.22985064933714,1.7703472936153413,False
44,interference_stage3.1.wave_feature_conv1,28,0,1000,0.005,0.0,0.0,post_relu_mean,3474.242431640625,-3474.242431640625,531.3526000976562,0.0,0.0,2652.2734375,0.603758815616255,-2.8485457480675294,164.45882149276133,6.476853020191193,False
44,interference_stage3.1.wave_feature_conv1,125,0,1000,0.005,0.0,0.0,post_relu_mean,2991.14453125,-2991.14453125,497.3310852050781,0.0,0.0,2243.7817993164062,0.5214209382073013,-2.3994629951808366,138.53133925366532,5.6071737456321715,False
44,interference_stage3.1.wave_feature_conv1,2,0,1000,0.005,0.0,0.0,post_relu_mean,2557.22509765625,-2557.22509765625,552.6005859375,0.0,0.0,1832.5274200439453,0.5378895253712856,-1.977238150985513,114.1546281312778,4.5507372283935545,False
44,interference_stage3.1.wave_feature_conv1,11,0,1000,0.005,0.0,0.0,post_relu_mean,2182.010498046875,-2182.010498046875,500.779052734375,0.0,0.0,1514.9640502929688,0.3655393494126751,-1.6294374514209047,94.074467832204,3.9285144662857054,False
44,interference_stage3.1.wave_feature_conv1,92,0,1000,0.005,0.0,0.0,post_relu_mean,2094.532958984375,-2094.532958984375,498.63909912109375,0.0,0.0,1432.0001220703125,0.2975694099718962,-1.5482649759115072,89.38804173679107,3.5357321810722353,False
44,interference_stage3.1.wave_feature_conv1,31,0,1000,0.005,0.0,0.0,post_relu_mean,1978.318115234375,-1978.318115234375,489.1868896484375,0.0,0.0,1325.8323669433594,0.3080404147360215,-1.4154258447525643,81.7186908461351,3.5204158437252047,False
44,interference_stage3.1.wave_feature_conv1,40,0,1000,0.005,0.0,0.0,post_relu_mean,2140.695068359375,-2140.695068359375,532.0904541015625,0.0,0.0,1447.2570190429688,0.31515377356476826,-1.5686702480672368,90.56627795339183,3.534941166639328,False
44,interference_stage3.1.wave_feature_conv1,79,0,1000,0.005,0.0,0.0,post_relu_mean,1950.169677734375,-1950.169677734375,496.7314453125,0.0,0.0,1306.121841430664,0.286063929083743,-1.4152304104843831,81.70736033942794,3.334349892139435,False
46,interference_stage3.1.wave_feature_conv2,19,0,1000,0.005,0.0,0.0,post_relu_mean,2434.531494140625,-2434.531494140625,298.15185546875,0.0,0.0,1933.603256225586,0.5274145671279461,-2.0639949671837496,119.16332628265789,4.976936454772949,False
46,interference_stage3.1.wave_feature_conv2,34,0,1000,0.005,0.0,0.0,post_relu_mean,2253.67578125,-2253.67578125,318.2750244140625,0.0,0.0,1743.317855834961,0.3821852533906653,-1.8530841410073338,106.98657521770599,4.219646251201629,False
46,interference_stage3.1.wave_feature_conv2,32,0,1000,0.005,0.0,0.0,post_relu_mean,2159.2373046875,-2159.2373046875,337.1730041503906,0.0,0.0,1664.6671905517578,0.6373551757765462,-1.8290784215100981,105.60058687181697,4.57715787410736,False
46,interference_stage3.1.wave_feature_conv2,114,0,1000,0.005,0.0,0.0,post_relu_mean,1436.234375,-1436.234375,307.97906494140625,0.0,0.0,1015.3168334960938,0.23652475986459565,-1.0756247691897862,62.10045365727503,2.5033439016342163,False
46,interference_stage3.1.wave_feature_conv2,107,0,1000,0.005,0.0,0.0,post_relu_mean,1384.17236328125,-1384.17236328125,300.7342834472656,0.0,0.0,971.1999893188477,0.25043243632708,-1.0295440375816522,59.440049285469826,2.6295499992370606,False
46,interference_stage3.1.wave_feature_conv2,28,0,1000,0.005,0.0,0.0,post_relu_mean,1386.95361328125,-1386.95361328125,331.6434020996094,0.0,0.0,950.9405059814453,0.2746095622575613,-1.0229457568256832,59.05906796432314,2.5343342435359957,False
46,interference_stage3.1.wave_feature_conv2,83,0,1000,0.005,0.0,0.0,post_relu_mean,1397.815673828125,-1397.815673828125,322.2240905761719,0.0,0.0,974.1695785522461,0.23997334913001211,-1.0406932556889361,60.083721891383306,2.3947787320613863,False
46,interference_stage3.1.wave_feature_conv2,51,0,1000,0.005,0.0,0.0,post_relu_mean,1475.9495849609375,-1475.9495849609375,346.6092834472656,0.0,0.0,1029.3245468139648,0.428062670629964,-1.1350438826430864,65.5311944945948,3.02015784740448,False
51,source_localization_stage4.0.wave_feature_conv1,240,0,1000,0.005,0.0,0.0,post_relu_mean,4171.314453125,-4171.314453125,390.776611328125,0.0,0.0,3499.0285034179688,2.882493579632387,-3.8954775989761066,224.91712919423827,17.70888865470886,False
51,source_localization_stage4.0.wave_feature_conv1,131,0,1000,0.005,0.0,0.0,post_relu_mean,3103.5615234375,-3103.5615234375,468.46063232421875,0.0,0.0,2361.8175048828125,0.5137304064994747,-2.522789222135339,145.65151752879441,5.915627119541168,False
51,source_localization_stage4.0.wave_feature_conv1,146,0,1000,0.005,0.0,0.0,post_relu_mean,3187.57861328125,-3187.57861328125,506.21929931640625,0.0,0.0,2413.1588439941406,0.5310582766911185,-2.5917334689348674,149.63198977724807,5.867272925376892,False
51,source_localization_stage4.0.wave_feature_conv1,232,0,1000,0.005,0.0,0.0,post_relu_mean,3115.140625,-3115.140625,453.4892578125,0.0,0.0,2414.614013671875,0.919275093503383,-2.6649338956252224,153.85827666455236,7.13433922290802,False
51,source_localization_stage4.0.wave_feature_conv1,4,0,1000,0.005,0.0,0.0,post_relu_mean,2984.787353515625,-2984.787353515625,487.6760559082031,0.0,0.0,2257.3435821533203,0.57579485270426,-2.428775211415198,140.22377537386774,5.719108622074128,False
51,source_localization_stage4.0.wave_feature_conv1,66,0,1000,0.005,0.0,0.0,post_relu_mean,3065.5771484375,-3065.5771484375,529.1528930664062,0.0,0.0,2299.8370819091797,0.6240079352304138,-2.4955764752883467,144.08048585632818,5.86142715215683,False
51,source_localization_stage4.0.wave_feature_conv1,230,0,1000,0.005,0.0,0.0,post_relu_mean,2719.438232421875,-2719.438232421875,464.5107116699219,0.0,0.0,2036.2209930419922,0.4425390579191666,-2.182262223822441,125.99159749561176,4.963011424541474,False
51,source_localization_stage4.0.wave_feature_conv1,241,0,1000,0.005,0.0,0.0,post_relu_mean,2646.2626953125,-2646.2626953125,467.6144714355469,0.0,0.0,1965.5392761230469,0.49475338944239533,-2.113357790548768,122.01326235824506,4.989287643432617,False
53,source_localization_stage4.0.wave_feature_conv2,157,0,1000,0.005,0.0,0.0,post_relu_mean,1078.7388916015625,-1078.7388916015625,113.6429214477539,0.0,0.0,875.3611602783203,0.1967784529838804,-0.9253160575077608,53.422528530036935,2.308327122926712,False
53,source_localization_stage4.0.wave_feature_conv2,118,0,1000,0.005,0.0,0.0,post_relu_mean,1456.585205078125,-1456.585205078125,103.26481628417969,0.0,0.0,1277.0033264160156,1.2851267299413387,-1.3138145644192867,75.85249289079128,8.145942595005035,False
53,source_localization_stage4.0.wave_feature_conv2,170,0,1000,0.005,0.0,0.0,post_relu_mean,1421.26708984375,-1421.26708984375,116.1469955444336,0.0,0.0,1231.7825546264648,0.8619290887220853,-1.352040178537422,78.05938891223201,5.248756980895996,False
53,source_localization_stage4.0.wave_feature_conv2,193,0,1000,0.005,0.0,0.0,post_relu_mean,1433.62158203125,-1433.62158203125,98.25808715820312,0.0,0.0,1265.163185119629,1.3478090228556774,-1.303179386064241,75.23840476167298,8.367120962142945,False
53,source_localization_stage4.0.wave_feature_conv2,146,0,1000,0.005,0.0,0.0,post_relu_mean,1071.2733154296875,-1071.2733154296875,99.98967742919922,0.0,0.0,904.516716003418,1.005349322245047,-0.9551800776067986,55.14702033144219,5.913572409152985,False
53,source_localization_stage4.0.wave_feature_conv2,112,0,1000,0.005,0.0,0.0,post_relu_mean,863.1917114257812,-863.1917114257812,148.10731506347656,0.0,0.0,649.7178039550781,0.25227889355422733,-0.6903913337732126,39.85928750524638,1.9866477727890015,False
53,source_localization_stage4.0.wave_feature_conv2,105,0,1000,0.005,0.0,0.0,post_relu_mean,803.0927734375,-803.0927734375,103.69365692138672,0.0,0.0,639.2068748474121,0.6001599439145675,-0.6745958948045967,38.947332980068055,3.9301178550720213,False
53,source_localization_stage4.0.wave_feature_conv2,18,0,1000,0.005,0.0,0.0,post_relu_mean,895.26220703125,-895.26220703125,129.14366149902344,0.0,0.0,708.5707511901855,0.5332665589316471,-0.7518292827773576,43.406390317138815,3.5463818657398223,False
56,source_localization_stage4.0.skip_connection.0,121,0,1000,0.005,0.0,0.0,post_relu_mean,1351.4385986328125,-1351.4385986328125,220.11209106445312,0.0,0.0,1020.0368041992188,0.27579189985013863,-1.09703741394194,63.336697525288784,2.8313964772224427,False
56,source_localization_stage4.0.skip_connection.0,157,0,1000,0.005,0.0,0.0,post_relu_mean,1425.35400390625,-1425.35400390625,222.60171508789062,0.0,0.0,1096.7057266235352,0.30567345997259077,-1.173778887532491,67.76737486889536,2.8148113083839417,False
56,source_localization_stage4.0.skip_connection.0,146,0,1000,0.005,0.0,0.0,post_relu_mean,1128.855712890625,-1128.855712890625,188.7805633544922,0.0,0.0,837.5738372802734,0.3058585075123691,-0.8990901136358975,51.908366297147595,2.971029495000839,False
56,source_localization_stage4.0.skip_connection.0,205,0,1000,0.005,0.0,0.0,post_relu_mean,1185.479248046875,-1185.479248046875,215.7367401123047,0.0,0.0,875.1458587646484,0.17942452810784193,-0.9426663260423059,54.42423810408698,2.2412426447868348,False
56,source_localization_stage4.0.skip_connection.0,105,0,1000,0.005,0.0,0.0,post_relu_mean,1172.681396484375,-1172.681396484375,191.23048400878906,0.0,0.0,887.5212707519531,0.2284018032717358,-0.9530149987911075,55.02195387984771,2.514007614850998,False
56,source_localization_stage4.0.skip_connection.0,4,0,1000,0.005,0.0,0.0,post_relu_mean,1192.289306640625,-1192.289306640625,219.84762573242188,0.0,0.0,879.340217590332,0.17561521948929484,-0.9348753221088829,53.974397779185246,2.1926268887519837,False
56,source_localization_stage4.0.skip_connection.0,118,0,1000,0.005,0.0,0.0,post_relu_mean,1285.81689453125,-1285.81689453125,167.39706420898438,0.0,0.0,1029.0934753417969,0.7004071931547587,-1.1027254500332235,63.665359888234335,4.663025336265564,False
56,source_localization_stage4.0.skip_connection.0,126,0,1000,0.005,0.0,0.0,post_relu_mean,1227.2581787109375,-1227.2581787109375,230.40858459472656,0.0,0.0,909.1558532714844,0.22668673226975328,-0.9709687112447586,56.05820802343229,2.343267002105713,False
59,source_localization_stage4.1.wave_feature_conv1,123,0,1000,0.005,0.0,0.0,post_relu_mean,1983.02978515625,-1983.02978515625,142.4036407470703,0.0,0.0,1688.1510772705078,1.7757473537178454,-1.7894189036549641,103.31115639454184,9.85670072555542,False
59,source_localization_stage4.1.wave_feature_conv1,56,0,1000,0.005,0.0,0.0,post_relu_mean,1929.718994140625,-1929.718994140625,153.12246704101562,0.0,0.0,1641.9400939941406,1.4901532080920368,-1.7046980091433435,98.41962773839424,8.801602377891541,False
59,source_localization_stage4.1.wave_feature_conv1,127,0,1000,0.005,0.0,0.0,post_relu_mean,1284.416748046875,-1284.416748046875,151.46461486816406,0.0,0.0,1050.8839416503906,0.9850996811675545,-1.1124667707451963,64.22765703237955,5.773244125843048,False
59,source_localization_stage4.1.wave_feature_conv1,171,0,1000,0.005,0.0,0.0,post_relu_mean,902.49609375,-902.49609375,170.7378692626953,0.0,0.0,655.3135528564453,0.34596182453574675,-0.6769919422698701,39.08567994749203,2.8930597150325776,False
59,source_localization_stage4.1.wave_feature_conv1,5,0,1000,0.005,0.0,0.0,post_relu_mean,829.03076171875,-829.03076171875,174.16525268554688,0.0,0.0,581.8679809570312,0.1872099806149755,-0.6163520107442383,35.58466076804543,1.8357844817638398,False
59,source_localization_stage4.1.wave_feature_conv1,138,0,1000,0.005,0.0,0.0,post_relu_mean,844.1852416992188,-844.1852416992188,149.29290771484375,0.0,0.0,623.4729766845703,0.13309763210037062,-0.6774939832785369,39.11466489852313,1.7806878185272217,False
59,source_localization_stage4.1.wave_feature_conv1,90,0,1000,0.005,0.0,0.0,post_relu_mean,999.1734619140625,-999.1734619140625,179.0200958251953,0.0,0.0,749.0756912231445,0.22186115927177508,-0.8066109238180172,46.56916764884481,2.1239864265918733,False
59,source_localization_stage4.1.wave_feature_conv1,232,0,1000,0.005,0.0,0.0,post_relu_mean,781.8529052734375,-781.8529052734375,154.0203399658203,0.0,0.0,563.2993774414062,0.15748689225252963,-0.6222399718775927,35.92472496009684,1.620639380812645,False
61,source_localization_stage4.1.wave_feature_conv2,243,0,1000,0.005,0.0,0.0,post_relu_mean,948.1091918945312,-948.1091918945312,142.97718811035156,0.0,0.0,730.1485748291016,0.40790486636803636,-0.7858692639038387,45.37361759965945,3.039903025627136,False
61,source_localization_stage4.1.wave_feature_conv2,18,0,1000,0.005,0.0,0.0,post_relu_mean,1238.680908203125,-1238.680908203125,136.03109741210938,0.0,0.0,1035.1704940795898,1.5120219309971012,-1.0678276784495297,61.650451589032734,6.489034893512726,False
61,source_localization_stage4.1.wave_feature_conv2,167,0,1000,0.005,0.0,0.0,post_relu_mean,1087.890869140625,-1087.890869140625,107.63966369628906,0.0,0.0,922.8718414306641,1.3254414392933689,-1.1229298744095801,64.83595569359797,5.08009892463684,False
61,source_localization_stage4.1.wave_feature_conv2,100,0,1000,0.005,0.0,0.0,post_relu_mean,663.8241577148438,-663.8241577148438,134.52352905273438,0.0,0.0,483.9492416381836,0.47035810953900326,-0.49972358020956137,28.851285387623562,2.649273864030838,False
61,source_localization_stage4.1.wave_feature_conv2,118,0,1000,0.005,0.0,0.0,post_relu_mean,1265.5263671875,-1265.5263671875,135.26199340820312,0.0,0.0,1086.3731155395508,1.575003308421475,-1.0654927109109122,61.51614541638246,6.861554760932922,False
61,source_localization_stage4.1.wave_feature_conv2,52,0,1000,0.005,0.0,0.0,post_relu_mean,870.5094604492188,-870.5094604492188,127.49559020996094,0.0,0.0,701.2970352172852,0.8584324980047924,-0.7622090465133944,44.00898559884834,3.4730428755283356,False
61,source_localization_stage4.1.wave_feature_conv2,40,0,1000,0.005,0.0,0.0,post_relu_mean,548.058349609375,-548.058349609375,145.12313842773438,0.0,0.0,362.3007469177246,0.2250322615901124,-0.37418112882784216,21.60312946633846,1.7597214394807816,False
61,source_localization_stage4.1.wave_feature_conv2,172,0,1000,0.005,0.0,0.0,post_relu_mean,836.702392578125,-836.702392578125,126.12184143066406,0.0,0.0,672.0702819824219,0.9428877299233442,-0.6752078806242617,38.98358024639313,4.188040158748627,False
41,interference_stage3.0.skip_connection.0,126,1,1000,0.005,0.0,0.0,post_relu_mean,1350.0927734375,-1350.0927734375,253.42259216308594,0.0,0.0,1001.0312957763672,0.1965974771364585,-1.0701195357032363,61.78272967125047,2.4602077651023864,False
41,interference_stage3.0.skip_connection.0,90,1,1000,0.005,0.0,0.0,post_relu_mean,1182.3719482421875,-1182.3719482421875,217.25491333007812,0.0,0.0,870.287467956543,0.1318965462292391,-0.9324882809112462,53.8365762558712,2.1563036262989046,False
41,interference_stage3.0.skip_connection.0,68,1,1000,0.005,0.0,0.0,post_relu_mean,1113.5384521484375,-1113.5384521484375,207.50924682617188,0.0,0.0,815.852294921875,0.12002468864925026,-0.8679204970236561,50.108887499255836,2.1276204597949984,False
41,interference_stage3.0.skip_connection.0,103,1,1000,0.005,0.0,0.0,post_relu_mean,1354.1962890625,-1354.1962890625,240.99520874023438,0.0,0.0,1023.4178848266602,0.2153070865087558,-1.0884348431190025,62.84004438715304,2.5138302624225615,False
41,interference_stage3.0.skip_connection.0,79,1,1000,0.005,0.0,0.0,post_relu_mean,1217.206787109375,-1217.206787109375,230.2327423095703,0.0,0.0,901.1252212524414,0.16320262891017653,-0.9561860749552187,55.20479220321994,2.176593669652939,False
41,interference_stage3.0.skip_connection.0,17,1,1000,0.005,0.0,0.0,post_relu_mean,1192.195068359375,-1192.195068359375,220.6619110107422,0.0,0.0,887.7696380615234,0.15846113499274211,-0.946436777511845,54.64201185458114,2.245980274677277,False
41,interference_stage3.0.skip_connection.0,120,1,1000,0.005,0.0,0.0,post_relu_mean,1049.51513671875,-1049.51513671875,204.152587890625,0.0,0.0,765.3650970458984,0.11418447595873621,-0.8002944405427763,46.2044608537724,1.8342860114574433,False
41,interference_stage3.0.skip_connection.0,34,1,1000,0.005,0.0,0.0,post_relu_mean,1045.077392578125,-1045.077392578125,220.02561950683594,0.0,0.0,747.4721984863281,0.13490131232073138,-0.7768780670475015,44.852537476452774,1.875562114715576,False
44,interference_stage3.1.wave_feature_conv1,28,1,1000,0.005,0.0,0.0,post_relu_mean,3618.169677734375,-3618.169677734375,554.6522216796875,0.0,0.0,2748.3538208007812,0.6369072059629494,-2.905431078953244,167.74306436954734,6.758772044181824,False
44,interference_stage3.1.wave_feature_conv1,125,1,1000,0.005,0.0,0.0,post_relu_mean,3144.51416015625,-3144.51416015625,524.4334106445312,0.0,0.0,2349.64111328125,0.5553117490842989,-2.4933668519325294,143.9528504833915,5.938261198997497,False
44,interference_stage3.1.wave_feature_conv1,2,1,1000,0.005,0.0,0.0,post_relu_mean,2709.06298828125,-2709.06298828125,590.9266967773438,0.0,0.0,1931.7950134277344,0.6446454947323311,-2.0666069142573287,119.31461333891174,4.902265903949737,False
44,interference_stage3.1.wave_feature_conv1,11,1,1000,0.005,0.0,0.0,post_relu_mean,2368.71728515625,-2368.71728515625,547.5145263671875,0.0,0.0,1642.3041381835938,0.5012166115236631,-1.7328831189529743,100.0471961454888,4.387828600406647,False
44,interference_stage3.1.wave_feature_conv1,92,1,1000,0.005,0.0,0.0,post_relu_mean,2167.4658203125,-2167.4658203125,521.4116821289062,0.0,0.0,1472.9686737060547,0.32306262932393687,-1.5447266850006212,89.18376561064082,3.712012505531311,False
44,interference_stage3.1.wave_feature_conv1,40,1,1000,0.005,0.0,0.0,post_relu_mean,2195.83544921875,-2195.83544921875,549.7777099609375,0.0,0.0,1476.0843200683594,0.33303808428660414,-1.5661895449363774,90.42303714200725,3.6643273818492887,False
44,interference_stage3.1.wave_feature_conv1,31,1,1000,0.005,0.0,0.0,post_relu_mean,2068.578125,-2068.578125,510.7274169921875,0.0,0.0,1388.5135192871094,0.3674946368407319,-1.468217748076759,84.76659935288137,3.7650243318080903,False
44,interference_stage3.1.wave_feature_conv1,79,1,1000,0.005,0.0,0.0,post_relu_mean,2089.912109375,-2089.912109375,528.816162109375,0.0,0.0,1399.1820220947266,0.3560074052297953,-1.499402948910393,86.56701739465262,3.65892501950264,False
46,interference_stage3.1.wave_feature_conv2,19,1,1000,0.005,0.0,0.0,post_relu_mean,2587.9990234375,-2587.9990234375,317.77813720703125,0.0,0.0,2047.3214111328125,0.5871101014426044,-2.203527367206397,127.21940957925915,5.395614449977875,False
46,interference_stage3.1.wave_feature_conv2,34,1,1000,0.005,0.0,0.0,post_relu_mean,2320.439697265625,-2320.439697265625,333.0880126953125,0.0,0.0,1784.2429962158203,0.3847942921555743,-1.9051201414312697,109.99080706056681,4.465782020092011,False
46,interference_stage3.1.wave_feature_conv2,32,1,1000,0.005,0.0,0.0,post_relu_mean,2275.9609375,-2275.9609375,366.5937194824219,0.0,0.0,1748.016357421875,0.7379813225801317,-1.890847535470613,109.16761079458625,4.827864120006561,False
46,interference_stage3.1.wave_feature_conv2,114,1,1000,0.005,0.0,0.0,post_relu_mean,1532.5501708984375,-1532.5501708984375,331.9618225097656,0.0,0.0,1074.447006225586,0.23753077177575124,-1.142709396638114,65.97354521676158,2.775976003408432,False
46,interference_stage3.1.wave_feature_conv2,107,1,1000,0.005,0.0,0.0,post_relu_mean,1439.2659912109375,-1439.2659912109375,319.3672180175781,0.0,0.0,1013.6669311523438,0.324495570707966,-1.072921899188837,61.94441235778083,2.7766543304920197,False
46,interference_stage3.1.wave_feature_conv2,83,1,1000,0.005,0.0,0.0,post_relu_mean,1452.1932373046875,-1452.1932373046875,344.44390869140625,0.0,0.0,1002.1081008911133,0.25908675170957307,-1.058771990829922,61.12746829229751,2.515264447927475,False
46,interference_stage3.1.wave_feature_conv2,28,1,1000,0.005,0.0,0.0,post_relu_mean,1452.540771484375,-1452.540771484375,349.60858154296875,0.0,0.0,998.8218078613281,0.33515241162228965,-1.0524406234545514,60.7619812205523,2.6669790136814115,False
46,interference_stage3.1.wave_feature_conv2,27,1,1000,0.005,0.0,0.0,post_relu_mean,1384.945556640625,-1384.945556640625,333.59326171875,0.0,0.0,949.6469802856445,0.25000098092572437,-1.0060728375051415,58.08494552064656,2.4031295132637025,False
51,source_localization_stage4.0.wave_feature_conv1,146,1,1000,0.005,0.0,0.0,post_relu_mean,3316.85546875,-3316.85546875,529.18115234375,0.0,0.0,2488.7442321777344,0.5041495988746746,-2.619636909807022,151.24291824493162,6.199004261493683,False
51,source_localization_stage4.0.wave_feature_conv1,131,1,1000,0.005,0.0,0.0,post_relu_mean,3304.10791015625,-3304.10791015625,508.5784606933594,0.0,0.0,2501.3026733398438,0.597458443033301,-2.6157292573671764,151.01733823467762,6.4642739319801334,False
51,source_localization_stage4.0.wave_feature_conv1,4,1,1000,0.005,0.0,0.0,post_relu_mean,3119.091796875,-3119.091796875,520.8280639648438,0.0,0.0,2326.1788330078125,0.5305332341478559,-2.4583138130089,141.92910665732137,5.9606118941307065,False
51,source_localization_stage4.0.wave_feature_conv1,66,1,1000,0.005,0.0,0.0,post_relu_mean,3156.07958984375,-3156.07958984375,549.2865600585938,0.0,0.0,2341.6746826171875,0.5550518865279133,-2.4768463897876742,142.99902079270552,6.064077739715576,False
51,source_localization_stage4.0.wave_feature_conv1,230,1,1000,0.005,0.0,0.0,post_relu_mean,2820.66943359375,-2820.66943359375,490.8382263183594,0.0,0.0,2078.747039794922,0.4053228580741841,-2.2081566802353656,127.48639355828841,5.306211259365082,False
51,source_localization_stage4.0.wave_feature_conv1,232,1,1000,0.005,0.0,0.0,post_relu_mean,3282.717529296875,-3282.717529296875,483.5130920410156,0.0,0.0,2553.272689819336,1.0827469086396053,-2.7804677414298635,160.528670561765,7.773524010181427,False
51,source_localization_stage4.0.wave_feature_conv1,241,1,1000,0.005,0.0,0.0,post_relu_mean,2779.391845703125,-2779.391845703125,497.3092956542969,0.0,0.0,2037.6801452636719,0.46462312135604494,-2.1448057746243463,123.82888081967887,5.3959543800354,False
51,source_localization_stage4.0.wave_feature_conv1,178,1,1000,0.005,0.0,0.0,post_relu_mean,2690.11181640625,-2690.11181640625,501.6484069824219,0.0,0.0,1960.773910522461,0.48796803087870366,-2.0451626067568194,118.07609310211988,5.1288554477691655,False
53,source_localization_stage4.0.wave_feature_conv2,157,1,1000,0.005,0.0,0.0,post_relu_mean,1110.99609375,-1110.99609375,119.10771179199219,0.0,0.0,891.6361618041992,0.22763173947777318,-0.9394893154189204,54.240768850475604,2.5293388843536375,False
53,source_localization_stage4.0.wave_feature_conv2,206,1,1000,0.005,0.0,0.0,post_relu_mean,798.6270751953125,-798.6270751953125,114.00747680664062,0.0,0.0,612.6865234375,0.1872966144903993,-0.6466133764855353,37.331815387761104,1.9072445386648178,False
53,source_localization_stage4.0.wave_feature_conv2,170,1,1000,0.005,0.0,0.0,post_relu_mean,1457.913818359375,-1457.913818359375,123.98721313476562,0.0,0.0,1265.9001388549805,0.8794521830843316,-1.4924114727929232,86.16340623037169,5.629292678833008,False
53,source_localization_stage4.0.wave_feature_conv2,112,1,1000,0.005,0.0,0.0,post_relu_mean,917.346923828125,-917.346923828125,158.97531127929688,0.0,0.0,690.6489562988281,0.26602589998596293,-0.7264731793313143,41.94243720739443,2.108561186790466,False
53,source_localization_stage4.0.wave_feature_conv2,109,1,1000,0.005,0.0,0.0,post_relu_mean,767.5809326171875,-767.5809326171875,127.12264251708984,0.0,0.0,573.7034149169922,0.16193469883901004,-0.6026886933007066,34.79584324013982,1.7036554020643235,False
53,source_localization_stage4.0.wave_feature_conv2,203,1,1000,0.005,0.0,0.0,post_relu_mean,837.2535400390625,-837.2535400390625,134.61839294433594,0.0,0.0,638.046630859375,0.4906385238006132,-0.6688478542835155,38.61547427614901,3.645788692235947,False
53,source_localization_stage4.0.wave_feature_conv2,194,1,1000,0.005,0.0,0.0,post_relu_mean,664.6136474609375,-664.6136474609375,130.31271362304688,0.0,0.0,477.00836181640625,0.07855798738050379,-0.48493879116387095,27.997610784020594,1.5760677897930144,False
53,source_localization_stage4.0.wave_feature_conv2,119,1,1000,0.005,0.0,0.0,post_relu_mean,784.251708984375,-784.251708984375,143.672607421875,0.0,0.0,583.3925476074219,0.17540313487761944,-0.6353210904247215,36.67984486570505,1.6284431999921798,False
56,source_localization_stage4.0.skip_connection.0,157,1,1000,0.005,0.0,0.0,post_relu_mean,1483.705810546875,-1483.705810546875,239.0370635986328,0.0,0.0,1131.6299667358398,0.32232334884121355,-1.2076987690225702,69.72612408284922,2.895050550699234,False
56,source_localization_stage4.0.skip_connection.0,121,1,1000,0.005,0.0,0.0,post_relu_mean,1441.1602783203125,-1441.1602783203125,237.339599609375,0.0,0.0,1091.9613418579102,0.34197083492408387,-1.1376360177131868,65.68079527551005,3.026520094871521,False
56,source_localization_stage4.0.skip_connection.0,4,1,1000,0.005,0.0,0.0,post_relu_mean,1263.06201171875,-1263.06201171875,237.19793701171875,0.0,0.0,919.9431304931641,0.17436654878794117,-0.9683557575236988,55.90734727378243,2.3500428020954134,False
56,source_localization_stage4.0.skip_connection.0,126,1,1000,0.005,0.0,0.0,post_relu_mean,1295.1357421875,-1295.1357421875,247.83082580566406,0.0,0.0,951.5480346679688,0.25474903698876367,-1.0048920942109247,58.016880997874324,2.4778501522541045,False
56,source_localization_stage4.0.skip_connection.0,105,1,1000,0.005,0.0,0.0,post_relu_mean,1208.9832763671875,-1208.9832763671875,207.9739532470703,0.0,0.0,907.6505813598633,0.2762413996128705,-0.9848460700958442,56.859465332958045,2.6210211622714996,False
56,source_localization_stage4.0.skip_connection.0,124,1,1000,0.005,0.0,0.0,post_relu_mean,1194.89306640625,-1194.89306640625,228.31396484375,0.0,0.0,874.6592407226562,0.20663998222989438,-0.9236556667395687,53.3268637386208,2.2651078617572784,False
56,source_localization_stage4.0.skip_connection.0,189,1,1000,0.005,0.0,0.0,post_relu_mean,1172.3165283203125,-1172.3165283203125,231.45394897460938,0.0,0.0,849.5310134887695,0.2099939265261609,-0.909317042511634,52.49889907732091,2.2858634984493253,False
56,source_localization_stage4.0.skip_connection.0,205,1,1000,0.005,0.0,0.0,post_relu_mean,1245.1043701171875,-1245.1043701171875,236.03396606445312,0.0,0.0,918.6076431274414,0.25766773846931773,-0.9802224404822766,56.59253651417057,2.421315634250641,False
59,source_localization_stage4.1.wave_feature_conv1,90,1,1000,0.005,0.0,0.0,post_relu_mean,1046.03271484375,-1046.03271484375,184.99232482910156,0.0,0.0,783.6271057128906,0.20790505981080776,-0.8499864778266186,49.0733924587575,2.2666564548015593,False
59,source_localization_stage4.1.wave_feature_conv1,138,1,1000,0.005,0.0,0.0,post_relu_mean,880.3899536132812,-880.3899536132812,159.09317016601562,0.0,0.0,643.9530487060547,0.1452616942713575,-0.6785192011392082,39.17384903329554,1.909627456665039,False
59,source_localization_stage4.1.wave_feature_conv1,5,1,1000,0.005,0.0,0.0,post_relu_mean,847.711669921875,-847.711669921875,168.37696838378906,0.0,0.0,603.2593002319336,0.17862447395084857,-0.6254283138084311,36.1087108618874,1.8659059244394303,False
59,source_localization_stage4.1.wave_feature_conv1,171,1,1000,0.005,0.0,0.0,post_relu_mean,945.2987670898438,-945.2987670898438,181.9644012451172,0.0,0.0,688.3255462646484,0.2504415081755492,-0.726130103203752,41.93120352453921,2.9261043286323547,False
59,source_localization_stage4.1.wave_feature_conv1,232,1,1000,0.005,0.0,0.0,post_relu_mean,813.8587036132812,-813.8587036132812,156.96746826171875,0.0,0.0,587.5666809082031,0.1551981201336816,-0.6022373832050877,34.769763556614734,1.7746201449632644,False
59,source_localization_stage4.1.wave_feature_conv1,244,1,1000,0.005,0.0,0.0,post_relu_mean,818.4490966796875,-818.4490966796875,166.4352569580078,0.0,0.0,586.5446929931641,0.12373205848193994,-0.6479094049494789,37.40676829398448,1.6825953924655914,False
59,source_localization_stage4.1.wave_feature_conv1,123,1,1000,0.005,0.0,0.0,post_relu_mean,2381.621826171875,-2381.621826171875,163.82090759277344,0.0,0.0,2153.3406372070312,2.644438919992325,-2.1676130623968723,125.14771387770057,11.436681995391845,False
59,source_localization_stage4.1.wave_feature_conv1,14,1,1000,0.005,0.0,0.0,post_relu_mean,715.3984375,-715.3984375,155.74305725097656,0.0,0.0,501.1346206665039,0.13174700566755518,-0.521870179330472,30.1298268325492,1.5708754575252533,False
61,source_localization_stage4.1.wave_feature_conv2,243,1,1000,0.005,0.0,0.0,post_relu_mean,958.5909423828125,-958.5909423828125,140.892333984375,0.0,0.0,738.0502166748047,0.21269894261390043,-0.774902054573459,44.740075254498294,2.9747559773921965,False
61,source_localization_stage4.1.wave_feature_conv2,167,1,1000,0.005,0.0,0.0,post_relu_mean,1124.88427734375,-1124.88427734375,113.88037109375,0.0,0.0,951.7717094421387,1.3314362086403646,-1.1341636909605601,65.4915205775846,5.09295084476471,False
61,source_localization_stage4.1.wave_feature_conv2,203,1,1000,0.005,0.0,0.0,post_relu_mean,756.978759765625,-756.978759765625,142.77684020996094,0.0,0.0,567.1392021179199,0.11920880454382282,-0.5608780937449461,32.38192507937297,2.7511759436130525,False
61,source_localization_stage4.1.wave_feature_conv2,40,1,1000,0.005,0.0,0.0,post_relu_mean,564.7765502929688,-564.7765502929688,150.48190307617188,0.0,0.0,367.33311462402344,0.10195592948948158,-0.39397631909639286,22.74598225118983,1.7376929813623427,False
61,source_localization_stage4.1.wave_feature_conv2,191,1,1000,0.005,0.0,0.0,post_relu_mean,658.3974609375,-658.3974609375,148.33583068847656,0.0,0.0,468.4411201477051,0.11191068437289318,-0.4614177373629897,26.63965559913919,2.2512776792049407,False
61,source_localization_stage4.1.wave_feature_conv2,52,1,1000,0.005,0.0,0.0,post_relu_mean,910.1483154296875,-910.1483154296875,122.21630859375,0.0,0.0,746.506031036377,1.011788293940739,-0.8140182273782919,46.99725359725413,4.007882634401321,False
61,source_localization_stage4.1.wave_feature_conv2,229,1,1000,0.005,0.0,0.0,post_relu_mean,477.2320556640625,-477.2320556640625,134.6609649658203,0.0,0.0,303.3711471557617,0.05407909284971469,-0.3137951046279819,18.1167441099044,1.2704266500473023,False
61,source_localization_stage4.1.wave_feature_conv2,77,1,1000,0.005,0.0,0.0,post_relu_mean,457.1384582519531,-457.1384582519531,142.63525390625,0.0,0.0,275.9033508300781,0.07862241630903248,-0.2719256797795677,15.699450679771394,1.4668051654100418,False
41,interference_stage3.0.skip_connection.0,90,2,1000,0.005,0.0,0.0,post_relu_mean,1210.135498046875,-1210.135498046875,220.22003173828125,0.0,0.0,891.5008087158203,0.12394993059960702,-0.9368272059889876,54.087073384783764,2.236870245933533,False
41,interference_stage3.0.skip_connection.0,68,2,1000,0.005,0.0,0.0,post_relu_mean,1163.3828125,-1163.3828125,212.25802612304688,0.0,0.0,856.4991683959961,0.12110049720065057,-0.9008608097587694,52.010582436877705,2.285308153629303,False
41,interference_stage3.0.skip_connection.0,126,2,1000,0.005,0.0,0.0,post_relu_mean,1313.5865478515625,-1313.5865478515625,247.8498077392578,0.0,0.0,971.3600311279297,0.16663035577232868,-1.0375908096280289,59.90460378973223,2.3952712762355803,False
41,interference_stage3.0.skip_connection.0,103,2,1000,0.005,0.0,0.0,post_relu_mean,1354.389404296875,-1354.389404296875,240.44906616210938,0.0,0.0,1020.1801528930664,0.18700281874614905,-1.073237957245928,61.96267270804528,2.5506982839107515,False
41,interference_stage3.0.skip_connection.0,79,2,1000,0.005,0.0,0.0,post_relu_mean,1203.267333984375,-1203.267333984375,224.7389678955078,0.0,0.0,889.4393615722656,0.14283457103113026,-0.9415917681267226,54.36217270296048,2.183839476108551,False
41,interference_stage3.0.skip_connection.0,17,2,1000,0.005,0.0,0.0,post_relu_mean,1187.763671875,-1187.763671875,221.10736083984375,0.0,0.0,880.4917449951172,0.16755863797228782,-0.9484472202594858,54.757942661298074,2.285282726287842,False
41,interference_stage3.0.skip_connection.0,120,2,1000,0.005,0.0,0.0,post_relu_mean,1046.3560791015625,-1046.3560791015625,207.4574432373047,0.0,0.0,754.6389007568359,0.08707519175520853,-0.7801215274827672,45.03978428518671,1.8236655795574188,False
41,interference_stage3.0.skip_connection.0,34,2,1000,0.005,0.0,0.0,post_relu_mean,1051.39599609375,-1051.39599609375,219.9693603515625,0.0,0.0,753.9885025024414,0.11290463613260003,-0.7978731301168271,46.06486984400287,1.8893027758598329,False
44,interference_stage3.1.wave_feature_conv1,28,2,1000,0.005,0.0,0.0,post_relu_mean,3651.420654296875,-3651.420654296875,561.2177124023438,0.0,0.0,2775.0406799316406,0.6553142982949036,-2.9568132692086837,170.70982407264086,6.92751678943634,False
44,interference_stage3.1.wave_feature_conv1,125,2,1000,0.005,0.0,0.0,post_relu_mean,3162.22216796875,-3162.22216796875,525.265869140625,0.0,0.0,2358.4898986816406,0.5322731552377603,-2.5173669773262883,145.33887153721827,6.089071617126465,False
44,interference_stage3.1.wave_feature_conv1,2,2,1000,0.005,0.0,0.0,post_relu_mean,2725.152099609375,-2725.152099609375,589.4862060546875,0.0,0.0,1933.1427612304688,0.5426625549865222,-2.0801222320902264,120.09442435066097,4.945103394985199,False
44,interference_stage3.1.wave_feature_conv1,92,2,1000,0.005,0.0,0.0,post_relu_mean,2241.767578125,-2241.767578125,537.3026733398438,0.0,0.0,1515.4737548828125,0.2914026705294578,-1.59177517865681,91.90005217313536,3.912539621591568,False
44,interference_stage3.1.wave_feature_conv1,40,2,1000,0.005,0.0,0.0,post_relu_mean,2270.064697265625,-2270.064697265625,564.1917724609375,0.0,0.0,1519.6847839355469,0.29881230589271957,-1.6343675040240264,94.35921013975312,3.8686220037937162,False
44,interference_stage3.1.wave_feature_conv1,11,2,1000,0.005,0.0,0.0,post_relu_mean,2386.40771484375,-2386.40771484375,560.95166015625,0.0,0.0,1645.9193878173828,0.5007360887523817,-1.7608335140019122,101.66054322389623,4.40256918668747,False
44,interference_stage3.1.wave_feature_conv1,69,2,1000,0.005,0.0,0.0,post_relu_mean,2210.361572265625,-2210.361572265625,560.2681884765625,0.0,0.0,1478.1848907470703,0.29748579430374333,-1.6176648602006067,93.39481651533085,3.6998948884010314,False
44,interference_stage3.1.wave_feature_conv1,31,2,1000,0.005,0.0,0.0,post_relu_mean,2099.596923828125,-2099.596923828125,516.7694702148438,0.0,0.0,1413.2355651855469,0.3780027766676943,-1.5071516439400243,87.01456348867525,3.878685768842697,False
46,interference_stage3.1.wave_feature_conv2,19,2,1000,0.005,0.0,0.0,post_relu_mean,2605.19677734375,-2605.19677734375,325.1132507324219,0.0,0.0,2048.4916076660156,0.5328229348760304,-2.1581813269391796,124.60122877696833,5.438738529682159,False
46,interference_stage3.1.wave_feature_conv2,34,2,1000,0.005,0.0,0.0,post_relu_mean,2385.58447265625,-2385.58447265625,341.62310791015625,0.0,0.0,1816.203140258789,0.29005838550570945,-1.9400801263012535,112.0094716675225,4.750595002174378,False
46,interference_stage3.1.wave_feature_conv2,32,2,1000,0.005,0.0,0.0,post_relu_mean,2320.4375,-2320.4375,369.953857421875,0.0,0.0,1768.5664367675781,0.6327029036813697,-1.8823367904449073,108.67550538046737,5.091292588710785,False
46,interference_stage3.1.wave_feature_conv2,114,2,1000,0.005,0.0,0.0,post_relu_mean,1576.17578125,-1576.17578125,350.7758483886719,0.0,0.0,1090.0688781738281,0.17072079888483796,-1.1555945155647935,66.71747509629246,2.8003259718418123,False
46,interference_stage3.1.wave_feature_conv2,107,2,1000,0.005,0.0,0.0,post_relu_mean,1496.566162109375,-1496.566162109375,329.05462646484375,0.0,0.0,1046.1693115234375,0.29157339781279185,-1.0900657276716343,62.934353572653656,2.9868690752983094,False
46,interference_stage3.1.wave_feature_conv2,83,2,1000,0.005,0.0,0.0,post_relu_mean,1502.7452392578125,-1502.7452392578125,356.67132568359375,0.0,0.0,1025.7571563720703,0.19493388696606648,-1.077856581225932,62.2293182978545,2.6445809674263,False
46,interference_stage3.1.wave_feature_conv2,27,2,1000,0.005,0.0,0.0,post_relu_mean,1436.3651123046875,-1436.3651123046875,347.3063659667969,0.0,0.0,972.6163635253906,0.19226780073383457,-1.028479163898653,59.378692091747425,2.515516186952591,False
46,interference_stage3.1.wave_feature_conv2,28,2,1000,0.005,0.0,0.0,post_relu_mean,1486.8916015625,-1486.8916015625,358.4288635253906,0.0,0.0,1020.1471862792969,0.3290138291155957,-1.0706792203038715,61.81510890610838,2.760357164144516,False
51,source_localization_stage4.0.wave_feature_conv1,146,2,1000,0.005,0.0,0.0,post_relu_mean,3402.4990234375,-3402.4990234375,542.439697265625,0.0,0.0,2552.9161987304688,0.48768203330396337,-2.691118707899338,155.37007855074435,6.479552893638611,False
51,source_localization_stage4.0.wave_feature_conv1,131,2,1000,0.005,0.0,0.0,post_relu_mean,3346.92236328125,-3346.92236328125,514.7092895507812,0.0,0.0,2526.5881958007812,0.554433271559008,-2.6407827187256827,152.46391539868253,6.645371723175049,False
51,source_localization_stage4.0.wave_feature_conv1,4,2,1000,0.005,0.0,0.0,post_relu_mean,3145.60009765625,-3145.60009765625,522.7607421875,0.0,0.0,2341.1581420898438,0.48914194207600914,-2.4470100009946547,141.27643072527593,6.139067375659943,False
51,source_localization_stage4.0.wave_feature_conv1,230,2,1000,0.005,0.0,0.0,post_relu_mean,2885.5087890625,-2885.5087890625,506.49029541015625,0.0,0.0,2110.0474243164062,0.3275372206257814,-2.234497647475366,129.0072299736219,5.417463357448578,False
51,source_localization_stage4.0.wave_feature_conv1,232,2,1000,0.005,0.0,0.0,post_relu_mean,3306.69677734375,-3306.69677734375,488.06524658203125,0.0,0.0,2556.8333740234375,0.9870086282531773,-2.801523306393206,161.7440196987911,7.686757347583771,False
51,source_localization_stage4.0.wave_feature_conv1,66,2,1000,0.005,0.0,0.0,post_relu_mean,3199.890625,-3199.890625,558.4410400390625,0.0,0.0,2380.082550048828,0.6423542068708088,-2.558711808005161,147.7255679848024,6.268919506072998,False
51,source_localization_stage4.0.wave_feature_conv1,241,2,1000,0.005,0.0,0.0,post_relu_mean,2845.2197265625,-2845.2197265625,509.1155700683594,0.0,0.0,2093.0070037841797,0.5206448379267532,-2.2319789254802167,128.861834209775,5.633506166934967,False
51,source_localization_stage4.0.wave_feature_conv1,178,2,1000,0.005,0.0,0.0,post_relu_mean,2715.92529296875,-2715.92529296875,507.67742919921875,0.0,0.0,1973.3535614013672,0.4542588020903631,-2.107543397264131,121.6775994919236,5.229799206256867,False
53,source_localization_stage4.0.wave_feature_conv2,157,2,1000,0.005,0.0,0.0,post_relu_mean,1122.333740234375,-1122.333740234375,121.88488006591797,0.0,0.0,893.6292953491211,0.1967993017162886,-0.9581879227003869,55.320316756657334,2.608643110990524,False
53,source_localization_stage4.0.wave_feature_conv2,170,2,1000,0.005,0.0,0.0,post_relu_mean,1500.3218994140625,-1500.3218994140625,117.2511215209961,0.0,0.0,1302.8978805541992,0.9069381718691746,-1.4199387647960242,81.97936947863879,5.6681692194938655,False
53,source_localization_stage4.0.wave_feature_conv2,206,2,1000,0.005,0.0,0.0,post_relu_mean,792.6136474609375,-792.6136474609375,116.54106140136719,0.0,0.0,597.4706649780273,0.11785464454590745,-0.6333203718276551,36.5643186084858,1.8050194597244262,False
53,source_localization_stage4.0.wave_feature_conv2,109,2,1000,0.005,0.0,0.0,post_relu_mean,755.0836791992188,-755.0836791992188,130.4954833984375,0.0,0.0,555.0265197753906,0.09074619399086677,-0.592604900701436,34.21365471559824,1.5533470731973649,False
53,source_localization_stage4.0.wave_feature_conv2,35,2,1000,0.005,0.0,0.0,post_relu_mean,662.14306640625,-662.14306640625,120.5020523071289,0.0,0.0,477.50531005859375,0.07506255501607868,-0.5031381695720982,29.048340378482948,1.44995063662529,False
53,source_localization_stage4.0.wave_feature_conv2,119,2,1000,0.005,0.0,0.0,post_relu_mean,798.7752685546875,-798.7752685546875,146.15084838867188,0.0,0.0,589.8869476318359,0.17355289165441345,-0.6377844131619649,36.8221495250131,1.7136275148391724,False
53,source_localization_stage4.0.wave_feature_conv2,194,2,1000,0.005,0.0,0.0,post_relu_mean,668.5899658203125,-668.5899658203125,128.9445343017578,0.0,0.0,485.22667694091797,0.09848634863169552,-0.5004786167704119,28.894804388773608,1.6945193761587143,False
53,source_localization_stage4.0.wave_feature_conv2,115,2,1000,0.005,0.0,0.0,post_relu_mean,638.3138427734375,-638.3138427734375,123.87358856201172,0.0,0.0,460.13072204589844,0.11468950293333219,-0.4937359419321787,28.50551341279191,1.334143376350403,False
56,source_localization_stage4.0.skip_connection.0,157,2,1000,0.005,0.0,0.0,post_relu_mean,1541.0333251953125,-1541.0333251953125,240.60940551757812,0.0,0.0,1177.9562530517578,0.2985291795891622,-1.2618280807056799,72.85077546900725,3.0804259061813353,False
56,source_localization_stage4.0.skip_connection.0,121,2,1000,0.005,0.0,0.0,post_relu_mean,1453.390380859375,-1453.390380859375,239.63180541992188,0.0,0.0,1102.3529663085938,0.3654170245934603,-1.1610969002710179,67.03520156136764,3.1298271119594574,False
56,source_localization_stage4.0.skip_connection.0,4,2,1000,0.005,0.0,0.0,post_relu_mean,1267.3516845703125,-1267.3516845703125,237.05860900878906,0.0,0.0,925.3291778564453,0.17167781759030712,-0.9657404621913643,55.75635756276202,2.3710086584091186,False
56,source_localization_stage4.0.skip_connection.0,105,2,1000,0.005,0.0,0.0,post_relu_mean,1263.9599609375,-1263.9599609375,213.8917694091797,0.0,0.0,948.7773208618164,0.26372606079041816,-1.0494987412832293,60.59245276742909,2.722517960071564,False
56,source_localization_stage4.0.skip_connection.0,126,2,1000,0.005,0.0,0.0,post_relu_mean,1296.1439208984375,-1296.1439208984375,248.2439422607422,0.0,0.0,951.9242858886719,0.23873257679304496,-1.020382794985524,58.91111109548341,2.4949351155757906,False
56,source_localization_stage4.0.skip_connection.0,124,2,1000,0.005,0.0,0.0,post_relu_mean,1233.6776123046875,-1233.6776123046875,231.21743774414062,0.0,0.0,907.755241394043,0.18078836777444382,-0.9522539272435667,54.97773196890728,2.3433804225921633,False
56,source_localization_stage4.0.skip_connection.0,205,2,1000,0.005,0.0,0.0,post_relu_mean,1281.89453125,-1281.89453125,237.7915802001953,0.0,0.0,949.7042388916016,0.2674287884965412,-1.0174977828577796,58.7445427100638,2.5247440719604493,False
56,source_localization_stage4.0.skip_connection.0,189,2,1000,0.005,0.0,0.0,post_relu_mean,1191.8814697265625,-1191.8814697265625,241.268310546875,0.0,0.0,857.932861328125,0.22143336228342064,-0.93646963734213,54.066435610732725,2.3351378786563872,False
59,source_localization_stage4.1.wave_feature_conv1,138,2,1000,0.005,0.0,0.0,post_relu_mean,874.951416015625,-874.951416015625,159.40037536621094,0.0,0.0,637.0544128417969,0.09912889419148796,-0.6648574736402101,38.385124082081305,1.8901074194908143,False
59,source_localization_stage4.1.wave_feature_conv1,90,2,1000,0.005,0.0,0.0,post_relu_mean,1058.230712890625,-1058.230712890625,174.16612243652344,0.0,0.0,806.6843338012695,0.24479325487665904,-0.8612089613306009,49.72132273754374,2.2154182958602906,False
59,source_localization_stage4.1.wave_feature_conv1,244,2,1000,0.005,0.0,0.0,post_relu_mean,792.46337890625,-792.46337890625,159.49734497070312,0.0,0.0,562.9391021728516,0.09751563946801274,-0.5881882329803606,33.95866493278296,1.7418709194660187,False
59,source_localization_stage4.1.wave_feature_conv1,232,2,1000,0.005,0.0,0.0,post_relu_mean,833.5587768554688,-833.5587768554688,161.61631774902344,0.0,0.0,602.4936752319336,0.10086556602661217,-0.6321069001761667,36.49426952191832,1.7868540620803832,False
59,source_localization_stage4.1.wave_feature_conv1,5,2,1000,0.005,0.0,0.0,post_relu_mean,869.7608642578125,-869.7608642578125,177.44444274902344,0.0,0.0,629.757869720459,0.2263461011418088,-0.6674425343909962,38.53436533870977,1.8865319764614106,False
59,source_localization_stage4.1.wave_feature_conv1,14,2,1000,0.005,0.0,0.0,post_relu_mean,698.0003662109375,-698.0003662109375,145.76881408691406,0.0,0.0,492.6454162597656,0.12212070591065703,-0.517338603417478,29.868196641412347,1.5320877522230147,False
59,source_localization_stage4.1.wave_feature_conv1,204,2,1000,0.005,0.0,0.0,post_relu_mean,862.6141357421875,-862.6141357421875,155.88821411132812,0.0,0.0,651.4740943908691,0.2775945753213223,-0.6868279154946403,39.65357437344122,2.069020105600357,False
59,source_localization_stage4.1.wave_feature_conv1,155,2,1000,0.005,0.0,0.0,post_relu_mean,686.8999633789062,-686.8999633789062,154.86056518554688,0.0,0.0,477.17113494873047,0.13322132832937525,-0.4925416721843827,28.43655587481724,1.7253461182117462,False
61,source_localization_stage4.1.wave_feature_conv2,243,2,1000,0.005,0.0,0.0,post_relu_mean,1193.5654296875,-1193.5654296875,156.34654235839844,0.0,0.0,981.3098602294922,1.012034911398876,-1.1894876462792918,68.70400476408128,4.384773697853088,False
61,source_localization_stage4.1.wave_feature_conv2,167,2,1000,0.005,0.0,0.0,post_relu_mean,1117.119384765625,-1117.119384765625,111.7020034790039,0.0,0.0,959.5541076660156,1.3741403572758564,-1.102873887780422,63.68152369212781,5.21711519241333,False
61,source_localization_stage4.1.wave_feature_conv2,40,2,1000,0.005,0.0,0.0,post_relu_mean,472.8002014160156,-472.8002014160156,111.2291030883789,0.0,0.0,323.39942169189453,0.08153283791267628,-0.3153352664383017,18.205682052528914,1.6477706956863403,False
61,source_localization_stage4.1.wave_feature_conv2,229,2,1000,0.005,0.0,0.0,post_relu_mean,542.3126831054688,-542.3126831054688,141.92645263671875,0.0,0.0,371.37230682373047,0.17023981448357653,-0.3943671538718399,22.768960008149676,1.5720321345329284,False
61,source_localization_stage4.1.wave_feature_conv2,234,2,1000,0.005,0.0,0.0,post_relu_mean,319.6215515136719,-319.6215515136719,64.95487213134766,0.0,0.0,227.31507682800293,0.0640383913597286,-0.23872605077379738,13.782703710047516,0.8856360745429993,False
61,source_localization_stage4.1.wave_feature_conv2,77,2,1000,0.005,0.0,0.0,post_relu_mean,475.7848205566406,-475.7848205566406,143.66929626464844,0.0,0.0,305.16455459594727,0.1291835342888534,-0.32112674558349547,18.540143279775787,1.4060371524095536,False
61,source_localization_stage4.1.wave_feature_conv2,100,2,1000,0.005,0.0,0.0,post_relu_mean,905.5366821289062,-905.5366821289062,187.1189422607422,0.0,0.0,692.0738658905029,0.9205329267557822,-0.7231699431706987,41.75848351247684,3.2694861316680908,False
61,source_localization_stage4.1.wave_feature_conv2,153,2,1000,0.005,0.0,0.0,post_relu_mean,384.09527587890625,-384.09527587890625,109.7645263671875,0.0,0.0,248.4698143005371,0.015807939789940446,-0.27203622756050466,15.707440529629066,1.0159120586514474,False
41,interference_stage3.0.skip_connection.0,126,3,1000,0.005,0.0,0.0,post_relu_mean,1276.361572265625,-1276.361572265625,236.41485595703125,0.0,0.0,945.8221282958984,0.14046241036319548,-0.9842536210652584,56.82521213952052,2.3982228684425353,False
41,interference_stage3.0.skip_connection.0,90,3,1000,0.005,0.0,0.0,post_relu_mean,1181.117431640625,-1181.117431640625,215.00360107421875,0.0,0.0,879.324951171875,0.1291805717984731,-0.9299211610539286,53.68837965781964,2.2039791631698606,False
41,interference_stage3.0.skip_connection.0,103,3,1000,0.005,0.0,0.0,post_relu_mean,1302.0667724609375,-1302.0667724609375,230.7043914794922,0.0,0.0,987.8963012695312,0.19193843229419985,-1.0621471083957272,61.322345830654726,2.475690529346466,False
41,interference_stage3.0.skip_connection.0,17,3,1000,0.005,0.0,0.0,post_relu_mean,1157.4969482421875,-1157.4969482421875,213.76368713378906,0.0,0.0,860.7477569580078,0.14682606524243902,-0.9125276281931461,52.684158598236195,2.270889538526535,False
41,interference_stage3.0.skip_connection.0,68,3,1000,0.005,0.0,0.0,post_relu_mean,1126.8984375,-1126.8984375,204.83412170410156,0.0,0.0,840.845100402832,0.12280464709550924,-0.8847758392446139,51.08196524316593,2.228469363451004,False
41,interference_stage3.0.skip_connection.0,79,3,1000,0.005,0.0,0.0,post_relu_mean,1185.45849609375,-1185.45849609375,220.52688598632812,0.0,0.0,883.9523086547852,0.14935021580301572,-0.9384820195913833,54.182805137053045,2.174368909597397,False
41,interference_stage3.0.skip_connection.0,120,3,1000,0.005,0.0,0.0,post_relu_mean,1022.5992431640625,-1022.5992431640625,199.51370239257812,0.0,0.0,746.4625701904297,0.09812910346021822,-0.7776884541132084,44.89939133903029,1.8069828522205353,False
41,interference_stage3.0.skip_connection.0,34,3,1000,0.005,0.0,0.0,post_relu_mean,1026.44580078125,-1026.44580078125,215.56655883789062,0.0,0.0,737.2228851318359,0.12877471655267575,-0.77738489922209,44.881811408609394,1.8696361100673675,False
44,interference_stage3.1.wave_feature_conv1,28,3,1000,0.005,0.0,0.0,post_relu_mean,3413.90673828125,-3413.90673828125,520.3307495117188,0.0,0.0,2609.1597900390625,0.5510442603327843,-2.768835913585828,159.85689982872273,6.461478011608124,False
44,interference_stage3.1.wave_feature_conv1,125,3,1000,0.005,0.0,0.0,post_relu_mean,2984.69580078125,-2984.69580078125,492.1553039550781,0.0,0.0,2244.383056640625,0.5191213756818154,-2.389106335721137,137.933469164157,5.760375881195069,False
44,interference_stage3.1.wave_feature_conv1,2,3,1000,0.005,0.0,0.0,post_relu_mean,2548.1640625,-2548.1640625,547.8284301757812,0.0,0.0,1825.0062561035156,0.528088834915385,-1.9593620731631571,113.1225730705722,4.595184190273285,False
44,interference_stage3.1.wave_feature_conv1,92,3,1000,0.005,0.0,0.0,post_relu_mean,2105.275146484375,-2105.275146484375,501.2441711425781,0.0,0.0,1439.253646850586,0.2848785857997422,-1.5239043462048465,87.98161685846136,3.590699691772461,False
44,interference_stage3.1.wave_feature_conv1,11,3,1000,0.005,0.0,0.0,post_relu_mean,2177.2236328125,-2177.2236328125,510.0499267578125,0.0,0.0,1503.0511474609375,0.34425933858880614,-1.6095905395681762,92.92866564290703,3.8632557654380797,False
44,interference_stage3.1.wave_feature_conv1,40,3,1000,0.005,0.0,0.0,post_relu_mean,2118.97705078125,-2118.97705078125,518.8001708984375,0.0,0.0,1436.2609100341797,0.2959468433798162,-1.5139109100591284,87.40459879124154,3.6125540566444396,False
44,interference_stage3.1.wave_feature_conv1,31,3,1000,0.005,0.0,0.0,post_relu_mean,1958.827880859375,-1958.827880859375,478.8772888183594,0.0,0.0,1321.2535705566406,0.29832039480646605,-1.399915341633541,80.82314336591541,3.577260075807571,False
44,interference_stage3.1.wave_feature_conv1,100,3,1000,0.005,0.0,0.0,post_relu_mean,1919.346435546875,-1919.346435546875,496.4183654785156,0.0,0.0,1270.8403625488281,0.28908280331960257,-1.349765830907247,77.92779650151341,3.443007124662399,False
46,interference_stage3.1.wave_feature_conv2,19,3,1000,0.005,0.0,0.0,post_relu_mean,2412.760009765625,-2412.760009765625,292.93505859375,0.0,0.0,1918.7028045654297,0.490845693118667,-2.052601749858199,118.50554869173378,5.126568605899811,False
46,interference_stage3.1.wave_feature_conv2,34,3,1000,0.005,0.0,0.0,post_relu_mean,2258.41015625,-2258.41015625,312.0012512207031,0.0,0.0,1746.3739624023438,0.3603682822731348,-1.849207275317381,106.76271265117416,4.390285995006561,False
46,interference_stage3.1.wave_feature_conv2,32,3,1000,0.005,0.0,0.0,post_relu_mean,2171.572998046875,-2171.572998046875,330.9886779785156,0.0,0.0,1673.9964904785156,0.6485887024464512,-1.7772286499545302,102.607109081861,4.789393756389618,False
46,interference_stage3.1.wave_feature_conv2,107,3,1000,0.005,0.0,0.0,post_relu_mean,1387.6756591796875,-1387.6756591796875,296.027587890625,0.0,0.0,971.2282104492188,0.21161781888217104,-1.0248947215654267,59.17158654430984,2.6812120282649996,False
46,interference_stage3.1.wave_feature_conv2,114,3,1000,0.005,0.0,0.0,post_relu_mean,1443.727783203125,-1443.727783203125,304.668212890625,0.0,0.0,1025.2967987060547,0.23509960435480304,-1.0958101967228135,63.265857937272976,2.5759016954898835,False
46,interference_stage3.1.wave_feature_conv2,83,3,1000,0.005,0.0,0.0,post_relu_mean,1396.01953125,-1396.01953125,321.24676513671875,0.0,0.0,968.0611953735352,0.2015985992230737,-1.0229257486197898,59.05792508602787,2.437382183074951,False
46,interference_stage3.1.wave_feature_conv2,51,3,1000,0.005,0.0,0.0,post_relu_mean,1443.826416015625,-1443.826416015625,329.39031982421875,0.0,0.0,1008.8171539306641,0.4018517669243345,-1.087563903346241,62.78975771795883,3.079695451259613,False
46,interference_stage3.1.wave_feature_conv2,28,3,1000,0.005,0.0,0.0,post_relu_mean,1372.06689453125,-1372.06689453125,330.8793640136719,0.0,0.0,936.6926879882812,0.22751063915177727,-0.9971190426153477,57.567982631619806,2.447988694906235,False
51,source_localization_stage4.0.wave_feature_conv1,240,3,1000,0.005,0.0,0.0,post_relu_mean,4114.07373046875,-4114.07373046875,399.3867492675781,0.0,0.0,3410.45654296875,2.2879609501363207,-3.6389121320440236,210.09068784572395,16.15794979572296,False
51,source_localization_stage4.0.wave_feature_conv1,131,3,1000,0.005,0.0,0.0,post_relu_mean,3096.392578125,-3096.392578125,467.9575500488281,0.0,0.0,2355.3109741210938,0.49047695210050535,-2.4928518723221984,143.92308448982,5.985708055496215,False
51,source_localization_stage4.0.wave_feature_conv1,146,3,1000,0.005,0.0,0.0,post_relu_mean,3172.6474609375,-3172.6474609375,500.15435791015625,0.0,0.0,2407.867706298828,0.5234769899092178,-2.5810482235322483,149.01510293496946,6.031887652873993,False
51,source_localization_stage4.0.wave_feature_conv1,232,3,1000,0.005,0.0,0.0,post_relu_mean,3113.077392578125,-3113.077392578125,443.8165588378906,0.0,0.0,2419.989013671875,0.8023323112744194,-2.67352247899215,154.3540134264856,7.751673395633698,False
51,source_localization_stage4.0.wave_feature_conv1,4,3,1000,0.005,0.0,0.0,post_relu_mean,2958.54296875,-2958.54296875,484.2434997558594,0.0,0.0,2233.160888671875,0.5311864262920184,-2.402982576731166,138.73466914734163,5.840847301483154,False
51,source_localization_stage4.0.wave_feature_conv1,66,3,1000,0.005,0.0,0.0,post_relu_mean,3028.948486328125,-3028.948486328125,522.8909912109375,0.0,0.0,2276.9165954589844,0.6145004703055442,-2.460443247989158,142.05209642633923,5.9775920629501345,False
51,source_localization_stage4.0.wave_feature_conv1,230,3,1000,0.005,0.0,0.0,post_relu_mean,2726.4130859375,-2726.4130859375,460.4518127441406,0.0,0.0,2041.3165435791016,0.43752701551582446,-2.161396115133591,124.78670443604918,5.088306751251221,False
51,source_localization_stage4.0.wave_feature_conv1,241,3,1000,0.005,0.0,0.0,post_relu_mean,2605.02734375,-2605.02734375,460.0148010253906,0.0,0.0,1936.8915252685547,0.5012131424383898,-2.0830789801422283,120.26521916498012,5.075435149669647,False
53,source_localization_stage4.0.wave_feature_conv2,157,3,1000,0.005,0.0,0.0,post_relu_mean,1096.0799560546875,-1096.0799560546875,118.93920135498047,0.0,0.0,882.4560012817383,0.2214030009889172,-0.9322082046649554,53.820396741637914,2.4075859928131105,False
53,source_localization_stage4.0.wave_feature_conv2,118,3,1000,0.005,0.0,0.0,post_relu_mean,1358.6904296875,-1358.6904296875,99.01750946044922,0.0,0.0,1172.5763702392578,0.9912241471812083,-1.2745053976996397,73.58317823711613,7.261138350963592,False
53,source_localization_stage4.0.wave_feature_conv2,193,3,1000,0.005,0.0,0.0,post_relu_mean,1337.5758056640625,-1337.5758056640625,94.86418151855469,0.0,0.0,1163.373908996582,0.972829340785109,-1.2513366261585739,72.2450664161785,7.3393854451179505,False
53,source_localization_stage4.0.wave_feature_conv2,146,3,1000,0.005,0.0,0.0,post_relu_mean,995.9403686523438,-995.9403686523438,96.0231704711914,0.0,0.0,824.9816818237305,0.7132877942603401,-0.8737451239625716,50.44512945464339,5.168038959503174,False
53,source_localization_stage4.0.wave_feature_conv2,170,3,1000,0.005,0.0,0.0,post_relu_mean,1386.547119140625,-1386.547119140625,116.79174041748047,0.0,0.0,1195.7743682861328,0.6618248896158131,-1.3138917271302146,75.8573367432493,5.643304829597473,False
53,source_localization_stage4.0.wave_feature_conv2,105,3,1000,0.005,0.0,0.0,post_relu_mean,761.7489013671875,-761.7489013671875,99.20049285888672,0.0,0.0,598.2011413574219,0.4203383258327737,-0.6301442483724445,36.381235029147106,3.562388552427292,False
53,source_localization_stage4.0.wave_feature_conv2,112,3,1000,0.005,0.0,0.0,post_relu_mean,838.517822265625,-838.517822265625,145.3233184814453,0.0,0.0,629.6795806884766,0.2072395184422187,-0.6598933985953407,38.098495777156145,2.0310899597406387,False
53,source_localization_stage4.0.wave_feature_conv2,18,3,1000,0.005,0.0,0.0,post_relu_mean,883.5802612304688,-883.5802612304688,130.0524444580078,0.0,0.0,690.5809555053711,0.4055501029559222,-0.7239329021708208,41.7958018012602,3.31423344373703,False
56,source_localization_stage4.0.skip_connection.0,121,3,1000,0.005,0.0,0.0,post_relu_mean,1330.9949951171875,-1330.9949951171875,218.77304077148438,0.0,0.0,1003.4569854736328,0.2375062105727981,-1.0760442530197776,62.12469986158812,2.7780455780029296,False
56,source_localization_stage4.0.skip_connection.0,157,3,1000,0.005,0.0,0.0,post_relu_mean,1414.67529296875,-1414.67529296875,218.48594665527344,0.0,0.0,1089.3662872314453,0.26531733165226346,-1.1762647568844247,67.9108994414243,2.758172656297684,False
56,source_localization_stage4.0.skip_connection.0,146,3,1000,0.005,0.0,0.0,post_relu_mean,1128.914306640625,-1128.914306640625,192.1832733154297,0.0,0.0,841.0988464355469,0.28872371562224863,-0.9043233685975207,52.21061590645802,2.893841141462326,False
56,source_localization_stage4.0.skip_connection.0,205,3,1000,0.005,0.0,0.0,post_relu_mean,1176.8798828125,-1176.8798828125,213.51402282714844,0.0,0.0,867.8738784790039,0.17081170478113106,-0.9208473564805428,53.16448891105354,2.277814440727234,False
56,source_localization_stage4.0.skip_connection.0,118,3,1000,0.005,0.0,0.0,post_relu_mean,1256.32421875,-1256.32421875,166.13546752929688,0.0,0.0,995.6808166503906,0.5766883888159315,-1.045046485598175,60.33520236484589,4.305537838935852,False
56,source_localization_stage4.0.skip_connection.0,105,3,1000,0.005,0.0,0.0,post_relu_mean,1186.639892578125,-1186.639892578125,194.03500366210938,0.0,0.0,899.6462173461914,0.2388783257156327,-0.9769294345884038,56.40283725795055,2.6106441187858582,False
56,source_localization_stage4.0.skip_connection.0,4,3,1000,0.005,0.0,0.0,post_relu_mean,1214.8033447265625,-1214.8033447265625,220.75271606445312,0.0,0.0,904.0182571411133,0.1813878465419786,-0.9592532867520905,55.381894085687115,2.243091162443161,False
56,source_localization_stage4.0.skip_connection.0,126,3,1000,0.005,0.0,0.0,post_relu_mean,1223.3399658203125,-1223.3399658203125,228.9225311279297,0.0,0.0,909.0687713623047,0.24028055450192287,-0.9695238956596473,55.974906826964535,2.3843034291267395,False
59,source_localization_stage4.1.wave_feature_conv1,123,3,1000,0.005,0.0,0.0,post_relu_mean,2025.726806640625,-2025.726806640625,150.5218048095703,0.0,0.0,1708.3028259277344,0.9928932958439286,-1.7859179197680621,103.11050284531393,8.540253520011902,False
59,source_localization_stage4.1.wave_feature_conv1,56,3,1000,0.005,0.0,0.0,post_relu_mean,1833.863037109375,-1833.863037109375,148.67662048339844,0.0,0.0,1536.0293884277344,1.0321333372982942,-1.6327407392643316,94.26524133106682,8.005195591449738,False
59,source_localization_stage4.1.wave_feature_conv1,127,3,1000,0.005,0.0,0.0,post_relu_mean,1231.8128662109375,-1231.8128662109375,147.9727325439453,0.0,0.0,992.6092376708984,0.6868908170179321,-1.0411958331642617,60.11278721420461,5.205361471176148,False
59,source_localization_stage4.1.wave_feature_conv1,90,3,1000,0.005,0.0,0.0,post_relu_mean,1017.082275390625,-1017.082275390625,160.91676330566406,0.0,0.0,778.7485427856445,0.20637895278861512,-0.8368222291037013,48.3134632196272,2.062410761117935,False
59,source_localization_stage4.1.wave_feature_conv1,5,3,1000,0.005,0.0,0.0,post_relu_mean,854.09716796875,-854.09716796875,176.6188507080078,0.0,0.0,612.4115905761719,0.2584251553172758,-0.6357318393103871,36.70368491480785,2.1584158170223238,False
59,source_localization_stage4.1.wave_feature_conv1,204,3,1000,0.005,0.0,0.0,post_relu_mean,785.4347534179688,-785.4347534179688,154.57203674316406,0.0,0.0,567.5335083007812,0.16433916749761088,-0.602366263792215,34.77722465001808,1.8287155747413635,False
59,source_localization_stage4.1.wave_feature_conv1,138,3,1000,0.005,0.0,0.0,post_relu_mean,809.2606201171875,-809.2606201171875,145.02279663085938,0.0,0.0,602.0636558532715,0.13245669616401748,-0.6514626215722532,37.61204371431104,1.7102636063098908,False
59,source_localization_stage4.1.wave_feature_conv1,232,3,1000,0.005,0.0,0.0,post_relu_mean,747.4080810546875,-747.4080810546875,142.23281860351562,0.0,0.0,543.8694458007812,0.13796026160602887,-0.5757979681074668,33.24331478959118,1.5672898143529892,False
61,source_localization_stage4.1.wave_feature_conv2,18,3,1000,0.005,0.0,0.0,post_relu_mean,1081.8077392578125,-1081.8077392578125,119.7931137084961,0.0,0.0,881.7503204345703,0.6446177227317769,-0.9299562179758838,53.69047893059612,4.396698021888733,False
61,source_localization_stage4.1.wave_feature_conv2,118,3,1000,0.005,0.0,0.0,post_relu_mean,1164.681640625,-1164.681640625,128.05162048339844,0.0,0.0,980.4880142211914,1.2459966165343705,-1.0582141359106487,61.09628979264027,6.017252683639526,False
61,source_localization_stage4.1.wave_feature_conv2,243,3,1000,0.005,0.0,0.0,post_relu_mean,1116.5538330078125,-1116.5538330078125,148.87750244140625,0.0,0.0,913.1099166870117,1.0580481448132608,-0.9708184700009347,56.049700028368115,4.164601259231567,False
61,source_localization_stage4.1.wave_feature_conv2,193,3,1000,0.005,0.0,0.0,post_relu_mean,941.0733032226562,-941.0733032226562,140.62747192382812,0.0,0.0,751.484375,0.6445322029243871,-0.8152198929179771,47.066350577929924,3.7534221506118772,False
61,source_localization_stage4.1.wave_feature_conv2,167,3,1000,0.005,0.0,0.0,post_relu_mean,1117.3826904296875,-1117.3826904296875,110.54608917236328,0.0,0.0,963.4941711425781,1.5282170764255574,-1.031968932066319,59.59390688305862,5.352061350345611,False
61,source_localization_stage4.1.wave_feature_conv2,172,3,1000,0.005,0.0,0.0,post_relu_mean,772.8075561523438,-772.8075561523438,119.58529663085938,0.0,0.0,611.3897361755371,0.7563363006746133,-0.6570039189029041,37.9317409817091,3.7143135356903074,False
61,source_localization_stage4.1.wave_feature_conv2,112,3,1000,0.005,0.0,0.0,post_relu_mean,507.1600341796875,-507.1600341796875,102.70890808105469,0.0,0.0,363.177001953125,0.2597418857631389,-0.38113204043937776,22.00448164328877,1.9530428606271744,False
61,source_localization_stage4.1.wave_feature_conv2,100,3,1000,0.005,0.0,0.0,post_relu_mean,634.8820190429688,-634.8820190429688,127.20022583007812,0.0,0.0,467.1993713378906,0.31460481566706155,-0.47122423044249206,27.206049096641216,2.4280601751804354,False
41,interference_stage3.0.skip_connection.0,126,4,1000,0.005,0.0,0.0,post_relu_mean,1293.7247314453125,-1293.7247314453125,240.99327087402344,0.0,0.0,960.1134490966797,0.15413023443111915,-1.0150926303369987,58.60572130344,2.40881267786026,False
41,interference_stage3.0.skip_connection.0,90,4,1000,0.005,0.0,0.0,post_relu_mean,1186.915771484375,-1186.915771484375,216.58685302734375,0.0,0.0,882.0756683349609,0.13081827614076671,-0.9237214980972671,53.33042647782083,2.185590306520462,False
41,interference_stage3.0.skip_connection.0,79,4,1000,0.005,0.0,0.0,post_relu_mean,1215.89208984375,-1215.89208984375,223.0970458984375,0.0,0.0,909.2137069702148,0.1541138109395961,-0.9633322245867426,55.61733480610823,2.211638135910034,False
41,interference_stage3.0.skip_connection.0,103,4,1000,0.005,0.0,0.0,post_relu_mean,1307.474853515625,-1307.474853515625,233.63226318359375,0.0,0.0,991.3521194458008,0.19220030128677154,-1.0603706275975988,61.21987647491267,2.4685228025913237,False
41,interference_stage3.0.skip_connection.0,17,4,1000,0.005,0.0,0.0,post_relu_mean,1198.4364013671875,-1198.4364013671875,220.08660888671875,0.0,0.0,897.1731719970703,0.16789341423145185,-0.9579221813614188,55.305073120013326,2.305299507379532,False
41,interference_stage3.0.skip_connection.0,68,4,1000,0.005,0.0,0.0,post_relu_mean,1125.546142578125,-1125.546142578125,205.5534210205078,0.0,0.0,842.1371383666992,0.13861807473221271,-0.8836897822469976,51.01922943812538,2.220839022397995,False
41,interference_stage3.0.skip_connection.0,120,4,1000,0.005,0.0,0.0,post_relu_mean,1033.369384765625,-1033.369384765625,204.81507873535156,0.0,0.0,753.6074981689453,0.09820314084488338,-0.78822498064893,45.50765033761761,1.8012307929992675,False
41,interference_stage3.0.skip_connection.0,34,4,1000,0.005,0.0,0.0,post_relu_mean,1053.4683837890625,-1053.4683837890625,219.22357177734375,0.0,0.0,761.5127716064453,0.14630981516041838,-0.7992988157376053,46.146970529200445,1.9299401241540908,False
44,interference_stage3.1.wave_feature_conv1,28,4,1000,0.005,0.0,0.0,post_relu_mean,3497.45654296875,-3497.45654296875,536.8670654296875,0.0,0.0,2676.2376098632812,0.5990005640654895,-2.878915864559211,166.2122655922631,6.574966588020325,False
44,interference_stage3.1.wave_feature_conv1,125,4,1000,0.005,0.0,0.0,post_relu_mean,3069.5888671875,-3069.5888671875,511.6557922363281,0.0,0.0,2309.1206817626953,0.5694847493639357,-2.501990447222118,144.450722898854,5.847428252696991,False
44,interference_stage3.1.wave_feature_conv1,2,4,1000,0.005,0.0,0.0,post_relu_mean,2606.916259765625,-2606.916259765625,563.0621337890625,0.0,0.0,1864.4940795898438,0.5428252532319887,-2.0105438228301904,116.07763711643183,4.6815544962883,False
44,interference_stage3.1.wave_feature_conv1,92,4,1000,0.005,0.0,0.0,post_relu_mean,2148.93701171875,-2148.93701171875,516.984130859375,0.0,0.0,1462.6412353515625,0.2930031414255185,-1.5707429153624346,90.68577196993428,3.5783932721614837,False
44,interference_stage3.1.wave_feature_conv1,40,4,1000,0.005,0.0,0.0,post_relu_mean,2120.25,-2120.25,522.7578735351562,0.0,0.0,1431.6524658203125,0.27950537776629203,-1.5099391819207097,87.17529227628131,3.555228396654129,False
44,interference_stage3.1.wave_feature_conv1,11,4,1000,0.005,0.0,0.0,post_relu_mean,2212.6328125,-2212.6328125,523.7403564453125,0.0,0.0,1523.6010284423828,0.3472765540953976,-1.6385499276458964,94.60064110571814,3.8752014303207396,False
44,interference_stage3.1.wave_feature_conv1,31,4,1000,0.005,0.0,0.0,post_relu_mean,1970.650146484375,-1970.650146484375,489.248779296875,0.0,0.0,1320.702133178711,0.2978253191865286,-1.4071603855220889,81.24148195743851,3.5646618843078612,False
44,interference_stage3.1.wave_feature_conv1,100,4,1000,0.005,0.0,0.0,post_relu_mean,1973.6490478515625,-1973.6490478515625,512.8665161132812,0.0,0.0,1302.8518371582031,0.3082266492700262,-1.4009238333985694,80.88137122332644,3.4987133252620697,False
46,interference_stage3.1.wave_feature_conv2,34,4,1000,0.005,0.0,0.0,post_relu_mean,2282.90087890625,-2282.90087890625,321.04498291015625,0.0,0.0,1757.9354095458984,0.3329604662974095,-1.8826975195253908,108.69626704631857,4.319768984317779,False
46,interference_stage3.1.wave_feature_conv2,19,4,1000,0.005,0.0,0.0,post_relu_mean,2527.306396484375,-2527.306396484375,313.81396484375,0.0,0.0,2011.7669677734375,0.5858441289215852,-2.2092171016433606,127.5479195103622,5.310925757884979,False
46,interference_stage3.1.wave_feature_conv2,32,4,1000,0.005,0.0,0.0,post_relu_mean,2226.31640625,-2226.31640625,343.38397216796875,0.0,0.0,1713.4030151367188,0.6461315618901988,-1.855819998374715,107.14449168747203,4.802388939857483,False
46,interference_stage3.1.wave_feature_conv2,107,4,1000,0.005,0.0,0.0,post_relu_mean,1415.0626220703125,-1415.0626220703125,305.5729675292969,0.0,0.0,984.2075653076172,0.23285032964290736,-1.0599891343871732,61.19775659796309,2.7643321073055267,False
46,interference_stage3.1.wave_feature_conv2,114,4,1000,0.005,0.0,0.0,post_relu_mean,1468.760498046875,-1468.760498046875,317.2466125488281,0.0,0.0,1035.9757232666016,0.2373724345562715,-1.1208824233819956,64.71338398383752,2.587970356941223,False
46,interference_stage3.1.wave_feature_conv2,51,4,1000,0.005,0.0,0.0,post_relu_mean,1485.2845458984375,-1485.2845458984375,345.9081115722656,0.0,0.0,1030.5727996826172,0.4251192388337226,-1.1292390825853411,65.19589172103234,3.1587536478042604,False
46,interference_stage3.1.wave_feature_conv2,83,4,1000,0.005,0.0,0.0,post_relu_mean,1418.61767578125,-1418.61767578125,330.1279296875,0.0,0.0,980.533576965332,0.21805417586191994,-1.0359860177992486,59.81194406555531,2.494500640630722,False
46,interference_stage3.1.wave_feature_conv2,28,4,1000,0.005,0.0,0.0,post_relu_mean,1403.4161376953125,-1403.4161376953125,338.96795654296875,0.0,0.0,957.7199401855469,0.2592187912363899,-1.0362924171218293,59.829685793887144,2.5592390596866608,False
51,source_localization_stage4.0.wave_feature_conv1,240,4,1000,0.005,0.0,0.0,post_relu_mean,4461.2119140625,-4461.2119140625,402.8050537109375,0.0,0.0,3752.9786682128906,2.8713440442787306,-4.16489088270908,240.4661462403121,18.268867511749267,False
51,source_localization_stage4.0.wave_feature_conv1,131,4,1000,0.005,0.0,0.0,post_relu_mean,3210.968994140625,-3210.968994140625,487.6206359863281,0.0,0.0,2445.9962158203125,0.543689970073486,-2.6547149888464014,153.26815347603267,6.175213170051575,False
51,source_localization_stage4.0.wave_feature_conv1,146,4,1000,0.005,0.0,0.0,post_relu_mean,3230.445068359375,-3230.445068359375,513.0185546875,0.0,0.0,2447.7857666015625,0.49990748815228836,-2.6407605902427838,152.462580972227,5.933996703624725,False
51,source_localization_stage4.0.wave_feature_conv1,232,4,1000,0.005,0.0,0.0,post_relu_mean,3097.440673828125,-3097.440673828125,451.0166015625,0.0,0.0,2404.0702514648438,0.9149772507502641,-2.658237301025299,153.4714965949229,7.555931358337403,False
51,source_localization_stage4.0.wave_feature_conv1,4,4,1000,0.005,0.0,0.0,post_relu_mean,2994.48974609375,-2994.48974609375,496.1650695800781,0.0,0.0,2257.3241577148438,0.537123503809338,-2.4301857869322716,140.3051980326978,5.749106175899506,False
51,source_localization_stage4.0.wave_feature_conv1,66,4,1000,0.005,0.0,0.0,post_relu_mean,3042.84326171875,-3042.84326171875,523.0106811523438,0.0,0.0,2286.9405517578125,0.6080961180266855,-2.4788050255760785,143.1122073757224,5.843118853569031,False
51,source_localization_stage4.0.wave_feature_conv1,230,4,1000,0.005,0.0,0.0,post_relu_mean,2743.09716796875,-2743.09716796875,468.2908020019531,0.0,0.0,2048.24951171875,0.40973127120808206,-2.1916353071180295,126.53255460145927,5.023390579223633,False
51,source_localization_stage4.0.wave_feature_conv1,241,4,1000,0.005,0.0,0.0,post_relu_mean,2666.06298828125,-2666.06298828125,472.40472412109375,0.0,0.0,1982.81298828125,0.5016023479134292,-2.1295588789255864,122.94869090835803,5.096021032333374,False
53,source_localization_stage4.0.wave_feature_conv2,157,4,1000,0.005,0.0,0.0,post_relu_mean,1111.030029296875,-1111.030029296875,122.75688171386719,0.0,0.0,886.3252639770508,0.1902281126156842,-0.9394641318822278,54.239319412016826,2.3397097218036653,False
53,source_localization_stage4.0.wave_feature_conv2,118,4,1000,0.005,0.0,0.0,post_relu_mean,1551.339111328125,-1551.339111328125,108.4052963256836,0.0,0.0,1357.0848236083984,1.3884511707895832,-1.5576973276260617,89.94461893073087,8.50756187915802,False
53,source_localization_stage4.0.wave_feature_conv2,193,4,1000,0.005,0.0,0.0,post_relu_mean,1527.7470703125,-1527.7470703125,103.73181915283203,0.0,0.0,1345.2259902954102,1.365523905072138,-1.5329417605862508,88.5149859354044,8.605199484825134,False
53,source_localization_stage4.0.wave_feature_conv2,146,4,1000,0.005,0.0,0.0,post_relu_mean,1135.81640625,-1135.81640625,105.79615020751953,0.0,0.0,955.7845458984375,0.9749296810138558,-1.0749691370763272,62.06573986913121,5.999982941150665,False
53,source_localization_stage4.0.wave_feature_conv2,170,4,1000,0.005,0.0,0.0,post_relu_mean,1485.50048828125,-1485.50048828125,122.50542449951172,0.0,0.0,1296.7816772460938,0.9763107158865221,-1.47948962725533,85.41828423710822,6.034995257854462,False
53,source_localization_stage4.0.wave_feature_conv2,206,4,1000,0.005,0.0,0.0,post_relu_mean,768.93505859375,-768.93505859375,110.37530517578125,0.0,0.0,594.4545593261719,0.17460594659417797,-0.6323509671451503,36.50834986350332,1.71631016433239,False
53,source_localization_stage4.0.wave_feature_conv2,105,4,1000,0.005,0.0,0.0,post_relu_mean,820.4986572265625,-820.4986572265625,105.46817016601562,0.0,0.0,651.0932006835938,0.4700309901339264,-0.694018076449836,40.06890315786411,3.7456574380397796,False
53,source_localization_stage4.0.wave_feature_conv2,112,4,1000,0.005,0.0,0.0,post_relu_mean,882.6447143554688,-882.6447143554688,155.4743194580078,0.0,0.0,663.6998825073242,0.23738697783155147,-0.7235929118137623,41.776145612413565,2.1011262798309325,False
56,source_localization_stage4.0.skip_connection.0,157,4,1000,0.005,0.0,0.0,post_relu_mean,1425.504150390625,-1425.504150390625,219.56259155273438,0.0,0.0,1094.5945129394531,0.24086158325660134,-1.1805249149783432,68.15685487098516,2.7698927509784697,False
56,source_localization_stage4.0.skip_connection.0,121,4,1000,0.005,0.0,0.0,post_relu_mean,1338.115478515625,-1338.115478515625,214.29823303222656,0.0,0.0,1013.0931854248047,0.256304642951397,-1.0810301038318193,62.41252585343136,2.9409701323509214,False
56,source_localization_stage4.0.skip_connection.0,146,4,1000,0.005,0.0,0.0,post_relu_mean,1147.0267333984375,-1147.0267333984375,189.36099243164062,0.0,0.0,859.501335144043,0.29058053798485445,-0.9362094102248796,54.051494040682314,2.9857624125480653,False
56,source_localization_stage4.0.skip_connection.0,205,4,1000,0.005,0.0,0.0,post_relu_mean,1204.451416015625,-1204.451416015625,215.64886474609375,0.0,0.0,892.4384155273438,0.1877851341085655,-0.9394425721391325,54.23810602931523,2.3868792700767516,False
56,source_localization_stage4.0.skip_connection.0,118,4,1000,0.005,0.0,0.0,post_relu_mean,1329.5419921875,-1329.5419921875,172.4631805419922,0.0,0.0,1062.5733489990234,0.6706585343036514,-1.1441573197380472,66.05716547312218,4.636069033145905,False
56,source_localization_stage4.0.skip_connection.0,105,4,1000,0.005,0.0,0.0,post_relu_mean,1190.8680419921875,-1190.8680419921875,197.33949279785156,0.0,0.0,899.2385559082031,0.22427829704296365,-0.9739183079796719,56.22869193979432,2.567497034072876,False
56,source_localization_stage4.0.skip_connection.0,4,4,1000,0.005,0.0,0.0,post_relu_mean,1239.65185546875,-1239.65185546875,228.4476318359375,0.0,0.0,920.3467254638672,0.18992578590453826,-0.987751616046871,57.027248618175655,2.3076162099838258,False
56,source_localization_stage4.0.skip_connection.0,126,4,1000,0.005,0.0,0.0,post_relu_mean,1239.0023193359375,-1239.0023193359375,230.55740356445312,0.0,0.0,922.4582748413086,0.24370229340138444,-0.992632071005022,57.30896272982367,2.437172340154648,False
59,source_localization_stage4.1.wave_feature_conv1,123,4,1000,0.005,0.0,0.0,post_relu_mean,2187.09326171875,-2187.09326171875,160.41184997558594,0.0,0.0,1859.4234008789062,1.1575364038533815,-1.9558462029788048,112.91975503031189,9.032063293457032,False
59,source_localization_stage4.1.wave_feature_conv1,56,4,1000,0.005,0.0,0.0,post_relu_mean,1965.8232421875,-1965.8232421875,155.6717987060547,0.0,0.0,1663.1874237060547,1.2045540036582545,-1.7542743073276543,101.28193717136112,8.4202578830719,False
59,source_localization_stage4.1.wave_feature_conv1,127,4,1000,0.005,0.0,0.0,post_relu_mean,1319.3193359375,-1319.3193359375,154.58399963378906,0.0,0.0,1075.2686462402344,0.7816500923408439,-1.132207319739878,65.36744806644603,5.508373548984528,False
59,source_localization_stage4.1.wave_feature_conv1,90,4,1000,0.005,0.0,0.0,post_relu_mean,1029.1376953125,-1029.1376953125,166.98373413085938,0.0,0.0,778.2759246826172,0.21518010093898934,-0.8503053847555906,49.0920937861372,2.1522530841827394,False
59,source_localization_stage4.1.wave_feature_conv1,204,4,1000,0.005,0.0,0.0,post_relu_mean,824.650390625,-824.650390625,160.96694946289062,0.0,0.0,592.2635955810547,0.1992110137434542,-0.6358090061412911,36.70804907735242,1.9758592838048934,False
59,source_localization_stage4.1.wave_feature_conv1,138,4,1000,0.005,0.0,0.0,post_relu_mean,834.1964111328125,-834.1964111328125,151.57131958007812,0.0,0.0,613.7174987792969,0.13287601349072678,-0.6604097975831964,38.12836073363737,1.7487031418085097,False
59,source_localization_stage4.1.wave_feature_conv1,5,4,1000,0.005,0.0,0.0,post_relu_mean,839.9891357421875,-839.9891357421875,174.96815490722656,0.0,0.0,600.0789642333984,0.20409723728709786,-0.625826604618973,36.13167210010942,1.9752829384803772,False
59,source_localization_stage4.1.wave_feature_conv1,244,4,1000,0.005,0.0,0.0,post_relu_mean,760.451904296875,-760.451904296875,147.41062927246094,0.0,0.0,548.5533599853516,0.13305534596739763,-0.5835025770358614,33.68816835210592,1.6483284276723862,False
61,source_localization_stage4.1.wave_feature_conv2,18,4,1000,0.005,0.0,0.0,post_relu_mean,1227.7972412109375,-1227.7972412109375,122.10917663574219,0.0,0.0,1025.9381561279297,1.1107048653766818,-1.139799188384861,65.80643068662192,5.934256269931793,False
61,source_localization_stage4.1.wave_feature_conv2,118,4,1000,0.005,0.0,0.0,post_relu_mean,1338.034912109375,-1338.034912109375,142.67613220214844,0.0,0.0,1139.5542449951172,1.5924539286374002,-1.2916547274491188,74.57674347707835,7.1389021611213686,False
61,source_localization_stage4.1.wave_feature_conv2,193,4,1000,0.005,0.0,0.0,post_relu_mean,1049.5943603515625,-1049.5943603515625,146.4429931640625,0.0,0.0,850.1577835083008,0.9444455211974858,-0.9567163215945633,55.237992901334785,4.575216114521027,False
61,source_localization_stage4.1.wave_feature_conv2,243,4,1000,0.005,0.0,0.0,post_relu_mean,1075.721923828125,-1075.721923828125,143.7126007080078,0.0,0.0,880.0125999450684,0.8709981707489454,-0.966187280139767,55.785191318454984,3.745109876394272,False
61,source_localization_stage4.1.wave_feature_conv2,167,4,1000,0.005,0.0,0.0,post_relu_mean,1139.9490966796875,-1139.9490966796875,106.67782592773438,0.0,0.0,989.2916793823242,1.5303432214778685,-1.0282364429716213,59.369051116459225,5.412117092609406,False
61,source_localization_stage4.1.wave_feature_conv2,100,4,1000,0.005,0.0,0.0,post_relu_mean,683.1061401367188,-683.1061401367188,137.90625,0.0,0.0,502.0371894836426,0.3958229282974355,-0.5188200969977863,29.953804666906493,2.578167577981949,False
61,source_localization_stage4.1.wave_feature_conv2,112,4,1000,0.005,0.0,0.0,post_relu_mean,544.704833984375,-544.704833984375,109.84001922607422,0.0,0.0,392.0683822631836,0.29450549150903493,-0.4198488565958655,24.23969126910623,2.060460821390152,False
61,source_localization_stage4.1.wave_feature_conv2,172,4,1000,0.005,0.0,0.0,post_relu_mean,898.2294311523438,-898.2294311523438,135.09413146972656,0.0,0.0,723.5364151000977,1.0039664541507896,-0.8339378246724234,48.14706460653207,4.446247932910919,False
41,interference_stage3.0.skip_connection.0,126,5,1000,0.005,0.0,0.0,post_relu_mean,1345.5059814453125,-1345.5059814453125,254.6649932861328,0.0,0.0,994.8327789306641,0.19877311397135716,-1.0676898049160213,61.64234084359786,2.4079047977924346,False
41,interference_stage3.0.skip_connection.0,90,5,1000,0.005,0.0,0.0,post_relu_mean,1166.477294921875,-1166.477294921875,216.19140625,0.0,0.0,855.165283203125,0.11674426561087638,-0.9104650373980296,52.56512891663116,2.1459071815013884,False
41,interference_stage3.0.skip_connection.0,103,5,1000,0.005,0.0,0.0,post_relu_mean,1320.177490234375,-1320.177490234375,235.38616943359375,0.0,0.0,992.4158935546875,0.1807720001915546,-1.0621158950452032,61.32055418060577,2.4775520014762877,False
41,interference_stage3.0.skip_connection.0,68,5,1000,0.005,0.0,0.0,post_relu_mean,1145.1251220703125,-1145.1251220703125,209.46392822265625,0.0,0.0,843.5643997192383,0.13011724820277631,-0.8973000475371992,51.8050396073399,2.264669052362442,False
41,interference_stage3.0.skip_connection.0,79,5,1000,0.005,0.0,0.0,post_relu_mean,1196.926025390625,-1196.926025390625,225.44857788085938,0.0,0.0,881.8188781738281,0.13983579913999056,-0.9337583880423426,53.9099025549503,2.1350319254398347,False
41,interference_stage3.0.skip_connection.0,17,5,1000,0.005,0.0,0.0,post_relu_mean,1174.8270263671875,-1174.8270263671875,220.75650024414062,0.0,0.0,868.4020690917969,0.14873352709290574,-0.9396117738331642,54.24805844701409,2.2188502025604246,False
41,interference_stage3.0.skip_connection.0,120,5,1000,0.005,0.0,0.0,post_relu_mean,1033.94775390625,-1033.94775390625,204.0690460205078,0.0,0.0,747.4367370605469,0.09529339923811814,-0.7835183324193699,45.2359590379663,1.7641447573900222,False
41,interference_stage3.0.skip_connection.0,34,5,1000,0.005,0.0,0.0,post_relu_mean,1039.3951416015625,-1039.3951416015625,216.2437286376953,0.0,0.0,745.8025817871094,0.12649713119166933,-0.7879742696692418,45.49321844912383,1.8519473767280579,False
44,interference_stage3.1.wave_feature_conv1,28,5,1000,0.005,0.0,0.0,post_relu_mean,3634.119140625,-3634.119140625,563.0611572265625,0.0,0.0,2747.4703674316406,0.6530695982585513,-2.9509562184245026,170.37141514472034,6.811944181919098,False
44,interference_stage3.1.wave_feature_conv1,125,5,1000,0.005,0.0,0.0,post_relu_mean,3134.5302734375,-3134.5302734375,530.024658203125,0.0,0.0,2333.6328125,0.5566572301472933,-2.507743209144193,144.782851063811,5.905109829902649,False
44,interference_stage3.1.wave_feature_conv1,2,5,1000,0.005,0.0,0.0,post_relu_mean,2706.23974609375,-2706.23974609375,591.2713623046875,0.0,0.0,1923.5169982910156,0.6258692819387931,-2.071778597596044,119.61281311765164,4.819963018894196,False
44,interference_stage3.1.wave_feature_conv1,11,5,1000,0.005,0.0,0.0,post_relu_mean,2334.41455078125,-2334.41455078125,550.1428833007812,0.0,0.0,1609.6513977050781,0.49495195451489815,-1.7192382472830867,99.2590304902818,4.216856365203857,False
44,interference_stage3.1.wave_feature_conv1,92,5,1000,0.005,0.0,0.0,post_relu_mean,2179.1630859375,-2179.1630859375,533.1892700195312,0.0,0.0,1476.185302734375,0.3409174809673055,-1.5554026202644808,89.80009846181945,3.68035284280777,False
44,interference_stage3.1.wave_feature_conv1,31,5,1000,0.005,0.0,0.0,post_relu_mean,2065.17626953125,-2065.17626953125,520.0968627929688,0.0,0.0,1385.0237426757812,0.4414414450739628,-1.4682980184856185,84.77120331268956,3.766561220884323,False
44,interference_stage3.1.wave_feature_conv1,40,5,1000,0.005,0.0,0.0,post_relu_mean,2213.168212890625,-2213.168212890625,567.9493408203125,0.0,0.0,1486.3650817871094,0.3693973736960243,-1.5965259938078042,92.17460743280488,3.599938349723816,False
44,interference_stage3.1.wave_feature_conv1,69,5,1000,0.005,0.0,0.0,post_relu_mean,2182.46728515625,-2182.46728515625,561.0494995117188,0.0,0.0,1463.2090606689453,0.34652964137400766,-1.5713723927692917,90.72209692042446,3.5319175624847414,False
46,interference_stage3.1.wave_feature_conv2,19,5,1000,0.005,0.0,0.0,post_relu_mean,2568.65478515625,-2568.65478515625,322.2007751464844,0.0,0.0,2014.4087829589844,0.5792313698641004,-2.152024163000315,124.24574009249531,5.396766352653503,False
46,interference_stage3.1.wave_feature_conv2,34,5,1000,0.005,0.0,0.0,post_relu_mean,2350.340087890625,-2350.340087890625,345.9671936035156,0.0,0.0,1802.6395416259766,0.4505916006562406,-1.9325861204086257,111.57671559004912,4.425580885410309,False
46,interference_stage3.1.wave_feature_conv2,32,5,1000,0.005,0.0,0.0,post_relu_mean,2281.0576171875,-2281.0576171875,371.8687438964844,0.0,0.0,1746.2727355957031,0.7609222622254931,-1.8690600487973632,107.90907664512883,4.811620173454284,False
46,interference_stage3.1.wave_feature_conv2,114,5,1000,0.005,0.0,0.0,post_relu_mean,1549.3233642578125,-1549.3233642578125,343.5145263671875,0.0,0.0,1076.2452392578125,0.2708408907720528,-1.1463979524597976,66.186490573592,2.789614850282669,False
46,interference_stage3.1.wave_feature_conv2,83,5,1000,0.005,0.0,0.0,post_relu_mean,1498.699462890625,-1498.699462890625,363.49072265625,0.0,0.0,1022.0426025390625,0.2805596252067647,-1.0851664275768271,62.651429617297445,2.6055361604690552,False
46,interference_stage3.1.wave_feature_conv2,27,5,1000,0.005,0.0,0.0,post_relu_mean,1390.0438232421875,-1390.0438232421875,342.7154846191406,0.0,0.0,939.4920043945312,0.24304655717458182,-1.0012720393083068,57.80776639958258,2.425006068944931,False
46,interference_stage3.1.wave_feature_conv2,46,5,1000,0.005,0.0,0.0,post_relu_mean,1707.1339111328125,-1707.1339111328125,369.4299621582031,0.0,0.0,1232.886100769043,0.6423379374844445,-1.3432492775210003,77.55167642643947,3.763465076684952,False
46,interference_stage3.1.wave_feature_conv2,107,5,1000,0.005,0.0,0.0,post_relu_mean,1448.282958984375,-1448.282958984375,330.4811096191406,0.0,0.0,1016.0563659667969,0.3897737197216167,-1.0704008353993029,61.798956094277294,2.797093014717102,False
51,source_localization_stage4.0.wave_feature_conv1,146,5,1000,0.005,0.0,0.0,post_relu_mean,3317.585205078125,-3317.585205078125,545.5260620117188,0.0,0.0,2473.5879516601562,0.5727607012931656,-2.6132457878097335,150.8740032894782,6.338916523456573,False
51,source_localization_stage4.0.wave_feature_conv1,131,5,1000,0.005,0.0,0.0,post_relu_mean,3302.0673828125,-3302.0673828125,516.9752807617188,0.0,0.0,2492.4562377929688,0.6720092384175721,-2.627330023338474,151.6871995102659,6.493682363033295,False
51,source_localization_stage4.0.wave_feature_conv1,232,5,1000,0.005,0.0,0.0,post_relu_mean,3293.4296875,-3293.4296875,494.54827880859375,0.0,0.0,2511.8577270507812,0.9953075897999414,-2.785180127366954,160.80096715751338,7.979194424152374,False
51,source_localization_stage4.0.wave_feature_conv1,4,5,1000,0.005,0.0,0.0,post_relu_mean,3146.643798828125,-3146.643798828125,529.451171875,0.0,0.0,2333.130584716797,0.598678877229725,-2.487756272947351,143.6289305133711,6.165653080940246,False
51,source_localization_stage4.0.wave_feature_conv1,66,5,1000,0.005,0.0,0.0,post_relu_mean,3201.52734375,-3201.52734375,565.4528198242188,0.0,0.0,2366.0054626464844,0.6429643075118568,-2.5281627737714927,145.96172301489156,6.212312035560608,False
51,source_localization_stage4.0.wave_feature_conv1,230,5,1000,0.005,0.0,0.0,post_relu_mean,2855.38623046875,-2855.38623046875,521.0064697265625,0.0,0.0,2075.0307006835938,0.4049319402240844,-2.1997850830975363,127.0030823723904,5.218265235424042,False
51,source_localization_stage4.0.wave_feature_conv1,241,5,1000,0.005,0.0,0.0,post_relu_mean,2810.8056640625,-2810.8056640625,515.5206909179688,0.0,0.0,2049.850601196289,0.5002009783636485,-2.1846896304853907,126.13156711861963,5.382783987522125,False
51,source_localization_stage4.0.wave_feature_conv1,178,5,1000,0.005,0.0,0.0,post_relu_mean,2702.262451171875,-2702.262451171875,517.1867065429688,0.0,0.0,1954.9615020751953,0.5018668057391578,-2.063358185883358,119.12657323735418,5.051554181575775,False
53,source_localization_stage4.0.wave_feature_conv2,170,5,1000,0.005,0.0,0.0,post_relu_mean,1504.6715087890625,-1504.6715087890625,117.51847839355469,0.0,0.0,1278.0056457519531,1.004734047244205,-1.4119565092398796,81.51851076852279,6.007128489017487,False
53,source_localization_stage4.0.wave_feature_conv2,157,5,1000,0.005,0.0,0.0,post_relu_mean,1089.1624755859375,-1089.1624755859375,122.24778747558594,0.0,0.0,881.6472930908203,0.2346019616020503,-0.948504863622567,54.761298502360496,2.3111900651454924,False
53,source_localization_stage4.0.wave_feature_conv2,119,5,1000,0.005,0.0,0.0,post_relu_mean,805.5610961914062,-805.5610961914062,151.2089385986328,0.0,0.0,575.1618576049805,0.17239990545235642,-0.6287468088954421,36.3002798222535,1.8652901083230973,False
53,source_localization_stage4.0.wave_feature_conv2,203,5,1000,0.005,0.0,0.0,post_relu_mean,803.9185791015625,-803.9185791015625,133.4208984375,0.0,0.0,595.6343383789062,0.34591916563480607,-0.6245290977245134,36.05680159434239,3.2745634710788725,False
53,source_localization_stage4.0.wave_feature_conv2,206,5,1000,0.005,0.0,0.0,post_relu_mean,777.4849243164062,-777.4849243164062,118.50601959228516,0.0,0.0,586.9156646728516,0.16228920183598128,-0.6242802766693923,36.0423900604473,1.7313159722089768,False
53,source_localization_stage4.0.wave_feature_conv2,109,5,1000,0.005,0.0,0.0,post_relu_mean,743.6536254882812,-743.6536254882812,129.87518310546875,0.0,0.0,543.6965255737305,0.1288259528839962,-0.5878655645132581,33.94008629962715,1.5273364031314849,False
53,source_localization_stage4.0.wave_feature_conv2,112,5,1000,0.005,0.0,0.0,post_relu_mean,913.6051025390625,-913.6051025390625,165.80703735351562,0.0,0.0,680.2901458740234,0.28165848812248195,-0.7008723327366629,40.464595872522445,2.297810080051422,False
53,source_localization_stage4.0.wave_feature_conv2,137,5,1000,0.005,0.0,0.0,post_relu_mean,873.7100830078125,-873.7100830078125,113.68940734863281,0.0,0.0,701.2039489746094,0.5216421331857674,-0.7804677757629976,45.059845575899054,3.557872544527054,False
56,source_localization_stage4.0.skip_connection.0,157,5,1000,0.005,0.0,0.0,post_relu_mean,1490.228759765625,-1490.228759765625,243.57025146484375,0.0,0.0,1126.80810546875,0.3096810253605442,-1.2049148830344292,69.56498402245512,2.936874383687973,False
56,source_localization_stage4.0.skip_connection.0,121,5,1000,0.005,0.0,0.0,post_relu_mean,1489.827880859375,-1489.827880859375,245.50567626953125,0.0,0.0,1124.8794631958008,0.4003797659165143,-1.180066216667013,68.13040833867001,3.2313213145732878,False
56,source_localization_stage4.0.skip_connection.0,4,5,1000,0.005,0.0,0.0,post_relu_mean,1291.51123046875,-1291.51123046875,244.94052124023438,0.0,0.0,936.1001358032227,0.19549601533850222,-0.9952337043594546,57.45927697707424,2.4034850549697877,False
56,source_localization_stage4.0.skip_connection.0,126,5,1000,0.005,0.0,0.0,post_relu_mean,1284.1846923828125,-1284.1846923828125,251.81787109375,0.0,0.0,931.151481628418,0.23110223197995924,-0.9794516100848074,56.54800543781188,2.4385891914367677,False
56,source_localization_stage4.0.skip_connection.0,124,5,1000,0.005,0.0,0.0,post_relu_mean,1220.763916015625,-1220.763916015625,236.11663818359375,0.0,0.0,887.1125030517578,0.19211420633611406,-0.9415268446286352,54.358456943435286,2.2867215311527254,False
56,source_localization_stage4.0.skip_connection.0,205,5,1000,0.005,0.0,0.0,post_relu_mean,1270.3309326171875,-1270.3309326171875,244.5399169921875,0.0,0.0,929.9970703125,0.2535713057879029,-0.9925796556168787,57.30604970138627,2.462401089668274,False
56,source_localization_stage4.0.skip_connection.0,189,5,1000,0.005,0.0,0.0,post_relu_mean,1197.713134765625,-1197.713134765625,241.66844177246094,0.0,0.0,861.1951751708984,0.22037725369352235,-0.9191485726626807,53.06641301539971,2.339858477115631,False
56,source_localization_stage4.0.skip_connection.0,105,5,1000,0.005,0.0,0.0,post_relu_mean,1196.1470947265625,-1196.1470947265625,207.29258728027344,0.0,0.0,894.9676055908203,0.2678326826009964,-0.979677905445561,56.56104143605171,2.5807003927230836,False
59,source_localization_stage4.1.wave_feature_conv1,90,5,1000,0.005,0.0,0.0,post_relu_mean,1053.71484375,-1053.71484375,191.87258911132812,0.0,0.0,780.0269470214844,0.2219330316685996,-0.8221315901855064,47.46522080942869,2.2868699717521666,False
59,source_localization_stage4.1.wave_feature_conv1,5,5,1000,0.005,0.0,0.0,post_relu_mean,922.3106689453125,-922.3106689453125,195.92926025390625,0.0,0.0,646.7908782958984,0.22599112297167032,-0.6628782016700074,38.2708801515638,2.3692287862300874,False
59,source_localization_stage4.1.wave_feature_conv1,171,5,1000,0.005,0.0,0.0,post_relu_mean,959.826171875,-959.826171875,186.98867797851562,0.0,0.0,706.5317077636719,0.32849894734705765,-0.6961789783422563,40.19371924054831,2.937868559360504,False
59,source_localization_stage4.1.wave_feature_conv1,232,5,1000,0.005,0.0,0.0,post_relu_mean,830.1702880859375,-830.1702880859375,166.501708984375,0.0,0.0,599.7052307128906,0.19131562859625287,-0.6304760120986667,36.400121675414205,1.6771962386369705,False
59,source_localization_stage4.1.wave_feature_conv1,155,5,1000,0.005,0.0,0.0,post_relu_mean,757.0345458984375,-757.0345458984375,194.77798461914062,0.0,0.0,498.7213439941406,0.12524007081903504,-0.5119982730937291,29.559866730544613,1.5902510195970536,False
59,source_localization_stage4.1.wave_feature_conv1,42,5,1000,0.005,0.0,0.0,post_relu_mean,722.779296875,-722.779296875,171.5394287109375,0.0,0.0,491.505069732666,0.10446114148381455,-0.5051956093900516,29.167121987498774,1.7182078790664672,False
59,source_localization_stage4.1.wave_feature_conv1,138,5,1000,0.005,0.0,0.0,post_relu_mean,873.4443969726562,-873.4443969726562,190.70497131347656,0.0,0.0,625.8486480712891,0.1770380851066375,-0.6667395504315098,38.49374873718407,1.7422082489728927,False
59,source_localization_stage4.1.wave_feature_conv1,184,5,1000,0.005,0.0,0.0,post_relu_mean,773.1905517578125,-773.1905517578125,115.58661651611328,0.0,0.0,601.3550834655762,0.4721724794850201,-0.6417053471228137,37.048432823430836,3.1920038986206056,False
61,source_localization_stage4.1.wave_feature_conv2,243,5,1000,0.005,0.0,0.0,post_relu_mean,974.54541015625,-974.54541015625,144.60585021972656,0.0,0.0,750.1444091796875,0.3181333608666767,-0.7673137617472419,44.30263956389021,2.912570226192474,False
61,source_localization_stage4.1.wave_feature_conv2,40,5,1000,0.005,0.0,0.0,post_relu_mean,557.6719970703125,-557.6719970703125,147.2257080078125,0.0,0.0,358.0117378234863,0.11168323514292489,-0.3708957482771908,21.413425156740683,1.6522394233942033,False
61,source_localization_stage4.1.wave_feature_conv2,203,5,1000,0.005,0.0,0.0,post_relu_mean,752.4642333984375,-752.4642333984375,140.86256408691406,0.0,0.0,561.2257995605469,0.10402350811387391,-0.5383517937634109,31.081422743888613,2.6694379329681395,False
61,source_localization_stage4.1.wave_feature_conv2,18,5,1000,0.005,0.0,0.0,post_relu_mean,1399.64599609375,-1399.64599609375,133.71929931640625,0.0,0.0,1221.7178421020508,1.7688347343811337,-1.3893376462829539,80.240775819318,6.693579888343811,False
61,source_localization_stage4.1.wave_feature_conv2,191,5,1000,0.005,0.0,0.0,post_relu_mean,662.4292602539062,-662.4292602539062,145.16775512695312,0.0,0.0,474.4379348754883,0.12028825611495443,-0.4482551571845936,25.879707671157824,2.298530411720276,False
61,source_localization_stage4.1.wave_feature_conv2,229,5,1000,0.005,0.0,0.0,post_relu_mean,480.8926696777344,-480.8926696777344,137.33279418945312,0.0,0.0,301.5446319580078,0.08633304381793033,-0.3058053948678428,17.65546946194839,1.257383295893669,False
61,source_localization_stage4.1.wave_feature_conv2,167,5,1000,0.005,0.0,0.0,post_relu_mean,1137.842529296875,-1137.842529296875,106.48314666748047,0.0,0.0,991.6074714660645,1.5818439718199993,-1.1419417744659925,65.95116486993741,5.348176326751709,False
61,source_localization_stage4.1.wave_feature_conv2,52,5,1000,0.005,0.0,0.0,post_relu_mean,881.1001586914062,-881.1001586914062,132.4951934814453,0.0,0.0,710.3621978759766,0.8918383097961957,-0.7391265415485484,42.673521991309435,3.5342837917804717,False
41,interference_stage3.0.skip_connection.0,103,6,1000,0.005,0.0,0.0,post_relu_mean,1327.8985595703125,-1327.8985595703125,234.4135284423828,0.0,0.0,1001.0471038818359,0.19479584652349832,-1.0670822271960607,61.60731996115542,2.5195719170570374,False
41,interference_stage3.0.skip_connection.0,126,6,1000,0.005,0.0,0.0,post_relu_mean,1315.095947265625,-1315.095947265625,247.10848999023438,0.0,0.0,976.060188293457,0.17328571187605046,-1.0246824332534583,59.15937246737209,2.4197506403923033,False
41,interference_stage3.0.skip_connection.0,90,6,1000,0.005,0.0,0.0,post_relu_mean,1193.8402099609375,-1193.8402099609375,218.51124572753906,0.0,0.0,885.4002151489258,0.14918893928093596,-0.9364050192258223,54.06274140786277,2.2377353572845458,False
41,interference_stage3.0.skip_connection.0,68,6,1000,0.005,0.0,0.0,post_relu_mean,1161.8970947265625,-1161.8970947265625,208.83944702148438,0.0,0.0,864.4024124145508,0.13625412637655387,-0.910245418412682,52.55245011735459,2.2958416259288787,False
41,interference_stage3.0.skip_connection.0,79,6,1000,0.005,0.0,0.0,post_relu_mean,1228.65576171875,-1228.65576171875,232.09750366210938,0.0,0.0,910.6531600952148,0.1591099125697564,-0.9778919605131239,56.45797658700102,2.210087168216705,False
41,interference_stage3.0.skip_connection.0,17,6,1000,0.005,0.0,0.0,post_relu_mean,1202.9549560546875,-1202.9549560546875,220.402099609375,0.0,0.0,898.1092300415039,0.16132192179320426,-0.9596588801286193,55.4053082219523,2.310288457870483,False
41,interference_stage3.0.skip_connection.0,120,6,1000,0.005,0.0,0.0,post_relu_mean,1053.512451171875,-1053.512451171875,205.18963623046875,0.0,0.0,766.6647033691406,0.10868928862602549,-0.805945421294834,46.53079939580909,1.8410868030786514,False
41,interference_stage3.0.skip_connection.0,34,6,1000,0.005,0.0,0.0,post_relu_mean,1051.5543212890625,-1051.5543212890625,218.81956481933594,0.0,0.0,756.3088302612305,0.1243419551511741,-0.7859469681169519,45.376116550001825,1.897489333152771,False
44,interference_stage3.1.wave_feature_conv1,28,6,1000,0.005,0.0,0.0,post_relu_mean,3598.82080078125,-3598.82080078125,559.4022827148438,0.0,0.0,2720.3775634765625,0.5618277205704911,-2.8718551955498106,165.80460997854092,6.730113751888275,False
44,interference_stage3.1.wave_feature_conv1,125,6,1000,0.005,0.0,0.0,post_relu_mean,3089.125732421875,-3089.125732421875,522.1275024414062,0.0,0.0,2294.7344665527344,0.5054693365194771,-2.4328443323998132,140.4587183699546,5.9016130471229555,False
44,interference_stage3.1.wave_feature_conv1,2,6,1000,0.005,0.0,0.0,post_relu_mean,2700.1259765625,-2700.1259765625,590.3306274414062,0.0,0.0,1916.1153411865234,0.6001445482507642,-1.9974474836724438,115.32130722993465,4.891192800998688,False
44,interference_stage3.1.wave_feature_conv1,92,6,1000,0.005,0.0,0.0,post_relu_mean,2190.5673828125,-2190.5673828125,537.2274169921875,0.0,0.0,1482.5560455322266,0.3325646118786885,-1.5473066679267078,89.33269615051525,3.715354129076004,False
44,interference_stage3.1.wave_feature_conv1,69,6,1000,0.005,0.0,0.0,post_relu_mean,2223.8515625,-2223.8515625,565.9257202148438,0.0,0.0,1489.0954284667969,0.34232380939606666,-1.5544965980716903,89.74779547176722,3.6679714024066925,False
44,interference_stage3.1.wave_feature_conv1,40,6,1000,0.005,0.0,0.0,post_relu_mean,2224.543212890625,-2224.543212890625,560.3387451171875,0.0,0.0,1503.3769073486328,0.3524279555230404,-1.580676854293184,91.25931119904679,3.683955476284027,False
44,interference_stage3.1.wave_feature_conv1,11,6,1000,0.005,0.0,0.0,post_relu_mean,2303.484619140625,-2303.484619140625,552.9523315429688,0.0,0.0,1591.4738464355469,0.4673723244505439,-1.688384496233499,97.4777078983123,4.133575839996338,False
44,interference_stage3.1.wave_feature_conv1,31,6,1000,0.005,0.0,0.0,post_relu_mean,2040.88720703125,-2040.88720703125,517.3949584960938,0.0,0.0,1371.7176055908203,0.3959179974682379,-1.444220093112191,83.38129462252643,3.7003797161579133,False
46,interference_stage3.1.wave_feature_conv2,19,6,1000,0.005,0.0,0.0,post_relu_mean,2556.10595703125,-2556.10595703125,322.6742858886719,0.0,0.0,1991.8374786376953,0.4803508737883953,-2.0824664509434996,120.22986831594689,5.471537547111511,False
46,interference_stage3.1.wave_feature_conv2,34,6,1000,0.005,0.0,0.0,post_relu_mean,2356.486083984375,-2356.486083984375,344.3429870605469,0.0,0.0,1796.180160522461,0.38168655747713476,-1.8832870630115364,108.7302978347105,4.532035672664643,False
46,interference_stage3.1.wave_feature_conv2,32,6,1000,0.005,0.0,0.0,post_relu_mean,2300.61865234375,-2300.61865234375,367.5177307128906,0.0,0.0,1755.8244323730469,0.6654973440064925,-1.8356860643623023,105.98234514602937,4.882129480838776,False
46,interference_stage3.1.wave_feature_conv2,114,6,1000,0.005,0.0,0.0,post_relu_mean,1527.3052978515625,-1527.3052978515625,343.5162048339844,0.0,0.0,1053.8642272949219,0.24397444832038098,-1.113136840078717,64.26618438773896,2.7570637345314024,False
46,interference_stage3.1.wave_feature_conv2,83,6,1000,0.005,0.0,0.0,post_relu_mean,1510.2177734375,-1510.2177734375,360.38226318359375,0.0,0.0,1025.6753768920898,0.23226047642087896,-1.0716027333971923,61.86835774079994,2.6645349609851836,False
46,interference_stage3.1.wave_feature_conv2,27,6,1000,0.005,0.0,0.0,post_relu_mean,1424.3006591796875,-1424.3006591796875,350.3071594238281,0.0,0.0,953.150260925293,0.2034669988666136,-0.9924000765729591,57.295541216989,2.5258962535858154,False
46,interference_stage3.1.wave_feature_conv2,107,6,1000,0.005,0.0,0.0,post_relu_mean,1470.2803955078125,-1470.2803955078125,329.0217590332031,0.0,0.0,1025.064094543457,0.32629279767750646,-1.0643758515532713,61.451161563612956,2.9172434604167936,False
46,interference_stage3.1.wave_feature_conv2,46,6,1000,0.005,0.0,0.0,post_relu_mean,1732.2353515625,-1732.2353515625,365.28704833984375,0.0,0.0,1251.0065460205078,0.6182025526867153,-1.3074804047530388,75.48660259528916,3.9358627188205717,False
51,source_localization_stage4.0.wave_feature_conv1,232,6,1000,0.005,0.0,0.0,post_relu_mean,3288.3896484375,-3288.3896484375,481.8011169433594,0.0,0.0,2469.6453247070312,0.6625278452963766,-2.6252202235231654,151.56551227808964,8.146630997657775,False
51,source_localization_stage4.0.wave_feature_conv1,146,6,1000,0.005,0.0,0.0,post_relu_mean,3344.504150390625,-3344.504150390625,542.5934448242188,0.0,0.0,2510.5068969726562,0.5534197745954392,-2.6261204289506646,151.61738220758534,6.321446435451508,False
51,source_localization_stage4.0.wave_feature_conv1,131,6,1000,0.005,0.0,0.0,post_relu_mean,3285.92138671875,-3285.92138671875,514.5188598632812,0.0,0.0,2481.2155151367188,0.5946819984642039,-2.589233943372999,149.48791993920233,6.441272006034851,False
51,source_localization_stage4.0.wave_feature_conv1,4,6,1000,0.005,0.0,0.0,post_relu_mean,3123.10302734375,-3123.10302734375,526.0426635742188,0.0,0.0,2317.6324462890625,0.5350168043839747,-2.4286054829593398,140.21386474489663,6.083424909114838,False
51,source_localization_stage4.0.wave_feature_conv1,66,6,1000,0.005,0.0,0.0,post_relu_mean,3166.843017578125,-3166.843017578125,564.5428466796875,0.0,0.0,2344.5606079101562,0.6259513017812148,-2.4601045979518634,142.03244178028862,6.207219092845917,False
51,source_localization_stage4.0.wave_feature_conv1,230,6,1000,0.005,0.0,0.0,post_relu_mean,2835.708984375,-2835.708984375,505.7465515136719,0.0,0.0,2073.8961486816406,0.38574785943672596,-2.1816686825862055,125.95717536287573,5.21347549200058,False
51,source_localization_stage4.0.wave_feature_conv1,241,6,1000,0.005,0.0,0.0,post_relu_mean,2742.04248046875,-2742.04248046875,498.6822509765625,0.0,0.0,2011.5772552490234,0.485058545467435,-2.1292028295885617,122.92805085351162,5.280416955947876,False
51,source_localization_stage4.0.wave_feature_conv1,178,6,1000,0.005,0.0,0.0,post_relu_mean,2636.90283203125,-2636.90283203125,503.5049743652344,0.0,0.0,1917.08056640625,0.4642623665054504,-2.0087726437545705,115.97510843773995,4.937628564834594,False
53,source_localization_stage4.0.wave_feature_conv2,170,6,1000,0.005,0.0,0.0,post_relu_mean,1484.0556640625,-1484.0556640625,120.4083480834961,0.0,0.0,1190.3027038574219,0.3672849773982468,-1.2502733455787565,72.18405460007462,5.458922159671784,False
53,source_localization_stage4.0.wave_feature_conv2,137,6,1000,0.005,0.0,0.0,post_relu_mean,885.74951171875,-885.74951171875,112.81814575195312,0.0,0.0,673.5191345214844,0.20341473559304318,-0.6897053309816633,39.81967455609689,3.457784984111786,False
53,source_localization_stage4.0.wave_feature_conv2,157,6,1000,0.005,0.0,0.0,post_relu_mean,1113.47216796875,-1113.47216796875,120.47796630859375,0.0,0.0,906.1484680175781,0.2812406939855747,-0.9727380043784541,56.160394965321565,2.4986226081848146,False
53,source_localization_stage4.0.wave_feature_conv2,119,6,1000,0.005,0.0,0.0,post_relu_mean,807.7861938476562,-807.7861938476562,150.0634307861328,0.0,0.0,572.8690795898438,0.12624600470793318,-0.6020117981739828,34.756758962325875,2.1238907313346864,False
53,source_localization_stage4.0.wave_feature_conv2,206,6,1000,0.005,0.0,0.0,post_relu_mean,782.0618896484375,-782.0618896484375,114.82170867919922,0.0,0.0,591.1742401123047,0.15277403635038636,-0.632000344365909,36.48811820420464,1.766552369594574,False
53,source_localization_stage4.0.wave_feature_conv2,109,6,1000,0.005,0.0,0.0,post_relu_mean,744.9116821289062,-744.9116821289062,127.50773620605469,0.0,0.0,545.0942764282227,0.11821656429857304,-0.5727081399538649,33.06493838045112,1.5720765566825867,False
53,source_localization_stage4.0.wave_feature_conv2,35,6,1000,0.005,0.0,0.0,post_relu_mean,676.3189697265625,-676.3189697265625,121.17477416992188,0.0,0.0,485.40191650390625,0.09584246925264514,-0.5243466963825584,30.27281157549556,1.5116668766736985,False
53,source_localization_stage4.0.wave_feature_conv2,112,6,1000,0.005,0.0,0.0,post_relu_mean,880.8090209960938,-880.8090209960938,162.11891174316406,0.0,0.0,650.2047653198242,0.1378431206691519,-0.6630680012300602,38.28181532535679,2.167527003288269,False
56,source_localization_stage4.0.skip_connection.0,157,6,1000,0.005,0.0,0.0,post_relu_mean,1494.055419921875,-1494.055419921875,236.25045776367188,0.0,0.0,1140.3970794677734,0.27960842417659587,-1.1841597148632328,68.36666899385203,2.9454246699810027,False
56,source_localization_stage4.0.skip_connection.0,121,6,1000,0.005,0.0,0.0,post_relu_mean,1432.02197265625,-1432.02197265625,236.63424682617188,0.0,0.0,1078.2324905395508,0.3532125463893835,-1.1160243143041464,64.43289691946217,3.1373171377182008,False
56,source_localization_stage4.0.skip_connection.0,4,6,1000,0.005,0.0,0.0,post_relu_mean,1268.5936279296875,-1268.5936279296875,237.52505493164062,0.0,0.0,917.673583984375,0.157586769380386,-0.9564886691594779,55.222225078473365,2.3581863188743593,False
56,source_localization_stage4.0.skip_connection.0,126,6,1000,0.005,0.0,0.0,post_relu_mean,1284.1041259765625,-1284.1041259765625,244.60923767089844,0.0,0.0,934.2076034545898,0.1929700597802979,-0.9753246061833919,56.309708574951294,2.4971708989143373,False
56,source_localization_stage4.0.skip_connection.0,105,6,1000,0.005,0.0,0.0,post_relu_mean,1223.104248046875,-1223.104248046875,210.75439453125,0.0,0.0,907.8403167724609,0.22342735486355456,-0.9935241125168756,57.36048036198092,2.6116737747192382,False
56,source_localization_stage4.0.skip_connection.0,196,6,1000,0.005,0.0,0.0,post_relu_mean,1083.403076171875,-1083.403076171875,191.1758270263672,0.0,0.0,791.0492858886719,0.23457050592018383,-0.8093744514480782,46.728741293983,3.434015893936157,False
56,source_localization_stage4.0.skip_connection.0,205,6,1000,0.005,0.0,0.0,post_relu_mean,1265.618896484375,-1265.618896484375,235.9632110595703,0.0,0.0,931.9658660888672,0.2168867394600773,-0.9760898207330672,56.35394778636303,2.4566975021362305,False
56,source_localization_stage4.0.skip_connection.0,124,6,1000,0.005,0.0,0.0,post_relu_mean,1224.55615234375,-1224.55615234375,231.37493896484375,0.0,0.0,896.0694732666016,0.21465151488261391,-0.9317802808351459,53.79583591190337,2.3904736948013308,False
59,source_localization_stage4.1.wave_feature_conv1,37,6,1000,0.005,0.0,0.0,post_relu_mean,1209.062255859375,-1209.062255859375,109.48703002929688,0.0,0.0,1006.9704437255859,0.39963531481514375,-0.9353384716423329,54.00113092433942,6.321386442184449,False
59,source_localization_stage4.1.wave_feature_conv1,248,6,1000,0.005,0.0,0.0,post_relu_mean,1145.7490234375,-1145.7490234375,108.12466430664062,0.0,0.0,952.8982391357422,0.356324820427815,-0.9010939050026543,52.02427193769327,5.965220286846161,False
59,source_localization_stage4.1.wave_feature_conv1,184,6,1000,0.005,0.0,0.0,post_relu_mean,760.6218872070312,-760.6218872070312,113.7133560180664,0.0,0.0,562.3992385864258,0.15797169504448427,-0.5532973582823456,31.9442968909939,3.176175488233566,False
59,source_localization_stage4.1.wave_feature_conv1,155,6,1000,0.005,0.0,0.0,post_relu_mean,816.5098876953125,-816.5098876953125,152.35440063476562,0.0,0.0,579.9002532958984,0.14722247790996842,-0.5856592102668776,33.81268845670377,2.132161008119583,False
59,source_localization_stage4.1.wave_feature_conv1,90,6,1000,0.005,0.0,0.0,post_relu_mean,1026.9114990234375,-1026.9114990234375,166.7246551513672,0.0,0.0,782.0398330688477,0.202363140861782,-0.8202007085699603,47.35374254567848,2.099263756275177,False
59,source_localization_stage4.1.wave_feature_conv1,36,6,1000,0.005,0.0,0.0,post_relu_mean,1516.6982421875,-1516.6982421875,175.66026306152344,0.0,0.0,1265.0403289794922,0.35927343400289224,-1.281095844870487,73.96352632373458,6.333445372581482,False
59,source_localization_stage4.1.wave_feature_conv1,5,6,1000,0.005,0.0,0.0,post_relu_mean,904.2330322265625,-904.2330322265625,191.69296264648438,0.0,0.0,640.9622650146484,0.19937479932046986,-0.6520170103099012,37.64374988575364,2.392494876384735,False
59,source_localization_stage4.1.wave_feature_conv1,160,6,1000,0.005,0.0,0.0,post_relu_mean,739.795654296875,-739.795654296875,122.57904815673828,0.0,0.0,546.5895309448242,0.158818805203649,-0.5327629065894495,30.758702918672356,3.1601086246967314,False
61,source_localization_stage4.1.wave_feature_conv2,137,6,1000,0.005,0.0,0.0,post_relu_mean,1350.322265625,-1350.322265625,130.8265838623047,0.0,0.0,1126.7870788574219,0.4872019706534187,-1.0860692955617348,62.70356387837182,7.211063582897186,False
61,source_localization_stage4.1.wave_feature_conv2,196,6,1000,0.005,0.0,0.0,post_relu_mean,1271.2314453125,-1271.2314453125,131.49227905273438,0.0,0.0,1057.359764099121,0.45673537594889674,-1.0186508168410997,58.81121412635195,6.709419052600861,False
61,source_localization_stage4.1.wave_feature_conv2,204,6,1000,0.005,0.0,0.0,post_relu_mean,1079.7371826171875,-1079.7371826171875,131.4112091064453,0.0,0.0,885.5615921020508,0.40500116220642035,-0.8626707011822023,49.80642388409393,5.6728883194923405,False
61,source_localization_stage4.1.wave_feature_conv2,18,6,1000,0.005,0.0,0.0,post_relu_mean,1356.895263671875,-1356.895263671875,128.8946533203125,0.0,0.0,1166.8452987670898,1.4625779351150703,-1.354762453121997,78.21863854779389,6.556368260383606,False
61,source_localization_stage4.1.wave_feature_conv2,227,6,1000,0.005,0.0,0.0,post_relu_mean,1064.492431640625,-1064.492431640625,132.7394256591797,0.0,0.0,872.9787521362305,0.4273258318679432,-0.847595471930255,48.93573901134581,5.531128609180451,False
61,source_localization_stage4.1.wave_feature_conv2,170,6,1000,0.005,0.0,0.0,post_relu_mean,1055.792236328125,-1055.792236328125,132.3048095703125,0.0,0.0,867.9252128601074,0.41727141715150434,-0.8427347312405955,48.65477416821022,5.538340110778808,False
61,source_localization_stage4.1.wave_feature_conv2,248,6,1000,0.005,0.0,0.0,post_relu_mean,890.1210327148438,-890.1210327148438,132.8623809814453,0.0,0.0,707.8763313293457,0.3136464585762356,-0.678825592679612,39.19154650257328,4.5187118315696715,False
61,source_localization_stage4.1.wave_feature_conv2,193,6,1000,0.005,0.0,0.0,post_relu_mean,1075.86181640625,-1075.86181640625,139.39688110351562,0.0,0.0,888.3352127075195,0.8904984995720266,-0.9194640703572519,53.08502575819299,4.681684350967407,False
41,interference_stage3.0.skip_connection.0,126,7,1000,0.005,0.0,0.0,post_relu_mean,1292.3358154296875,-1292.3358154296875,241.7992706298828,0.0,0.0,959.8603515625,0.1644796667029638,-1.0100918229132487,58.316958164218185,2.377063775062561,False
41,interference_stage3.0.skip_connection.0,90,7,1000,0.005,0.0,0.0,post_relu_mean,1159.42919921875,-1159.42919921875,212.11463928222656,0.0,0.0,861.8042602539062,0.14116869481991576,-0.9253853365529694,53.426589851225,2.1185983300209044,False
41,interference_stage3.0.skip_connection.0,103,7,1000,0.005,0.0,0.0,post_relu_mean,1321.2171630859375,-1321.2171630859375,235.96658325195312,0.0,0.0,1001.6534271240234,0.2029701957985631,-1.086641409168774,62.73649640318683,2.43863650560379,False
41,interference_stage3.0.skip_connection.0,68,7,1000,0.005,0.0,0.0,post_relu_mean,1120.7469482421875,-1120.7469482421875,203.86917114257812,0.0,0.0,833.4721221923828,0.14124273525754813,-0.8911277459823458,51.44867953047864,2.1988365173339846,False
41,interference_stage3.0.skip_connection.0,17,7,1000,0.005,0.0,0.0,post_relu_mean,1160.79345703125,-1160.79345703125,213.7032470703125,0.0,0.0,866.0494537353516,0.13945840678632032,-0.9270786223543528,53.52426455558008,2.2217157661914824,False
41,interference_stage3.0.skip_connection.0,79,7,1000,0.005,0.0,0.0,post_relu_mean,1210.772705078125,-1210.772705078125,224.41738891601562,0.0,0.0,905.6796035766602,0.16098513198192285,-0.9682097146270209,55.8991174700108,2.206755748987198,False
41,interference_stage3.0.skip_connection.0,120,7,1000,0.005,0.0,0.0,post_relu_mean,1026.301025390625,-1026.301025390625,200.3661651611328,0.0,0.0,750.1821136474609,0.09356900957061286,-0.7864467866732071,45.4050082005157,1.771666603088379,False
41,interference_stage3.0.skip_connection.0,34,7,1000,0.005,0.0,0.0,post_relu_mean,990.6806030273438,-990.6806030273438,209.62136840820312,0.0,0.0,709.6241607666016,0.10800029060274008,-0.7401423687020399,42.73162071152926,1.7604657167196274,False
44,interference_stage3.1.wave_feature_conv1,28,7,1000,0.005,0.0,0.0,post_relu_mean,3500.176513671875,-3500.176513671875,527.6527099609375,0.0,0.0,2684.0985412597656,0.6146764336384577,-2.898218120797258,167.32679364321726,6.574947862625122,False
44,interference_stage3.1.wave_feature_conv1,125,7,1000,0.005,0.0,0.0,post_relu_mean,3010.556396484375,-3010.556396484375,493.2920227050781,0.0,0.0,2269.570510864258,0.525629482179484,-2.41910969359317,139.6656190653147,5.667843933105469,False
44,interference_stage3.1.wave_feature_conv1,2,7,1000,0.005,0.0,0.0,post_relu_mean,2588.905029296875,-2588.905029296875,554.1954345703125,0.0,0.0,1866.9209899902344,0.5527953068826446,-2.0375473973030966,117.6365563500996,4.590774810314178,False
44,interference_stage3.1.wave_feature_conv1,11,7,1000,0.005,0.0,0.0,post_relu_mean,2202.09130859375,-2202.09130859375,507.5901184082031,0.0,0.0,1528.7161560058594,0.3754373234746374,-1.6504660802555222,95.28853169108487,3.9457240653038026,False
44,interference_stage3.1.wave_feature_conv1,31,7,1000,0.005,0.0,0.0,post_relu_mean,1973.650634765625,-1973.650634765625,481.8075866699219,0.0,0.0,1331.8197631835938,0.30244585476859853,-1.4307216811890027,82.6018310643063,3.5488370740413666,False
44,interference_stage3.1.wave_feature_conv1,92,7,1000,0.005,0.0,0.0,post_relu_mean,2085.487548828125,-2085.487548828125,491.4457702636719,0.0,0.0,1435.1332397460938,0.30160407536471867,-1.5310034718946586,88.39151779125417,3.5494973051548,False
44,interference_stage3.1.wave_feature_conv1,40,7,1000,0.005,0.0,0.0,post_relu_mean,2115.378173828125,-2115.378173828125,516.822265625,0.0,0.0,1443.2178497314453,0.3196426982814735,-1.5786051821095333,91.13990592128509,3.5613683319091796,False
44,interference_stage3.1.wave_feature_conv1,79,7,1000,0.005,0.0,0.0,post_relu_mean,1930.1259765625,-1930.1259765625,482.09124755859375,0.0,0.0,1301.3445129394531,0.29153906638610505,-1.398049596289956,80.71543348664265,3.3810284900665284,False
46,interference_stage3.1.wave_feature_conv2,19,7,1000,0.005,0.0,0.0,post_relu_mean,2448.990478515625,-2448.990478515625,298.1387939453125,0.0,0.0,1949.1856842041016,0.5429330526673813,-2.0994956546887305,121.21296213738297,4.987957165241242,False
46,interference_stage3.1.wave_feature_conv2,34,7,1000,0.005,0.0,0.0,post_relu_mean,2239.46533203125,-2239.46533203125,308.109375,0.0,0.0,1745.948989868164,0.4187804085287029,-1.880185164175003,108.55126035418677,4.311440947055817,False
46,interference_stage3.1.wave_feature_conv2,32,7,1000,0.005,0.0,0.0,post_relu_mean,2174.593994140625,-2174.593994140625,334.0439147949219,0.0,0.0,1689.37158203125,0.6948276098373503,-1.8580946842091464,107.27607131544227,4.672086012363434,False
46,interference_stage3.1.wave_feature_conv2,114,7,1000,0.005,0.0,0.0,post_relu_mean,1434.14208984375,-1434.14208984375,302.8437805175781,0.0,0.0,1018.7364807128906,0.24062370650644002,-1.099287109649665,63.466624175999605,2.516996439695358,False
46,interference_stage3.1.wave_feature_conv2,107,7,1000,0.005,0.0,0.0,post_relu_mean,1370.13671875,-1370.13671875,295.4075622558594,0.0,0.0,969.6886749267578,0.26605546664837393,-1.0402915433756204,60.06051509185034,2.6082946026325224,False
46,interference_stage3.1.wave_feature_conv2,28,7,1000,0.005,0.0,0.0,post_relu_mean,1372.2802734375,-1372.2802734375,328.8876647949219,0.0,0.0,942.8562927246094,0.26522240276828724,-1.0203505361224117,58.90925012112298,2.441323672533035,False
46,interference_stage3.1.wave_feature_conv2,83,7,1000,0.005,0.0,0.0,post_relu_mean,1387.23779296875,-1387.23779296875,317.25848388671875,0.0,0.0,972.2357025146484,0.24101519847576156,-1.047257396629618,60.46269830636596,2.408769565820694,False
46,interference_stage3.1.wave_feature_conv2,51,7,1000,0.005,0.0,0.0,post_relu_mean,1432.778564453125,-1432.778564453125,332.56494140625,0.0,0.0,1004.3212966918945,0.42022709856802704,-1.1093583319960196,64.04810282557726,2.9707108080387115,False
51,source_localization_stage4.0.wave_feature_conv1,146,7,1000,0.005,0.0,0.0,post_relu_mean,3191.71875,-3191.71875,505.8153076171875,0.0,0.0,2417.9442749023438,0.5220452450692549,-2.6271074232300142,151.67430963612827,5.861981718540192,False
51,source_localization_stage4.0.wave_feature_conv1,131,7,1000,0.005,0.0,0.0,post_relu_mean,3110.383544921875,-3110.383544921875,469.0587158203125,0.0,0.0,2374.9697265625,0.5430816744345313,-2.5644903278343674,148.05908281663199,5.974395093917846,False
51,source_localization_stage4.0.wave_feature_conv1,240,7,1000,0.005,0.0,0.0,post_relu_mean,4010.61279296875,-4010.61279296875,390.00030517578125,0.0,0.0,3359.592498779297,2.821932713515612,-3.597083741058369,207.67531329252643,16.380368542671203,False
51,source_localization_stage4.0.wave_feature_conv1,232,7,1000,0.005,0.0,0.0,post_relu_mean,3114.2900390625,-3114.2900390625,446.2112121582031,0.0,0.0,2425.1486053466797,0.9997609082648757,-2.6348314157072683,152.1202697550184,7.439526655673981,False
51,source_localization_stage4.0.wave_feature_conv1,4,7,1000,0.005,0.0,0.0,post_relu_mean,2908.796630859375,-2908.796630859375,475.9875183105469,0.0,0.0,2194.4024047851562,0.49735593861773797,-2.359471274776254,136.22245132184887,5.4397674179077145,False
51,source_localization_stage4.0.wave_feature_conv1,66,7,1000,0.005,0.0,0.0,post_relu_mean,3026.7841796875,-3026.7841796875,519.3662109375,0.0,0.0,2272.7149963378906,0.600116996767849,-2.483049237394265,143.35714657987896,5.732949202060699,False
51,source_localization_stage4.0.wave_feature_conv1,230,7,1000,0.005,0.0,0.0,post_relu_mean,2723.37548828125,-2723.37548828125,457.4511413574219,0.0,0.0,2047.8077087402344,0.4744528220388163,-2.2088098876055886,127.52411981661298,5.087059824466706,False
51,source_localization_stage4.0.wave_feature_conv1,241,7,1000,0.005,0.0,0.0,post_relu_mean,2632.7138671875,-2632.7138671875,459.4041748046875,0.0,0.0,1962.5077209472656,0.479815649353379,-2.095207869271438,120.96539219303816,4.983564083576202,False
53,source_localization_stage4.0.wave_feature_conv2,157,7,1000,0.005,0.0,0.0,post_relu_mean,1095.0882568359375,-1095.0882568359375,118.50957489013672,0.0,0.0,887.6793746948242,0.21764722926981953,-0.9557390215730733,55.17894223587573,2.320119377374649,False
53,source_localization_stage4.0.wave_feature_conv2,170,7,1000,0.005,0.0,0.0,post_relu_mean,1461.740234375,-1461.740234375,119.6535415649414,0.0,0.0,1272.5965728759766,0.9092238715922542,-1.3833189649016129,79.86500617024478,5.476421883106232,False
53,source_localization_stage4.0.wave_feature_conv2,118,7,1000,0.005,0.0,0.0,post_relu_mean,1364.455810546875,-1364.455810546875,98.71998596191406,0.0,0.0,1198.1602783203125,1.2764368872573917,-1.2394388752846264,71.55815213780429,7.473891634941101,False
53,source_localization_stage4.0.wave_feature_conv2,112,7,1000,0.005,0.0,0.0,post_relu_mean,867.8837890625,-867.8837890625,148.80291748046875,0.0,0.0,654.4969482421875,0.24978208555021145,-0.7022655784442706,40.54482586674891,2.0208009022474287,False
53,source_localization_stage4.0.wave_feature_conv2,193,7,1000,0.005,0.0,0.0,post_relu_mean,1344.4334716796875,-1344.4334716796875,93.9402084350586,0.0,0.0,1187.943790435791,1.3300482019203543,-1.2224578265976425,70.57780049568228,7.63492663860321,False
53,source_localization_stage4.0.wave_feature_conv2,146,7,1000,0.005,0.0,0.0,post_relu_mean,1023.4119873046875,-1023.4119873046875,96.88436126708984,0.0,0.0,866.9722061157227,0.9741292781849409,-0.9137070374848968,52.752263338411886,5.473168213367462,False
53,source_localization_stage4.0.wave_feature_conv2,119,7,1000,0.005,0.0,0.0,post_relu_mean,745.017333984375,-745.017333984375,127.84683990478516,0.0,0.0,559.9169158935547,0.17387086317646186,-0.6118081588590619,35.322335145842935,1.6274431663751603,False
53,source_localization_stage4.0.wave_feature_conv2,206,7,1000,0.005,0.0,0.0,post_relu_mean,771.2826538085938,-771.2826538085938,113.10260009765625,0.0,0.0,601.1122360229492,0.17007891007113,-0.6407535871074999,36.99347753944707,1.6401825708150863,False
56,source_localization_stage4.0.skip_connection.0,121,7,1000,0.005,0.0,0.0,post_relu_mean,1294.1500244140625,-1294.1500244140625,212.33114624023438,0.0,0.0,974.5922775268555,0.279656868895442,-1.0478753419488562,60.49836055052775,2.778167778253555,False
56,source_localization_stage4.0.skip_connection.0,157,7,1000,0.005,0.0,0.0,post_relu_mean,1398.0350341796875,-1398.0350341796875,219.96214294433594,0.0,0.0,1074.5134658813477,0.29528426737892505,-1.1744514463386486,67.80614151749212,2.779550001621246,False
56,source_localization_stage4.0.skip_connection.0,146,7,1000,0.005,0.0,0.0,post_relu_mean,1152.4222412109375,-1152.4222412109375,193.19570922851562,0.0,0.0,859.3382415771484,0.3259315452551386,-0.9298923902540922,53.68673550105158,2.9025848174095152,False
56,source_localization_stage4.0.skip_connection.0,105,7,1000,0.005,0.0,0.0,post_relu_mean,1201.44580078125,-1201.44580078125,195.70021057128906,0.0,0.0,912.2445526123047,0.24956949819873867,-1.0022538722647756,57.865132806734564,2.64003138422966,False
56,source_localization_stage4.0.skip_connection.0,205,7,1000,0.005,0.0,0.0,post_relu_mean,1185.4176025390625,-1185.4176025390625,216.07142639160156,0.0,0.0,876.1906051635742,0.20179832330867672,-0.9486316200873772,54.768679728740075,2.316981003284454,False
56,source_localization_stage4.0.skip_connection.0,4,7,1000,0.005,0.0,0.0,post_relu_mean,1202.4619140625,-1202.4619140625,222.3852081298828,0.0,0.0,887.2851333618164,0.19158708692555468,-0.9481081761693699,54.7383777814307,2.2232566797733306,False
56,source_localization_stage4.0.skip_connection.0,126,7,1000,0.005,0.0,0.0,post_relu_mean,1223.529541015625,-1223.529541015625,230.63034057617188,0.0,0.0,905.1992263793945,0.23233847987217587,-0.9763078159442998,56.36655748693373,2.3383189368247987,False
56,source_localization_stage4.0.skip_connection.0,118,7,1000,0.005,0.0,0.0,post_relu_mean,1248.080078125,-1248.080078125,171.6020965576172,0.0,0.0,994.4204559326172,0.6699640980568408,-1.0616029613692002,61.29101246240089,4.291901564598083,False
59,source_localization_stage4.1.wave_feature_conv1,123,7,1000,0.005,0.0,0.0,post_relu_mean,2061.99169921875,-2061.99169921875,153.90744018554688,0.0,0.0,1765.103286743164,1.353359381557407,-1.860615852279852,107.42252284340614,8.819188694953919,False
59,source_localization_stage4.1.wave_feature_conv1,56,7,1000,0.005,0.0,0.0,post_relu_mean,1821.17724609375,-1821.17724609375,147.4292449951172,0.0,0.0,1549.2190399169922,1.325992297145264,-1.605821198752625,92.71131884825996,8.1007674574852,False
59,source_localization_stage4.1.wave_feature_conv1,5,7,1000,0.005,0.0,0.0,post_relu_mean,820.91748046875,-820.91748046875,172.69903564453125,0.0,0.0,573.6548080444336,0.18025731641829576,-0.6135720830459727,35.42417966599652,1.8608188670873642,False
59,source_localization_stage4.1.wave_feature_conv1,127,7,1000,0.005,0.0,0.0,post_relu_mean,1222.256591796875,-1222.256591796875,147.34890747070312,0.0,0.0,1000.6298294067383,0.902615969100548,-1.0418241085909956,60.14899835475511,5.327968294620514,False
59,source_localization_stage4.1.wave_feature_conv1,171,7,1000,0.005,0.0,0.0,post_relu_mean,872.7205810546875,-872.7205810546875,168.58331298828125,0.0,0.0,629.8876190185547,0.248979760325844,-0.6545607111704892,37.79062143931232,2.5331523764133452,False
59,source_localization_stage4.1.wave_feature_conv1,90,7,1000,0.005,0.0,0.0,post_relu_mean,1005.47607421875,-1005.47607421875,179.0868682861328,0.0,0.0,754.1204833984375,0.24687400560271133,-0.8133604214739156,46.95880530874725,2.1558514654636385,False
59,source_localization_stage4.1.wave_feature_conv1,138,7,1000,0.005,0.0,0.0,post_relu_mean,850.2265625,-850.2265625,154.3152313232422,0.0,0.0,625.659049987793,0.14295532989228293,-0.6773521794709906,39.106523779298456,1.7712667852640152,False
59,source_localization_stage4.1.wave_feature_conv1,232,7,1000,0.005,0.0,0.0,post_relu_mean,762.9615478515625,-762.9615478515625,161.42759704589844,0.0,0.0,537.6992073059082,0.14902859941285543,-0.5873153273839168,33.90827937601254,1.6216395431756974,False
61,source_localization_stage4.1.wave_feature_conv2,243,7,1000,0.005,0.0,0.0,post_relu_mean,931.0355224609375,-931.0355224609375,135.9803009033203,0.0,0.0,715.3026885986328,0.3231597776864517,-0.7528001046400672,43.46392728126414,2.882749261856079,False
61,source_localization_stage4.1.wave_feature_conv2,18,7,1000,0.005,0.0,0.0,post_relu_mean,1078.0235595703125,-1078.0235595703125,103.44544219970703,0.0,0.0,912.3306312561035,1.0228922898415234,-0.9886382126899362,57.081510439695705,5.249185113906861,False
61,source_localization_stage4.1.wave_feature_conv2,167,7,1000,0.005,0.0,0.0,post_relu_mean,1087.56787109375,-1087.56787109375,109.35957336425781,0.0,0.0,919.286018371582,1.311618809760581,-1.0779741876359408,62.23835029617722,5.034950087070465,False
61,source_localization_stage4.1.wave_feature_conv2,100,7,1000,0.005,0.0,0.0,post_relu_mean,638.9906005859375,-638.9906005859375,127.62360382080078,0.0,0.0,467.9186248779297,0.34153491924412177,-0.492084734087041,28.410274243920874,2.3785627841949464,False
61,source_localization_stage4.1.wave_feature_conv2,40,7,1000,0.005,0.0,0.0,post_relu_mean,533.7827758789062,-533.7827758789062,145.59703063964844,0.0,0.0,345.6003532409668,0.20561459856860967,-0.34521503118602137,19.930808101191865,1.7198531067371368,False
61,source_localization_stage4.1.wave_feature_conv2,52,7,1000,0.005,0.0,0.0,post_relu_mean,873.801025390625,-873.801025390625,128.3211669921875,0.0,0.0,703.4055862426758,0.8611610141089304,-0.7400290151144159,42.72801159196986,3.483546392917633,False
61,source_localization_stage4.1.wave_feature_conv2,203,7,1000,0.005,0.0,0.0,post_relu_mean,695.263671875,-695.263671875,130.75372314453125,0.0,0.0,522.4844551086426,0.13680030477203234,-0.5069506256623091,29.268465392722657,2.4901371610164644,False
61,source_localization_stage4.1.wave_feature_conv2,191,7,1000,0.005,0.0,0.0,post_relu_mean,614.7669677734375,-614.7669677734375,136.214111328125,0.0,0.0,438.07582092285156,0.14809808254469037,-0.424701038630397,24.519875771321402,2.1235905718803405,False
41,interference_stage3.0.skip_connection.0,126,8,1000,0.005,0.0,0.0,post_relu_mean,1331.7025146484375,-1331.7025146484375,251.0536346435547,0.0,0.0,983.76904296875,0.1586524466339397,-1.0287745613745323,59.395603518556214,2.4149403405189513,False
41,interference_stage3.0.skip_connection.0,90,8,1000,0.005,0.0,0.0,post_relu_mean,1210.168701171875,-1210.168701171875,217.7185821533203,0.0,0.0,896.3640213012695,0.13308616254303193,-0.9420937598330095,54.39113104326986,2.300424052476883,False
41,interference_stage3.0.skip_connection.0,68,8,1000,0.005,0.0,0.0,post_relu_mean,1196.7122802734375,-1196.7122802734375,215.62173461914062,0.0,0.0,886.6312561035156,0.1361413854538902,-0.9366233733327465,54.075306866902594,2.3514735853672026,False
41,interference_stage3.0.skip_connection.0,103,8,1000,0.005,0.0,0.0,post_relu_mean,1316.7459716796875,-1316.7459716796875,234.76351928710938,0.0,0.0,989.0760726928711,0.16697915714303488,-1.0498125417307795,60.61020367474821,2.5166836845874787,False
41,interference_stage3.0.skip_connection.0,17,8,1000,0.005,0.0,0.0,post_relu_mean,1207.7572021484375,-1207.7572021484375,224.42562866210938,0.0,0.0,895.5855102539062,0.16469435319107434,-0.948039950373149,54.734445603626305,2.3050318229198457,False
41,interference_stage3.0.skip_connection.0,79,8,1000,0.005,0.0,0.0,post_relu_mean,1222.158935546875,-1222.158935546875,230.74708557128906,0.0,0.0,903.8654098510742,0.14030160410004472,-0.9527036517435151,55.00376875580537,2.182625362873077,False
41,interference_stage3.0.skip_connection.0,120,8,1000,0.005,0.0,0.0,post_relu_mean,1059.37548828125,-1059.37548828125,206.07357788085938,0.0,0.0,767.3594589233398,0.10190662534312525,-0.7917210380973636,45.70946772704987,1.8655471843481064,False
41,interference_stage3.0.skip_connection.0,34,8,1000,0.005,0.0,0.0,post_relu_mean,1046.203369140625,-1046.203369140625,222.04058837890625,0.0,0.0,744.3267669677734,0.11592431180282699,-0.7795308113141061,45.00567686774936,1.8720162171125412,False
44,interference_stage3.1.wave_feature_conv1,28,8,1000,0.005,0.0,0.0,post_relu_mean,3617.40625,-3617.40625,558.5238647460938,0.0,0.0,2747.4361877441406,0.6080123774134509,-2.8998215138483934,167.4192608489502,6.836403756141663,False
44,interference_stage3.1.wave_feature_conv1,125,8,1000,0.005,0.0,0.0,post_relu_mean,3172.015380859375,-3172.015380859375,529.589111328125,0.0,0.0,2367.92041015625,0.5572530665617558,-2.474567901673127,142.86755226271623,6.146514408588409,False
44,interference_stage3.1.wave_feature_conv1,2,8,1000,0.005,0.0,0.0,post_relu_mean,2724.786376953125,-2724.786376953125,592.511962890625,0.0,0.0,1928.8060913085938,0.5221065572180479,-2.0675645990270843,119.36944543460623,4.883678996562958,False
44,interference_stage3.1.wave_feature_conv1,92,8,1000,0.005,0.0,0.0,post_relu_mean,2230.980712890625,-2230.980712890625,536.5282592773438,0.0,0.0,1505.2814025878906,0.2676350039213152,-1.5736209135514028,90.85193572008939,3.8579726934432985,False
44,interference_stage3.1.wave_feature_conv1,40,8,1000,0.005,0.0,0.0,post_relu_mean,2226.42431640625,-2226.42431640625,550.8784790039062,0.0,0.0,1490.838134765625,0.25752364397334454,-1.5819399872203834,91.33220796702243,3.7463675332069397,False
44,interference_stage3.1.wave_feature_conv1,11,8,1000,0.005,0.0,0.0,post_relu_mean,2399.91455078125,-2399.91455078125,558.8426513671875,0.0,0.0,1665.2756958007812,0.4930235105036307,-1.7682448300526357,102.0884161546977,4.484135932922364,False
44,interference_stage3.1.wave_feature_conv1,69,8,1000,0.005,0.0,0.0,post_relu_mean,2208.659912109375,-2208.659912109375,557.9216918945312,0.0,0.0,1475.707504272461,0.292640596188868,-1.5491206270024915,89.43741675503483,3.7206116843223573,False
44,interference_stage3.1.wave_feature_conv1,100,8,1000,0.005,0.0,0.0,post_relu_mean,2057.388427734375,-2057.388427734375,530.197265625,0.0,0.0,1362.3893432617188,0.334651322365311,-1.4094947998394787,81.37620753629182,3.768040866851807,False
46,interference_stage3.1.wave_feature_conv2,34,8,1000,0.005,0.0,0.0,post_relu_mean,2380.8974609375,-2380.8974609375,345.0218505859375,0.0,0.0,1808.1792755126953,0.25767577270773945,-1.9017465998478573,109.79605304673574,4.66684182882309,False
46,interference_stage3.1.wave_feature_conv2,19,8,1000,0.005,0.0,0.0,post_relu_mean,2590.84716796875,-2590.84716796875,323.2347412109375,0.0,0.0,2044.1304321289062,0.5431251160520071,-2.1347630718966215,123.24909947049527,5.470843486785888,False
46,interference_stage3.1.wave_feature_conv2,32,8,1000,0.005,0.0,0.0,post_relu_mean,2293.847900390625,-2293.847900390625,365.59698486328125,0.0,0.0,1745.1632690429688,0.5608786153487089,-1.876867437097304,108.35966339588636,4.801263418197632,False
46,interference_stage3.1.wave_feature_conv2,114,8,1000,0.005,0.0,0.0,post_relu_mean,1545.8189697265625,-1545.8189697265625,341.4480895996094,0.0,0.0,1073.300537109375,0.18794970821993337,-1.1332952565910093,65.4300331038738,2.8281935620307923,False
46,interference_stage3.1.wave_feature_conv2,107,8,1000,0.005,0.0,0.0,post_relu_mean,1472.8868408203125,-1472.8868408203125,322.3603820800781,0.0,0.0,1024.715805053711,0.21367731587411962,-1.0619692130486855,61.312070335385364,2.8734927117824554,False
46,interference_stage3.1.wave_feature_conv2,83,8,1000,0.005,0.0,0.0,post_relu_mean,1475.225830078125,-1475.225830078125,349.8075256347656,0.0,0.0,1005.4623031616211,0.165668650628309,-1.0540766222707816,60.856411147512496,2.559299613237381,False
46,interference_stage3.1.wave_feature_conv2,27,8,1000,0.005,0.0,0.0,post_relu_mean,1415.6473388671875,-1415.6473388671875,343.23828125,0.0,0.0,958.3489990234375,0.1687427355140092,-1.0120653344702755,58.430890842948536,2.448557209968567,False
46,interference_stage3.1.wave_feature_conv2,28,8,1000,0.005,0.0,0.0,post_relu_mean,1464.639892578125,-1464.639892578125,351.8771667480469,0.0,0.0,1004.6339721679688,0.28453438560970135,-1.0580532180693434,61.08609098371568,2.6868965911865232,False
51,source_localization_stage4.0.wave_feature_conv1,131,8,1000,0.005,0.0,0.0,post_relu_mean,3305.7255859375,-3305.7255859375,509.2344665527344,0.0,0.0,2493.8270568847656,0.49163300593513265,-2.6142707706486603,150.93312873339354,6.547601764202118,False
51,source_localization_stage4.0.wave_feature_conv1,146,8,1000,0.005,0.0,0.0,post_relu_mean,3334.92919921875,-3334.92919921875,532.577880859375,0.0,0.0,2501.750213623047,0.45966885368002514,-2.6237401587505502,151.47981864921996,6.371561753749847,False
51,source_localization_stage4.0.wave_feature_conv1,4,8,1000,0.005,0.0,0.0,post_relu_mean,3105.40087890625,-3105.40087890625,515.0264892578125,0.0,0.0,2316.3238525390625,0.5015611453585833,-2.439655695066693,140.852039862809,6.156253185272217,False
51,source_localization_stage4.0.wave_feature_conv1,230,8,1000,0.005,0.0,0.0,post_relu_mean,2834.23095703125,-2834.23095703125,495.9419250488281,0.0,0.0,2071.7356872558594,0.3219528554591064,-2.1682308280851554,125.18130833321548,5.462719798088074,False
51,source_localization_stage4.0.wave_feature_conv1,66,8,1000,0.005,0.0,0.0,post_relu_mean,3166.545654296875,-3166.545654296875,550.5834350585938,0.0,0.0,2350.867401123047,0.5759650752888201,-2.490605268427609,143.79340660832239,6.322787356376648,False
51,source_localization_stage4.0.wave_feature_conv1,232,8,1000,0.005,0.0,0.0,post_relu_mean,3335.53076171875,-3335.53076171875,489.6458435058594,0.0,0.0,2598.466812133789,1.122930920555968,-2.8517170981642703,164.64223533551504,8.148101847171784,False
51,source_localization_stage4.0.wave_feature_conv1,241,8,1000,0.005,0.0,0.0,post_relu_mean,2786.491943359375,-2786.491943359375,502.14447021484375,0.0,0.0,2039.918212890625,0.4426245166168198,-2.157867013325724,124.5831101084853,5.45866117477417,False
51,source_localization_stage4.0.wave_feature_conv1,178,8,1000,0.005,0.0,0.0,post_relu_mean,2708.185546875,-2708.185546875,507.1336669921875,0.0,0.0,1970.3169250488281,0.4496403527459893,-2.0700064373252394,119.51039529779197,5.293641228675842,False
53,source_localization_stage4.0.wave_feature_conv2,157,8,1000,0.005,0.0,0.0,post_relu_mean,1139.6876220703125,-1139.6876220703125,119.92562866210938,0.0,0.0,907.0261001586914,0.17562140910331536,-0.9736880322185054,56.215216058852775,2.6129722917079925,False
53,source_localization_stage4.0.wave_feature_conv2,206,8,1000,0.005,0.0,0.0,post_relu_mean,784.7876586914062,-784.7876586914062,114.1175537109375,0.0,0.0,590.7259140014648,0.13220421832136905,-0.6202671694142207,35.810707871930006,1.9349617820978164,False
53,source_localization_stage4.0.wave_feature_conv2,170,8,1000,0.005,0.0,0.0,post_relu_mean,1521.3712158203125,-1521.3712158203125,121.9454345703125,0.0,0.0,1328.4705657958984,1.0165793472479079,-1.444626724768461,83.4051418542303,6.184712476730347,False
53,source_localization_stage4.0.wave_feature_conv2,109,8,1000,0.005,0.0,0.0,post_relu_mean,754.8275146484375,-754.8275146484375,124.57855987548828,0.0,0.0,559.4769668579102,0.12368531492836306,-0.5990571236143697,34.58615938148042,1.7433144855499267,False
53,source_localization_stage4.0.wave_feature_conv2,35,8,1000,0.005,0.0,0.0,post_relu_mean,662.9427490234375,-662.9427490234375,118.49462890625,0.0,0.0,479.7856903076172,0.11807377383278551,-0.5073865486316113,29.293613847591708,1.614352712035179,False
53,source_localization_stage4.0.wave_feature_conv2,112,8,1000,0.005,0.0,0.0,post_relu_mean,917.114013671875,-917.114013671875,163.1684112548828,0.0,0.0,698.7796363830566,0.28415673637070377,-0.7233838022006459,41.76408485785535,2.1790016639232634,False
53,source_localization_stage4.0.wave_feature_conv2,119,8,1000,0.005,0.0,0.0,post_relu_mean,772.1593627929688,-772.1593627929688,145.01742553710938,0.0,0.0,572.5649337768555,0.14784695366855366,-0.611191107620403,35.28671422314899,1.5721816521883012,False
53,source_localization_stage4.0.wave_feature_conv2,115,8,1000,0.005,0.0,0.0,post_relu_mean,640.0924682617188,-640.0924682617188,125.86209869384766,0.0,0.0,462.83043670654297,0.12161897377219869,-0.5026578804576316,29.02063839893318,1.3565388989448548,False
56,source_localization_stage4.0.skip_connection.0,157,8,1000,0.005,0.0,0.0,post_relu_mean,1504.8216552734375,-1504.8216552734375,235.3525390625,0.0,0.0,1150.6661987304688,0.24154306764620204,-1.2300903384401016,71.0184829844176,2.911173861026764,False
56,source_localization_stage4.0.skip_connection.0,121,8,1000,0.005,0.0,0.0,post_relu_mean,1456.7943115234375,-1456.7943115234375,237.84912109375,0.0,0.0,1104.8833847045898,0.31075990165817546,-1.1683929156792152,67.4564052373352,3.0805178654193877,False
56,source_localization_stage4.0.skip_connection.0,4,8,1000,0.005,0.0,0.0,post_relu_mean,1274.8875732421875,-1274.8875732421875,235.1905059814453,0.0,0.0,934.9130249023438,0.14825220447208776,-0.9762703738766566,56.36430473176597,2.344873831272125,False
56,source_localization_stage4.0.skip_connection.0,205,8,1000,0.005,0.0,0.0,post_relu_mean,1260.4453125,-1260.4453125,231.7899627685547,0.0,0.0,930.7804412841797,0.21026295230899184,-0.9840223237789197,56.81212673642828,2.499009076356888,False
56,source_localization_stage4.0.skip_connection.0,126,8,1000,0.005,0.0,0.0,post_relu_mean,1298.9791259765625,-1298.9791259765625,245.3300018310547,0.0,0.0,958.4607772827148,0.2071404496834903,-1.015442576524618,58.625903325957964,2.466669579744339,False
56,source_localization_stage4.0.skip_connection.0,105,8,1000,0.005,0.0,0.0,post_relu_mean,1243.5263671875,-1243.5263671875,209.98037719726562,0.0,0.0,938.4594421386719,0.23362236737295294,-1.0059429565420532,58.0776143871,2.7379140186309816,False
56,source_localization_stage4.0.skip_connection.0,189,8,1000,0.005,0.0,0.0,post_relu_mean,1204.7379150390625,-1204.7379150390625,235.37423706054688,0.0,0.0,874.3115234375,0.19298684498678484,-0.9191561168881517,53.06687937741567,2.4038217735290526,False
56,source_localization_stage4.0.skip_connection.0,124,8,1000,0.005,0.0,0.0,post_relu_mean,1212.750732421875,-1212.750732421875,228.0894317626953,0.0,0.0,893.5631561279297,0.20853564571162306,-0.9474921300217564,54.70286780404352,2.3698513424396515,False
59,source_localization_stage4.1.wave_feature_conv1,90,8,1000,0.005,0.0,0.0,post_relu_mean,1071.43310546875,-1071.43310546875,170.86672973632812,0.0,0.0,811.7914962768555,0.15174045096439828,-0.872086311465648,50.34932745871012,2.2471305358409883,False
59,source_localization_stage4.1.wave_feature_conv1,138,8,1000,0.005,0.0,0.0,post_relu_mean,880.535888671875,-880.535888671875,156.7881622314453,0.0,0.0,647.1858520507812,0.12445554760205246,-0.6804224230209027,39.28375797373644,1.9645008051395416,False
59,source_localization_stage4.1.wave_feature_conv1,244,8,1000,0.005,0.0,0.0,post_relu_mean,800.0916137695312,-800.0916137695312,155.33453369140625,0.0,0.0,574.0298767089844,0.08715159484470045,-0.5942994410126368,34.31149045199716,1.7527086687088014,False
59,source_localization_stage4.1.wave_feature_conv1,232,8,1000,0.005,0.0,0.0,post_relu_mean,824.799560546875,-824.799560546875,156.56106567382812,0.0,0.0,597.5624389648438,0.12110072212006638,-0.6210403870631435,35.855337785345355,1.799048820734024,False
59,source_localization_stage4.1.wave_feature_conv1,204,8,1000,0.005,0.0,0.0,post_relu_mean,877.6710205078125,-877.6710205078125,158.85855102539062,0.0,0.0,651.0397720336914,0.2149476177088324,-0.6717317683918661,38.78221881052067,2.1382482647895813,False
59,source_localization_stage4.1.wave_feature_conv1,14,8,1000,0.005,0.0,0.0,post_relu_mean,709.2303466796875,-709.2303466796875,145.0516357421875,0.0,0.0,499.99989318847656,0.10598518872578146,-0.5205292999146267,30.052427563152072,1.668578495979309,False
59,source_localization_stage4.1.wave_feature_conv1,5,8,1000,0.005,0.0,0.0,post_relu_mean,857.8566284179688,-857.8566284179688,170.566162109375,0.0,0.0,624.9591331481934,0.1880994426319991,-0.6523600357617584,37.66355670695649,1.8590726155042647,False
59,source_localization_stage4.1.wave_feature_conv1,155,8,1000,0.005,0.0,0.0,post_relu_mean,789.6463012695312,-789.6463012695312,148.65411376953125,0.0,0.0,585.429443359375,0.1877323735958262,-0.6196318077660192,35.77405899837162,2.007756869196892,False
61,source_localization_stage4.1.wave_feature_conv2,243,8,1000,0.005,0.0,0.0,post_relu_mean,1133.6265869140625,-1133.6265869140625,155.3042449951172,0.0,0.0,934.8214149475098,0.9480829739958289,-1.0599794398546485,61.19974286650776,3.9081702435016634,False
61,source_localization_stage4.1.wave_feature_conv2,167,8,1000,0.005,0.0,0.0,post_relu_mean,1090.459716796875,-1090.459716796875,114.0034408569336,0.0,0.0,935.5636405944824,1.1925569699122847,-1.205394433048082,69.5930292073497,4.603932983875275,False
61,source_localization_stage4.1.wave_feature_conv2,4,8,1000,0.005,0.0,0.0,post_relu_mean,361.462646484375,-361.462646484375,78.33212280273438,0.0,0.0,249.85768127441406,0.047753333698710855,-0.2587114011003046,14.936527762955647,1.0505624151229858,False
61,source_localization_stage4.1.wave_feature_conv2,18,8,1000,0.005,0.0,0.0,post_relu_mean,1417.9595947265625,-1417.9595947265625,142.1375732421875,0.0,0.0,1245.026123046875,1.6838062671207525,-1.1582387162828487,66.8722197927031,6.707743673324585,False
61,source_localization_stage4.1.wave_feature_conv2,100,8,1000,0.005,0.0,0.0,post_relu_mean,872.29638671875,-872.29638671875,179.29246520996094,0.0,0.0,662.7370796203613,0.7833466644555708,-0.730075752855125,42.15785537876943,3.092586452960968,False
61,source_localization_stage4.1.wave_feature_conv2,42,8,1000,0.005,0.0,0.0,post_relu_mean,334.1380310058594,-334.1380310058594,80.6467056274414,0.0,0.0,226.8324851989746,0.051073559005461046,-0.22880522241937876,13.209924272407237,0.9416646078228951,False
61,source_localization_stage4.1.wave_feature_conv2,234,8,1000,0.005,0.0,0.0,post_relu_mean,318.3038024902344,-318.3038024902344,63.5062255859375,0.0,0.0,228.45092391967773,0.03173446058028338,-0.23028759957432776,13.295497482533015,0.8256865918636322,False
61,source_localization_stage4.1.wave_feature_conv2,132,8,1000,0.005,0.0,0.0,post_relu_mean,295.86541748046875,-295.86541748046875,84.66432189941406,0.0,0.0,185.74501037597656,0.034103964855543865,-0.19094644540643543,11.024166791822722,0.8094883650541306,False
41,interference_stage3.0.skip_connection.0,126,9,1000,0.005,0.0,0.0,post_relu_mean,1345.302490234375,-1345.302490234375,254.25674438476562,0.0,0.0,993.7989349365234,0.1735031098127153,-1.0416552404319142,60.13925642317639,2.4531587064266205,False
41,interference_stage3.0.skip_connection.0,103,9,1000,0.005,0.0,0.0,post_relu_mean,1345.605224609375,-1345.605224609375,239.96823120117188,0.0,0.0,1011.1263885498047,0.18445841874278365,-1.0698806424170615,61.76892448862437,2.5526872622966765,False
41,interference_stage3.0.skip_connection.0,90,9,1000,0.005,0.0,0.0,post_relu_mean,1196.126220703125,-1196.126220703125,221.47377014160156,0.0,0.0,882.9836654663086,0.12697490852335042,-0.9157183225845296,52.86836555154862,2.2526134741306305,False
41,interference_stage3.0.skip_connection.0,68,9,1000,0.005,0.0,0.0,post_relu_mean,1159.372802734375,-1159.372802734375,212.92410278320312,0.0,0.0,856.0679397583008,0.121903146299374,-0.8998696255553364,51.95335342535304,2.3137006998062133,False
41,interference_stage3.0.skip_connection.0,79,9,1000,0.005,0.0,0.0,post_relu_mean,1230.8245849609375,-1230.8245849609375,236.80917358398438,0.0,0.0,910.2121429443359,0.15172195506747116,-0.9638916380471768,55.64964066903784,2.2185329937934877,False
41,interference_stage3.0.skip_connection.0,17,9,1000,0.005,0.0,0.0,post_relu_mean,1194.420654296875,-1194.420654296875,222.6527099609375,0.0,0.0,888.5911636352539,0.16265056070030914,-0.9339938891233512,53.92349792440269,2.308567637205124,False
41,interference_stage3.0.skip_connection.0,120,9,1000,0.005,0.0,0.0,post_relu_mean,1051.134765625,-1051.134765625,206.287109375,0.0,0.0,763.2946166992188,0.10672171526212663,-0.7997870981778207,46.175159991261594,1.8757731622457505,False
41,interference_stage3.0.skip_connection.0,34,9,1000,0.005,0.0,0.0,post_relu_mean,1062.0958251953125,-1062.0958251953125,225.647705078125,0.0,0.0,758.0516052246094,0.12401043587685842,-0.7934943068706114,45.81191539891155,1.9145035994052888,False
44,interference_stage3.1.wave_feature_conv1,28,9,1000,0.005,0.0,0.0,post_relu_mean,3689.440185546875,-3689.440185546875,574.097900390625,0.0,0.0,2812.5972290039062,0.6663878022021793,-2.9597390799027785,170.87854152750072,6.945450539588928,False
44,interference_stage3.1.wave_feature_conv1,125,9,1000,0.005,0.0,0.0,post_relu_mean,3207.554931640625,-3207.554931640625,542.569580078125,0.0,0.0,2400.8675537109375,0.5849666834993609,-2.499247392805914,144.2923637572655,6.203793878555298,False
44,interference_stage3.1.wave_feature_conv1,2,9,1000,0.005,0.0,0.0,post_relu_mean,2762.102294921875,-2762.102294921875,600.34814453125,0.0,0.0,1964.3677368164062,0.5908986064135721,-2.0587290197086467,118.85935117294797,5.0290460205078125,False
44,interference_stage3.1.wave_feature_conv1,92,9,1000,0.005,0.0,0.0,post_relu_mean,2255.912109375,-2255.912109375,548.1874389648438,0.0,0.0,1525.685562133789,0.31541565518152487,-1.5772622630995456,91.06222154464372,3.9517186892032625,False
44,interference_stage3.1.wave_feature_conv1,40,9,1000,0.005,0.0,0.0,post_relu_mean,2276.04833984375,-2276.04833984375,575.1103515625,0.0,0.0,1525.4385375976562,0.30570144798665705,-1.5972632995939646,92.21721000800058,3.843476755619049,False
44,interference_stage3.1.wave_feature_conv1,69,9,1000,0.005,0.0,0.0,post_relu_mean,2259.979248046875,-2259.979248046875,577.35205078125,0.0,0.0,1514.7210388183594,0.33930264227999135,-1.5854457447861972,91.53474946598135,3.790371551513672,False
44,interference_stage3.1.wave_feature_conv1,11,9,1000,0.005,0.0,0.0,post_relu_mean,2396.476318359375,-2396.476318359375,571.7709350585938,0.0,0.0,1658.7008972167969,0.4933105355943988,-1.724619314671099,99.56992698522477,4.386884782314301,False
44,interference_stage3.1.wave_feature_conv1,79,9,1000,0.005,0.0,0.0,post_relu_mean,2142.125732421875,-2142.125732421875,554.0640258789062,0.0,0.0,1433.5225524902344,0.3661866307585351,-1.4874135070539847,85.87483091539616,3.7347082722187044,False
46,interference_stage3.1.wave_feature_conv2,19,9,1000,0.005,0.0,0.0,post_relu_mean,2617.690673828125,-2617.690673828125,326.3428039550781,0.0,0.0,2071.168014526367,0.578320134656289,-2.1277212660602163,122.84252065787504,5.574735395908355,False
46,interference_stage3.1.wave_feature_conv2,34,9,1000,0.005,0.0,0.0,post_relu_mean,2427.625732421875,-2427.625732421875,356.09881591796875,0.0,0.0,1854.6001739501953,0.3571631555304641,-1.9199727270403437,110.84854064346239,4.795645966529846,False
46,interference_stage3.1.wave_feature_conv2,32,9,1000,0.005,0.0,0.0,post_relu_mean,2333.207763671875,-2333.207763671875,374.08251953125,0.0,0.0,1781.8913879394531,0.6202761907825837,-1.8788125654984638,108.47224199458057,4.92213986158371,False
46,interference_stage3.1.wave_feature_conv2,114,9,1000,0.005,0.0,0.0,post_relu_mean,1570.0435791015625,-1570.0435791015625,351.1797790527344,0.0,0.0,1090.4671783447266,0.22541417400001787,-1.1204242380992386,64.6869195423773,2.8969575703144073,False
46,interference_stage3.1.wave_feature_conv2,83,9,1000,0.005,0.0,0.0,post_relu_mean,1540.206298828125,-1540.206298828125,365.81072998046875,0.0,0.0,1055.9380264282227,0.23584096201662122,-1.0972029273418602,63.34633062485789,2.8297009372711184,False
46,interference_stage3.1.wave_feature_conv2,107,9,1000,0.005,0.0,0.0,post_relu_mean,1514.20068359375,-1514.20068359375,336.1441345214844,0.0,0.0,1060.0115661621094,0.31213245739456097,-1.08973546293003,62.91533959790534,3.1055189108848573,False
46,interference_stage3.1.wave_feature_conv2,27,9,1000,0.005,0.0,0.0,post_relu_mean,1453.14990234375,-1453.14990234375,352.9237060546875,0.0,0.0,987.3706130981445,0.23878107388506092,-1.0151376003333188,58.60843692321962,2.640938925743103,False
46,interference_stage3.1.wave_feature_conv2,46,9,1000,0.005,0.0,0.0,post_relu_mean,1762.7054443359375,-1762.7054443359375,367.26934814453125,0.0,0.0,1289.1999588012695,0.6275351571739641,-1.3794936404782185,79.64411668805177,3.9187283396720884,False
51,source_localization_stage4.0.wave_feature_conv1,146,9,1000,0.005,0.0,0.0,post_relu_mean,3406.4912109375,-3406.4912109375,550.3087158203125,0.0,0.0,2565.708740234375,0.5526894805130256,-2.656635590206162,153.37904283509744,6.579570078849793,False
51,source_localization_stage4.0.wave_feature_conv1,131,9,1000,0.005,0.0,0.0,post_relu_mean,3379.138671875,-3379.138671875,527.6583251953125,0.0,0.0,2566.319793701172,0.6033838202776894,-2.649389861394484,152.96072449398397,6.744779052734375,False
51,source_localization_stage4.0.wave_feature_conv1,4,9,1000,0.005,0.0,0.0,post_relu_mean,3220.31689453125,-3220.31689453125,544.127685546875,0.0,0.0,2406.967071533203,0.5666385450945669,-2.4977171025955336,144.20404151623129,6.316367371082306,False
51,source_localization_stage4.0.wave_feature_conv1,232,9,1000,0.005,0.0,0.0,post_relu_mean,3404.426513671875,-3404.426513671875,497.5003662109375,0.0,0.0,2640.4000854492188,1.106812020496951,-2.773822875234967,160.14538815857833,8.372044086456299,False
51,source_localization_stage4.0.wave_feature_conv1,66,9,1000,0.005,0.0,0.0,post_relu_mean,3282.00048828125,-3282.00048828125,580.3944091796875,0.0,0.0,2445.5717163085938,0.6380442316682073,-2.5812616721668045,149.02797614491016,6.454070219993591,False
51,source_localization_stage4.0.wave_feature_conv1,230,9,1000,0.005,0.0,0.0,post_relu_mean,2895.904296875,-2895.904296875,518.1032104492188,0.0,0.0,2122.1129455566406,0.3927746082255652,-2.2113454505063794,127.67053368241899,5.531257991790771,False
51,source_localization_stage4.0.wave_feature_conv1,241,9,1000,0.005,0.0,0.0,post_relu_mean,2827.578125,-2827.578125,520.59326171875,0.0,0.0,2076.513946533203,0.5076404509409559,-2.159741573586947,124.6914779859882,5.485580112934112,False
51,source_localization_stage4.0.wave_feature_conv1,178,9,1000,0.005,0.0,0.0,post_relu_mean,2730.2734375,-2730.2734375,520.2277221679688,0.0,0.0,1991.7164306640625,0.45433987719181107,-2.0569887833926805,118.7590008959896,5.206113274097443,False
53,source_localization_stage4.0.wave_feature_conv2,157,9,1000,0.005,0.0,0.0,post_relu_mean,1153.1494140625,-1153.1494140625,126.706298828125,0.0,0.0,917.9121170043945,0.19949248587502605,-0.9629677229815264,55.59629888334088,2.643433622121811,False
53,source_localization_stage4.0.wave_feature_conv2,170,9,1000,0.005,0.0,0.0,post_relu_mean,1531.275390625,-1531.275390625,119.35151672363281,0.0,0.0,1311.9188385009766,0.9299758121376734,-1.4248949102145523,82.2661521195961,6.179059374332428,False
53,source_localization_stage4.0.wave_feature_conv2,206,9,1000,0.005,0.0,0.0,post_relu_mean,811.13427734375,-811.13427734375,120.84407043457031,0.0,0.0,615.4520645141602,0.14530112401453243,-0.6367953380658247,36.76493899618911,1.874018982052803,False
53,source_localization_stage4.0.wave_feature_conv2,109,9,1000,0.005,0.0,0.0,post_relu_mean,778.7626953125,-778.7626953125,134.3588409423828,0.0,0.0,573.5970764160156,0.11191800081617521,-0.5904449892283683,34.08893554053697,1.6885350722074508,False
53,source_localization_stage4.0.wave_feature_conv2,35,9,1000,0.005,0.0,0.0,post_relu_mean,690.0181884765625,-690.0181884765625,125.4277114868164,0.0,0.0,499.22315979003906,0.10346922504578615,-0.5166655169339437,29.82935316828251,1.5554673367738723,False
53,source_localization_stage4.0.wave_feature_conv2,119,9,1000,0.005,0.0,0.0,post_relu_mean,818.96923828125,-818.96923828125,153.2594451904297,0.0,0.0,603.6968688964844,0.18684463182278785,-0.6321193210341732,36.49512519798405,1.7835109168291092,False
53,source_localization_stage4.0.wave_feature_conv2,115,9,1000,0.005,0.0,0.0,post_relu_mean,655.17724609375,-655.17724609375,127.84812927246094,0.0,0.0,469.7890205383301,0.10819796973953374,-0.49492140408673796,28.573953061416006,1.3879122442007066,False
53,source_localization_stage4.0.wave_feature_conv2,112,9,1000,0.005,0.0,0.0,post_relu_mean,915.2780151367188,-915.2780151367188,164.03477478027344,0.0,0.0,703.6384429931641,0.2889742303026535,-0.7098644763177185,40.983574642895846,2.1052903866767885,False
56,source_localization_stage4.0.skip_connection.0,157,9,1000,0.005,0.0,0.0,post_relu_mean,1532.077392578125,-1532.077392578125,237.85670471191406,0.0,0.0,1178.5281295776367,0.2935679162852315,-1.227528460062087,70.87053122921799,3.1111742746829987,False
56,source_localization_stage4.0.skip_connection.0,121,9,1000,0.005,0.0,0.0,post_relu_mean,1474.29736328125,-1474.29736328125,239.71224975585938,0.0,0.0,1127.009620666504,0.38542810913539904,-1.1699192355602346,67.54478372926765,3.2109840524196627,False
56,source_localization_stage4.0.skip_connection.0,4,9,1000,0.005,0.0,0.0,post_relu_mean,1280.197509765625,-1280.197509765625,238.2089080810547,0.0,0.0,940.4008178710938,0.19314869385848688,-0.9844563631180622,56.83695244220805,2.422092719078064,False
56,source_localization_stage4.0.skip_connection.0,105,9,1000,0.005,0.0,0.0,post_relu_mean,1263.5986328125,-1263.5986328125,210.13783264160156,0.0,0.0,957.2944488525391,0.2959117828006871,-1.0255122171206135,59.20727354786474,2.872713228464127,False
56,source_localization_stage4.0.skip_connection.0,126,9,1000,0.005,0.0,0.0,post_relu_mean,1299.68798828125,-1299.68798828125,244.46856689453125,0.0,0.0,960.1722717285156,0.23065802269813307,-1.0031328472268204,57.91525777588434,2.5252218794822694,False
56,source_localization_stage4.0.skip_connection.0,205,9,1000,0.005,0.0,0.0,post_relu_mean,1268.216064453125,-1268.216064453125,233.7699737548828,0.0,0.0,939.5878829956055,0.21572492550211755,-0.9877005448695787,57.02432547050819,2.4938333308696747,False
56,source_localization_stage4.0.skip_connection.0,189,9,1000,0.005,0.0,0.0,post_relu_mean,1169.84130859375,-1169.84130859375,237.61000061035156,0.0,0.0,842.3743896484375,0.20148913030005872,-0.8920534219715354,51.50218446705209,2.32761758685112,False
56,source_localization_stage4.0.skip_connection.0,124,9,1000,0.005,0.0,0.0,post_relu_mean,1232.552490234375,-1232.552490234375,231.16490173339844,0.0,0.0,913.322021484375,0.24009131873500197,-0.964159765081163,55.66513569099247,2.432365049123764,False
59,source_localization_stage4.1.wave_feature_conv1,90,9,1000,0.005,0.0,0.0,post_relu_mean,1074.041259765625,-1074.041259765625,184.23663330078125,0.0,0.0,800.5800018310547,0.1831907890682074,-0.8285652421461901,47.836640427372444,2.310776340961456,False
59,source_localization_stage4.1.wave_feature_conv1,138,9,1000,0.005,0.0,0.0,post_relu_mean,879.858642578125,-879.858642578125,165.27574157714844,0.0,0.0,643.8848190307617,0.15527194678248435,-0.6693139335777095,38.642441668681364,1.9282629853487014,False
59,source_localization_stage4.1.wave_feature_conv1,155,9,1000,0.005,0.0,0.0,post_relu_mean,826.6633911132812,-826.6633911132812,153.0606231689453,0.0,0.0,603.4392776489258,0.17966522315948247,-0.6216085655437283,35.88815552795767,2.2039528739452363,False
59,source_localization_stage4.1.wave_feature_conv1,244,9,1000,0.005,0.0,0.0,post_relu_mean,796.8807373046875,-796.8807373046875,152.86778259277344,0.0,0.0,575.967155456543,0.13265290921049958,-0.6023431027059856,34.775881143052466,1.874920853972435,False
59,source_localization_stage4.1.wave_feature_conv1,204,9,1000,0.005,0.0,0.0,post_relu_mean,897.5684814453125,-897.5684814453125,165.44854736328125,0.0,0.0,665.0323181152344,0.2635056820810854,-0.6702115878244856,38.69424829810854,2.2501433742046357,False
59,source_localization_stage4.1.wave_feature_conv1,232,9,1000,0.005,0.0,0.0,post_relu_mean,827.434814453125,-827.434814453125,166.56373596191406,0.0,0.0,600.1566848754883,0.18157068219456002,-0.6268643209763104,36.19174798327841,1.7797843503952027,False
59,source_localization_stage4.1.wave_feature_conv1,233,9,1000,0.005,0.0,0.0,post_relu_mean,695.009765625,-695.009765625,134.87442016601562,0.0,0.0,500.06513595581055,0.1143170023265572,-0.5133078642441524,29.635478091163474,1.8435675919055938,False
59,source_localization_stage4.1.wave_feature_conv1,108,9,1000,0.005,0.0,0.0,post_relu_mean,612.2456665039062,-612.2456665039062,126.67082977294922,0.0,0.0,425.5401725769043,0.09182222767908924,-0.43020483678595867,24.83758669587548,1.737526918053627,False
61,source_localization_stage4.1.wave_feature_conv2,243,9,1000,0.005,0.0,0.0,post_relu_mean,978.3980712890625,-978.3980712890625,145.60653686523438,0.0,0.0,790.6679229736328,0.5017871978143755,-0.8080130596557149,46.655862056065416,2.8107338166236877,False
61,source_localization_stage4.1.wave_feature_conv2,18,9,1000,0.005,0.0,0.0,post_relu_mean,1455.9058837890625,-1455.9058837890625,145.36512756347656,0.0,0.0,1271.4184646606445,1.842123695295249,-1.1920392157447979,68.82494575167227,6.993621101379395,False
61,source_localization_stage4.1.wave_feature_conv2,167,9,1000,0.005,0.0,0.0,post_relu_mean,1115.69921875,-1115.69921875,107.93851470947266,0.0,0.0,971.5868492126465,1.4075469976962556,-1.1042390317265254,63.764811547030675,5.057406902313232,False
61,source_localization_stage4.1.wave_feature_conv2,193,9,1000,0.005,0.0,0.0,post_relu_mean,1168.9310302734375,-1168.9310302734375,156.4913787841797,0.0,0.0,981.8107719421387,1.2097586015835196,-0.9425051533575938,54.41672945762071,5.050875780582428,False
61,source_localization_stage4.1.wave_feature_conv2,178,9,1000,0.005,0.0,0.0,post_relu_mean,527.7828979492188,-527.7828979492188,102.1774673461914,0.0,0.0,396.992431640625,0.08447103391753408,-0.40211596735078287,23.215889167657718,1.500314017534256,False
61,source_localization_stage4.1.wave_feature_conv2,234,9,1000,0.005,0.0,0.0,post_relu_mean,333.54351806640625,-333.54351806640625,73.2882080078125,0.0,0.0,233.51000213623047,0.07522678064962791,-0.23622886049446154,13.638514169658556,0.966712848842144,False
61,source_localization_stage4.1.wave_feature_conv2,4,9,1000,0.005,0.0,0.0,post_relu_mean,365.4592590332031,-365.4592590332031,87.90348815917969,0.0,0.0,252.40671920776367,0.08223752273382136,-0.25758239606472333,14.871343138407173,0.8978055569529534,False
61,source_localization_stage4.1.wave_feature_conv2,104,9,1000,0.005,0.0,0.0,post_relu_mean,319.320068359375,-319.320068359375,80.8177719116211,0.0,0.0,213.5740623474121,0.06809311730049487,-0.2103562466724327,12.14478205826726,1.1535383671522141,False
41,interference_stage3.0.skip_connection.0,126,10,1000,0.005,0.0,0.0,post_relu_mean,1321.396728515625,-1321.396728515625,246.38473510742188,0.0,0.0,983.2150344848633,0.18417325838417967,-1.0481835336441272,60.51625458393863,2.401319063901901,False
41,interference_stage3.0.skip_connection.0,103,10,1000,0.005,0.0,0.0,post_relu_mean,1340.308349609375,-1340.308349609375,239.47607421875,0.0,0.0,1010.7117462158203,0.2171329413359898,-1.0953061810096276,63.23691941480816,2.5279842245578767,False
41,interference_stage3.0.skip_connection.0,68,10,1000,0.005,0.0,0.0,post_relu_mean,1176.5723876953125,-1176.5723876953125,211.51429748535156,0.0,0.0,876.509407043457,0.16482424960332956,-0.9213177411497055,53.19165020151397,2.3541716885566712,False
41,interference_stage3.0.skip_connection.0,90,10,1000,0.005,0.0,0.0,post_relu_mean,1194.4293212890625,-1194.4293212890625,215.84683227539062,0.0,0.0,891.1402282714844,0.15299594048419343,-0.9575355565834945,55.282732699872575,2.2360898852348328,False
41,interference_stage3.0.skip_connection.0,17,10,1000,0.005,0.0,0.0,post_relu_mean,1179.4805908203125,-1179.4805908203125,217.43768310546875,0.0,0.0,878.9657287597656,0.16317723171004614,-0.9258634496105321,53.4540976700805,2.2130422842502595,False
41,interference_stage3.0.skip_connection.0,79,10,1000,0.005,0.0,0.0,post_relu_mean,1243.843017578125,-1243.843017578125,231.41339111328125,0.0,0.0,929.5066528320312,0.1758232655174309,-0.9828702243892768,56.745435326826595,2.2374992322921754,False
41,interference_stage3.0.skip_connection.0,120,10,1000,0.005,0.0,0.0,post_relu_mean,1023.1152954101562,-1023.1152954101562,200.8919219970703,0.0,0.0,742.3426361083984,0.10333625992173585,-0.7798965488663584,45.02678770497468,1.7655767142772674,False
41,interference_stage3.0.skip_connection.0,22,10,1000,0.005,0.0,0.0,post_relu_mean,1110.6357421875,-1110.6357421875,235.57711791992188,0.0,0.0,800.8553161621094,0.1629835434931347,-0.8442244883026373,48.740721580296075,1.941418160200119,False
44,interference_stage3.1.wave_feature_conv1,28,10,1000,0.005,0.0,0.0,post_relu_mean,3645.37255859375,-3645.37255859375,563.2803344726562,0.0,0.0,2769.7611389160156,0.6421289523433563,-2.9294259152133098,169.12845104208685,6.719811625480652,False
44,interference_stage3.1.wave_feature_conv1,125,10,1000,0.005,0.0,0.0,post_relu_mean,3136.380615234375,-3136.380615234375,532.4558715820312,0.0,0.0,2338.6156311035156,0.5823975211305047,-2.483493735109491,143.38284510045563,5.894982566833496,False
44,interference_stage3.1.wave_feature_conv1,2,10,1000,0.005,0.0,0.0,post_relu_mean,2697.502197265625,-2697.502197265625,589.3399658203125,0.0,0.0,1919.144027709961,0.6412245523164916,-2.0380290874154174,117.6642051244065,4.861616280078888,False
44,interference_stage3.1.wave_feature_conv1,92,10,1000,0.005,0.0,0.0,post_relu_mean,2215.671630859375,-2215.671630859375,543.4251708984375,0.0,0.0,1500.8644714355469,0.3578868892117783,-1.577314130210433,91.065281011071,3.723365161418915,False
44,interference_stage3.1.wave_feature_conv1,69,10,1000,0.005,0.0,0.0,post_relu_mean,2241.518798828125,-2241.518798828125,573.58056640625,0.0,0.0,1503.5350952148438,0.372199210641022,-1.594243764938118,92.04263088316178,3.6527598118782043,False
44,interference_stage3.1.wave_feature_conv1,40,10,1000,0.005,0.0,0.0,post_relu_mean,2252.58837890625,-2252.58837890625,572.7564697265625,0.0,0.0,1521.1930389404297,0.3702615460879598,-1.6173075335794533,93.37444345504832,3.617092081308365,False
44,interference_stage3.1.wave_feature_conv1,11,10,1000,0.005,0.0,0.0,post_relu_mean,2302.007568359375,-2302.007568359375,554.2398681640625,0.0,0.0,1593.6463317871094,0.498488192343485,-1.6873850652113467,97.42003079603349,4.026139640808106,False
44,interference_stage3.1.wave_feature_conv1,31,10,1000,0.005,0.0,0.0,post_relu_mean,2066.935546875,-2066.935546875,523.721923828125,0.0,0.0,1395.25732421875,0.4426472389025677,-1.496673923287291,86.40950599784324,3.7002200722694396,False
46,interference_stage3.1.wave_feature_conv2,19,10,1000,0.005,0.0,0.0,post_relu_mean,2607.532470703125,-2607.532470703125,329.0063171386719,0.0,0.0,2045.5120239257812,0.5563286984499817,-2.174867851402096,125.56453870006457,5.489407188892365,False
46,interference_stage3.1.wave_feature_conv2,34,10,1000,0.005,0.0,0.0,post_relu_mean,2387.3203125,-2387.3203125,350.0549621582031,0.0,0.0,1827.2001647949219,0.41566142432203534,-1.9135179596530922,110.47568133679216,4.485443885326386,False
46,interference_stage3.1.wave_feature_conv2,32,10,1000,0.005,0.0,0.0,post_relu_mean,2307.82470703125,-2307.82470703125,368.7755126953125,0.0,0.0,1767.852310180664,0.7396408443594813,-1.8779079569152315,108.41979257490526,4.90925096988678,False
46,interference_stage3.1.wave_feature_conv2,114,10,1000,0.005,0.0,0.0,post_relu_mean,1540.369140625,-1540.369140625,344.0983581542969,0.0,0.0,1069.1372375488281,0.2534915730100084,-1.121811688190764,64.76707402241861,2.689330984354019,False
46,interference_stage3.1.wave_feature_conv2,83,10,1000,0.005,0.0,0.0,post_relu_mean,1518.975830078125,-1518.975830078125,363.5814208984375,0.0,0.0,1033.9906005859375,0.2479529360506649,-1.0798224998959933,62.34286498008165,2.648504319190979,False
46,interference_stage3.1.wave_feature_conv2,27,10,1000,0.005,0.0,0.0,post_relu_mean,1435.117431640625,-1435.117431640625,348.788818359375,0.0,0.0,969.3416900634766,0.233666423509482,-1.015800267031212,58.64661548311747,2.5467490553855896,False
46,interference_stage3.1.wave_feature_conv2,107,10,1000,0.005,0.0,0.0,post_relu_mean,1490.8544921875,-1490.8544921875,334.23443603515625,0.0,0.0,1041.7171325683594,0.35525787997209046,-1.0914397797383901,63.01359005843991,2.997439227104187,False
46,interference_stage3.1.wave_feature_conv2,46,10,1000,0.005,0.0,0.0,post_relu_mean,1728.7744140625,-1728.7744140625,362.20782470703125,0.0,0.0,1255.7239990234375,0.6439191097308757,-1.3190645167740522,76.15544635244527,3.8885543036460875,False
51,source_localization_stage4.0.wave_feature_conv1,232,10,1000,0.005,0.0,0.0,post_relu_mean,3391.83056640625,-3391.83056640625,499.1692810058594,0.0,0.0,2571.1842346191406,0.8151002048842316,-2.7018735880384317,155.99110010464275,8.232835674285889,False
51,source_localization_stage4.0.wave_feature_conv1,146,10,1000,0.005,0.0,0.0,post_relu_mean,3375.08544921875,-3375.08544921875,542.220458984375,0.0,0.0,2543.1578369140625,0.6004096736401031,-2.6964693024796325,155.67886690841505,6.235844490528106,False
51,source_localization_stage4.0.wave_feature_conv1,131,10,1000,0.005,0.0,0.0,post_relu_mean,3334.443115234375,-3334.443115234375,522.9002075195312,0.0,0.0,2527.8076171875,0.657607225916567,-2.6655773468921686,153.8952600203245,6.370607872009277,False
51,source_localization_stage4.0.wave_feature_conv1,4,10,1000,0.005,0.0,0.0,post_relu_mean,3190.294921875,-3190.294921875,539.2103271484375,0.0,0.0,2377.0462036132812,0.597659609164956,-2.5389918991749205,146.5869358669463,6.039916439056396,False
51,source_localization_stage4.0.wave_feature_conv1,66,10,1000,0.005,0.0,0.0,post_relu_mean,3228.4921875,-3228.4921875,568.6104736328125,0.0,0.0,2398.5789794921875,0.620801807789492,-2.5194554472016097,145.45904087391517,6.039421424865723,False
51,source_localization_stage4.0.wave_feature_conv1,230,10,1000,0.005,0.0,0.0,post_relu_mean,2862.89501953125,-2862.89501953125,521.8405151367188,0.0,0.0,2090.166290283203,0.42804923166034053,-2.207337271932774,127.43914891647778,5.222455923557281,False
51,source_localization_stage4.0.wave_feature_conv1,241,10,1000,0.005,0.0,0.0,post_relu_mean,2787.665771484375,-2787.665771484375,512.8748168945312,0.0,0.0,2044.2538146972656,0.5439932874589887,-2.1799345314748586,125.85703283025906,5.264038321971893,False
51,source_localization_stage4.0.wave_feature_conv1,178,10,1000,0.005,0.0,0.0,post_relu_mean,2626.931640625,-2626.931640625,508.14898681640625,0.0,0.0,1906.45166015625,0.45910424577154413,-1.9922064253388563,115.01873979227757,4.7883840179443355,False
53,source_localization_stage4.0.wave_feature_conv2,170,10,1000,0.005,0.0,0.0,post_relu_mean,1496.159912109375,-1496.159912109375,120.67160034179688,0.0,0.0,1214.501235961914,0.46845104703419416,-1.2818003701130125,74.00399026422213,5.55677847146988,False
53,source_localization_stage4.0.wave_feature_conv2,157,10,1000,0.005,0.0,0.0,post_relu_mean,1115.7288818359375,-1115.7288818359375,123.62310791015625,0.0,0.0,897.1149291992188,0.24239490656692383,-0.9710871611969742,56.06511338572955,2.4627640676498412,False
53,source_localization_stage4.0.wave_feature_conv2,137,10,1000,0.005,0.0,0.0,post_relu_mean,882.0868530273438,-882.0868530273438,115.71581268310547,0.0,0.0,674.8624267578125,0.2448145031641888,-0.6890997459110061,39.784720076330174,3.4293145525455473,False
53,source_localization_stage4.0.wave_feature_conv2,119,10,1000,0.005,0.0,0.0,post_relu_mean,819.495361328125,-819.495361328125,152.235107421875,0.0,0.0,586.8083648681641,0.17110930729760393,-0.6152889477449338,35.52329856809669,2.1380076956748963,False
53,source_localization_stage4.0.wave_feature_conv2,206,10,1000,0.005,0.0,0.0,post_relu_mean,807.2972412109375,-807.2972412109375,118.27630615234375,0.0,0.0,613.8609924316406,0.1939170263856689,-0.6820120667506433,39.37575469170619,1.8277136021852494,False
53,source_localization_stage4.0.wave_feature_conv2,109,10,1000,0.005,0.0,0.0,post_relu_mean,759.5409545898438,-759.5409545898438,131.1109619140625,0.0,0.0,555.5434188842773,0.11106686064007662,-0.588249546761435,33.962188429576024,1.551124222278595,False
53,source_localization_stage4.0.wave_feature_conv2,35,10,1000,0.005,0.0,0.0,post_relu_mean,686.3601684570312,-686.3601684570312,121.39816284179688,0.0,0.0,496.10740661621094,0.10100865636602567,-0.5393513989461064,31.13916235763073,1.4921309876441955,False
53,source_localization_stage4.0.wave_feature_conv2,115,10,1000,0.005,0.0,0.0,post_relu_mean,652.0452270507812,-652.0452270507812,124.80331420898438,0.0,0.0,463.0120391845703,0.10415551721598827,-0.49798946359157015,28.751108401264023,1.4394608968496323,False
56,source_localization_stage4.0.skip_connection.0,157,10,1000,0.005,0.0,0.0,post_relu_mean,1500.808349609375,-1500.808349609375,237.51979064941406,0.0,0.0,1145.885986328125,0.2952807594935458,-1.19365238476665,68.91483595727387,2.9086326932907105,False
56,source_localization_stage4.0.skip_connection.0,121,10,1000,0.005,0.0,0.0,post_relu_mean,1434.506103515625,-1434.506103515625,233.49119567871094,0.0,0.0,1084.4598236083984,0.3609372348671481,-1.1306730459246588,65.27865712149747,3.182241606712341,False
56,source_localization_stage4.0.skip_connection.0,4,10,1000,0.005,0.0,0.0,post_relu_mean,1280.1951904296875,-1280.1951904296875,239.3560791015625,0.0,0.0,930.1643218994141,0.18388694709316586,-0.9861041530310717,56.93205975702673,2.3832072794437407,False
56,source_localization_stage4.0.skip_connection.0,126,10,1000,0.005,0.0,0.0,post_relu_mean,1288.86865234375,-1288.86865234375,243.6301727294922,0.0,0.0,942.4724884033203,0.23714370754080952,-0.9842738211704803,56.826426861918286,2.5120693683624267,False
56,source_localization_stage4.0.skip_connection.0,105,10,1000,0.005,0.0,0.0,post_relu_mean,1186.98388671875,-1186.98388671875,206.7716522216797,0.0,0.0,882.7280349731445,0.24811437966690125,-0.9594164736015373,55.39125454027733,2.547873605489731,False
56,source_localization_stage4.0.skip_connection.0,124,10,1000,0.005,0.0,0.0,post_relu_mean,1210.2786865234375,-1210.2786865234375,230.42098999023438,0.0,0.0,883.5485076904297,0.20476476719740094,-0.9257046959926439,53.44502330506756,2.3459528267383574,False
56,source_localization_stage4.0.skip_connection.0,205,10,1000,0.005,0.0,0.0,post_relu_mean,1254.6181640625,-1254.6181640625,238.39321899414062,0.0,0.0,920.8997344970703,0.23579667337582294,-0.9712785340385461,56.0761929634157,2.4479692900180816,False
56,source_localization_stage4.0.skip_connection.0,189,10,1000,0.005,0.0,0.0,post_relu_mean,1192.885498046875,-1192.885498046875,237.10775756835938,0.0,0.0,861.71728515625,0.2149760426986131,-0.9252937065461547,53.421198548676045,2.304088201522827,False
59,source_localization_stage4.1.wave_feature_conv1,90,10,1000,0.005,0.0,0.0,post_relu_mean,1058.7769775390625,-1058.7769775390625,184.1000518798828,0.0,0.0,787.4227142333984,0.18866497909678315,-0.8392012015571385,48.4507203434185,2.117345850467682,False
59,source_localization_stage4.1.wave_feature_conv1,37,10,1000,0.005,0.0,0.0,post_relu_mean,1231.171875,-1231.171875,109.05665588378906,0.0,0.0,1038.3861770629883,0.602598081399654,-0.9963684800280408,57.52475012182156,6.699023764133454,False
59,source_localization_stage4.1.wave_feature_conv1,155,10,1000,0.005,0.0,0.0,post_relu_mean,827.4305419921875,-827.4305419921875,161.04296875,0.0,0.0,583.012939453125,0.15153992855259726,-0.6087903858363058,35.148105793712844,2.0651074719429015,False
59,source_localization_stage4.1.wave_feature_conv1,248,10,1000,0.005,0.0,0.0,post_relu_mean,1156.6246337890625,-1156.6246337890625,107.0490493774414,0.0,0.0,970.3164215087891,0.5465348717682259,-0.9521770631851245,54.973362757223875,6.317384159564972,False
59,source_localization_stage4.1.wave_feature_conv1,184,10,1000,0.005,0.0,0.0,post_relu_mean,766.7012329101562,-766.7012329101562,114.0602798461914,0.0,0.0,578.0553970336914,0.21092508383291758,-0.5923275231081216,34.19763434392486,3.1574458825588225,False
59,source_localization_stage4.1.wave_feature_conv1,36,10,1000,0.005,0.0,0.0,post_relu_mean,1542.78955078125,-1542.78955078125,179.2054443359375,0.0,0.0,1294.6990814208984,0.6074553401049274,-1.3074458588454456,75.4846019869923,6.82052588224411,False
59,source_localization_stage4.1.wave_feature_conv1,5,10,1000,0.005,0.0,0.0,post_relu_mean,912.891845703125,-912.891845703125,194.89385986328125,0.0,0.0,651.3406524658203,0.2220363713097744,-0.6600345235681676,38.10663635151987,2.3317773795127867,False
59,source_localization_stage4.1.wave_feature_conv1,204,10,1000,0.005,0.0,0.0,post_relu_mean,896.5045776367188,-896.5045776367188,167.4002685546875,0.0,0.0,662.5999069213867,0.28139703233317553,-0.6720552077064865,38.800668485805325,2.192712687253952,False
61,source_localization_stage4.1.wave_feature_conv2,137,10,1000,0.005,0.0,0.0,post_relu_mean,1356.962646484375,-1356.962646484375,130.2547607421875,0.0,0.0,1149.7220458984375,0.7103210934607928,-1.1282330537877705,65.13778065530673,7.70464102268219,False
61,source_localization_stage4.1.wave_feature_conv2,196,10,1000,0.005,0.0,0.0,post_relu_mean,1279.797607421875,-1279.797607421875,130.89962768554688,0.0,0.0,1079.9100723266602,0.679549021697586,-1.0841547923158528,62.594076861170734,7.2405317234992985,False
61,source_localization_stage4.1.wave_feature_conv2,18,10,1000,0.005,0.0,0.0,post_relu_mean,1381.855224609375,-1381.855224609375,131.81417846679688,0.0,0.0,1196.6733627319336,1.6271318077236527,-1.4183771248639125,81.89084358809131,6.783790950775146,False
61,source_localization_stage4.1.wave_feature_conv2,204,10,1000,0.005,0.0,0.0,post_relu_mean,1079.578369140625,-1079.578369140625,130.3852081298828,0.0,0.0,896.7562103271484,0.5700910383425902,-0.9067391432405438,52.35017077420988,6.0756356406211856,False
61,source_localization_stage4.1.wave_feature_conv2,227,10,1000,0.005,0.0,0.0,post_relu_mean,1070.60693359375,-1070.60693359375,132.29420471191406,0.0,0.0,889.9982299804688,0.595095921848896,-0.886610223467867,51.18807430441827,5.955728030204773,False
61,source_localization_stage4.1.wave_feature_conv2,193,10,1000,0.005,0.0,0.0,post_relu_mean,1115.59814453125,-1115.59814453125,144.80657958984375,0.0,0.0,923.3352394104004,0.9899847358465675,-0.9529039353150578,55.01591178212863,4.824504532814026,False
61,source_localization_stage4.1.wave_feature_conv2,170,10,1000,0.005,0.0,0.0,post_relu_mean,1058.8590087890625,-1058.8590087890625,131.46890258789062,0.0,0.0,880.3073577880859,0.6267448653969901,-0.8793142824481257,50.766689485563866,6.021205151081086,False
61,source_localization_stage4.1.wave_feature_conv2,243,10,1000,0.005,0.0,0.0,post_relu_mean,945.3780517578125,-945.3780517578125,140.36575317382812,0.0,0.0,766.3656883239746,0.5534836789970191,-0.7864482691779209,45.40723805066187,2.7506483709812164,False
41,interference_stage3.0.skip_connection.0,90,11,1000,0.005,0.0,0.0,post_relu_mean,1218.2119140625,-1218.2119140625,217.76760864257812,0.0,0.0,909.7698516845703,0.13865083581871623,-0.9572448650815878,55.265918942691115,2.279233405590057,False
41,interference_stage3.0.skip_connection.0,126,11,1000,0.005,0.0,0.0,post_relu_mean,1319.7393798828125,-1319.7393798828125,246.70230102539062,0.0,0.0,985.2988891601562,0.17783666769625425,-1.0488003966914359,60.55178830251812,2.3923456621170045,False
41,interference_stage3.0.skip_connection.0,68,11,1000,0.005,0.0,0.0,post_relu_mean,1148.9200439453125,-1148.9200439453125,205.85986328125,0.0,0.0,858.1063995361328,0.11786791276341207,-0.9008471159654967,52.00978791319811,2.286608384847641,False
41,interference_stage3.0.skip_connection.0,79,11,1000,0.005,0.0,0.0,post_relu_mean,1214.6611328125,-1214.6611328125,222.5724639892578,0.0,0.0,908.7797393798828,0.14287288032954565,-0.9701838626287922,56.01289431336462,2.218035125732422,False
41,interference_stage3.0.skip_connection.0,103,11,1000,0.005,0.0,0.0,post_relu_mean,1325.0008544921875,-1325.0008544921875,236.6798095703125,0.0,0.0,1006.912109375,0.20331168936810098,-1.0686775840965848,61.69936754349458,2.5355496430397033,False
41,interference_stage3.0.skip_connection.0,120,11,1000,0.005,0.0,0.0,post_relu_mean,1039.6126708984375,-1039.6126708984375,203.96115112304688,0.0,0.0,755.0581741333008,0.10435128933783859,-0.7900420453168798,45.612566864516346,1.8171722263097763,False
41,interference_stage3.0.skip_connection.0,17,11,1000,0.005,0.0,0.0,post_relu_mean,1170.048828125,-1170.048828125,216.00660705566406,0.0,0.0,876.818229675293,0.15609693118875678,-0.9326062433787407,53.843379190009735,2.2561478531360626,False
41,interference_stage3.0.skip_connection.0,34,11,1000,0.005,0.0,0.0,post_relu_mean,1034.083984375,-1034.083984375,213.798095703125,0.0,0.0,746.5078125,0.12291576316177165,-0.7876148107315964,45.4724097690174,1.8750509876012802,False
44,interference_stage3.1.wave_feature_conv1,28,11,1000,0.005,0.0,0.0,post_relu_mean,3604.541259765625,-3604.541259765625,557.6468505859375,0.0,0.0,2772.3318786621094,0.7383679754604568,-2.934585424389028,169.42626314903,6.830159997940063,False
44,interference_stage3.1.wave_feature_conv1,125,11,1000,0.005,0.0,0.0,post_relu_mean,3159.8701171875,-3159.8701171875,537.617919921875,0.0,0.0,2382.678207397461,0.6450830509429847,-2.5469906515729304,147.04876320077452,6.047981531620025,False
44,interference_stage3.1.wave_feature_conv1,2,11,1000,0.005,0.0,0.0,post_relu_mean,2740.63818359375,-2740.63818359375,593.1600952148438,0.0,0.0,1956.4455108642578,0.6154192362360869,-2.089663117707093,120.64541213225182,5.050306131839752,False
44,interference_stage3.1.wave_feature_conv1,92,11,1000,0.005,0.0,0.0,post_relu_mean,2220.467529296875,-2220.467529296875,536.8750610351562,0.0,0.0,1507.5650634765625,0.33130802784999114,-1.5790484243307257,91.16533875239085,3.8600226604938506,False
44,interference_stage3.1.wave_feature_conv1,69,11,1000,0.005,0.0,0.0,post_relu_mean,2247.187255859375,-2247.187255859375,565.1160278320312,0.0,0.0,1520.5139465332031,0.3848392483919437,-1.5934776339684371,91.99834015871173,3.799635363817215,False
44,interference_stage3.1.wave_feature_conv1,40,11,1000,0.005,0.0,0.0,post_relu_mean,2179.0,-2179.0,540.0925903320312,0.0,0.0,1479.6919708251953,0.32133790175370525,-1.5722311735771908,90.77168361050522,3.661089611053467,False
44,interference_stage3.1.wave_feature_conv1,11,11,1000,0.005,0.0,0.0,post_relu_mean,2417.3056640625,-2417.3056640625,566.8558959960938,0.0,0.0,1701.2449035644531,0.6048386016122482,-1.8070260743029802,104.32745141841355,4.485834283828735,False
44,interference_stage3.1.wave_feature_conv1,100,11,1000,0.005,0.0,0.0,post_relu_mean,2044.5335693359375,-2044.5335693359375,530.4327392578125,0.0,0.0,1368.837890625,0.4717155373281985,-1.425086529018694,82.27647547738925,3.850986731052399,False
46,interference_stage3.1.wave_feature_conv2,34,11,1000,0.005,0.0,0.0,post_relu_mean,2375.53515625,-2375.53515625,338.24969482421875,0.0,0.0,1831.571517944336,0.4516411567699032,-1.9203536743997216,110.87032404830359,4.7302678155899045,False
46,interference_stage3.1.wave_feature_conv2,19,11,1000,0.005,0.0,0.0,post_relu_mean,2603.715087890625,-2603.715087890625,328.9227600097656,0.0,0.0,2081.730712890625,0.6763015785169425,-2.2119358844566817,127.70464434826896,5.486351885795593,False
46,interference_stage3.1.wave_feature_conv2,32,11,1000,0.005,0.0,0.0,post_relu_mean,2274.977783203125,-2274.977783203125,363.4296569824219,0.0,0.0,1738.3159942626953,0.6522284834018097,-1.8627231934765653,107.54317719853898,4.848220024108887,False
46,interference_stage3.1.wave_feature_conv2,107,11,1000,0.005,0.0,0.0,post_relu_mean,1497.6688232421875,-1497.6688232421875,327.61761474609375,0.0,0.0,1052.2103881835938,0.3637273161518541,-1.0900430554434515,62.932892670001856,3.075495282411575,False
46,interference_stage3.1.wave_feature_conv2,114,11,1000,0.005,0.0,0.0,post_relu_mean,1591.5521240234375,-1591.5521240234375,348.29534912109375,0.0,0.0,1125.556381225586,0.32259890025122734,-1.2025403742545957,69.4279088300911,2.9761579501628876,False
46,interference_stage3.1.wave_feature_conv2,83,11,1000,0.005,0.0,0.0,post_relu_mean,1486.29052734375,-1486.29052734375,343.4690246582031,0.0,0.0,1031.409309387207,0.2946124650312203,-1.0905573078780095,62.96274898679283,2.74070418715477,False
46,interference_stage3.1.wave_feature_conv2,27,11,1000,0.005,0.0,0.0,post_relu_mean,1426.5631103515625,-1426.5631103515625,344.10174560546875,0.0,0.0,976.0212783813477,0.2628877377385825,-1.0208562068757527,58.938546834105814,2.5392450845241545,False
46,interference_stage3.1.wave_feature_conv2,46,11,1000,0.005,0.0,0.0,post_relu_mean,1724.7374267578125,-1724.7374267578125,362.1061706542969,0.0,0.0,1259.5745086669922,0.6254106653809767,-1.3518234157941353,78.04727430419653,3.9014811384677888,False
51,source_localization_stage4.0.wave_feature_conv1,146,11,1000,0.005,0.0,0.0,post_relu_mean,3342.538330078125,-3342.538330078125,537.0023193359375,0.0,0.0,2542.2184448242188,0.6498249354609249,-2.6881892309758917,155.20081568313387,6.347410128116608,False
51,source_localization_stage4.0.wave_feature_conv1,131,11,1000,0.005,0.0,0.0,post_relu_mean,3352.65625,-3352.65625,522.6116333007812,0.0,0.0,2566.9782104492188,0.7414353495815565,-2.69846420019143,155.79413251813955,6.605558340549469,False
51,source_localization_stage4.0.wave_feature_conv1,230,11,1000,0.005,0.0,0.0,post_relu_mean,2907.658203125,-2907.658203125,519.8892211914062,0.0,0.0,2139.5450134277344,0.44905062727137796,-2.2507789609413087,129.94730797411603,5.487172319889068,False
51,source_localization_stage4.0.wave_feature_conv1,4,11,1000,0.005,0.0,0.0,post_relu_mean,3159.796630859375,-3159.796630859375,532.0902099609375,0.0,0.0,2391.0530395507812,0.6735525033567755,-2.5272642958041724,145.90985902804326,6.110099205970764,False
51,source_localization_stage4.0.wave_feature_conv1,66,11,1000,0.005,0.0,0.0,post_relu_mean,3207.70166015625,-3207.70166015625,550.8978271484375,0.0,0.0,2427.150665283203,0.7687338632847279,-2.5672914669546425,148.22094283793757,6.407069013118744,False
51,source_localization_stage4.0.wave_feature_conv1,232,11,1000,0.005,0.0,0.0,post_relu_mean,3225.97216796875,-3225.97216796875,482.705322265625,0.0,0.0,2518.300537109375,1.05772943435008,-2.669425663620106,154.11752413642617,7.639267110824585,False
51,source_localization_stage4.0.wave_feature_conv1,241,11,1000,0.005,0.0,0.0,post_relu_mean,2813.58251953125,-2813.58251953125,513.6962890625,0.0,0.0,2089.242706298828,0.5600151421876555,-2.2102665682181604,127.60827789116574,5.438502759933471,False
51,source_localization_stage4.0.wave_feature_conv1,178,11,1000,0.005,0.0,0.0,post_relu_mean,2755.19091796875,-2755.19091796875,521.6592407226562,0.0,0.0,2028.9453430175781,0.5631371981680253,-2.117455735526689,122.24996901540739,5.292933433055878,False
53,source_localization_stage4.0.wave_feature_conv2,157,11,1000,0.005,0.0,0.0,post_relu_mean,1158.20703125,-1158.20703125,120.23159790039062,0.0,0.0,923.1446075439453,0.22010208580132617,-0.9807507612617072,56.623180483586964,2.701328868865967,False
53,source_localization_stage4.0.wave_feature_conv2,228,11,1000,0.005,0.0,0.0,post_relu_mean,1872.331787109375,-1872.331787109375,122.08970642089844,0.0,0.0,1667.1830520629883,1.736185851753157,-1.675507637629906,96.73441660048475,9.872863488197327,False
53,source_localization_stage4.0.wave_feature_conv2,170,11,1000,0.005,0.0,0.0,post_relu_mean,1434.7923583984375,-1434.7923583984375,116.25175476074219,0.0,0.0,1243.0179290771484,0.8503051571024584,-1.3495115505634223,77.91311789134892,5.542171673774719,False
53,source_localization_stage4.0.wave_feature_conv2,206,11,1000,0.005,0.0,0.0,post_relu_mean,801.7312622070312,-801.7312622070312,115.42935943603516,0.0,0.0,619.8972396850586,0.19155536352002828,-0.6629204074828432,38.27326277851544,1.8761558920145034,False
53,source_localization_stage4.0.wave_feature_conv2,167,11,1000,0.005,0.0,0.0,post_relu_mean,1438.1939697265625,-1438.1939697265625,129.12071228027344,0.0,0.0,1242.9921188354492,1.323270951082037,-1.235521468938823,71.33336631144955,7.417934339046479,False
53,source_localization_stage4.0.wave_feature_conv2,109,11,1000,0.005,0.0,0.0,post_relu_mean,790.076416015625,-790.076416015625,134.4425506591797,0.0,0.0,593.1551551818848,0.2311204175278098,-0.6305309373762177,36.403304210853406,1.9227905052900314,False
53,source_localization_stage4.0.wave_feature_conv2,35,11,1000,0.005,0.0,0.0,post_relu_mean,681.8445434570312,-681.8445434570312,120.17040252685547,0.0,0.0,500.5045356750488,0.14865974591383038,-0.5302987463297423,30.616516481022938,1.5659554040431976,False
53,source_localization_stage4.0.wave_feature_conv2,53,11,1000,0.005,0.0,0.0,post_relu_mean,1373.5987548828125,-1373.5987548828125,141.17449951171875,0.0,0.0,1179.283073425293,1.0184642484035897,-1.1912809347485886,68.77864461483212,6.128532588481903,False
56,source_localization_stage4.0.skip_connection.0,157,11,1000,0.005,0.0,0.0,post_relu_mean,1508.9334716796875,-1508.9334716796875,238.5764617919922,0.0,0.0,1165.910026550293,0.3593695569629131,-1.2461514869323147,71.94571865077172,3.0186769723892213,False
56,source_localization_stage4.0.skip_connection.0,121,11,1000,0.005,0.0,0.0,post_relu_mean,1468.7022705078125,-1468.7022705078125,239.15040588378906,0.0,0.0,1132.8537521362305,0.41993852064926496,-1.203419826584532,69.47884598468573,3.1194802486896513,False
56,source_localization_stage4.0.skip_connection.0,4,11,1000,0.005,0.0,0.0,post_relu_mean,1270.4722900390625,-1270.4722900390625,236.78201293945312,0.0,0.0,937.4392013549805,0.18698408002492248,-0.9842039333301448,56.822345634399,2.371122661828995,False
56,source_localization_stage4.0.skip_connection.0,124,11,1000,0.005,0.0,0.0,post_relu_mean,1211.2105712890625,-1211.2105712890625,227.9110870361328,0.0,0.0,894.4225769042969,0.21671475104549895,-0.9471123551617843,54.68088678274714,2.349584666490555,False
56,source_localization_stage4.0.skip_connection.0,205,11,1000,0.005,0.0,0.0,post_relu_mean,1241.216796875,-1241.216796875,231.47616577148438,0.0,0.0,921.0683441162109,0.2496148240832666,-0.9930742766402412,57.334542753168876,2.4267981910705565,False
56,source_localization_stage4.0.skip_connection.0,105,11,1000,0.005,0.0,0.0,post_relu_mean,1266.807861328125,-1266.807861328125,209.28565979003906,0.0,0.0,968.9656219482422,0.33271735724039003,-1.0469404792370784,60.444411844998626,2.82351415514946,False
56,source_localization_stage4.0.skip_connection.0,189,11,1000,0.005,0.0,0.0,post_relu_mean,1191.2783203125,-1191.2783203125,233.9567413330078,0.0,0.0,874.8450698852539,0.2581375235327995,-0.9185856544301791,53.03396064941415,2.3842659318447113,False
56,source_localization_stage4.0.skip_connection.0,126,11,1000,0.005,0.0,0.0,post_relu_mean,1299.8326416015625,-1299.8326416015625,249.3765106201172,0.0,0.0,972.3069305419922,0.28468412617361516,-1.0227320544463805,59.04674177275512,2.47803635597229,False
59,source_localization_stage4.1.wave_feature_conv1,90,11,1000,0.005,0.0,0.0,post_relu_mean,1088.7091064453125,-1088.7091064453125,184.68321228027344,0.0,0.0,812.4460601806641,0.23915264149385476,-0.8425940854209832,48.6466096054456,2.3959197640419005,False
59,source_localization_stage4.1.wave_feature_conv1,129,11,1000,0.005,0.0,0.0,post_relu_mean,1906.853759765625,-1906.853759765625,101.37557220458984,0.0,0.0,1739.9292221069336,3.0389208304269113,-1.6792180699292871,96.95086856846423,10.803649139404296,False
59,source_localization_stage4.1.wave_feature_conv1,138,11,1000,0.005,0.0,0.0,post_relu_mean,859.1617431640625,-859.1617431640625,158.87606811523438,0.0,0.0,635.5251159667969,0.18007793598669514,-0.6670139712324596,38.50959157189055,1.8991524463891982,False
59,source_localization_stage4.1.wave_feature_conv1,244,11,1000,0.005,0.0,0.0,post_relu_mean,833.309326171875,-833.309326171875,184.23770141601562,0.0,0.0,586.7435760498047,0.1692587604764142,-0.614133592475554,35.45659123503641,1.7841405045986176,False
59,source_localization_stage4.1.wave_feature_conv1,204,11,1000,0.005,0.0,0.0,post_relu_mean,934.7373657226562,-934.7373657226562,190.26060485839844,0.0,0.0,686.9990386962891,0.3253308369006709,-0.7089976752440053,40.93352993101125,2.1945491433143616,False
59,source_localization_stage4.1.wave_feature_conv1,155,11,1000,0.005,0.0,0.0,post_relu_mean,775.7930908203125,-775.7930908203125,185.39720153808594,0.0,0.0,535.1056365966797,0.15648112925810598,-0.5536579151020524,31.965060365876337,1.7861201983690262,False
59,source_localization_stage4.1.wave_feature_conv1,108,11,1000,0.005,0.0,0.0,post_relu_mean,738.2339477539062,-738.2339477539062,183.3818359375,0.0,0.0,500.83998107910156,0.1531094582984484,-0.5150528223044443,29.736300365338067,1.6696613758802414,False
59,source_localization_stage4.1.wave_feature_conv1,232,11,1000,0.005,0.0,0.0,post_relu_mean,820.601318359375,-820.601318359375,171.2301483154297,0.0,0.0,597.7594032287598,0.20800070680750565,-0.6296565846610764,36.35279123163625,1.7165621918439866,False
61,source_localization_stage4.1.wave_feature_conv2,167,11,1000,0.005,0.0,0.0,post_relu_mean,1080.9901123046875,-1080.9901123046875,104.1183853149414,0.0,0.0,915.0936584472656,1.294435006756639,-1.2238842328480088,70.66095707901191,5.261261484622955,False
61,source_localization_stage4.1.wave_feature_conv2,178,11,1000,0.005,0.0,0.0,post_relu_mean,550.536865234375,-550.536865234375,99.55260467529297,0.0,0.0,402.89481353759766,0.09764374404223153,-0.4140173562551344,23.903013449858307,1.5713555276393891,False
61,source_localization_stage4.1.wave_feature_conv2,243,11,1000,0.005,0.0,0.0,post_relu_mean,925.606201171875,-925.606201171875,136.95216369628906,0.0,0.0,741.6967926025391,0.5254041143366134,-0.8010155763842827,46.24767291663442,2.988371306657791,False
61,source_localization_stage4.1.wave_feature_conv2,154,11,1000,0.005,0.0,0.0,post_relu_mean,794.0325927734375,-794.0325927734375,103.7087173461914,0.0,0.0,647.4059906005859,0.8937368335150879,-0.8303528450485431,47.94205965027817,3.6721524810791015,False
61,source_localization_stage4.1.wave_feature_conv2,157,11,1000,0.005,0.0,0.0,post_relu_mean,620.3675537109375,-620.3675537109375,125.07408142089844,0.0,0.0,456.9103584289551,0.12928236915318606,-0.46719748650149373,26.973327351837582,1.4771611058712006,False
61,source_localization_stage4.1.wave_feature_conv2,52,11,1000,0.005,0.0,0.0,post_relu_mean,898.6284790039062,-898.6284790039062,111.9334487915039,0.0,0.0,748.3419761657715,1.0781274592153658,-0.8546350097656249,49.34586979907018,4.206874940395355,False
61,source_localization_stage4.1.wave_feature_conv2,18,11,1000,0.005,0.0,0.0,post_relu_mean,1460.285400390625,-1460.285400390625,145.79571533203125,0.0,0.0,1277.3955154418945,2.0336580776835813,-1.2505496214675875,72.20130346223357,6.941624205112458,False
61,source_localization_stage4.1.wave_feature_conv2,193,11,1000,0.005,0.0,0.0,post_relu_mean,1180.9869384765625,-1180.9869384765625,157.7552947998047,0.0,0.0,989.4003524780273,1.346053687670267,-0.9399293686413204,54.266628792841416,4.989384198188782,False
41,interference_stage3.0.skip_connection.0,79,12,1000,0.005,0.0,0.0,post_relu_mean,1161.9114990234375,-1161.9114990234375,215.2672119140625,0.0,0.0,865.0194549560547,0.142105710349342,-0.9338301728112051,53.91412601039454,2.1847992765903474,False
41,interference_stage3.0.skip_connection.0,90,12,1000,0.005,0.0,0.0,post_relu_mean,1183.03515625,-1183.03515625,210.0369415283203,0.0,0.0,892.3520050048828,0.1668382407689458,-0.9572491544344273,55.26616910467715,2.284979212284088,False
41,interference_stage3.0.skip_connection.0,126,12,1000,0.005,0.0,0.0,post_relu_mean,1275.36474609375,-1275.36474609375,239.8787384033203,0.0,0.0,956.0540390014648,0.1938504891286854,-1.0226999061359592,59.04490173990614,2.3645469307899476,False
41,interference_stage3.0.skip_connection.0,103,12,1000,0.005,0.0,0.0,post_relu_mean,1314.16943359375,-1314.16943359375,233.70884704589844,0.0,0.0,1003.1002960205078,0.23022077953975056,-1.0849845706439292,62.64083534844457,2.5314020776748656,False
41,interference_stage3.0.skip_connection.0,17,12,1000,0.005,0.0,0.0,post_relu_mean,1123.7099609375,-1123.7099609375,206.438720703125,0.0,0.0,842.3237686157227,0.16066219450656877,-0.8997443520072375,51.94613591430961,2.214745271205902,False
41,interference_stage3.0.skip_connection.0,120,12,1000,0.005,0.0,0.0,post_relu_mean,1009.0928344726562,-1009.0928344726562,200.4031982421875,0.0,0.0,734.2051010131836,0.11889927528461008,-0.7602660600877813,43.8934549842995,1.805678877234459,False
41,interference_stage3.0.skip_connection.0,68,12,1000,0.005,0.0,0.0,post_relu_mean,1153.180419921875,-1153.180419921875,209.84494018554688,0.0,0.0,871.8862228393555,0.1754420109936985,-0.9320025746920529,53.80852634883049,2.321167901754379,False
41,interference_stage3.0.skip_connection.0,34,12,1000,0.005,0.0,0.0,post_relu_mean,1009.7813110351562,-1009.7813110351562,208.2605743408203,0.0,0.0,731.7645721435547,0.13084590459408657,-0.7685823915007054,44.37360290578766,1.873522189259529,False
44,interference_stage3.1.wave_feature_conv1,28,12,1000,0.005,0.0,0.0,post_relu_mean,3568.759033203125,-3568.759033203125,550.80712890625,0.0,0.0,2736.9342041015625,0.7081153823724612,-2.944390915375912,169.9923733564262,7.074786288738251,False
44,interference_stage3.1.wave_feature_conv1,125,12,1000,0.005,0.0,0.0,post_relu_mean,3075.385498046875,-3075.385498046875,525.5158081054688,0.0,0.0,2318.3374633789062,0.5946834875639417,-2.5091187616604476,144.86230164201012,6.06200119972229,False
44,interference_stage3.1.wave_feature_conv1,2,12,1000,0.005,0.0,0.0,post_relu_mean,2621.014892578125,-2621.014892578125,575.617919921875,0.0,0.0,1862.325927734375,0.5187926090785614,-1.9858677553974984,114.65281389058981,4.6634246134758,False
44,interference_stage3.1.wave_feature_conv1,92,12,1000,0.005,0.0,0.0,post_relu_mean,2153.360107421875,-2153.360107421875,539.753173828125,0.0,0.0,1457.1460418701172,0.3803130830763519,-1.5760102429379577,90.98989233588543,3.6761650919914244,False
44,interference_stage3.1.wave_feature_conv1,69,12,1000,0.005,0.0,0.0,post_relu_mean,2174.308837890625,-2174.308837890625,558.6497192382812,0.0,0.0,1462.7733612060547,0.383587643965016,-1.549049360847058,89.43329095357652,3.7005060374736787,False
44,interference_stage3.1.wave_feature_conv1,40,12,1000,0.005,0.0,0.0,post_relu_mean,2179.571044921875,-2179.571044921875,558.3585205078125,0.0,0.0,1484.1138916015625,0.40570687018121865,-1.5824963796397156,91.36434115769666,3.649810506105423,False
44,interference_stage3.1.wave_feature_conv1,100,12,1000,0.005,0.0,0.0,post_relu_mean,2003.58251953125,-2003.58251953125,540.6510620117188,0.0,0.0,1333.999252319336,0.468088040037107,-1.4119600301714084,81.51858487598125,3.663529855012894,False
44,interference_stage3.1.wave_feature_conv1,79,12,1000,0.005,0.0,0.0,post_relu_mean,2031.4110107421875,-2031.4110107421875,532.6871948242188,0.0,0.0,1373.8005065917969,0.442528598378456,-1.5099069843994632,87.1734495773888,3.614148224592209,False
46,interference_stage3.1.wave_feature_conv2,19,12,1000,0.005,0.0,0.0,post_relu_mean,2547.5078125,-2547.5078125,322.3569641113281,0.0,0.0,2023.7706298828125,0.6036517413768846,-2.1392435004356547,123.50775850801665,5.802179136276245,False
46,interference_stage3.1.wave_feature_conv2,34,12,1000,0.005,0.0,0.0,post_relu_mean,2329.157958984375,-2329.157958984375,341.26593017578125,0.0,0.0,1791.3894348144531,0.5008791539615612,-1.8881536730190716,109.01124769335063,4.660081293582916,False
46,interference_stage3.1.wave_feature_conv2,32,12,1000,0.005,0.0,0.0,post_relu_mean,2163.977294921875,-2163.977294921875,350.7259521484375,0.0,0.0,1638.2743225097656,0.4687787438784429,-1.7313874110890854,99.96046787081413,4.444490606784821,False
46,interference_stage3.1.wave_feature_conv2,46,12,1000,0.005,0.0,0.0,post_relu_mean,1614.3045654296875,-1614.3045654296875,347.22119140625,0.0,0.0,1147.8458709716797,0.35757244434334134,-1.2300806754940603,71.0178815192904,3.365082587003708,False
46,interference_stage3.1.wave_feature_conv2,83,12,1000,0.005,0.0,0.0,post_relu_mean,1486.4267578125,-1486.4267578125,350.2072448730469,0.0,0.0,1021.1056747436523,0.2939871105126035,-1.0771977645998765,62.19137997461172,2.762829875946045,False
46,interference_stage3.1.wave_feature_conv2,107,12,1000,0.005,0.0,0.0,post_relu_mean,1473.145751953125,-1473.145751953125,331.727783203125,0.0,0.0,1027.475959777832,0.3652212498897977,-1.0798575075613461,62.34488008964786,3.025889078378677,False
46,interference_stage3.1.wave_feature_conv2,27,12,1000,0.005,0.0,0.0,post_relu_mean,1413.9559326171875,-1413.9559326171875,347.20794677734375,0.0,0.0,955.3957138061523,0.27418412912784706,-1.0126387619834536,58.464100497797205,2.6094827950000763,False
46,interference_stage3.1.wave_feature_conv2,42,12,1000,0.005,0.0,0.0,post_relu_mean,1587.3934326171875,-1587.3934326171875,337.0001525878906,0.0,0.0,1141.3612442016602,0.4766928140090863,-1.227397379178864,70.86352327195218,3.8656031775474546,False
51,source_localization_stage4.0.wave_feature_conv1,232,12,1000,0.005,0.0,0.0,post_relu_mean,3376.1904296875,-3376.1904296875,480.7679443359375,0.0,0.0,2595.1112365722656,0.8350031531557276,-2.7492286280545692,158.72534404864638,9.451989817619324,False
51,source_localization_stage4.0.wave_feature_conv1,146,12,1000,0.005,0.0,0.0,post_relu_mean,3279.040283203125,-3279.040283203125,531.7069702148438,0.0,0.0,2501.968292236328,0.6812031010338312,-2.6737840742161136,154.3690745163102,6.238517401218414,False
51,source_localization_stage4.0.wave_feature_conv1,131,12,1000,0.005,0.0,0.0,post_relu_mean,3272.982421875,-3272.982421875,517.8721923828125,0.0,0.0,2511.4334716796875,0.8160450090407574,-2.6742342755346225,154.39534630617106,6.628165254592895,False
51,source_localization_stage4.0.wave_feature_conv1,230,12,1000,0.005,0.0,0.0,post_relu_mean,2819.953369140625,-2819.953369140625,509.97991943359375,0.0,0.0,2079.4661865234375,0.5066020606050416,-2.248330938101333,129.80615133470198,5.2943969821929935,False
51,source_localization_stage4.0.wave_feature_conv1,4,12,1000,0.005,0.0,0.0,post_relu_mean,3121.46875,-3121.46875,531.6222534179688,0.0,0.0,2365.9273376464844,0.7025775321623479,-2.5130982472559857,145.09201634323267,6.090248057842254,False
51,source_localization_stage4.0.wave_feature_conv1,150,12,1000,0.005,0.0,0.0,post_relu_mean,3931.162109375,-3931.162109375,432.10028076171875,0.0,0.0,3275.8523559570312,1.6172883750996407,-3.440878897643828,198.656991017401,14.1362544298172,False
51,source_localization_stage4.0.wave_feature_conv1,66,12,1000,0.005,0.0,0.0,post_relu_mean,3123.28125,-3123.28125,546.3602905273438,0.0,0.0,2368.71044921875,0.8295865533488063,-2.519010702562486,145.43349102869902,6.2395176243782045,False
51,source_localization_stage4.0.wave_feature_conv1,151,12,1000,0.005,0.0,0.0,post_relu_mean,3901.3115234375,-3901.3115234375,413.3046875,0.0,0.0,3285.2662963867188,1.7392683635589412,-3.4105690128215116,196.90686967417045,15.178193764686585,False
53,source_localization_stage4.0.wave_feature_conv2,170,12,1000,0.005,0.0,0.0,post_relu_mean,1597.5257568359375,-1597.5257568359375,119.97164154052734,0.0,0.0,1302.5915069580078,0.5195115505862787,-1.3373699391312908,77.21213926270946,7.1872872900962825,False
53,source_localization_stage4.0.wave_feature_conv2,228,12,1000,0.005,0.0,0.0,post_relu_mean,1607.1456298828125,-1607.1456298828125,107.68909454345703,0.0,0.0,1390.896957397461,0.8812086134274127,-1.4479997858711116,83.59930131628474,8.032109084129333,False
53,source_localization_stage4.0.wave_feature_conv2,137,12,1000,0.005,0.0,0.0,post_relu_mean,967.2578125,-967.2578125,114.3093490600586,0.0,0.0,752.8196792602539,0.3020042940433852,-0.7592846937872667,43.83681886104065,4.3763285160064695,False
53,source_localization_stage4.0.wave_feature_conv2,157,12,1000,0.005,0.0,0.0,post_relu_mean,1126.56201171875,-1126.56201171875,115.88162231445312,0.0,0.0,912.2537155151367,0.26445884146800996,-0.9912963219435709,57.23186024408845,2.6608318030834197,False
53,source_localization_stage4.0.wave_feature_conv2,167,12,1000,0.005,0.0,0.0,post_relu_mean,1189.33447265625,-1189.33447265625,100.37635040283203,0.0,0.0,1014.9338150024414,0.7810508551860532,-1.0161377847617576,58.66612341301035,6.228177306652069,False
53,source_localization_stage4.0.wave_feature_conv2,119,12,1000,0.005,0.0,0.0,post_relu_mean,813.13525390625,-813.13525390625,151.31423950195312,0.0,0.0,596.7225646972656,0.16380524553453715,-0.626378570032488,36.16354986493447,2.247157036066055,False
53,source_localization_stage4.0.wave_feature_conv2,35,12,1000,0.005,0.0,0.0,post_relu_mean,687.419921875,-687.419921875,123.12875366210938,0.0,0.0,502.0939178466797,0.15650180483131662,-0.5488452538690786,31.6872672049369,1.5418915003538132,False
53,source_localization_stage4.0.wave_feature_conv2,115,12,1000,0.005,0.0,0.0,post_relu_mean,651.2838134765625,-651.2838134765625,123.55107879638672,0.0,0.0,467.0467834472656,0.10266428874812086,-0.4972014531457645,28.70558474922118,1.5021585828065873,False
56,source_localization_stage4.0.skip_connection.0,157,12,1000,0.005,0.0,0.0,post_relu_mean,1459.32373046875,-1459.32373046875,232.01866149902344,0.0,0.0,1121.5270690917969,0.3053464816245713,-1.1978474088774826,69.15691748100338,2.8956352615356447,False
56,source_localization_stage4.0.skip_connection.0,196,12,1000,0.005,0.0,0.0,post_relu_mean,1161.697509765625,-1161.697509765625,186.86569213867188,0.0,0.0,873.6551895141602,0.3295268884303984,-0.928912873639712,53.630151418388046,4.430710608959198,False
56,source_localization_stage4.0.skip_connection.0,4,12,1000,0.005,0.0,0.0,post_relu_mean,1237.43212890625,-1237.43212890625,233.18991088867188,0.0,0.0,905.2196960449219,0.19480793583925543,-0.9634599201314261,55.62470485635529,2.417275387048721,False
56,source_localization_stage4.0.skip_connection.0,105,12,1000,0.005,0.0,0.0,post_relu_mean,1233.3492431640625,-1233.3492431640625,204.30923461914062,0.0,0.0,936.0857086181641,0.32507401659151963,-1.0030468727569017,57.91025533512388,2.8450377655029295,False
56,source_localization_stage4.0.skip_connection.0,124,12,1000,0.005,0.0,0.0,post_relu_mean,1179.35205078125,-1179.35205078125,225.0045166015625,0.0,0.0,861.5865173339844,0.21888963301517397,-0.9247342229087953,53.38896200257319,2.397989991903305,False
56,source_localization_stage4.0.skip_connection.0,121,12,1000,0.005,0.0,0.0,post_relu_mean,1393.348876953125,-1393.348876953125,232.2495880126953,0.0,0.0,1070.1710891723633,0.3924538316706255,-1.1459702914386825,66.16181649785278,3.067774624824524,False
56,source_localization_stage4.0.skip_connection.0,227,12,1000,0.005,0.0,0.0,post_relu_mean,879.2959594726562,-879.2959594726562,127.59334564208984,0.0,0.0,667.2285461425781,0.22235789408888382,-0.6750247024608231,38.97209234708197,4.185995831489563,False
56,source_localization_stage4.0.skip_connection.0,126,12,1000,0.005,0.0,0.0,post_relu_mean,1250.138427734375,-1250.138427734375,238.2445068359375,0.0,0.0,929.9018630981445,0.25216580013254564,-0.9994557150916078,57.70298207217222,2.5264610040187834,False
59,source_localization_stage4.1.wave_feature_conv1,248,12,1000,0.005,0.0,0.0,post_relu_mean,1300.6402587890625,-1300.6402587890625,106.91846466064453,0.0,0.0,1076.8395690917969,0.49500553741470665,-1.0314663938680988,59.5510011308553,8.691566319465638,False
59,source_localization_stage4.1.wave_feature_conv1,37,12,1000,0.005,0.0,0.0,post_relu_mean,1333.872802734375,-1333.872802734375,107.36888885498047,0.0,0.0,1118.7475204467773,0.48462530072864524,-1.0655372225827862,61.518054448051615,8.811305847167969,False
59,source_localization_stage4.1.wave_feature_conv1,36,12,1000,0.005,0.0,0.0,post_relu_mean,1649.45361328125,-1649.45361328125,175.38870239257812,0.0,0.0,1369.233055114746,0.5236076000263759,-1.358221685034313,78.41611860745594,9.105994191169739,False
59,source_localization_stage4.1.wave_feature_conv1,155,12,1000,0.005,0.0,0.0,post_relu_mean,787.3565673828125,-787.3565673828125,165.51318359375,0.0,0.0,544.4489517211914,0.15316288360306612,-0.5723852915124757,33.04637635282064,2.1707960975170137,False
59,source_localization_stage4.1.wave_feature_conv1,90,12,1000,0.005,0.0,0.0,post_relu_mean,1041.3868408203125,-1041.3868408203125,190.27334594726562,0.0,0.0,774.1075057983398,0.1811246360389809,-0.8205763126866258,47.375414509157906,2.2512435340881347,False
59,source_localization_stage4.1.wave_feature_conv1,184,12,1000,0.005,0.0,0.0,post_relu_mean,787.2316284179688,-787.2316284179688,108.1186752319336,0.0,0.0,603.6832275390625,0.3543121179389094,-0.5985381591174301,34.55619839095634,4.377294595241547,False
59,source_localization_stage4.1.wave_feature_conv1,129,12,1000,0.005,0.0,0.0,post_relu_mean,1557.97021484375,-1557.97021484375,88.90361785888672,0.0,0.0,1394.4489517211914,1.7372504550314898,-1.381307986557086,79.74926691061347,8.856680841445923,False
59,source_localization_stage4.1.wave_feature_conv1,160,12,1000,0.005,0.0,0.0,post_relu_mean,784.6678466796875,-784.6678466796875,118.66548919677734,0.0,0.0,596.8068084716797,0.31684699724621035,-0.5847092105799959,33.7578489771166,4.342241768836975,False
61,source_localization_stage4.1.wave_feature_conv2,137,12,1000,0.005,0.0,0.0,post_relu_mean,1571.73974609375,-1571.73974609375,142.8646697998047,0.0,0.0,1321.2608032226562,0.6504840786778607,-1.2671611655708872,73.15965526680957,10.938365931510925,False
61,source_localization_stage4.1.wave_feature_conv2,196,12,1000,0.005,0.0,0.0,post_relu_mean,1487.560302734375,-1487.560302734375,143.38877868652344,0.0,0.0,1239.5078506469727,0.5995073089487818,-1.1857450642503857,68.45855292116255,10.224899563789368,False
61,source_localization_stage4.1.wave_feature_conv2,204,12,1000,0.005,0.0,0.0,post_relu_mean,1254.2181396484375,-1254.2181396484375,143.15074157714844,0.0,0.0,1032.7375869750977,0.4847991931383012,-0.9928050473753296,57.31893060179319,8.52651291847229,False
61,source_localization_stage4.1.wave_feature_conv2,227,12,1000,0.005,0.0,0.0,post_relu_mean,1232.2239990234375,-1232.2239990234375,142.59051513671875,0.0,0.0,1013.4375,0.49691769720276924,-0.9614074631956131,55.50632191750258,8.500040440559387,False
61,source_localization_stage4.1.wave_feature_conv2,170,12,1000,0.005,0.0,0.0,post_relu_mean,1239.732666015625,-1239.732666015625,144.71115112304688,0.0,0.0,1021.2479705810547,0.5083429731019071,-0.9758263237281615,56.338735118940065,8.417025699615479,False
61,source_localization_stage4.1.wave_feature_conv2,193,12,1000,0.005,0.0,0.0,post_relu_mean,1141.9822998046875,-1141.9822998046875,152.4232940673828,0.0,0.0,933.7461166381836,0.8789422002418841,-0.9307063650407179,53.73372906885687,4.998074584007263,False
61,source_localization_stage4.1.wave_feature_conv2,88,12,1000,0.005,0.0,0.0,post_relu_mean,1030.8602294921875,-1030.8602294921875,144.46932983398438,0.0,0.0,833.7569427490234,0.3477064535880536,-0.7868374202336015,45.42793048094673,6.810571944713592,False
61,source_localization_stage4.1.wave_feature_conv2,248,12,1000,0.005,0.0,0.0,post_relu_mean,1040.76416015625,-1040.76416015625,146.0802459716797,0.0,0.0,843.040340423584,0.41769440456792284,-0.8116122105323138,46.85802862292394,7.011382029056549,False
41,interference_stage3.0.skip_connection.0,126,13,1000,0.005,0.0,0.0,post_relu_mean,1294.3236083984375,-1294.3236083984375,246.73915100097656,0.0,0.0,956.6702728271484,0.16251458053980858,-1.007095949325613,58.144090905740875,2.3215629279613497,False
41,interference_stage3.0.skip_connection.0,68,13,1000,0.005,0.0,0.0,post_relu_mean,1150.469482421875,-1150.469482421875,209.05642700195312,0.0,0.0,851.089729309082,0.13271989465907,-0.892862151113104,51.54881329400641,2.282161718606949,False
41,interference_stage3.0.skip_connection.0,103,13,1000,0.005,0.0,0.0,post_relu_mean,1310.2232666015625,-1310.2232666015625,234.7742919921875,0.0,0.0,985.4166946411133,0.17802989066705957,-1.0471318812389254,60.45544497442523,2.4846151185035708,False
41,interference_stage3.0.skip_connection.0,90,13,1000,0.005,0.0,0.0,post_relu_mean,1177.26318359375,-1177.26318359375,215.6533966064453,0.0,0.0,872.1436080932617,0.14225242779757938,-0.9236407031239015,53.325768374884504,2.1874055004119874,False
41,interference_stage3.0.skip_connection.0,79,13,1000,0.005,0.0,0.0,post_relu_mean,1206.416259765625,-1206.416259765625,224.00747680664062,0.0,0.0,897.6201629638672,0.1433551319227833,-0.946756294838157,54.660368217727246,2.183582146167755,False
41,interference_stage3.0.skip_connection.0,17,13,1000,0.005,0.0,0.0,post_relu_mean,1167.767822265625,-1167.767822265625,217.31297302246094,0.0,0.0,867.5231170654297,0.14092473841166694,-0.9257192731087808,53.4459878657935,2.2338051521778106,False
41,interference_stage3.0.skip_connection.0,120,13,1000,0.005,0.0,0.0,post_relu_mean,1026.3282470703125,-1026.3282470703125,200.26683044433594,0.0,0.0,748.0786743164062,0.1094069900000442,-0.7848370258328723,45.312026071055186,1.7840591478347778,False
41,interference_stage3.0.skip_connection.0,22,13,1000,0.005,0.0,0.0,post_relu_mean,1121.0411376953125,-1121.0411376953125,238.46771240234375,0.0,0.0,807.2661972045898,0.15538648287038387,-0.8588097947230173,49.58278845738004,1.9238113874197007,False
44,interference_stage3.1.wave_feature_conv1,28,13,1000,0.005,0.0,0.0,post_relu_mean,3597.461181640625,-3597.461181640625,555.3140869140625,0.0,0.0,2720.6458740234375,0.5910119762738033,-2.883921712910987,166.50131532170428,6.738323707580566,False
44,interference_stage3.1.wave_feature_conv1,125,13,1000,0.005,0.0,0.0,post_relu_mean,3121.443603515625,-3121.443603515625,531.3616943359375,0.0,0.0,2321.5615234375,0.5341520119698512,-2.4481266756400353,141.34092571501256,5.862239544391632,False
44,interference_stage3.1.wave_feature_conv1,2,13,1000,0.005,0.0,0.0,post_relu_mean,2678.433837890625,-2678.433837890625,587.91748046875,0.0,0.0,1905.9963989257812,0.5963812932061373,-2.0523422880493887,118.49062117734303,4.755913844108582,False
44,interference_stage3.1.wave_feature_conv1,11,13,1000,0.005,0.0,0.0,post_relu_mean,2318.66650390625,-2318.66650390625,544.8690185546875,0.0,0.0,1605.317138671875,0.48549844313164525,-1.6965948839272735,97.95174777912828,4.158235001564026,False
44,interference_stage3.1.wave_feature_conv1,92,13,1000,0.005,0.0,0.0,post_relu_mean,2159.83935546875,-2159.83935546875,528.0958251953125,0.0,0.0,1466.2753143310547,0.32892936786328697,-1.5603232749275762,90.0842086484802,3.619981826543808,False
44,interference_stage3.1.wave_feature_conv1,31,13,1000,0.005,0.0,0.0,post_relu_mean,2051.23876953125,-2051.23876953125,517.7284545898438,0.0,0.0,1374.7373809814453,0.41557141367460615,-1.4685475268900765,84.78559557517023,3.7023252809047698,False
44,interference_stage3.1.wave_feature_conv1,69,13,1000,0.005,0.0,0.0,post_relu_mean,2179.493408203125,-2179.493408203125,556.3728637695312,0.0,0.0,1469.4419860839844,0.32882232315957527,-1.5523758844398357,89.62541418080072,3.465533162355423,False
44,interference_stage3.1.wave_feature_conv1,40,13,1000,0.005,0.0,0.0,post_relu_mean,2183.181640625,-2183.181640625,560.85693359375,0.0,0.0,1470.0200805664062,0.35166919571755134,-1.5867253015859089,91.60856342650946,3.5355537474155425,False
46,interference_stage3.1.wave_feature_conv2,19,13,1000,0.005,0.0,0.0,post_relu_mean,2572.39892578125,-2572.39892578125,323.24078369140625,0.0,0.0,2015.9290466308594,0.5607232829202845,-2.1305018685647803,123.00324461953868,5.426213636398315,False
46,interference_stage3.1.wave_feature_conv2,34,13,1000,0.005,0.0,0.0,post_relu_mean,2318.737060546875,-2318.737060546875,342.6432189941406,0.0,0.0,1778.8402099609375,0.4462883016901463,-1.8912091948416876,109.18771126078491,4.380719473361969,False
46,interference_stage3.1.wave_feature_conv2,32,13,1000,0.005,0.0,0.0,post_relu_mean,2265.519775390625,-2265.519775390625,369.0652160644531,0.0,0.0,1736.9459686279297,0.7234429064561916,-1.8419119023507813,106.34229000090546,4.719440228939057,False
46,interference_stage3.1.wave_feature_conv2,114,13,1000,0.005,0.0,0.0,post_relu_mean,1551.94189453125,-1551.94189453125,344.348876953125,0.0,0.0,1080.237693786621,0.2744955472647923,-1.1556032808138317,66.71798702658897,2.762335138320923,False
46,interference_stage3.1.wave_feature_conv2,83,13,1000,0.005,0.0,0.0,post_relu_mean,1472.29541015625,-1472.29541015625,352.9327392578125,0.0,0.0,1008.0097808837891,0.265982233640584,-1.0638802550569133,61.42246007354566,2.5725359964370726,False
46,interference_stage3.1.wave_feature_conv2,27,13,1000,0.005,0.0,0.0,post_relu_mean,1402.8154296875,-1402.8154296875,343.60589599609375,0.0,0.0,951.7414703369141,0.25662134015918536,-1.0052826773245014,58.039313144104554,2.4728292763233184,False
46,interference_stage3.1.wave_feature_conv2,46,13,1000,0.005,0.0,0.0,post_relu_mean,1714.562744140625,-1714.562744140625,368.9117126464844,0.0,0.0,1241.354721069336,0.6346963349594023,-1.339910975282927,77.35956638597582,3.775025327205658,False
46,interference_stage3.1.wave_feature_conv2,107,13,1000,0.005,0.0,0.0,post_relu_mean,1464.17041015625,-1464.17041015625,334.46392822265625,0.0,0.0,1028.6832580566406,0.38748971115255637,-1.0875070155409892,62.786833554033194,2.8204401540756225,False
51,source_localization_stage4.0.wave_feature_conv1,232,13,1000,0.005,0.0,0.0,post_relu_mean,3260.61572265625,-3260.61572265625,496.5773010253906,0.0,0.0,2461.9794311523438,0.720987479881138,-2.6666916202324003,153.95964273207468,7.832909889221192,False
51,source_localization_stage4.0.wave_feature_conv1,146,13,1000,0.005,0.0,0.0,post_relu_mean,3306.25,-3306.25,542.7012329101562,0.0,0.0,2470.0855712890625,0.5542259990349668,-2.609193678572433,150.64012735831594,6.219277374744415,False
51,source_localization_stage4.0.wave_feature_conv1,131,13,1000,0.005,0.0,0.0,post_relu_mean,3281.5458984375,-3281.5458984375,517.4414672851562,0.0,0.0,2476.830047607422,0.6432473712970866,-2.594739520831771,149.80560654058897,6.304943780899048,False
51,source_localization_stage4.0.wave_feature_conv1,4,13,1000,0.005,0.0,0.0,post_relu_mean,3164.8720703125,-3164.8720703125,539.6920166015625,0.0,0.0,2345.5128784179688,0.5976319249117241,-2.5061255606097186,144.68961393187402,6.13300573348999,False
51,source_localization_stage4.0.wave_feature_conv1,66,13,1000,0.005,0.0,0.0,post_relu_mean,3180.55859375,-3180.55859375,564.4420166015625,0.0,0.0,2349.0452575683594,0.6519896197987676,-2.4833447749035518,143.3742286996903,6.18071373462677,False
51,source_localization_stage4.0.wave_feature_conv1,230,13,1000,0.005,0.0,0.0,post_relu_mean,2848.306396484375,-2848.306396484375,521.231689453125,0.0,0.0,2071.610321044922,0.3997645121840868,-2.189128292355258,126.38780330078386,5.167942671775818,False
51,source_localization_stage4.0.wave_feature_conv1,241,13,1000,0.005,0.0,0.0,post_relu_mean,2777.626708984375,-2777.626708984375,512.5735473632812,0.0,0.0,2024.1900787353516,0.5044722955742644,-2.150504935474949,124.15800001591036,5.310165581703186,False
51,source_localization_stage4.0.wave_feature_conv1,178,13,1000,0.005,0.0,0.0,post_relu_mean,2674.752197265625,-2674.752197265625,517.5199584960938,0.0,0.0,1933.9935455322266,0.49352699661019106,-2.0454907637644557,118.09500459228072,4.934996104240417,False
53,source_localization_stage4.0.wave_feature_conv2,170,13,1000,0.005,0.0,0.0,post_relu_mean,1403.454345703125,-1403.454345703125,114.65100860595703,0.0,0.0,1160.4608764648438,0.5158981830726851,-1.2325756661982956,71.16195134101733,5.417184596061706,False
53,source_localization_stage4.0.wave_feature_conv2,119,13,1000,0.005,0.0,0.0,post_relu_mean,819.7466430664062,-819.7466430664062,152.4752197265625,0.0,0.0,584.3159637451172,0.14696137272690066,-0.6267621883265587,36.18568044914535,1.862865018248558,False
53,source_localization_stage4.0.wave_feature_conv2,157,13,1000,0.005,0.0,0.0,post_relu_mean,1076.6160888671875,-1076.6160888671875,120.13776397705078,0.0,0.0,876.2774429321289,0.22304621096186927,-0.9438371919686173,54.49178862001051,2.3030481970310213,False
53,source_localization_stage4.0.wave_feature_conv2,203,13,1000,0.005,0.0,0.0,post_relu_mean,787.5635986328125,-787.5635986328125,125.6115493774414,0.0,0.0,586.4808654785156,0.2950520919836614,-0.5952759985686654,34.367863012343996,3.1342262637615206,False
53,source_localization_stage4.0.wave_feature_conv2,206,13,1000,0.005,0.0,0.0,post_relu_mean,776.918701171875,-776.918701171875,119.6086196899414,0.0,0.0,585.5653533935547,0.14784718089244117,-0.6256232539541516,36.11993066278773,1.698264365196228,False
53,source_localization_stage4.0.wave_feature_conv2,112,13,1000,0.005,0.0,0.0,post_relu_mean,885.568115234375,-885.568115234375,165.5436248779297,0.0,0.0,649.1295776367188,0.18426208351819304,-0.6760602304699951,39.031868414847544,2.10476039648056,False
53,source_localization_stage4.0.wave_feature_conv2,137,13,1000,0.005,0.0,0.0,post_relu_mean,905.949951171875,-905.949951171875,111.47805786132812,0.0,0.0,724.1691284179688,0.3178249887327009,-0.7492729589052712,43.25879112771084,3.4143779110908508,False
53,source_localization_stage4.0.wave_feature_conv2,109,13,1000,0.005,0.0,0.0,post_relu_mean,753.7554931640625,-753.7554931640625,129.46377563476562,0.0,0.0,554.5899658203125,0.14776718400003477,-0.5959403223209242,34.40620307763266,1.590764427781105,False
56,source_localization_stage4.0.skip_connection.0,121,13,1000,0.005,0.0,0.0,post_relu_mean,1472.123779296875,-1472.123779296875,244.23023986816406,0.0,0.0,1111.4304580688477,0.3807142548837456,-1.1601362682535084,66.97980140294742,3.151411644220352,False
56,source_localization_stage4.0.skip_connection.0,157,13,1000,0.005,0.0,0.0,post_relu_mean,1483.1220703125,-1483.1220703125,239.45458984375,0.0,0.0,1128.2261352539062,0.3056122162662654,-1.197467943107269,69.13504938409785,2.91943538069725,False
56,source_localization_stage4.0.skip_connection.0,4,13,1000,0.005,0.0,0.0,post_relu_mean,1263.218505859375,-1263.218505859375,243.6521453857422,0.0,0.0,911.4039535522461,0.1763018347136867,-0.9675873490312601,55.86316611666528,2.3034531009197234,False
56,source_localization_stage4.0.skip_connection.0,126,13,1000,0.005,0.0,0.0,post_relu_mean,1262.318359375,-1262.318359375,249.09603881835938,0.0,0.0,913.9549789428711,0.22042354058348612,-0.9670723363237891,55.833283487397736,2.4132623267173767,False
56,source_localization_stage4.0.skip_connection.0,124,13,1000,0.005,0.0,0.0,post_relu_mean,1217.7169189453125,-1217.7169189453125,238.27723693847656,0.0,0.0,882.8185043334961,0.20821222932123562,-0.9466827065726693,54.65607437347334,2.275519597530365,False
56,source_localization_stage4.0.skip_connection.0,105,13,1000,0.005,0.0,0.0,post_relu_mean,1187.92333984375,-1187.92333984375,203.2299041748047,0.0,0.0,890.0864791870117,0.24624548405757643,-0.9898313461712275,57.147817549999196,2.585321007966995,False
56,source_localization_stage4.0.skip_connection.0,205,13,1000,0.005,0.0,0.0,post_relu_mean,1259.6759033203125,-1259.6759033203125,242.30453491210938,0.0,0.0,924.2969207763672,0.2516679686533075,-0.9907013223731471,57.1974614886973,2.4054969012737275,False
56,source_localization_stage4.0.skip_connection.0,189,13,1000,0.005,0.0,0.0,post_relu_mean,1182.61865234375,-1182.61865234375,242.27772521972656,0.0,0.0,847.8336181640625,0.20493560464921584,-0.8988493616911959,51.89445650593875,2.258672878742218,False
59,source_localization_stage4.1.wave_feature_conv1,5,13,1000,0.005,0.0,0.0,post_relu_mean,932.0428466796875,-932.0428466796875,199.00006103515625,0.0,0.0,651.997444152832,0.20495081762207598,-0.6745273975019543,38.94347879381302,2.337789160013199,False
59,source_localization_stage4.1.wave_feature_conv1,90,13,1000,0.005,0.0,0.0,post_relu_mean,1056.908447265625,-1056.908447265625,198.93939208984375,0.0,0.0,777.4936599731445,0.21644128064206322,-0.8312537051402358,47.9918616882122,2.1701614654064176,False
59,source_localization_stage4.1.wave_feature_conv1,171,13,1000,0.005,0.0,0.0,post_relu_mean,968.5448608398438,-968.5448608398438,189.22206115722656,0.0,0.0,713.2303466796875,0.3516363565799972,-0.7192092520361102,41.52308870431383,2.961812415122986,False
59,source_localization_stage4.1.wave_feature_conv1,184,13,1000,0.005,0.0,0.0,post_relu_mean,741.22509765625,-741.22509765625,115.55951690673828,0.0,0.0,560.2428588867188,0.22779961651434316,-0.5672905384951519,32.75222466273408,3.0433982956409453,False
59,source_localization_stage4.1.wave_feature_conv1,155,13,1000,0.005,0.0,0.0,post_relu_mean,804.797607421875,-804.797607421875,181.06504821777344,0.0,0.0,559.7468566894531,0.2264003659039971,-0.5863999339622772,33.85544323271003,1.8690543961524964,False
59,source_localization_stage4.1.wave_feature_conv1,232,13,1000,0.005,0.0,0.0,post_relu_mean,827.6224975585938,-827.6224975585938,183.52438354492188,0.0,0.0,581.1255798339844,0.20367828406527114,-0.6032732680499628,34.82962002736697,1.7301603066921234,False
59,source_localization_stage4.1.wave_feature_conv1,42,13,1000,0.005,0.0,0.0,post_relu_mean,721.7072143554688,-721.7072143554688,171.22715759277344,0.0,0.0,491.8693962097168,0.12099294858406895,-0.5101636463869971,29.453954022081653,1.705866310596466,False
59,source_localization_stage4.1.wave_feature_conv1,36,13,1000,0.005,0.0,0.0,post_relu_mean,1521.248779296875,-1521.248779296875,182.2747344970703,0.0,0.0,1280.4338417053223,0.8226126122065794,-1.288955061553541,74.4172339187796,6.480613782405853,False
61,source_localization_stage4.1.wave_feature_conv2,243,13,1000,0.005,0.0,0.0,post_relu_mean,974.7758178710938,-974.7758178710938,143.92967224121094,0.0,0.0,750.0104064941406,0.3590122475683633,-0.7730672708956394,44.6333848275421,2.9494090950489045,False
61,source_localization_stage4.1.wave_feature_conv2,203,13,1000,0.005,0.0,0.0,post_relu_mean,753.33203125,-753.33203125,141.84400939941406,0.0,0.0,556.1148300170898,0.14916211910213767,-0.548652168742573,31.676062383928365,2.681933923959732,False
61,source_localization_stage4.1.wave_feature_conv2,40,13,1000,0.005,0.0,0.0,post_relu_mean,559.2772216796875,-559.2772216796875,147.47984313964844,0.0,0.0,357.06504821777344,0.13444614857908707,-0.36370777626526835,20.99846969493222,1.6683253663778306,False
61,source_localization_stage4.1.wave_feature_conv2,137,13,1000,0.005,0.0,0.0,post_relu_mean,1300.697509765625,-1300.697509765625,126.50411224365234,0.0,0.0,1122.3637161254883,1.0714362629152543,-1.0712524118339775,61.84822669506389,7.300011584758758,False
61,source_localization_stage4.1.wave_feature_conv2,18,13,1000,0.005,0.0,0.0,post_relu_mean,1409.459228515625,-1409.459228515625,134.04144287109375,0.0,0.0,1230.0475044250488,1.6863519468152053,-1.3916414067883434,80.34980134622386,6.597851772308349,False
61,source_localization_stage4.1.wave_feature_conv2,191,13,1000,0.005,0.0,0.0,post_relu_mean,664.5797119140625,-664.5797119140625,146.0396270751953,0.0,0.0,473.58569717407227,0.15126252250541247,-0.4540567890036484,26.214682344852122,2.3336030042171476,False
61,source_localization_stage4.1.wave_feature_conv2,229,13,1000,0.005,0.0,0.0,post_relu_mean,486.1639404296875,-486.1639404296875,138.1527557373047,0.0,0.0,305.4666442871094,0.10213397164320186,-0.3124145174781102,18.03715615306859,1.2797709494829177,False
61,source_localization_stage4.1.wave_feature_conv2,196,13,1000,0.005,0.0,0.0,post_relu_mean,1221.4093017578125,-1221.4093017578125,126.60550689697266,0.0,0.0,1053.6400260925293,1.007676522495846,-0.99311756870765,57.33698509545879,6.815390887260437,False
41,interference_stage3.0.skip_connection.0,126,14,1000,0.005,0.0,0.0,post_relu_mean,1336.500732421875,-1336.500732421875,250.384033203125,0.0,0.0,990.5561447143555,0.17861788124731662,-1.048275149963466,60.521448620510405,2.434606535434723,False
41,interference_stage3.0.skip_connection.0,90,14,1000,0.005,0.0,0.0,post_relu_mean,1227.19677734375,-1227.19677734375,222.2200164794922,0.0,0.0,911.2304916381836,0.14461687478551608,-0.9553370993698672,55.15582812484949,2.3026753950119017,False
41,interference_stage3.0.skip_connection.0,103,14,1000,0.005,0.0,0.0,post_relu_mean,1363.03076171875,-1363.03076171875,241.3886260986328,0.0,0.0,1030.099464416504,0.20043571751578262,-1.0789554388975693,62.29277266850131,2.5854826176166537,False
41,interference_stage3.0.skip_connection.0,68,14,1000,0.005,0.0,0.0,post_relu_mean,1181.37255859375,-1181.37255859375,215.15634155273438,0.0,0.0,877.3596878051758,0.13361358812514162,-0.9111188594686791,52.602838167614074,2.367325637340546,False
41,interference_stage3.0.skip_connection.0,79,14,1000,0.005,0.0,0.0,post_relu_mean,1205.4332275390625,-1205.4332275390625,226.40280151367188,0.0,0.0,891.4166793823242,0.14129916940849507,-0.950518383305652,54.87761414406371,2.1987819492816927,False
41,interference_stage3.0.skip_connection.0,17,14,1000,0.005,0.0,0.0,post_relu_mean,1220.753662109375,-1220.753662109375,224.29449462890625,0.0,0.0,911.833854675293,0.16301609818340557,-0.9725558895350558,56.14986370192288,2.3414317762851713,False
41,interference_stage3.0.skip_connection.0,120,14,1000,0.005,0.0,0.0,post_relu_mean,1050.751953125,-1050.751953125,208.24517822265625,0.0,0.0,760.4436798095703,0.10334718109254411,-0.7970931971816141,46.01964495717734,1.8606187885999679,False
41,interference_stage3.0.skip_connection.0,34,14,1000,0.005,0.0,0.0,post_relu_mean,1077.6497802734375,-1077.6497802734375,224.42205810546875,0.0,0.0,775.7170867919922,0.12599006365843937,-0.827403406978485,47.769567647860136,1.9677181726694106,False
44,interference_stage3.1.wave_feature_conv1,28,14,1000,0.005,0.0,0.0,post_relu_mean,3666.43017578125,-3666.43017578125,564.7169189453125,0.0,0.0,2792.1220703125,0.6430231233795444,-2.911296077079662,168.08194653089208,6.971729421615601,False
44,interference_stage3.1.wave_feature_conv1,125,14,1000,0.005,0.0,0.0,post_relu_mean,3169.818115234375,-3169.818115234375,532.6863403320312,0.0,0.0,2371.198760986328,0.5411295526731237,-2.485401477016906,143.49336330145445,6.054105722904206,False
44,interference_stage3.1.wave_feature_conv1,2,14,1000,0.005,0.0,0.0,post_relu_mean,2770.057861328125,-2770.057861328125,601.5020141601562,0.0,0.0,1973.1211700439453,0.5771642741307712,-2.105205587445594,121.54264324506406,4.997742862701416,False
44,interference_stage3.1.wave_feature_conv1,92,14,1000,0.005,0.0,0.0,post_relu_mean,2233.438720703125,-2233.438720703125,541.5342407226562,0.0,0.0,1519.794677734375,0.33938884581386475,-1.5740024122551306,90.87399434493767,3.8064673233032225,False
44,interference_stage3.1.wave_feature_conv1,69,14,1000,0.005,0.0,0.0,post_relu_mean,2272.2392578125,-2272.2392578125,572.235107421875,0.0,0.0,1532.864761352539,0.3720833916895223,-1.614444635652024,93.20898398150177,3.8862215971946714,False
44,interference_stage3.1.wave_feature_conv1,11,14,1000,0.005,0.0,0.0,post_relu_mean,2403.552978515625,-2403.552978515625,558.0510864257812,0.0,0.0,1681.6692504882812,0.49874032007516256,-1.7889105348666425,103.28160718291197,4.383043916225433,False
44,interference_stage3.1.wave_feature_conv1,40,14,1000,0.005,0.0,0.0,post_relu_mean,2252.910888671875,-2252.910888671875,569.3663940429688,0.0,0.0,1520.3533477783203,0.3311829310585307,-1.6129500765290121,93.12266356162507,3.7218104660511018,False
44,interference_stage3.1.wave_feature_conv1,79,14,1000,0.005,0.0,0.0,post_relu_mean,2143.5498046875,-2143.5498046875,544.9678344726562,0.0,0.0,1445.6358642578125,0.376877458757612,-1.5399797072868717,88.90966221187017,3.749110645055771,False
46,interference_stage3.1.wave_feature_conv2,19,14,1000,0.005,0.0,0.0,post_relu_mean,2583.6484375,-2583.6484375,322.72418212890625,0.0,0.0,2032.5009765625,0.5267353580163762,-2.1114414218692867,121.90263223319002,5.558090345859528,False
46,interference_stage3.1.wave_feature_conv2,34,14,1000,0.005,0.0,0.0,post_relu_mean,2429.76416015625,-2429.76416015625,351.1790466308594,0.0,0.0,1865.0741729736328,0.39627728260190886,-1.9647625163407403,113.43424414406118,4.749211108684539,False
46,interference_stage3.1.wave_feature_conv2,32,14,1000,0.005,0.0,0.0,post_relu_mean,2308.977294921875,-2308.977294921875,363.61541748046875,0.0,0.0,1771.4666137695312,0.635411220321139,-1.8589934015012974,107.327707658812,4.873059871196747,False
46,interference_stage3.1.wave_feature_conv2,114,14,1000,0.005,0.0,0.0,post_relu_mean,1566.6507568359375,-1566.6507568359375,338.2796630859375,0.0,0.0,1100.949851989746,0.24923887447593626,-1.15873156022321,66.89857727080414,2.8802258372306824,False
46,interference_stage3.1.wave_feature_conv2,83,14,1000,0.005,0.0,0.0,post_relu_mean,1524.26416015625,-1524.26416015625,357.1511535644531,0.0,0.0,1046.6406478881836,0.24351246426305617,-1.086047755457192,62.70225195184765,2.759341616630554,False
46,interference_stage3.1.wave_feature_conv2,27,14,1000,0.005,0.0,0.0,post_relu_mean,1432.1885986328125,-1432.1885986328125,347.6021728515625,0.0,0.0,969.955436706543,0.20763633088758832,-1.0106651042130543,58.35006419690883,2.5553581595420836,False
46,interference_stage3.1.wave_feature_conv2,107,14,1000,0.005,0.0,0.0,post_relu_mean,1474.074462890625,-1474.074462890625,326.8878173828125,0.0,0.0,1034.7325820922852,0.3269830192673956,-1.0670871453487996,61.607540934219294,2.9022069394588472,False
46,interference_stage3.1.wave_feature_conv2,46,14,1000,0.005,0.0,0.0,post_relu_mean,1720.511962890625,-1720.511962890625,361.9229431152344,0.0,0.0,1250.0537872314453,0.6111615735466411,-1.2927407479620585,74.6356204250249,3.879130997657776,False
51,source_localization_stage4.0.wave_feature_conv1,232,14,1000,0.005,0.0,0.0,post_relu_mean,3383.687744140625,-3383.687744140625,494.8061218261719,0.0,0.0,2597.1334228515625,0.9682867877676257,-2.791438177983259,161.16189573758234,8.64161678314209,False
51,source_localization_stage4.0.wave_feature_conv1,146,14,1000,0.005,0.0,0.0,post_relu_mean,3373.69921875,-3373.69921875,543.440673828125,0.0,0.0,2539.2969360351562,0.5235553908094768,-2.6404336183233688,152.44371286548744,6.44002904176712,False
51,source_localization_stage4.0.wave_feature_conv1,131,14,1000,0.005,0.0,0.0,post_relu_mean,3368.36083984375,-3368.36083984375,525.3299560546875,0.0,0.0,2553.6779174804688,0.6104230618459762,-2.6623382523039636,153.70826802115312,6.636213715076447,False
51,source_localization_stage4.0.wave_feature_conv1,4,14,1000,0.005,0.0,0.0,post_relu_mean,3217.12548828125,-3217.12548828125,544.4616088867188,0.0,0.0,2396.4833984375,0.5533042456145087,-2.4941001767231676,143.99515175646619,6.358550736904144,False
51,source_localization_stage4.0.wave_feature_conv1,66,14,1000,0.005,0.0,0.0,post_relu_mean,3217.434326171875,-3217.434326171875,561.5609130859375,0.0,0.0,2392.337158203125,0.5588895842327385,-2.5029254386144806,144.5047302375687,6.326162943840027,False
51,source_localization_stage4.0.wave_feature_conv1,230,14,1000,0.005,0.0,0.0,post_relu_mean,2901.025634765625,-2901.025634765625,513.22021484375,0.0,0.0,2132.0682067871094,0.404281460149007,-2.2526772868723572,130.05676211338923,5.492164804935455,False
51,source_localization_stage4.0.wave_feature_conv1,241,14,1000,0.005,0.0,0.0,post_relu_mean,2850.94873046875,-2850.94873046875,507.37030029296875,0.0,0.0,2103.789306640625,0.5081004721731566,-2.20983369039182,127.5833517937813,5.728729450702668,False
51,source_localization_stage4.0.wave_feature_conv1,178,14,1000,0.005,0.0,0.0,post_relu_mean,2783.15673828125,-2783.15673828125,524.767822265625,0.0,0.0,2035.1101531982422,0.5207587906741421,-2.1546705839276843,124.39864048175912,5.407804267406464,False
53,source_localization_stage4.0.wave_feature_conv2,170,14,1000,0.005,0.0,0.0,post_relu_mean,1536.375244140625,-1536.375244140625,122.56771087646484,0.0,0.0,1285.3365936279297,0.6283692515047844,-1.3564605543056054,78.31462178738872,6.184657754898072,False
53,source_localization_stage4.0.wave_feature_conv2,157,14,1000,0.005,0.0,0.0,post_relu_mean,1104.8048095703125,-1104.8048095703125,121.53667449951172,0.0,0.0,890.9368057250977,0.2252929092862541,-0.9506472183441548,54.88499397641588,2.4731874322891234,False
53,source_localization_stage4.0.wave_feature_conv2,206,14,1000,0.005,0.0,0.0,post_relu_mean,794.9537963867188,-794.9537963867188,116.99176025390625,0.0,0.0,602.5742797851562,0.12500309403682927,-0.6336956190628399,36.58598821441539,1.7980849713087081,False
53,source_localization_stage4.0.wave_feature_conv2,119,14,1000,0.005,0.0,0.0,post_relu_mean,814.3656005859375,-814.3656005859375,151.4740447998047,0.0,0.0,588.1567230224609,0.19188636846913923,-0.6162018987303294,35.57600891301509,2.2215649032592775,False
53,source_localization_stage4.0.wave_feature_conv2,137,14,1000,0.005,0.0,0.0,post_relu_mean,915.2711181640625,-915.2711181640625,117.4769058227539,0.0,0.0,727.5154037475586,0.3826717919652694,-0.7476403033122704,43.16456603115306,3.83560316324234,False
53,source_localization_stage4.0.wave_feature_conv2,109,14,1000,0.005,0.0,0.0,post_relu_mean,766.1226806640625,-766.1226806640625,130.39976501464844,0.0,0.0,567.5743713378906,0.1471763419759941,-0.6066996320751525,35.027413380036236,1.6890253180265427,False
53,source_localization_stage4.0.wave_feature_conv2,35,14,1000,0.005,0.0,0.0,post_relu_mean,686.42333984375,-686.42333984375,118.67337799072266,0.0,0.0,501.88773345947266,0.09995293221216127,-0.5290150848894513,30.542320097165312,1.5992595803737641,False
53,source_localization_stage4.0.wave_feature_conv2,115,14,1000,0.005,0.0,0.0,post_relu_mean,647.2135009765625,-647.2135009765625,122.0264663696289,0.0,0.0,465.5941467285156,0.10741932081766101,-0.4874871581719962,28.14473347574548,1.459751723408699,False
56,source_localization_stage4.0.skip_connection.0,121,14,1000,0.005,0.0,0.0,post_relu_mean,1498.428466796875,-1498.428466796875,245.4929962158203,0.0,0.0,1139.90576171875,0.3475217841731019,-1.1701559143592846,67.55827510061934,3.171849812269211,False
56,source_localization_stage4.0.skip_connection.0,157,14,1000,0.005,0.0,0.0,post_relu_mean,1517.443603515625,-1517.443603515625,241.1990203857422,0.0,0.0,1163.5138702392578,0.296376314281242,-1.2096645214287098,69.83918659519159,2.9550683748722077,False
56,source_localization_stage4.0.skip_connection.0,4,14,1000,0.005,0.0,0.0,post_relu_mean,1302.2325439453125,-1302.2325439453125,243.8570556640625,0.0,0.0,950.567512512207,0.19034009462396415,-0.9940242915252568,57.38939373953664,2.463539389371872,False
56,source_localization_stage4.0.skip_connection.0,124,14,1000,0.005,0.0,0.0,post_relu_mean,1241.1312255859375,-1241.1312255859375,234.7562255859375,0.0,0.0,910.7127075195312,0.22366249897458504,-0.9492331380550137,54.803331208154766,2.4322426092624663,False
56,source_localization_stage4.0.skip_connection.0,126,14,1000,0.005,0.0,0.0,post_relu_mean,1316.197265625,-1316.197265625,250.31358337402344,0.0,0.0,970.9524459838867,0.24336300036152342,-1.0121264954231277,58.43442597417336,2.542914069890976,False
56,source_localization_stage4.0.skip_connection.0,189,14,1000,0.005,0.0,0.0,post_relu_mean,1234.1695556640625,-1234.1695556640625,239.607666015625,0.0,0.0,900.0427398681641,0.23952933212603847,-0.9573597501558633,55.272503371256036,2.505120241641998,False
56,source_localization_stage4.0.skip_connection.0,105,14,1000,0.005,0.0,0.0,post_relu_mean,1210.9569091796875,-1210.9569091796875,208.01751708984375,0.0,0.0,909.0531234741211,0.2697292449290985,-0.9903499228868659,57.17803779956186,2.6769679737091066,False
56,source_localization_stage4.0.skip_connection.0,205,14,1000,0.005,0.0,0.0,post_relu_mean,1265.3336181640625,-1265.3336181640625,240.1587677001953,0.0,0.0,936.6375503540039,0.24040930592239704,-0.9854608879870435,56.89494901485224,2.430664291381836,False
59,source_localization_stage4.1.wave_feature_conv1,90,14,1000,0.005,0.0,0.0,post_relu_mean,1063.934814453125,-1063.934814453125,166.11614990234375,0.0,0.0,824.5991516113281,0.24727774810519093,-0.87681797124579,50.62252892197454,2.2437205851078033,False
59,source_localization_stage4.1.wave_feature_conv1,155,14,1000,0.005,0.0,0.0,post_relu_mean,802.93994140625,-802.93994140625,148.2239532470703,0.0,0.0,587.6279678344727,0.19153317495893654,-0.6080646081551209,35.10620994679258,2.122867685556412,False
59,source_localization_stage4.1.wave_feature_conv1,5,14,1000,0.005,0.0,0.0,post_relu_mean,940.2081298828125,-940.2081298828125,196.48680114746094,0.0,0.0,682.1324462890625,0.2846789606431355,-0.6960442972866314,40.18564934924978,2.6537078428268432,False
59,source_localization_stage4.1.wave_feature_conv1,232,14,1000,0.005,0.0,0.0,post_relu_mean,824.68896484375,-824.68896484375,156.7539825439453,0.0,0.0,610.1720123291016,0.1952452526254661,-0.6243178142289251,36.04460822785897,1.7252670568227768,False
59,source_localization_stage4.1.wave_feature_conv1,184,14,1000,0.005,0.0,0.0,post_relu_mean,791.8883056640625,-791.8883056640625,112.68743133544922,0.0,0.0,621.7743835449219,0.3531439865930624,-0.6212227515313126,35.86592853196909,3.5238258957862856,False
59,source_localization_stage4.1.wave_feature_conv1,244,14,1000,0.005,0.0,0.0,post_relu_mean,812.506103515625,-812.506103515625,162.3409423828125,0.0,0.0,596.6208724975586,0.14446964422059136,-0.625267375779243,36.099385168500625,1.6823937290906905,False
59,source_localization_stage4.1.wave_feature_conv1,138,14,1000,0.005,0.0,0.0,post_relu_mean,869.8438720703125,-869.8438720703125,158.69363403320312,0.0,0.0,658.1664657592773,0.171443906428719,-0.694971328903584,40.12371564321969,1.818568952679634,False
59,source_localization_stage4.1.wave_feature_conv1,204,14,1000,0.005,0.0,0.0,post_relu_mean,875.8684692382812,-875.8684692382812,161.15780639648438,0.0,0.0,662.2373733520508,0.2654536210647267,-0.666336648818442,38.4704993470181,2.1715687954425813,False
61,source_localization_stage4.1.wave_feature_conv2,18,14,1000,0.005,0.0,0.0,post_relu_mean,1342.156494140625,-1342.156494140625,127.07292938232422,0.0,0.0,1169.674690246582,1.5212508283478958,-1.1791687062989566,68.08092310365357,6.345229423046112,False
61,source_localization_stage4.1.wave_feature_conv2,243,14,1000,0.005,0.0,0.0,post_relu_mean,1075.90869140625,-1075.90869140625,149.71791076660156,0.0,0.0,883.507381439209,0.742530208121544,-1.1510891377325936,66.45800621635703,3.7260638546943663,False
61,source_localization_stage4.1.wave_feature_conv2,137,14,1000,0.005,0.0,0.0,post_relu_mean,1486.7236328125,-1486.7236328125,137.38348388671875,0.0,0.0,1307.9236297607422,1.2749262280545433,-1.24589843768311,71.93109573446422,9.282059774398803,False
61,source_localization_stage4.1.wave_feature_conv2,196,14,1000,0.005,0.0,0.0,post_relu_mean,1410.20263671875,-1410.20263671875,138.82546997070312,0.0,0.0,1236.7019882202148,1.2052759101929913,-1.177346807480001,67.97334940215424,8.65976586341858,False
61,source_localization_stage4.1.wave_feature_conv2,193,14,1000,0.005,0.0,0.0,post_relu_mean,1126.6124267578125,-1126.6124267578125,148.94859313964844,0.0,0.0,944.198844909668,1.0229789734929333,-0.940762945358424,54.31486594713144,4.739446113109588,False
61,source_localization_stage4.1.wave_feature_conv2,78,14,1000,0.005,0.0,0.0,post_relu_mean,509.5640869140625,-509.5640869140625,129.56617736816406,0.0,0.0,349.9353771209717,0.11431749150831931,-0.35835354475323056,20.689299124267386,1.516845731139183,False
61,source_localization_stage4.1.wave_feature_conv2,40,14,1000,0.005,0.0,0.0,post_relu_mean,601.1692504882812,-601.1692504882812,132.93350219726562,0.0,0.0,439.14166259765625,0.3372833681288872,-0.46942189796199973,27.101887992739083,1.922040102481842,False
61,source_localization_stage4.1.wave_feature_conv2,234,14,1000,0.005,0.0,0.0,post_relu_mean,358.4009094238281,-358.4009094238281,90.19133758544922,0.0,0.0,240.7928352355957,0.08548935052921985,-0.2403919605817904,13.8788814413601,0.9255310314893722,False
41,interference_stage3.0.skip_connection.0,126,15,1000,0.005,0.0,0.0,post_relu_mean,1307.751953125,-1307.751953125,248.33499145507812,0.0,0.0,978.7135848999023,0.21885435788330054,-1.0442359665101244,60.28825636131731,2.440539804697037,False
41,interference_stage3.0.skip_connection.0,79,15,1000,0.005,0.0,0.0,post_relu_mean,1184.31103515625,-1184.31103515625,219.88470458984375,0.0,0.0,884.6633911132812,0.14967206777633846,-0.9540702699086032,55.082706746873065,2.230244917869568,False
41,interference_stage3.0.skip_connection.0,120,15,1000,0.005,0.0,0.0,post_relu_mean,1023.6286010742188,-1023.6286010742188,201.0770721435547,0.0,0.0,744.1441192626953,0.10391404300809162,-0.7843596480994789,45.284462522476225,1.820794286131859,False
41,interference_stage3.0.skip_connection.0,103,15,1000,0.005,0.0,0.0,post_relu_mean,1305.34326171875,-1305.34326171875,232.98114013671875,0.0,0.0,995.2520599365234,0.22128387175001188,-1.0904969220299843,62.95910135043798,2.526477873325348,False
41,interference_stage3.0.skip_connection.0,17,15,1000,0.005,0.0,0.0,post_relu_mean,1149.124755859375,-1149.124755859375,213.18467712402344,0.0,0.0,859.1162185668945,0.17287616896731375,-0.920203368472273,53.12738476664185,2.3065134274959562,False
41,interference_stage3.0.skip_connection.0,34,15,1000,0.005,0.0,0.0,post_relu_mean,1005.3142700195312,-1005.3142700195312,205.7859344482422,0.0,0.0,723.102783203125,0.11890815198037208,-0.7676631467483465,44.320530326542695,1.8598362827301025,False
41,interference_stage3.0.skip_connection.0,90,15,1000,0.005,0.0,0.0,post_relu_mean,1162.8658447265625,-1162.8658447265625,212.65301513671875,0.0,0.0,875.6103820800781,0.17434150088297523,-0.9535501400077725,55.05276559016362,2.26611114859581,False
41,interference_stage3.0.skip_connection.0,68,15,1000,0.005,0.0,0.0,post_relu_mean,1112.7408447265625,-1112.7408447265625,205.150390625,0.0,0.0,838.8499221801758,0.144633646647807,-0.90038282927288,51.98301650377272,2.2735936141014097,False
44,interference_stage3.1.wave_feature_conv1,28,15,1000,0.005,0.0,0.0,post_relu_mean,3581.131591796875,-3581.131591796875,567.2066650390625,0.0,0.0,2747.265899658203,0.8103107418617221,-2.9141133990996257,168.244719349158,7.153528859615326,False
44,interference_stage3.1.wave_feature_conv1,125,15,1000,0.005,0.0,0.0,post_relu_mean,3049.25,-3049.25,534.73681640625,0.0,0.0,2293.9696197509766,0.6790382635087525,-2.4651050909756633,142.3211439269202,6.105014240741729,False
44,interference_stage3.1.wave_feature_conv1,2,15,1000,0.005,0.0,0.0,post_relu_mean,2680.935791015625,-2680.935791015625,583.2138061523438,0.0,0.0,1896.0310974121094,0.47053378674322466,-1.9999805751369373,115.46789933644037,5.100952661037445,False
44,interference_stage3.1.wave_feature_conv1,92,15,1000,0.005,0.0,0.0,post_relu_mean,2198.27197265625,-2198.27197265625,548.3805541992188,0.0,0.0,1481.4937896728516,0.33372022546566443,-1.5859360260556807,91.56292176576223,3.9230563819408415,False
44,interference_stage3.1.wave_feature_conv1,69,15,1000,0.005,0.0,0.0,post_relu_mean,2222.865234375,-2222.865234375,572.011474609375,0.0,0.0,1491.4756622314453,0.3232161721132875,-1.5489632028093179,89.42836811881423,3.8151800644397738,False
44,interference_stage3.1.wave_feature_conv1,40,15,1000,0.005,0.0,0.0,post_relu_mean,2187.6025390625,-2187.6025390625,557.5775756835938,0.0,0.0,1474.4120025634766,0.3263249949278314,-1.5776525199567977,91.0847723132508,3.746427706480026,False
44,interference_stage3.1.wave_feature_conv1,11,15,1000,0.005,0.0,0.0,post_relu_mean,2297.678466796875,-2297.678466796875,546.1172485351562,0.0,0.0,1606.5901489257812,0.5501169530496153,-1.7002731802303845,98.1642097306715,4.452405643463135,False
44,interference_stage3.1.wave_feature_conv1,100,15,1000,0.005,0.0,0.0,post_relu_mean,2053.693603515625,-2053.693603515625,547.7739868164062,0.0,0.0,1362.4631652832031,0.43696398883982607,-1.4298740644175283,82.55294115967794,3.8745576906204224,False
46,interference_stage3.1.wave_feature_conv2,34,15,1000,0.005,0.0,0.0,post_relu_mean,2329.646484375,-2329.646484375,327.6196594238281,0.0,0.0,1792.4628143310547,0.3611322726028554,-1.9022385739697203,109.82453850434806,4.828482789993286,False
46,interference_stage3.1.wave_feature_conv2,32,15,1000,0.005,0.0,0.0,post_relu_mean,2288.861328125,-2288.861328125,361.90325927734375,0.0,0.0,1734.7071838378906,0.44856337586390194,-1.849864633700804,106.80070595613469,5.1719400548934935,False
46,interference_stage3.1.wave_feature_conv2,19,15,1000,0.005,0.0,0.0,post_relu_mean,2470.422119140625,-2470.422119140625,311.9062194824219,0.0,0.0,1985.9416198730469,0.6636157353348032,-2.1552669156694737,124.4329368900222,5.544136650562287,False
46,interference_stage3.1.wave_feature_conv2,46,15,1000,0.005,0.0,0.0,post_relu_mean,1738.866943359375,-1738.866943359375,360.3799743652344,0.0,0.0,1256.4260025024414,0.4193837594027568,-1.3375912473068174,77.22517313041854,4.14556262254715,False
46,interference_stage3.1.wave_feature_conv2,42,15,1000,0.005,0.0,0.0,post_relu_mean,1724.845703125,-1724.845703125,347.7392272949219,0.0,0.0,1255.8623657226562,0.4137576873227448,-1.2942678354861703,74.72413780411291,4.64232479095459,False
46,interference_stage3.1.wave_feature_conv2,114,15,1000,0.005,0.0,0.0,post_relu_mean,1500.2509765625,-1500.2509765625,335.90869140625,0.0,0.0,1049.4891357421875,0.22251011511960503,-1.1178313270087612,64.53731423190581,2.8065308225154877,False
46,interference_stage3.1.wave_feature_conv2,107,15,1000,0.005,0.0,0.0,post_relu_mean,1463.951416015625,-1463.951416015625,334.22491455078125,0.0,0.0,1017.1162567138672,0.32072910345545247,-1.069620177485638,61.754079873071966,3.0302915489673614,False
46,interference_stage3.1.wave_feature_conv2,83,15,1000,0.005,0.0,0.0,post_relu_mean,1489.31640625,-1489.31640625,354.8338928222656,0.0,0.0,1023.8089141845703,0.25222621864034683,-1.0798201118663218,62.342798868499024,2.7440044605731964,False
51,source_localization_stage4.0.wave_feature_conv1,150,15,1000,0.005,0.0,0.0,post_relu_mean,4336.5703125,-4336.5703125,446.1326599121094,0.0,0.0,3594.2095947265625,1.2010586910586365,-3.6182932920490973,208.89987312380242,17.09000997543335,False
51,source_localization_stage4.0.wave_feature_conv1,151,15,1000,0.005,0.0,0.0,post_relu_mean,4300.00439453125,-4300.00439453125,427.6825866699219,0.0,0.0,3594.2882080078125,1.1785319966734165,-3.5613422925905174,205.61162691383916,18.33150999069214,False
51,source_localization_stage4.0.wave_feature_conv1,146,15,1000,0.005,0.0,0.0,post_relu_mean,3270.708984375,-3270.708984375,539.8644409179688,0.0,0.0,2478.491455078125,0.6300559320253596,-2.6403463182282683,152.43856910517616,6.42639589548111,False
51,source_localization_stage4.0.wave_feature_conv1,120,15,1000,0.005,0.0,0.0,post_relu_mean,4235.44970703125,-4235.44970703125,410.0412292480469,0.0,0.0,3573.9451446533203,1.222787814429385,-3.5387618572910613,204.308079695719,18.925863523483276,False
51,source_localization_stage4.0.wave_feature_conv1,131,15,1000,0.005,0.0,0.0,post_relu_mean,3265.2099609375,-3265.2099609375,519.5836181640625,0.0,0.0,2497.196502685547,0.6591269990422487,-2.6344140196522488,152.09609639526818,6.604770624637604,False
51,source_localization_stage4.0.wave_feature_conv1,230,15,1000,0.005,0.0,0.0,post_relu_mean,2825.493896484375,-2825.493896484375,512.7967529296875,0.0,0.0,2079.041259765625,0.4428289297475976,-2.213217479545875,127.77866088271017,5.560704960823059,False
51,source_localization_stage4.0.wave_feature_conv1,196,15,1000,0.005,0.0,0.0,post_relu_mean,3772.274658203125,-3772.274658203125,424.869140625,0.0,0.0,3115.9210815429688,1.0472999363247144,-3.0957982490211666,178.73390086372922,16.47085235595703,False
51,source_localization_stage4.0.wave_feature_conv1,4,15,1000,0.005,0.0,0.0,post_relu_mean,3079.77880859375,-3079.77880859375,539.1849975585938,0.0,0.0,2319.0311279296875,0.6682910698197181,-2.491648872459604,143.85416599091266,6.120658981800079,False
53,source_localization_stage4.0.wave_feature_conv2,228,15,1000,0.005,0.0,0.0,post_relu_mean,1861.951171875,-1861.951171875,119.2758560180664,0.0,0.0,1588.7151489257812,0.6101619900118346,-1.561800553406169,90.17016137143013,9.733620862960816,False
53,source_localization_stage4.0.wave_feature_conv2,157,15,1000,0.005,0.0,0.0,post_relu_mean,1163.7652587890625,-1163.7652587890625,127.16356658935547,0.0,0.0,919.5994262695312,0.20687200508912224,-0.9708696273772809,56.0524990049593,2.8435713768005373,False
53,source_localization_stage4.0.wave_feature_conv2,167,15,1000,0.005,0.0,0.0,post_relu_mean,1427.83642578125,-1427.83642578125,125.44112396240234,0.0,0.0,1187.564682006836,0.47071998507435875,-1.1556981333285772,66.72344594736289,7.29584136724472,False
53,source_localization_stage4.0.wave_feature_conv2,231,15,1000,0.005,0.0,0.0,post_relu_mean,1644.4349365234375,-1644.4349365234375,101.7386474609375,0.0,0.0,1428.7333221435547,0.5586204117129959,-1.3678993492781655,78.97472987238098,9.688164381980895,False
53,source_localization_stage4.0.wave_feature_conv2,74,15,1000,0.005,0.0,0.0,post_relu_mean,1489.267578125,-1489.267578125,104.42916107177734,0.0,0.0,1279.6407012939453,0.49496287286895757,-1.2154081020299432,70.17078625031715,8.505892329216003,False
53,source_localization_stage4.0.wave_feature_conv2,53,15,1000,0.005,0.0,0.0,post_relu_mean,1346.110107421875,-1346.110107421875,136.17462158203125,0.0,0.0,1110.0380554199219,0.34876285318146,-1.1364118431879253,65.61008486421565,6.0186292171478275,False
53,source_localization_stage4.0.wave_feature_conv2,243,15,1000,0.005,0.0,0.0,post_relu_mean,935.685791015625,-935.685791015625,118.82101440429688,0.0,0.0,739.2282028198242,0.24286097455030362,-0.7312341545263484,42.21730486126269,4.587313292026519,False
53,source_localization_stage4.0.wave_feature_conv2,216,15,1000,0.005,0.0,0.0,post_relu_mean,900.7816162109375,-900.7816162109375,110.4863052368164,0.0,0.0,716.425048828125,0.30835147075810254,-0.6979925174551481,40.298169569162965,4.627916107177734,False
56,source_localization_stage4.0.skip_connection.0,157,15,1000,0.005,0.0,0.0,post_relu_mean,1460.9644775390625,-1460.9644775390625,225.33592224121094,0.0,0.0,1125.67822265625,0.2995447183471167,-1.1939648155052751,68.93275559962807,3.0425908160209656,False
56,source_localization_stage4.0.skip_connection.0,124,15,1000,0.005,0.0,0.0,post_relu_mean,1211.3455810546875,-1211.3455810546875,224.08221435546875,0.0,0.0,895.3020706176758,0.2006840470667283,-0.9632860692275362,55.61477354390381,2.4804606676101684,False
56,source_localization_stage4.0.skip_connection.0,4,15,1000,0.005,0.0,0.0,post_relu_mean,1244.427490234375,-1244.427490234375,233.90243530273438,0.0,0.0,919.5823974609375,0.21459151390500913,-0.9887402501224638,57.08435397786392,2.3838572657108306,False
56,source_localization_stage4.0.skip_connection.0,121,15,1000,0.005,0.0,0.0,post_relu_mean,1413.258056640625,-1413.258056640625,228.17330932617188,0.0,0.0,1097.177589416504,0.40560029145460136,-1.1720305845323136,67.66643661638822,3.113875410556793,False
56,source_localization_stage4.0.skip_connection.0,205,15,1000,0.005,0.0,0.0,post_relu_mean,1222.484130859375,-1222.484130859375,225.54920959472656,0.0,0.0,916.0868148803711,0.2833511338590506,-0.985479731750374,56.89604434929545,2.460567387342453,False
56,source_localization_stage4.0.skip_connection.0,105,15,1000,0.005,0.0,0.0,post_relu_mean,1204.8438720703125,-1204.8438720703125,197.87596130371094,0.0,0.0,926.1682739257812,0.3498687761458531,-1.0141310334210991,58.550190992949304,2.8361717474460604,False
56,source_localization_stage4.0.skip_connection.0,126,15,1000,0.005,0.0,0.0,post_relu_mean,1256.0458984375,-1256.0458984375,237.406982421875,0.0,0.0,940.4739227294922,0.274669582956994,-1.0253054187225041,59.19536921943376,2.4883419680595398,False
56,source_localization_stage4.0.skip_connection.0,167,15,1000,0.005,0.0,0.0,post_relu_mean,1097.957763671875,-1097.957763671875,202.9514923095703,0.0,0.0,823.0335159301758,0.21484959387421823,-0.8792871177065071,50.76505497862288,2.445947456359863,False
59,source_localization_stage4.1.wave_feature_conv1,129,15,1000,0.005,0.0,0.0,post_relu_mean,1793.0233154296875,-1793.0233154296875,93.56936645507812,0.0,0.0,1600.0511169433594,1.2733767318390097,-1.4501144242778434,83.72158175337476,10.557620615959168,False
59,source_localization_stage4.1.wave_feature_conv1,90,15,1000,0.005,0.0,0.0,post_relu_mean,1080.8970947265625,-1080.8970947265625,178.2205047607422,0.0,0.0,808.7165222167969,0.19108184338568404,-0.8565831672647284,49.45425286603193,2.38800262093544,False
59,source_localization_stage4.1.wave_feature_conv1,138,15,1000,0.005,0.0,0.0,post_relu_mean,854.1871337890625,-854.1871337890625,152.7440948486328,0.0,0.0,637.1075210571289,0.19503880395104964,-0.6703500414048434,38.70222209159884,1.9199365693330765,False
59,source_localization_stage4.1.wave_feature_conv1,244,15,1000,0.005,0.0,0.0,post_relu_mean,788.121826171875,-788.121826171875,157.26666259765625,0.0,0.0,571.021369934082,0.14094604072042471,-0.6097195456085743,35.20178339224931,1.723542746901512,False
59,source_localization_stage4.1.wave_feature_conv1,28,15,1000,0.005,0.0,0.0,post_relu_mean,762.435302734375,-762.435302734375,123.40982055664062,0.0,0.0,583.1931762695312,0.2144149831404021,-0.5710975016501877,32.9719247181618,2.819924373626709,False
59,source_localization_stage4.1.wave_feature_conv1,115,15,1000,0.005,0.0,0.0,post_relu_mean,1055.5223388671875,-1055.5223388671875,91.42156219482422,0.0,0.0,908.6798286437988,0.9963287294392938,-0.8236594677836917,47.55406876469136,5.951123111248016,False
59,source_localization_stage4.1.wave_feature_conv1,204,15,1000,0.005,0.0,0.0,post_relu_mean,900.9237670898438,-900.9237670898438,185.8981170654297,0.0,0.0,662.1777725219727,0.28970779342102093,-0.7078913735996476,40.8697474249976,2.1511898005008696,False
59,source_localization_stage4.1.wave_feature_conv1,59,15,1000,0.005,0.0,0.0,post_relu_mean,765.2823486328125,-765.2823486328125,122.3206787109375,0.0,0.0,591.1762619018555,0.242637178280665,-0.578518410698915,33.40039308564572,2.992151710987091,False
61,source_localization_stage4.1.wave_feature_conv2,167,15,1000,0.005,0.0,0.0,post_relu_mean,1135.0233154296875,-1135.0233154296875,107.33192443847656,0.0,0.0,950.3648834228516,1.0451658577545564,-0.8781547083232746,50.699710115235355,5.947384238243103,False
61,source_localization_stage4.1.wave_feature_conv2,243,15,1000,0.005,0.0,0.0,post_relu_mean,1085.9656982421875,-1085.9656982421875,143.1600341796875,0.0,0.0,887.7484970092773,0.8802075587131334,-0.928650525467238,53.61521025879132,4.577853083610535,False
61,source_localization_stage4.1.wave_feature_conv2,154,15,1000,0.005,0.0,0.0,post_relu_mean,858.8607177734375,-858.8607177734375,109.92083740234375,0.0,0.0,695.9855346679688,0.7644004024289256,-0.6471520981902722,37.363536632311394,4.302993228435517,False
61,source_localization_stage4.1.wave_feature_conv2,52,15,1000,0.005,0.0,0.0,post_relu_mean,985.150146484375,-985.150146484375,109.4463119506836,0.0,0.0,825.2811851501465,0.9468391147936567,-0.7338728847859869,42.37020316681575,5.121616003513336,False
61,source_localization_stage4.1.wave_feature_conv2,178,15,1000,0.005,0.0,0.0,post_relu_mean,551.562255859375,-551.562255859375,99.19762420654297,0.0,0.0,403.4351348876953,0.07287409262377087,-0.41823044824625244,24.146418389577686,1.6381703215837478,False
61,source_localization_stage4.1.wave_feature_conv2,157,15,1000,0.005,0.0,0.0,post_relu_mean,614.3705444335938,-614.3705444335938,118.78394317626953,0.0,0.0,458.02053451538086,0.1476117560927159,-0.4786561951722744,27.634964878005462,1.5384871608018875,False
61,source_localization_stage4.1.wave_feature_conv2,193,15,1000,0.005,0.0,0.0,post_relu_mean,1140.9920654296875,-1140.9920654296875,154.18190002441406,0.0,0.0,959.2436866760254,1.3181100980449427,-0.9330288387519747,53.86812188457697,5.004645278453827,False
61,source_localization_stage4.1.wave_feature_conv2,36,15,1000,0.005,0.0,0.0,post_relu_mean,387.5560302734375,-387.5560302734375,107.26083374023438,0.0,0.0,253.45756149291992,0.07810024832971979,-0.26422708923207094,15.255013786329451,0.9429989445209503,False
41,interference_stage3.0.skip_connection.0,103,16,1000,0.005,0.0,0.0,post_relu_mean,1313.1494140625,-1313.1494140625,234.6553192138672,0.0,0.0,993.9865646362305,0.24462763368409743,-1.095170483372802,63.2290207900183,2.566356978416443,False
41,interference_stage3.0.skip_connection.0,126,16,1000,0.005,0.0,0.0,post_relu_mean,1294.213134765625,-1294.213134765625,246.64637756347656,0.0,0.0,964.5705795288086,0.212150020114017,-1.0406895121871453,60.08350231527759,2.3682382214069366,False
41,interference_stage3.0.skip_connection.0,68,16,1000,0.005,0.0,0.0,post_relu_mean,1152.1787109375,-1152.1787109375,211.9343719482422,0.0,0.0,859.8647766113281,0.17367455602122822,-0.9231581629231895,53.29792064805065,2.336308252811432,False
41,interference_stage3.0.skip_connection.0,79,16,1000,0.005,0.0,0.0,post_relu_mean,1191.5262451171875,-1191.5262451171875,223.71682739257812,0.0,0.0,887.587287902832,0.1683982899651171,-0.95737078354327,55.273156609886975,2.2318193697929383,False
41,interference_stage3.0.skip_connection.0,90,16,1000,0.005,0.0,0.0,post_relu_mean,1170.528076171875,-1170.528076171875,214.7128143310547,0.0,0.0,876.7071685791016,0.17532742866516698,-0.9405874579542711,54.3042566053248,2.292092885971069,False
41,interference_stage3.0.skip_connection.0,17,16,1000,0.005,0.0,0.0,post_relu_mean,1153.382568359375,-1153.382568359375,218.22256469726562,0.0,0.0,860.164794921875,0.18699835109744312,-0.9505515205934346,54.8794556702746,2.2693410003185273,False
41,interference_stage3.0.skip_connection.0,22,16,1000,0.005,0.0,0.0,post_relu_mean,1084.46044921875,-1084.46044921875,230.85362243652344,0.0,0.0,783.5695037841797,0.1788936330809761,-0.8505812840328332,49.107737693850396,1.9526877838373184,False
41,interference_stage3.0.skip_connection.0,34,16,1000,0.005,0.0,0.0,post_relu_mean,1019.4845581054688,-1019.4845581054688,211.63650512695312,0.0,0.0,738.6713714599609,0.12613733455705597,-0.7909064201366995,45.662462535857735,1.8996799129247666,False
44,interference_stage3.1.wave_feature_conv1,28,16,1000,0.005,0.0,0.0,post_relu_mean,3572.239013671875,-3572.239013671875,557.1724853515625,0.0,0.0,2710.9371643066406,0.68940967954813,-2.940482365147507,169.76674766212201,6.953670601844788,False
44,interference_stage3.1.wave_feature_conv1,125,16,1000,0.005,0.0,0.0,post_relu_mean,3053.1982421875,-3053.1982421875,516.1875610351562,0.0,0.0,2285.9880981445312,0.6076676834992161,-2.4934326900652977,143.95692764762154,6.054963371753693,False
44,interference_stage3.1.wave_feature_conv1,2,16,1000,0.005,0.0,0.0,post_relu_mean,2657.52880859375,-2657.52880859375,582.6322021484375,0.0,0.0,1904.9596557617188,0.6853893610325374,-2.0948071527105556,120.94249814066652,4.931943471431732,False
44,interference_stage3.1.wave_feature_conv1,11,16,1000,0.005,0.0,0.0,post_relu_mean,2327.358154296875,-2327.358154296875,547.0953369140625,0.0,0.0,1624.0252990722656,0.5465776939371199,-1.762347484254733,101.74798003887007,4.318551955223083,False
44,interference_stage3.1.wave_feature_conv1,92,16,1000,0.005,0.0,0.0,post_relu_mean,2107.6884765625,-2107.6884765625,525.1473999023438,0.0,0.0,1437.022705078125,0.40543716703171856,-1.5608388208057247,90.11409883837456,3.7539922738075258,False
44,interference_stage3.1.wave_feature_conv1,31,16,1000,0.005,0.0,0.0,post_relu_mean,2006.06982421875,-2006.06982421875,508.0057373046875,0.0,0.0,1353.4375762939453,0.45714180746546484,-1.46787475833136,84.74713812252078,3.82183552980423,False
44,interference_stage3.1.wave_feature_conv1,69,16,1000,0.005,0.0,0.0,post_relu_mean,2198.422607421875,-2198.422607421875,566.8552856445312,0.0,0.0,1495.8680267333984,0.44093685846065894,-1.618546651532499,93.4461659635238,3.6926938688755033,False
44,interference_stage3.1.wave_feature_conv1,79,16,1000,0.005,0.0,0.0,post_relu_mean,2059.12255859375,-2059.12255859375,539.1087646484375,0.0,0.0,1385.2715759277344,0.4339518807156909,-1.5341433412544296,88.57271972688275,3.683992819786072,False
46,interference_stage3.1.wave_feature_conv2,19,16,1000,0.005,0.0,0.0,post_relu_mean,2511.672607421875,-2511.672607421875,317.138427734375,0.0,0.0,1969.7591857910156,0.5811504648535397,-2.088661655811415,120.58780270302002,5.56851710319519,False
46,interference_stage3.1.wave_feature_conv2,34,16,1000,0.005,0.0,0.0,post_relu_mean,2322.9541015625,-2322.9541015625,343.64031982421875,0.0,0.0,1804.168212890625,0.5602849174876406,-1.9925293553786596,115.037754245642,4.6335480427742,False
46,interference_stage3.1.wave_feature_conv2,32,16,1000,0.005,0.0,0.0,post_relu_mean,2247.768310546875,-2247.768310546875,363.9930114746094,0.0,0.0,1738.292251586914,0.7903344198943938,-1.8795856415575423,108.51721252823403,4.886021704673767,False
46,interference_stage3.1.wave_feature_conv2,114,16,1000,0.005,0.0,0.0,post_relu_mean,1501.3773193359375,-1501.3773193359375,335.4600830078125,0.0,0.0,1045.3510818481445,0.296019290322838,-1.1175461544436558,64.52076649273208,2.8434766399860383,False
46,interference_stage3.1.wave_feature_conv2,46,16,1000,0.005,0.0,0.0,post_relu_mean,1678.950439453125,-1678.950439453125,354.9268493652344,0.0,0.0,1223.6170501708984,0.6286528902834335,-1.330474130597161,76.81453425101637,3.7806151449680327,False
46,interference_stage3.1.wave_feature_conv2,27,16,1000,0.005,0.0,0.0,post_relu_mean,1379.6005859375,-1379.6005859375,340.6306457519531,0.0,0.0,938.940673828125,0.2887924504510757,-1.012407748197245,58.45066353615295,2.545624190568924,False
46,interference_stage3.1.wave_feature_conv2,83,16,1000,0.005,0.0,0.0,post_relu_mean,1467.32177734375,-1467.32177734375,351.5152282714844,0.0,0.0,1015.9481506347656,0.3181173575162399,-1.0968966958854143,63.32862434937566,2.702560348510742,False
46,interference_stage3.1.wave_feature_conv2,107,16,1000,0.005,0.0,0.0,post_relu_mean,1416.9302978515625,-1416.9302978515625,323.9434509277344,0.0,0.0,1006.5003890991211,0.4373269065184489,-1.0820411406433843,62.471088196987786,2.8948458874225618,False
51,source_localization_stage4.0.wave_feature_conv1,232,16,1000,0.005,0.0,0.0,post_relu_mean,3265.34521484375,-3265.34521484375,484.0299987792969,0.0,0.0,2476.2769165039062,0.8359338731165444,-2.694149332798261,155.54502935300448,8.239922528266908,False
51,source_localization_stage4.0.wave_feature_conv1,146,16,1000,0.005,0.0,0.0,post_relu_mean,3279.564453125,-3279.564453125,533.605224609375,0.0,0.0,2477.5706787109375,0.6708365726917646,-2.6863176778394076,155.0926935237367,6.4733739805221555,False
51,source_localization_stage4.0.wave_feature_conv1,131,16,1000,0.005,0.0,0.0,post_relu_mean,3234.2578125,-3234.2578125,513.883056640625,0.0,0.0,2454.4290161132812,0.7244926048102676,-2.6252466523455076,151.5668085557915,6.579290900230408,False
51,source_localization_stage4.0.wave_feature_conv1,4,16,1000,0.005,0.0,0.0,post_relu_mean,3069.876953125,-3069.876953125,521.1962890625,0.0,0.0,2285.5338134765625,0.6316308466982528,-2.4762725148450984,142.9659162938601,6.261323397159576,False
51,source_localization_stage4.0.wave_feature_conv1,66,16,1000,0.005,0.0,0.0,post_relu_mean,3129.120849609375,-3129.120849609375,560.8792114257812,0.0,0.0,2319.6778564453125,0.7014940504960833,-2.5042694344946512,144.58229389761797,6.371921336650848,False
51,source_localization_stage4.0.wave_feature_conv1,230,16,1000,0.005,0.0,0.0,post_relu_mean,2817.55029296875,-2817.55029296875,518.248779296875,0.0,0.0,2067.6572875976562,0.5313818828742121,-2.2258913682619896,128.51039205687516,5.469311134815216,False
51,source_localization_stage4.0.wave_feature_conv1,241,16,1000,0.005,0.0,0.0,post_relu_mean,2734.393798828125,-2734.393798828125,506.1900634765625,0.0,0.0,2011.643325805664,0.6084700715868778,-2.16050442679524,124.73535217539019,5.581840114593506,False
51,source_localization_stage4.0.wave_feature_conv1,148,16,1000,0.005,0.0,0.0,post_relu_mean,2240.9052734375,-2240.9052734375,438.1042785644531,0.0,0.0,1601.4064178466797,0.39994387926718233,-1.7183786217885424,99.20940074300857,4.644487190246582,False
53,source_localization_stage4.0.wave_feature_conv2,170,16,1000,0.005,0.0,0.0,post_relu_mean,1446.152099609375,-1446.152099609375,118.46737670898438,0.0,0.0,1179.624984741211,0.6080833290014035,-1.2578987308239837,72.62401412064257,5.906356298923493,False
53,source_localization_stage4.0.wave_feature_conv2,137,16,1000,0.005,0.0,0.0,post_relu_mean,857.0242919921875,-857.0242919921875,113.96495056152344,0.0,0.0,655.9177017211914,0.28985304848506016,-0.6751472303653295,38.97934089340557,3.44181048989296,False
53,source_localization_stage4.0.wave_feature_conv2,203,16,1000,0.005,0.0,0.0,post_relu_mean,822.0654907226562,-822.0654907226562,134.22532653808594,0.0,0.0,603.1632995605469,0.3051650486779557,-0.6193355474756008,35.757065493311714,3.672900094985962,False
53,source_localization_stage4.0.wave_feature_conv2,119,16,1000,0.005,0.0,0.0,post_relu_mean,809.0909423828125,-809.0909423828125,153.2214813232422,0.0,0.0,572.8836669921875,0.16281173765115461,-0.6119539849763334,35.330754651298285,1.9886627489328383,False
53,source_localization_stage4.0.wave_feature_conv2,112,16,1000,0.005,0.0,0.0,post_relu_mean,878.1110229492188,-878.1110229492188,161.64218139648438,0.0,0.0,650.0277252197266,0.20982091262312738,-0.6846223644147013,39.526203074829546,2.1966988360881805,False
53,source_localization_stage4.0.wave_feature_conv2,206,16,1000,0.005,0.0,0.0,post_relu_mean,770.8992309570312,-770.8992309570312,114.91307067871094,0.0,0.0,590.830322265625,0.18819945142306083,-0.6451293207379013,37.24610052447635,1.8154508876800537,False
53,source_localization_stage4.0.wave_feature_conv2,109,16,1000,0.005,0.0,0.0,post_relu_mean,731.5405883789062,-731.5405883789062,128.09156799316406,0.0,0.0,539.1764907836914,0.17083898215247667,-0.5853906168973804,33.797126523081126,1.646983988881111,False
53,source_localization_stage4.0.wave_feature_conv2,157,16,1000,0.005,0.0,0.0,post_relu_mean,1102.73876953125,-1102.73876953125,119.09342193603516,0.0,0.0,920.1368789672852,0.34806755751576063,-1.0038940935071228,57.95942148103324,2.6343652069568635,False
56,source_localization_stage4.0.skip_connection.0,121,16,1000,0.005,0.0,0.0,post_relu_mean,1448.656494140625,-1448.656494140625,244.14248657226562,0.0,0.0,1094.8282012939453,0.40825915786988687,-1.1805792727520825,68.16007115543545,3.1650429379940035,False
56,source_localization_stage4.0.skip_connection.0,4,16,1000,0.005,0.0,0.0,post_relu_mean,1274.40625,-1274.40625,248.27249145507812,0.0,0.0,921.1555709838867,0.20805874661071885,-1.0046534802591256,58.00302171863383,2.43263698220253,False
56,source_localization_stage4.0.skip_connection.0,157,16,1000,0.005,0.0,0.0,post_relu_mean,1481.47412109375,-1481.47412109375,236.5377655029297,0.0,0.0,1145.1819381713867,0.37812818142317883,-1.2524338314909287,72.30846303304145,3.066017597913742,False
56,source_localization_stage4.0.skip_connection.0,126,16,1000,0.005,0.0,0.0,post_relu_mean,1275.321044921875,-1275.321044921875,251.84886169433594,0.0,0.0,926.6442794799805,0.25642419221663343,-0.9947942505935694,57.43382485615575,2.5143584501743317,False
56,source_localization_stage4.0.skip_connection.0,124,16,1000,0.005,0.0,0.0,post_relu_mean,1220.1195068359375,-1220.1195068359375,238.138427734375,0.0,0.0,888.8223724365234,0.24460384936855728,-0.967366969956109,55.85032492716481,2.5146227431297303,False
56,source_localization_stage4.0.skip_connection.0,196,16,1000,0.005,0.0,0.0,post_relu_mean,1098.419189453125,-1098.419189453125,200.7286834716797,0.0,0.0,804.6497039794922,0.356541118709084,-0.8689989139834695,50.17109061358082,3.6234728825092315,False
56,source_localization_stage4.0.skip_connection.0,105,16,1000,0.005,0.0,0.0,post_relu_mean,1234.08251953125,-1234.08251953125,209.19647216796875,0.0,0.0,935.5964813232422,0.3516817510940074,-1.047711059963999,60.48924439606741,2.9049425435066225,False
56,source_localization_stage4.0.skip_connection.0,205,16,1000,0.005,0.0,0.0,post_relu_mean,1230.7667236328125,-1230.7667236328125,237.4644775390625,0.0,0.0,908.328369140625,0.276726787362619,-1.009562798167244,58.28644421764875,2.4653689539432526,False
59,source_localization_stage4.1.wave_feature_conv1,36,16,1000,0.005,0.0,0.0,post_relu_mean,1572.3717041015625,-1572.3717041015625,194.1592254638672,0.0,0.0,1280.5483169555664,0.6682221081942145,-1.3182006466970757,76.10549648907812,7.278997910022736,False
59,source_localization_stage4.1.wave_feature_conv1,37,16,1000,0.005,0.0,0.0,post_relu_mean,1206.207275390625,-1206.207275390625,111.19224548339844,0.0,0.0,1002.9492263793945,0.8246328068201151,-0.9962013685809675,57.515050440140506,7.140192952156067,False
59,source_localization_stage4.1.wave_feature_conv1,184,16,1000,0.005,0.0,0.0,post_relu_mean,770.9591674804688,-770.9591674804688,120.49078369140625,0.0,0.0,564.351806640625,0.2720476164858515,-0.5801655659982808,33.495618877048564,3.3860617542266844,False
59,source_localization_stage4.1.wave_feature_conv1,5,16,1000,0.005,0.0,0.0,post_relu_mean,926.072509765625,-926.072509765625,198.7683563232422,0.0,0.0,647.3512954711914,0.22215158583004466,-0.6771641133221933,39.09563027472011,2.393673001527786,False
59,source_localization_stage4.1.wave_feature_conv1,248,16,1000,0.005,0.0,0.0,post_relu_mean,1118.485107421875,-1118.485107421875,107.25758361816406,0.0,0.0,934.8035659790039,0.8224014325504452,-0.9292030092652951,53.64701396621539,7.031848680973053,False
59,source_localization_stage4.1.wave_feature_conv1,160,16,1000,0.005,0.0,0.0,post_relu_mean,742.5454711914062,-742.5454711914062,127.24053192138672,0.0,0.0,541.1842041015625,0.27463279883003455,-0.5369051530517998,30.997891486424912,3.3655882012844085,False
59,source_localization_stage4.1.wave_feature_conv1,90,16,1000,0.005,0.0,0.0,post_relu_mean,1042.100341796875,-1042.100341796875,187.947998046875,0.0,0.0,780.9916458129883,0.24911153633924704,-0.8409568957485657,48.552151768656756,2.344197609424591,False
59,source_localization_stage4.1.wave_feature_conv1,171,16,1000,0.005,0.0,0.0,post_relu_mean,1104.507080078125,-1104.507080078125,192.3541717529297,0.0,0.0,841.5655670166016,0.49540120954793737,-0.8904552580855537,51.409931638863654,3.805443993806839,False
61,source_localization_stage4.1.wave_feature_conv2,137,16,1000,0.005,0.0,0.0,post_relu_mean,1334.8056640625,-1334.8056640625,130.3633270263672,0.0,0.0,1119.4349899291992,1.180146772893555,-1.1284206647707695,65.14883884889723,8.714953742027284,False
61,source_localization_stage4.1.wave_feature_conv2,243,16,1000,0.005,0.0,0.0,post_relu_mean,1196.313720703125,-1196.313720703125,168.7465057373047,0.0,0.0,947.1952819824219,0.5678642672399731,-1.0487177718535978,60.54928141412504,4.4592979049682615,False
61,source_localization_stage4.1.wave_feature_conv2,196,16,1000,0.005,0.0,0.0,post_relu_mean,1240.5260009765625,-1240.5260009765625,129.89955139160156,0.0,0.0,1037.9385528564453,1.0521093514942024,-1.0222933904799036,59.02151245665737,8.049443287849426,False
61,source_localization_stage4.1.wave_feature_conv2,204,16,1000,0.005,0.0,0.0,post_relu_mean,1061.5794677734375,-1061.5794677734375,129.99163818359375,0.0,0.0,874.2046127319336,0.9143394572207143,-0.8751359108684746,50.52556317055489,6.781797819137573,False
61,source_localization_stage4.1.wave_feature_conv2,40,16,1000,0.005,0.0,0.0,post_relu_mean,591.904052734375,-591.904052734375,144.8320770263672,0.0,0.0,390.14600372314453,0.2622220757666048,-0.4082744188737165,23.571979386679576,2.4119106125831604,False
61,source_localization_stage4.1.wave_feature_conv2,203,16,1000,0.005,0.0,0.0,post_relu_mean,1031.9754638671875,-1031.9754638671875,147.96063232421875,0.0,0.0,827.6726684570312,0.7519547088013178,-0.8626442652643463,49.80434214323288,5.988324401378631,False
61,source_localization_stage4.1.wave_feature_conv2,170,16,1000,0.005,0.0,0.0,post_relu_mean,1036.6630859375,-1036.6630859375,130.4321746826172,0.0,0.0,854.2553405761719,0.94381765052138,-0.8527600971091172,49.23391961517507,6.698584933280944,False
61,source_localization_stage4.1.wave_feature_conv2,227,16,1000,0.005,0.0,0.0,post_relu_mean,1051.606689453125,-1051.606689453125,131.62171936035156,0.0,0.0,868.683406829834,0.9690144669653172,-0.8774583989538702,50.6602380354564,6.7985283422470095,False
41,interference_stage3.0.skip_connection.0,103,17,1000,0.005,0.0,0.0,post_relu_mean,1346.3184814453125,-1346.3184814453125,238.15328979492188,0.0,0.0,1016.0035171508789,0.1848700283067272,-1.0804868361455129,62.381176961996,2.5167346596717834,False
41,interference_stage3.0.skip_connection.0,90,17,1000,0.005,0.0,0.0,post_relu_mean,1197.995849609375,-1197.995849609375,217.57936096191406,0.0,0.0,890.0838928222656,0.13937128835817122,-0.9296623188437377,53.673422615213184,2.2588549733161924,False
41,interference_stage3.0.skip_connection.0,126,17,1000,0.005,0.0,0.0,post_relu_mean,1322.4783935546875,-1322.4783935546875,249.14968872070312,0.0,0.0,983.2465057373047,0.1771891212018593,-1.0491385113149556,60.57151003810869,2.4326091408729553,False
41,interference_stage3.0.skip_connection.0,68,17,1000,0.005,0.0,0.0,post_relu_mean,1167.21875,-1167.21875,211.88414001464844,0.0,0.0,867.0505218505859,0.13809431588477947,-0.9112528187045008,52.61058520880626,2.3105614507198333,False
41,interference_stage3.0.skip_connection.0,79,17,1000,0.005,0.0,0.0,post_relu_mean,1211.290283203125,-1211.290283203125,230.6011962890625,0.0,0.0,897.0450210571289,0.1492418551390775,-0.9478703662080076,54.724660535331545,2.1824104988574984,False
41,interference_stage3.0.skip_connection.0,17,17,1000,0.005,0.0,0.0,post_relu_mean,1185.5714111328125,-1185.5714111328125,220.75094604492188,0.0,0.0,882.0949478149414,0.15258848201351724,-0.9288616491077558,53.62728652575503,2.290842148065567,False
41,interference_stage3.0.skip_connection.0,120,17,1000,0.005,0.0,0.0,post_relu_mean,1039.5672607421875,-1039.5672607421875,204.16452026367188,0.0,0.0,755.5360565185547,0.09693225201127609,-0.7857055559231997,45.362180509625915,1.8152837890386582,False
41,interference_stage3.0.skip_connection.0,34,17,1000,0.005,0.0,0.0,post_relu_mean,1067.744873046875,-1067.744873046875,219.48751831054688,0.0,0.0,772.4175720214844,0.14213688330479157,-0.8126620022647782,46.91847923756747,1.966894475221634,False
44,interference_stage3.1.wave_feature_conv1,28,17,1000,0.005,0.0,0.0,post_relu_mean,3648.078125,-3648.078125,561.8839721679688,0.0,0.0,2769.8793334960938,0.598404428786007,-2.9301141685646632,169.16829721923526,6.870838060379028,False
44,interference_stage3.1.wave_feature_conv1,125,17,1000,0.005,0.0,0.0,post_relu_mean,3135.0947265625,-3135.0947265625,529.9617309570312,0.0,0.0,2332.588134765625,0.5238290631934006,-2.480231072060981,143.19442793973568,6.019964621067047,False
44,interference_stage3.1.wave_feature_conv1,2,17,1000,0.005,0.0,0.0,post_relu_mean,2721.510498046875,-2721.510498046875,595.3965454101562,0.0,0.0,1934.6979217529297,0.6065901871147206,-2.0479070083136355,118.23452703338513,4.8772378611564635,False
44,interference_stage3.1.wave_feature_conv1,92,17,1000,0.005,0.0,0.0,post_relu_mean,2217.6650390625,-2217.6650390625,543.6571655273438,0.0,0.0,1505.3983612060547,0.34413622594635984,-1.5797243023726961,91.20430494261318,3.7159529519081116,False
44,interference_stage3.1.wave_feature_conv1,69,17,1000,0.005,0.0,0.0,post_relu_mean,2234.69970703125,-2234.69970703125,567.01416015625,0.0,0.0,1500.9344024658203,0.3522295143922131,-1.583129406360159,91.40093601147379,3.7086380207538605,False
44,interference_stage3.1.wave_feature_conv1,40,17,1000,0.005,0.0,0.0,post_relu_mean,2215.232177734375,-2215.232177734375,561.9887084960938,0.0,0.0,1495.860610961914,0.32376673377413895,-1.5882887270240837,91.69878228570897,3.6221303260326385,False
44,interference_stage3.1.wave_feature_conv1,11,17,1000,0.005,0.0,0.0,post_relu_mean,2351.068603515625,-2351.068603515625,556.0678100585938,0.0,0.0,1640.5895233154297,0.5207195949921748,-1.7350242025703961,100.17044130970825,4.289442448616028,False
44,interference_stage3.1.wave_feature_conv1,31,17,1000,0.005,0.0,0.0,post_relu_mean,2052.06298828125,-2052.06298828125,517.2462768554688,0.0,0.0,1383.70068359375,0.3745904521647034,-1.4546891168617107,83.98547994303118,3.6576917695999147,False
46,interference_stage3.1.wave_feature_conv2,19,17,1000,0.005,0.0,0.0,post_relu_mean,2599.113037109375,-2599.113037109375,325.1755676269531,0.0,0.0,2031.752456665039,0.47487564388672243,-2.125803470587253,122.73182034407947,5.571363496780395,False
46,interference_stage3.1.wave_feature_conv2,34,17,1000,0.005,0.0,0.0,post_relu_mean,2380.02197265625,-2380.02197265625,344.75225830078125,0.0,0.0,1818.9556121826172,0.3982011779757061,-1.9092736224960796,110.23068180563263,4.599746816158294,False
46,interference_stage3.1.wave_feature_conv2,32,17,1000,0.005,0.0,0.0,post_relu_mean,2325.09814453125,-2325.09814453125,369.4118957519531,0.0,0.0,1777.9609985351562,0.7048780494531147,-1.8759187179447556,108.30487730210406,5.024961981773377,False
46,interference_stage3.1.wave_feature_conv2,114,17,1000,0.005,0.0,0.0,post_relu_mean,1544.349609375,-1544.349609375,343.4844055175781,0.0,0.0,1072.2422943115234,0.257259151095175,-1.1435778550866358,66.02368162099197,2.80085374712944,False
46,interference_stage3.1.wave_feature_conv2,83,17,1000,0.005,0.0,0.0,post_relu_mean,1518.39111328125,-1518.39111328125,359.1889343261719,0.0,0.0,1034.4331817626953,0.23011501593401218,-1.0843712648754937,62.605470931259475,2.692014364004135,False
46,interference_stage3.1.wave_feature_conv2,27,17,1000,0.005,0.0,0.0,post_relu_mean,1431.653076171875,-1431.653076171875,346.65386962890625,0.0,0.0,963.3690414428711,0.21038994708636705,-1.008615917439562,58.23181883729528,2.5650599646568297,False
46,interference_stage3.1.wave_feature_conv2,107,17,1000,0.005,0.0,0.0,post_relu_mean,1485.0787353515625,-1485.0787353515625,329.17218017578125,0.0,0.0,1039.059341430664,0.32796594055494077,-1.0897383618367311,62.91528996336902,2.923453902006149,False
46,interference_stage3.1.wave_feature_conv2,46,17,1000,0.005,0.0,0.0,post_relu_mean,1731.629150390625,-1731.629150390625,368.35626220703125,0.0,0.0,1246.62353515625,0.5972101608159553,-1.3095076440021356,75.60387713332673,3.8788547539711,False
51,source_localization_stage4.0.wave_feature_conv1,232,17,1000,0.005,0.0,0.0,post_relu_mean,3295.632568359375,-3295.632568359375,484.4922790527344,0.0,0.0,2464.506591796875,0.5770170895654511,-2.56565209497669,148.12618664148536,8.258825721740722,False
51,source_localization_stage4.0.wave_feature_conv1,146,17,1000,0.005,0.0,0.0,post_relu_mean,3365.828369140625,-3365.828369140625,544.1025390625,0.0,0.0,2530.9042053222656,0.570824580752928,-2.677854968346865,154.6040994306726,6.375656054019928,False
51,source_localization_stage4.0.wave_feature_conv1,131,17,1000,0.005,0.0,0.0,post_relu_mean,3319.06982421875,-3319.06982421875,520.4348754882812,0.0,0.0,2511.1084899902344,0.6299216153955385,-2.646175218223229,152.7751037978355,6.569538865089417,False
51,source_localization_stage4.0.wave_feature_conv1,4,17,1000,0.005,0.0,0.0,post_relu_mean,3176.09375,-3176.09375,534.4852294921875,0.0,0.0,2364.0226135253906,0.5536015484968645,-2.4809868018306904,143.23807841493522,6.2005281734466555,False
51,source_localization_stage4.0.wave_feature_conv1,66,17,1000,0.005,0.0,0.0,post_relu_mean,3208.3818359375,-3208.3818359375,561.7566528320312,0.0,0.0,2384.707000732422,0.6128126591032591,-2.544712688251776,146.9173809531337,6.256592690944672,False
51,source_localization_stage4.0.wave_feature_conv1,230,17,1000,0.005,0.0,0.0,post_relu_mean,2864.912353515625,-2864.912353515625,513.1618041992188,0.0,0.0,2100.1878356933594,0.4147227967807791,-2.198524090635224,126.93037622389036,5.3194114112854,False
51,source_localization_stage4.0.wave_feature_conv1,241,17,1000,0.005,0.0,0.0,post_relu_mean,2761.468994140625,-2761.468994140625,503.5142822265625,0.0,0.0,2024.4369201660156,0.4838382496058312,-2.1452279789660755,123.85325684367587,5.371510012149811,False
51,source_localization_stage4.0.wave_feature_conv1,178,17,1000,0.005,0.0,0.0,post_relu_mean,2702.8095703125,-2702.8095703125,515.0839233398438,0.0,0.0,1971.9781036376953,0.5158030939411794,-2.0906740986700934,120.70366861533317,5.153278679847717,False
53,source_localization_stage4.0.wave_feature_conv2,170,17,1000,0.005,0.0,0.0,post_relu_mean,1493.819580078125,-1493.819580078125,120.809326171875,0.0,0.0,1187.1228485107422,0.3119533210934899,-1.2547467469035358,72.44213470616522,5.646155292987824,False
53,source_localization_stage4.0.wave_feature_conv2,137,17,1000,0.005,0.0,0.0,post_relu_mean,887.6432495117188,-887.6432495117188,113.64921569824219,0.0,0.0,668.426513671875,0.1583539362899139,-0.6756011137522089,39.005365497775585,3.5494956696033477,False
53,source_localization_stage4.0.wave_feature_conv2,119,17,1000,0.005,0.0,0.0,post_relu_mean,816.751953125,-816.751953125,152.5587615966797,0.0,0.0,574.3964309692383,0.11773190076029802,-0.6024738442405152,34.78341337303501,2.1777449011802674,False
53,source_localization_stage4.0.wave_feature_conv2,157,17,1000,0.005,0.0,0.0,post_relu_mean,1121.1365966796875,-1121.1365966796875,118.10558319091797,0.0,0.0,916.5373229980469,0.27705041065511743,-1.0058571034740957,58.07246760240578,2.533198734521866,False
53,source_localization_stage4.0.wave_feature_conv2,206,17,1000,0.005,0.0,0.0,post_relu_mean,794.5040893554688,-794.5040893554688,116.89353942871094,0.0,0.0,603.4842758178711,0.16892405188468373,-0.6458368788779045,37.28695588985407,1.8143104833364487,False
53,source_localization_stage4.0.wave_feature_conv2,112,17,1000,0.005,0.0,0.0,post_relu_mean,881.9649658203125,-881.9649658203125,161.6181182861328,0.0,0.0,650.0736618041992,0.11748615897822759,-0.6628072780676938,38.26672456878101,2.1649432981014254,False
53,source_localization_stage4.0.wave_feature_conv2,109,17,1000,0.005,0.0,0.0,post_relu_mean,759.8662109375,-759.8662109375,129.8436279296875,0.0,0.0,559.9602966308594,0.15451187555235585,-0.599185952060911,34.5936095194458,1.6318304544687272,False
53,source_localization_stage4.0.wave_feature_conv2,35,17,1000,0.005,0.0,0.0,post_relu_mean,667.4071044921875,-667.4071044921875,118.19368743896484,0.0,0.0,479.2233428955078,0.08938074011683997,-0.5153076841142218,29.751001232025665,1.5139889192581177,False
56,source_localization_stage4.0.skip_connection.0,157,17,1000,0.005,0.0,0.0,post_relu_mean,1516.4144287109375,-1516.4144287109375,239.4361572265625,0.0,0.0,1155.997055053711,0.3031567996090252,-1.212153906905534,69.98306614275778,2.9943949806690218,False
56,source_localization_stage4.0.skip_connection.0,121,17,1000,0.005,0.0,0.0,post_relu_mean,1466.4439697265625,-1466.4439697265625,241.04591369628906,0.0,0.0,1108.6969299316406,0.35604318596219653,-1.161809511607419,67.0762745507929,3.1938802218437194,False
56,source_localization_stage4.0.skip_connection.0,4,17,1000,0.005,0.0,0.0,post_relu_mean,1270.69091796875,-1270.69091796875,239.02024841308594,0.0,0.0,923.0051574707031,0.17069740888002835,-0.9647229359139742,55.69762774818966,2.3954798865318296,False
56,source_localization_stage4.0.skip_connection.0,126,17,1000,0.005,0.0,0.0,post_relu_mean,1288.2017822265625,-1288.2017822265625,245.1458282470703,0.0,0.0,940.7141723632812,0.21424017378043542,-0.9882044254933279,57.053348657958196,2.530002900362015,False
56,source_localization_stage4.0.skip_connection.0,196,17,1000,0.005,0.0,0.0,post_relu_mean,1087.4287109375,-1087.4287109375,189.5500030517578,0.0,0.0,795.7811889648438,0.20784789885365285,-0.8369371279112297,48.319995517606706,3.5073543620109557,False
56,source_localization_stage4.0.skip_connection.0,105,17,1000,0.005,0.0,0.0,post_relu_mean,1227.8321533203125,-1227.8321533203125,207.6866912841797,0.0,0.0,918.8002471923828,0.22517524988321042,-0.9938421437678273,57.37947532119472,2.6768278098106384,False
56,source_localization_stage4.0.skip_connection.0,189,17,1000,0.005,0.0,0.0,post_relu_mean,1179.8812255859375,-1179.8812255859375,236.81520080566406,0.0,0.0,845.7993927001953,0.1929774904987561,-0.8925911310777153,51.5331555468914,2.3101452004909517,False
56,source_localization_stage4.0.skip_connection.0,124,17,1000,0.005,0.0,0.0,post_relu_mean,1241.9569091796875,-1241.9569091796875,233.70437622070312,0.0,0.0,913.1076431274414,0.203393527439417,-0.9574206639101525,55.276038953784905,2.4058874356746673,False
59,source_localization_stage4.1.wave_feature_conv1,37,17,1000,0.005,0.0,0.0,post_relu_mean,1205.835693359375,-1205.835693359375,106.96177673339844,0.0,0.0,999.0687713623047,0.2409234652422348,-0.9310791563581814,53.755216186620096,6.470706522464752,False
59,source_localization_stage4.1.wave_feature_conv1,248,17,1000,0.005,0.0,0.0,post_relu_mean,1135.71630859375,-1135.71630859375,105.54145812988281,0.0,0.0,940.1040802001953,0.2771862774475624,-0.8748807454164622,50.510859116528046,6.223896327018738,False
59,source_localization_stage4.1.wave_feature_conv1,36,17,1000,0.005,0.0,0.0,post_relu_mean,1503.57177734375,-1503.57177734375,178.15170288085938,0.0,0.0,1236.832290649414,0.26907547737439136,-1.2502236721262268,72.1808489225233,6.5184157681465145,False
59,source_localization_stage4.1.wave_feature_conv1,184,17,1000,0.005,0.0,0.0,post_relu_mean,771.5814208984375,-771.5814208984375,114.22168731689453,0.0,0.0,570.8970336914062,0.11861652232242093,-0.5708876692559405,32.95986563505729,3.2367737245559693,False
59,source_localization_stage4.1.wave_feature_conv1,155,17,1000,0.005,0.0,0.0,post_relu_mean,776.5571899414062,-776.5571899414062,146.4785919189453,0.0,0.0,554.5982894897461,0.15056264651676418,-0.5705122270543337,32.9381291705818,2.0348649656772615,False
59,source_localization_stage4.1.wave_feature_conv1,5,17,1000,0.005,0.0,0.0,post_relu_mean,920.8900146484375,-920.8900146484375,193.48976135253906,0.0,0.0,653.5178298950195,0.20345159321458553,-0.6649831839973245,38.392428256043566,2.4129098415374757,False
59,source_localization_stage4.1.wave_feature_conv1,160,17,1000,0.005,0.0,0.0,post_relu_mean,733.39599609375,-733.39599609375,118.18142700195312,0.0,0.0,548.3849334716797,0.13747233689006075,-0.5329976732847276,30.772278760250014,3.267166213989258,False
59,source_localization_stage4.1.wave_feature_conv1,90,17,1000,0.005,0.0,0.0,post_relu_mean,1059.4266357421875,-1059.4266357421875,180.7842559814453,0.0,0.0,811.9954528808594,0.27704181347593465,-0.8769108309738992,50.627900793507514,2.206934152841568,False
61,source_localization_stage4.1.wave_feature_conv2,137,17,1000,0.005,0.0,0.0,post_relu_mean,1358.2247314453125,-1358.2247314453125,130.5124053955078,0.0,0.0,1124.0372161865234,0.43497388832848277,-1.0873740067836413,62.77896645781026,7.6573663377761845,False
61,source_localization_stage4.1.wave_feature_conv2,196,17,1000,0.005,0.0,0.0,post_relu_mean,1249.5052490234375,-1249.5052490234375,128.44955444335938,0.0,0.0,1030.9651489257812,0.3529813079128809,-0.9782549080633751,56.47938327433469,6.970141599178314,False
61,source_localization_stage4.1.wave_feature_conv2,204,17,1000,0.005,0.0,0.0,post_relu_mean,1057.0260009765625,-1057.0260009765625,128.5799560546875,0.0,0.0,857.4197463989258,0.2983393904881485,-0.8324391291850167,48.06050887639451,5.794192450046539,False
61,source_localization_stage4.1.wave_feature_conv2,170,17,1000,0.005,0.0,0.0,post_relu_mean,1047.3526611328125,-1047.3526611328125,130.7437286376953,0.0,0.0,850.9052734375,0.35249218002169275,-0.8228858873479894,47.50889409342465,5.810817353725433,False
61,source_localization_stage4.1.wave_feature_conv2,227,17,1000,0.005,0.0,0.0,post_relu_mean,1043.55419921875,-1043.55419921875,129.60211181640625,0.0,0.0,850.9592628479004,0.3313821543319758,-0.8192189591116731,47.297198868593576,5.772005310058594,False
61,source_localization_stage4.1.wave_feature_conv2,18,17,1000,0.005,0.0,0.0,post_relu_mean,1325.5986328125,-1325.5986328125,126.12185668945312,0.0,0.0,1139.9396743774414,1.3626041430941864,-1.2604279297351086,72.80458100539023,6.276107606887817,False
61,source_localization_stage4.1.wave_feature_conv2,248,17,1000,0.005,0.0,0.0,post_relu_mean,872.994873046875,-872.994873046875,130.08059692382812,0.0,0.0,688.3129348754883,0.24448010516154786,-0.6686259289813544,38.60278287011599,4.692834613323211,False
61,source_localization_stage4.1.wave_feature_conv2,88,17,1000,0.005,0.0,0.0,post_relu_mean,880.9296875,-880.9296875,131.1027069091797,0.0,0.0,696.8996353149414,0.2492195078424465,-0.6693614812141544,38.64564215864209,4.732100219726562,False
41,interference_stage3.0.skip_connection.0,126,18,1000,0.005,0.0,0.0,post_relu_mean,1282.7784423828125,-1282.7784423828125,240.59335327148438,0.0,0.0,980.2189254760742,0.2319540464211397,-1.0583090858857165,61.10074891626307,2.4610271430015564,False
41,interference_stage3.0.skip_connection.0,79,18,1000,0.005,0.0,0.0,post_relu_mean,1163.734619140625,-1163.734619140625,212.4203643798828,0.0,0.0,889.4994735717773,0.16089317400859685,-0.9526777208431675,55.00221828634832,2.254206284284592,False
41,interference_stage3.0.skip_connection.0,90,18,1000,0.005,0.0,0.0,post_relu_mean,1191.1683349609375,-1191.1683349609375,212.41879272460938,0.0,0.0,918.1090393066406,0.1990394017371331,-0.9985895901059636,57.65296284007067,2.354694437980652,False
41,interference_stage3.0.skip_connection.0,103,18,1000,0.005,0.0,0.0,post_relu_mean,1309.94189453125,-1309.94189453125,231.0838623046875,0.0,0.0,1020.0964469909668,0.24963348985645947,-1.0804333744665637,62.378198658208646,2.625090585947037,False
41,interference_stage3.0.skip_connection.0,17,18,1000,0.005,0.0,0.0,post_relu_mean,1122.3262939453125,-1122.3262939453125,205.4430389404297,0.0,0.0,860.1228256225586,0.18278532681557613,-0.9157659570151361,52.87111447134627,2.295838428735733,False
41,interference_stage3.0.skip_connection.0,120,18,1000,0.005,0.0,0.0,post_relu_mean,993.0486450195312,-993.0486450195312,194.3968963623047,0.0,0.0,742.3968734741211,0.12872978641318342,-0.7797159207392049,45.016424400489534,1.8469454115629196,False
41,interference_stage3.0.skip_connection.0,34,18,1000,0.005,0.0,0.0,post_relu_mean,996.342041015625,-996.342041015625,201.6012420654297,0.0,0.0,739.0402603149414,0.13296368985004603,-0.7849434438985974,45.31818381366543,1.9243300241231918,False
41,interference_stage3.0.skip_connection.0,68,18,1000,0.005,0.0,0.0,post_relu_mean,1128.916015625,-1128.916015625,204.1673126220703,0.0,0.0,872.4516906738281,0.17333457429531884,-0.9363117440210176,54.057315753042275,2.3424864864349364,False
44,interference_stage3.1.wave_feature_conv1,28,18,1000,0.005,0.0,0.0,post_relu_mean,3573.38916015625,-3573.38916015625,551.2261352539062,0.0,0.0,2802.658416748047,0.7599505961222554,-2.9639744161939015,171.12327612908524,7.300639963150024,False
44,interference_stage3.1.wave_feature_conv1,125,18,1000,0.005,0.0,0.0,post_relu_mean,3100.808837890625,-3100.808837890625,530.6077880859375,0.0,0.0,2388.5912017822266,0.6771056960361798,-2.5499046976296476,147.2172305490743,6.3122481966018675,False
44,interference_stage3.1.wave_feature_conv1,2,18,1000,0.005,0.0,0.0,post_relu_mean,2567.2978515625,-2567.2978515625,565.011474609375,0.0,0.0,1865.2006530761719,0.5441095792826156,-1.9641300132234747,113.39769597794529,4.798385980129242,False
44,interference_stage3.1.wave_feature_conv1,92,18,1000,0.005,0.0,0.0,post_relu_mean,2171.63525390625,-2171.63525390625,544.8054809570312,0.0,0.0,1510.1736755371094,0.44032451003856227,-1.606193701625988,92.7326085150439,3.852177402973175,False
44,interference_stage3.1.wave_feature_conv1,69,18,1000,0.005,0.0,0.0,post_relu_mean,2179.67236328125,-2179.67236328125,558.165283203125,0.0,0.0,1507.8515930175781,0.40566108060250344,-1.5982427548664793,92.2734793192337,3.8038142597675324,False
44,interference_stage3.1.wave_feature_conv1,40,18,1000,0.005,0.0,0.0,post_relu_mean,2169.493408203125,-2169.493408203125,552.7715454101562,0.0,0.0,1511.766944885254,0.410705459708319,-1.6161844835915817,93.30930224411364,3.7147779667377474,False
44,interference_stage3.1.wave_feature_conv1,79,18,1000,0.005,0.0,0.0,post_relu_mean,2068.28515625,-2068.28515625,541.2509765625,0.0,0.0,1426.924819946289,0.5242197163813914,-1.5321951067575514,88.46022281406019,3.905906226634979,False
44,interference_stage3.1.wave_feature_conv1,100,18,1000,0.005,0.0,0.0,post_relu_mean,2018.6533203125,-2018.6533203125,541.423583984375,0.0,0.0,1380.5194931030273,0.5144152138609195,-1.4339178885661108,82.78645895424374,3.8071393728256226,False
46,interference_stage3.1.wave_feature_conv2,19,18,1000,0.005,0.0,0.0,post_relu_mean,2536.30126953125,-2536.30126953125,318.7487487792969,0.0,0.0,2058.1155853271484,0.6064990876269499,-2.1876105946227753,126.30028440809048,5.847604100704193,False
46,interference_stage3.1.wave_feature_conv2,34,18,1000,0.005,0.0,0.0,post_relu_mean,2296.2021484375,-2296.2021484375,337.9440002441406,0.0,0.0,1810.653335571289,0.5170169703641571,-1.9028895365938836,109.86201462874114,4.7536346936225895,False
46,interference_stage3.1.wave_feature_conv2,32,18,1000,0.005,0.0,0.0,post_relu_mean,2177.796875,-2177.796875,352.4218444824219,0.0,0.0,1695.7325592041016,0.5198402809454752,-1.8153509077900287,104.80808183694823,4.617103040218353,False
46,interference_stage3.1.wave_feature_conv2,46,18,1000,0.005,0.0,0.0,post_relu_mean,1599.724853515625,-1599.724853515625,344.8059387207031,0.0,0.0,1167.144790649414,0.38960667420266193,-1.2584389614470586,72.65511886723687,3.4437790060043336,False
46,interference_stage3.1.wave_feature_conv2,83,18,1000,0.005,0.0,0.0,post_relu_mean,1480.413818359375,-1480.413818359375,353.07257080078125,0.0,0.0,1041.5567092895508,0.33457778522033077,-1.093905113069721,63.1559174688364,2.9036375105381014,False
46,interference_stage3.1.wave_feature_conv2,107,18,1000,0.005,0.0,0.0,post_relu_mean,1488.77685546875,-1488.77685546875,338.53973388671875,0.0,0.0,1065.8447265625,0.40381622461623967,-1.1257599462905274,64.99512456676486,3.1474389636516573,False
46,interference_stage3.1.wave_feature_conv2,114,18,1000,0.005,0.0,0.0,post_relu_mean,1514.577392578125,-1514.577392578125,340.9585876464844,0.0,0.0,1089.7953872680664,0.4192259399277495,-1.1605437007873438,67.00318728483481,3.1228019368648527,False
46,interference_stage3.1.wave_feature_conv2,27,18,1000,0.005,0.0,0.0,post_relu_mean,1397.99853515625,-1397.99853515625,345.59808349609375,0.0,0.0,969.53369140625,0.2968390429583402,-1.0149432095635151,58.59705130749101,2.675810687541962,False
51,source_localization_stage4.0.wave_feature_conv1,232,18,1000,0.005,0.0,0.0,post_relu_mean,3336.015869140625,-3336.015869140625,480.5050354003906,0.0,0.0,2618.599349975586,0.7417591249276605,-2.769549201559628,159.89847137287464,9.10561776638031,False
51,source_localization_stage4.0.wave_feature_conv1,146,18,1000,0.005,0.0,0.0,post_relu_mean,3247.239501953125,-3247.239501953125,525.078857421875,0.0,0.0,2532.2116088867188,0.7153925472649072,-2.703631492093455,156.09232883453728,6.436932942867279,False
51,source_localization_stage4.0.wave_feature_conv1,131,18,1000,0.005,0.0,0.0,post_relu_mean,3287.89697265625,-3287.89697265625,518.59716796875,0.0,0.0,2580.6962890625,0.86192052752015,-2.7297511539961348,157.60058520618549,6.844578266143799,False
51,source_localization_stage4.0.wave_feature_conv1,4,18,1000,0.005,0.0,0.0,post_relu_mean,3090.55908203125,-3090.55908203125,528.1771850585938,0.0,0.0,2389.9663848876953,0.7328488157898918,-2.526887576364214,145.88816914771826,6.291195728778839,False
51,source_localization_stage4.0.wave_feature_conv1,230,18,1000,0.005,0.0,0.0,post_relu_mean,2822.76025390625,-2822.76025390625,516.8367919921875,0.0,0.0,2134.3317108154297,0.563939705335743,-2.2692033567623855,131.0109240362382,5.49014846086502,False
51,source_localization_stage4.0.wave_feature_conv1,66,18,1000,0.005,0.0,0.0,post_relu_mean,3076.981689453125,-3076.981689453125,537.3563842773438,0.0,0.0,2378.115203857422,0.8148386214120573,-2.5540366682079645,147.45557992746626,6.375527832508087,False
51,source_localization_stage4.0.wave_feature_conv1,192,18,1000,0.005,0.0,0.0,post_relu_mean,1792.147705078125,-1792.147705078125,266.08038330078125,0.0,0.0,1366.8995971679688,0.4644622453196394,-1.4566881022306317,84.10140503623498,8.325428080558776,False
51,source_localization_stage4.0.wave_feature_conv1,150,18,1000,0.005,0.0,0.0,post_relu_mean,3893.478515625,-3893.478515625,424.6819763183594,0.0,0.0,3313.5203704833984,1.6646190989406249,-3.486690712006569,201.30182238799605,14.2386199760437,False
53,source_localization_stage4.0.wave_feature_conv2,170,18,1000,0.005,0.0,0.0,post_relu_mean,1547.708740234375,-1547.708740234375,117.0501937866211,0.0,0.0,1294.317123413086,0.4458558288950918,-1.3663874526550666,78.88752362612843,6.839698255062103,False
53,source_localization_stage4.0.wave_feature_conv2,137,18,1000,0.005,0.0,0.0,post_relu_mean,871.5848999023438,-871.5848999023438,112.66958618164062,0.0,0.0,682.1058959960938,0.2125856161509044,-0.7038644647451637,40.637137473499315,4.054776329994201,False
53,source_localization_stage4.0.wave_feature_conv2,157,18,1000,0.005,0.0,0.0,post_relu_mean,1109.3309326171875,-1109.3309326171875,117.56243896484375,0.0,0.0,920.3844757080078,0.27801753745143654,-0.9754866316573686,56.31905474622071,2.6755752182006836,False
53,source_localization_stage4.0.wave_feature_conv2,228,18,1000,0.005,0.0,0.0,post_relu_mean,1555.8212890625,-1555.8212890625,106.27143096923828,0.0,0.0,1379.359878540039,0.8818539881033807,-1.4532501256867356,83.90243571035353,8.078007493019104,False
53,source_localization_stage4.0.wave_feature_conv2,119,18,1000,0.005,0.0,0.0,post_relu_mean,799.520751953125,-799.520751953125,152.42254638671875,0.0,0.0,595.9345169067383,0.16557781976533234,-0.6374471407531038,36.80261815842798,2.24767192363739,False
53,source_localization_stage4.0.wave_feature_conv2,35,18,1000,0.005,0.0,0.0,post_relu_mean,670.3794555664062,-670.3794555664062,119.13357543945312,0.0,0.0,504.57104873657227,0.15204516969490114,-0.5468882390165833,31.57423393236618,1.562640426158905,False
53,source_localization_stage4.0.wave_feature_conv2,167,18,1000,0.005,0.0,0.0,post_relu_mean,1154.4892578125,-1154.4892578125,103.52841186523438,0.0,0.0,1004.6166801452637,0.7116037938287567,-1.028454283317532,59.37710044642272,5.971519689559937,False
53,source_localization_stage4.0.wave_feature_conv2,115,18,1000,0.005,0.0,0.0,post_relu_mean,635.4521484375,-635.4521484375,121.0062484741211,0.0,0.0,468.33544158935547,0.10724148995660057,-0.5016651955758122,28.96329824762633,1.5312925934791566,False
56,source_localization_stage4.0.skip_connection.0,196,18,1000,0.005,0.0,0.0,post_relu_mean,1141.8746337890625,-1141.8746337890625,186.21336364746094,0.0,0.0,873.8547592163086,0.29471865808996306,-0.9326727231291134,53.847232858828534,4.2267382526397705,False
56,source_localization_stage4.0.skip_connection.0,157,18,1000,0.005,0.0,0.0,post_relu_mean,1449.5848388671875,-1449.5848388671875,229.36727905273438,0.0,0.0,1139.5862197875977,0.3308421614411912,-1.2124110329168143,69.99773667942924,2.9848522794246675,False
56,source_localization_stage4.0.skip_connection.0,4,18,1000,0.005,0.0,0.0,post_relu_mean,1251.112548828125,-1251.112548828125,236.3862762451172,0.0,0.0,938.9926452636719,0.22034808543233705,-1.0005385643216518,57.765428075515324,2.4918653666973114,False
56,source_localization_stage4.0.skip_connection.0,121,18,1000,0.005,0.0,0.0,post_relu_mean,1408.2509765625,-1408.2509765625,233.07090759277344,0.0,0.0,1104.8372497558594,0.4138411372827955,-1.1691410801200206,67.49963928907505,3.146717536449432,False
56,source_localization_stage4.0.skip_connection.0,105,18,1000,0.005,0.0,0.0,post_relu_mean,1242.8665771484375,-1242.8665771484375,200.1319580078125,0.0,0.0,972.4704284667969,0.3796226662143455,-1.0555762171031815,60.943111537193204,3.0076009941101076,False
56,source_localization_stage4.0.skip_connection.0,227,18,1000,0.005,0.0,0.0,post_relu_mean,877.0292358398438,-877.0292358398438,123.99087524414062,0.0,0.0,682.8348693847656,0.2685529841986484,-0.7244760632413026,41.82717992330452,4.1771482300758365,False
56,source_localization_stage4.0.skip_connection.0,124,18,1000,0.005,0.0,0.0,post_relu_mean,1168.514404296875,-1168.514404296875,224.6924285888672,0.0,0.0,874.0331039428711,0.2197324731393794,-0.9399361789617251,54.26657110582307,2.4097689819335937,False
56,source_localization_stage4.0.skip_connection.0,126,18,1000,0.005,0.0,0.0,post_relu_mean,1258.876708984375,-1258.876708984375,239.62921142578125,0.0,0.0,955.3436737060547,0.2637656934884976,-1.0120518884706735,58.43017049927927,2.584365431070328,False
59,source_localization_stage4.1.wave_feature_conv1,248,18,1000,0.005,0.0,0.0,post_relu_mean,1296.568603515625,-1296.568603515625,105.29657745361328,0.0,0.0,1095.3681335449219,0.5659805962896427,-1.0562739875076468,60.98357269269758,8.581889715194702,False
59,source_localization_stage4.1.wave_feature_conv1,36,18,1000,0.005,0.0,0.0,post_relu_mean,1640.232421875,-1640.232421875,178.72500610351562,0.0,0.0,1370.0591659545898,0.5267015281414192,-1.3667460567434595,78.90838538391397,8.677390875816345,False
59,source_localization_stage4.1.wave_feature_conv1,37,18,1000,0.005,0.0,0.0,post_relu_mean,1324.46923828125,-1324.46923828125,105.32694244384766,0.0,0.0,1130.1142501831055,0.570197411336199,-1.1089278392695903,64.02327723281041,8.695940141677857,False
59,source_localization_stage4.1.wave_feature_conv1,155,18,1000,0.005,0.0,0.0,post_relu_mean,817.1513671875,-817.1513671875,189.95278930664062,0.0,0.0,567.5360717773438,0.15141217409590957,-0.5916520466035943,34.15865422138909,2.092889335155487,False
59,source_localization_stage4.1.wave_feature_conv1,184,18,1000,0.005,0.0,0.0,post_relu_mean,762.0286865234375,-762.0286865234375,105.79586791992188,0.0,0.0,599.0700225830078,0.2590344170060996,-0.6228208217565058,35.95816447848281,3.995528633594513,False
59,source_localization_stage4.1.wave_feature_conv1,90,18,1000,0.005,0.0,0.0,post_relu_mean,1052.7550048828125,-1052.7550048828125,192.96315002441406,0.0,0.0,804.4343490600586,0.21252955561497588,-0.8458753300650143,48.836064788531104,2.348328492641449,False
59,source_localization_stage4.1.wave_feature_conv1,160,18,1000,0.005,0.0,0.0,post_relu_mean,761.9069213867188,-761.9069213867188,113.4183349609375,0.0,0.0,595.4278335571289,0.31065490903603915,-0.6003890247555261,34.663067659498,4.1594903898239135,False
59,source_localization_stage4.1.wave_feature_conv1,129,18,1000,0.005,0.0,0.0,post_relu_mean,1521.2264404296875,-1521.2264404296875,85.2310562133789,0.0,0.0,1389.4834518432617,1.801956426981618,-1.3826963530228389,79.8292167337412,9.13946964263916,False
61,source_localization_stage4.1.wave_feature_conv2,137,18,1000,0.005,0.0,0.0,post_relu_mean,1540.320556640625,-1540.320556640625,139.64488220214844,0.0,0.0,1307.6263122558594,0.6722268467903567,-1.2791427929313952,73.85044364054613,10.495225234031677,False
61,source_localization_stage4.1.wave_feature_conv2,196,18,1000,0.005,0.0,0.0,post_relu_mean,1442.252685546875,-1442.252685546875,139.10379028320312,0.0,0.0,1213.0120697021484,0.546351862387139,-1.169935542974756,67.54557828084852,9.563750929832459,False
61,source_localization_stage4.1.wave_feature_conv2,204,18,1000,0.005,0.0,0.0,post_relu_mean,1224.11083984375,-1224.11083984375,139.18565368652344,0.0,0.0,1014.4115371704102,0.48953388557481603,-0.9823300812470264,56.7141606198302,8.109529962539673,False
61,source_localization_stage4.1.wave_feature_conv2,227,18,1000,0.005,0.0,0.0,post_relu_mean,1211.0098876953125,-1211.0098876953125,139.79583740234375,0.0,0.0,1003.3748321533203,0.4474335515041523,-0.9520722232991127,54.96732667566271,7.956300601959229,False
61,source_localization_stage4.1.wave_feature_conv2,170,18,1000,0.005,0.0,0.0,post_relu_mean,1213.4747314453125,-1213.4747314453125,141.27049255371094,0.0,0.0,1006.1285247802734,0.5078433484535341,-0.9696713875519009,55.983372584199316,7.990741896629333,False
61,source_localization_stage4.1.wave_feature_conv2,88,18,1000,0.005,0.0,0.0,post_relu_mean,1010.1348876953125,-1010.1348876953125,141.27975463867188,0.0,0.0,819.5289192199707,0.3818788256781485,-0.7886276429829446,45.530898742077554,6.544104301929474,False
61,source_localization_stage4.1.wave_feature_conv2,248,18,1000,0.005,0.0,0.0,post_relu_mean,991.7356567382812,-991.7356567382812,139.27354431152344,0.0,0.0,804.5147857666016,0.3489808765655961,-0.7988027897566335,46.11876749388221,6.415781855583191,False
61,source_localization_stage4.1.wave_feature_conv2,193,18,1000,0.005,0.0,0.0,post_relu_mean,1148.065673828125,-1148.065673828125,151.93458557128906,0.0,0.0,951.9205474853516,0.8876435541670136,-0.9432471177837798,54.458906476625934,5.153566613197326,False
41,interference_stage3.0.skip_connection.0,126,19,1000,0.005,0.0,0.0,post_relu_mean,1323.80810546875,-1323.80810546875,248.60562133789062,0.0,0.0,980.1800689697266,0.1693545278970393,-1.0379116500617593,59.9231262951916,2.4169369769096374,False
41,interference_stage3.0.skip_connection.0,90,19,1000,0.005,0.0,0.0,post_relu_mean,1190.7623291015625,-1190.7623291015625,219.33749389648438,0.0,0.0,878.9340209960938,0.13123781322200828,-0.9299387784377227,53.68948608856413,2.210522395372391,False
41,interference_stage3.0.skip_connection.0,68,19,1000,0.005,0.0,0.0,post_relu_mean,1136.2440185546875,-1136.2440185546875,206.449951171875,0.0,0.0,839.0321807861328,0.12439385182646319,-0.8757175064172745,50.559015319772996,2.2478764343261717,False
41,interference_stage3.0.skip_connection.0,103,19,1000,0.005,0.0,0.0,post_relu_mean,1344.6971435546875,-1344.6971435546875,240.22964477539062,0.0,0.0,1014.5151748657227,0.19651272825758856,-1.0697531529169575,61.76147772590392,2.5426911795139313,False
41,interference_stage3.0.skip_connection.0,17,19,1000,0.005,0.0,0.0,post_relu_mean,1199.191650390625,-1199.191650390625,222.54930114746094,0.0,0.0,891.6717834472656,0.15428347574965956,-0.9469293917864301,54.670436837997364,2.2672733068466187,False
41,interference_stage3.0.skip_connection.0,79,19,1000,0.005,0.0,0.0,post_relu_mean,1205.573486328125,-1205.573486328125,230.067138671875,0.0,0.0,890.7989807128906,0.15283314761832476,-0.9542488708702092,55.09302274680493,2.1634951567649843,False
41,interference_stage3.0.skip_connection.0,120,19,1000,0.005,0.0,0.0,post_relu_mean,1047.001953125,-1047.001953125,205.07876586914062,0.0,0.0,759.6517944335938,0.09934722737802447,-0.7954118435175233,45.922598471073506,1.8423964512348174,False
41,interference_stage3.0.skip_connection.0,34,19,1000,0.005,0.0,0.0,post_relu_mean,1033.62841796875,-1033.62841796875,219.28512573242188,0.0,0.0,737.9247283935547,0.1449335946003737,-0.7750703351781794,44.748161008946724,1.8753634136915207,False
44,interference_stage3.1.wave_feature_conv1,28,19,1000,0.005,0.0,0.0,post_relu_mean,3635.13916015625,-3635.13916015625,556.2932739257812,0.0,0.0,2770.363555908203,0.6525319921513386,-2.9495172397010117,170.28863975517717,6.881978461742401,False
44,interference_stage3.1.wave_feature_conv1,125,19,1000,0.005,0.0,0.0,post_relu_mean,3146.108642578125,-3146.108642578125,526.2921752929688,0.0,0.0,2351.2279052734375,0.5538134541150959,-2.493078050034747,143.93622594666107,6.002159264087677,False
44,interference_stage3.1.wave_feature_conv1,2,19,1000,0.005,0.0,0.0,post_relu_mean,2705.3486328125,-2705.3486328125,589.6596069335938,0.0,0.0,1929.2301635742188,0.590565673853945,-2.056424269035681,118.72666163539465,4.814581501483917,False
44,interference_stage3.1.wave_feature_conv1,92,19,1000,0.005,0.0,0.0,post_relu_mean,2173.629150390625,-2173.629150390625,521.7398071289062,0.0,0.0,1476.8789978027344,0.28543973142842083,-1.5501905739782171,89.49921256295211,3.7461408412456514,False
44,interference_stage3.1.wave_feature_conv1,40,19,1000,0.005,0.0,0.0,post_relu_mean,2195.7041015625,-2195.7041015625,546.1401977539062,0.0,0.0,1475.0331115722656,0.3010356021023809,-1.5810163369318608,91.27894212433681,3.7290007781982424,False
44,interference_stage3.1.wave_feature_conv1,11,19,1000,0.005,0.0,0.0,post_relu_mean,2363.404052734375,-2363.404052734375,547.7069091796875,0.0,0.0,1641.6957550048828,0.530666227321733,-1.735095444738413,100.17455508863411,4.449359471797943,False
44,interference_stage3.1.wave_feature_conv1,31,19,1000,0.005,0.0,0.0,post_relu_mean,2074.27783203125,-2074.27783203125,513.552001953125,0.0,0.0,1393.4100036621094,0.32290505959602106,-1.4774178128867281,85.29779755247142,3.751079914569855,False
44,interference_stage3.1.wave_feature_conv1,79,19,1000,0.005,0.0,0.0,post_relu_mean,2063.309326171875,-2063.309326171875,526.8685913085938,0.0,0.0,1375.4285736083984,0.28190310363801596,-1.4735510828871794,85.07446394048209,3.5921720802783965,False
46,interference_stage3.1.wave_feature_conv2,19,19,1000,0.005,0.0,0.0,post_relu_mean,2583.954833984375,-2583.954833984375,319.8128967285156,0.0,0.0,2048.5982666015625,0.5966684733680588,-2.1536707702055344,124.34077155109563,5.404131014347076,False
46,interference_stage3.1.wave_feature_conv2,34,19,1000,0.005,0.0,0.0,post_relu_mean,2357.19921875,-2357.19921875,336.730712890625,0.0,0.0,1814.7779693603516,0.34471125129291785,-1.9254305007832717,111.16344967706345,4.563374733924865,False
46,interference_stage3.1.wave_feature_conv2,32,19,1000,0.005,0.0,0.0,post_relu_mean,2270.10888671875,-2270.10888671875,361.3877258300781,0.0,0.0,1744.7441711425781,0.6505651703411428,-1.915859682167103,110.61086077098601,4.694480772018433,False
46,interference_stage3.1.wave_feature_conv2,114,19,1000,0.005,0.0,0.0,post_relu_mean,1536.556396484375,-1536.556396484375,336.2550964355469,0.0,0.0,1077.9075546264648,0.2544753435884371,-1.1482032637058603,66.29072416982484,2.80603089094162,False
46,interference_stage3.1.wave_feature_conv2,107,19,1000,0.005,0.0,0.0,post_relu_mean,1476.76513671875,-1476.76513671875,324.1527404785156,0.0,0.0,1040.2645263671875,0.2950417110569342,-1.0931413086505142,63.111783048352116,2.8503402173519135,False
46,interference_stage3.1.wave_feature_conv2,83,19,1000,0.005,0.0,0.0,post_relu_mean,1480.9661865234375,-1480.9661865234375,345.7861022949219,0.0,0.0,1027.9817581176758,0.2438685638341119,-1.0844540868312966,62.61025194102159,2.585760334730148,False
46,interference_stage3.1.wave_feature_conv2,28,19,1000,0.005,0.0,0.0,post_relu_mean,1461.244140625,-1461.244140625,350.2993469238281,0.0,0.0,1007.2918548583984,0.3286288308103843,-1.0688553308498239,61.709639900830766,2.7066351068019867,False
46,interference_stage3.1.wave_feature_conv2,27,19,1000,0.005,0.0,0.0,post_relu_mean,1415.2825927734375,-1415.2825927734375,341.4499206542969,0.0,0.0,970.6064376831055,0.23556718577863223,-1.0200246658845913,58.89047544903832,2.443297026157379,False
51,source_localization_stage4.0.wave_feature_conv1,146,19,1000,0.005,0.0,0.0,post_relu_mean,3340.3486328125,-3340.3486328125,525.4434204101562,0.0,0.0,2521.7520751953125,0.5194894621627205,-2.655932862188742,153.33845664527826,6.418657727241516,False
51,source_localization_stage4.0.wave_feature_conv1,131,19,1000,0.005,0.0,0.0,post_relu_mean,3322.3759765625,-3322.3759765625,499.6207275390625,0.0,0.0,2531.6255798339844,0.5986484319991633,-2.634167876902001,152.08192619809807,6.60243833065033,False
51,source_localization_stage4.0.wave_feature_conv1,4,19,1000,0.005,0.0,0.0,post_relu_mean,3099.99169921875,-3099.99169921875,506.55328369140625,0.0,0.0,2328.446990966797,0.5582325118973006,-2.451168694012272,141.5165477378963,6.146307685375214,False
51,source_localization_stage4.0.wave_feature_conv1,66,19,1000,0.005,0.0,0.0,post_relu_mean,3157.05078125,-3157.05078125,539.1964111328125,0.0,0.0,2369.7513122558594,0.6510110114489152,-2.5092822835097244,144.8717280077664,6.296778883934021,False
51,source_localization_stage4.0.wave_feature_conv1,230,19,1000,0.005,0.0,0.0,post_relu_mean,2818.3388671875,-2818.3388671875,486.85986328125,0.0,0.0,2087.887680053711,0.40052239771747244,-2.2236710583291925,128.38212560500085,5.3136333250999455,False
51,source_localization_stage4.0.wave_feature_conv1,232,19,1000,0.005,0.0,0.0,post_relu_mean,3281.67138671875,-3281.67138671875,480.9318542480469,0.0,0.0,2557.4864959716797,1.0504049169439846,-2.829250788764836,163.34486176779905,7.638591027259826,False
51,source_localization_stage4.0.wave_feature_conv1,241,19,1000,0.005,0.0,0.0,post_relu_mean,2805.095703125,-2805.095703125,486.00579833984375,0.0,0.0,2084.539352416992,0.5524990097583801,-2.182849015897028,126.02528166529737,5.740185396671295,False
51,source_localization_stage4.0.wave_feature_conv1,178,19,1000,0.005,0.0,0.0,post_relu_mean,2681.822021484375,-2681.822021484375,490.0218505859375,0.0,0.0,1973.1187133789062,0.5259432190832216,-2.0735230344564766,119.71342403083943,5.311722385883331,False
53,source_localization_stage4.0.wave_feature_conv2,157,19,1000,0.005,0.0,0.0,post_relu_mean,1121.7210693359375,-1121.7210693359375,116.21602630615234,0.0,0.0,905.170295715332,0.195901628209765,-0.9433496997855855,54.463664926491795,2.5693408071994783,False
53,source_localization_stage4.0.wave_feature_conv2,206,19,1000,0.005,0.0,0.0,post_relu_mean,807.2330322265625,-807.2330322265625,114.20585632324219,0.0,0.0,623.0949020385742,0.19502776884583256,-0.6594606017951963,38.073581712791004,1.996390656232834,False
53,source_localization_stage4.0.wave_feature_conv2,170,19,1000,0.005,0.0,0.0,post_relu_mean,1524.81591796875,-1524.81591796875,119.90142822265625,0.0,0.0,1335.1618118286133,0.9923119059818518,-1.4593962865429053,84.25733428707123,5.938162889480591,False
53,source_localization_stage4.0.wave_feature_conv2,112,19,1000,0.005,0.0,0.0,post_relu_mean,929.379638671875,-929.379638671875,161.0524444580078,0.0,0.0,702.3545761108398,0.23224087861354004,-0.7303375662089305,42.16577432719533,2.132283396720886,False
53,source_localization_stage4.0.wave_feature_conv2,109,19,1000,0.005,0.0,0.0,post_relu_mean,779.984619140625,-779.984619140625,135.05796813964844,0.0,0.0,584.06982421875,0.21221141880462044,-0.6268405811707791,36.19022520290406,1.8469163066148757,False
53,source_localization_stage4.0.wave_feature_conv2,119,19,1000,0.005,0.0,0.0,post_relu_mean,777.3914794921875,-777.3914794921875,143.03602600097656,0.0,0.0,577.7023010253906,0.1801497451457889,-0.6211744171396643,35.86312689092169,1.6809652465581895,False
53,source_localization_stage4.0.wave_feature_conv2,35,19,1000,0.005,0.0,0.0,post_relu_mean,670.4447631835938,-670.4447631835938,120.27884674072266,0.0,0.0,496.7407531738281,0.14110976705404343,-0.5279415919190095,30.48037473512511,1.4807484292984008,False
53,source_localization_stage4.0.wave_feature_conv2,194,19,1000,0.005,0.0,0.0,post_relu_mean,648.7276611328125,-648.7276611328125,121.12556457519531,0.0,0.0,477.2477340698242,0.1198084407284363,-0.48436965490329875,27.96475915519159,1.6570321482419967,False
56,source_localization_stage4.0.skip_connection.0,157,19,1000,0.005,0.0,0.0,post_relu_mean,1494.9267578125,-1494.9267578125,232.00381469726562,0.0,0.0,1151.930519104004,0.3087163834036969,-1.2382405848750957,71.48897220185138,2.9640632355213166,False
56,source_localization_stage4.0.skip_connection.0,121,19,1000,0.005,0.0,0.0,post_relu_mean,1430.248779296875,-1430.248779296875,230.40191650390625,0.0,0.0,1091.3410339355469,0.33764740285061784,-1.150250781797499,66.40914295719998,3.0710903894901276,False
56,source_localization_stage4.0.skip_connection.0,4,19,1000,0.005,0.0,0.0,post_relu_mean,1272.7529296875,-1272.7529296875,233.70530700683594,0.0,0.0,938.4632110595703,0.18032476215927776,-1.0055114824373292,58.05263919902695,2.3446068608760835,False
56,source_localization_stage4.0.skip_connection.0,105,19,1000,0.005,0.0,0.0,post_relu_mean,1196.245849609375,-1196.245849609375,203.33102416992188,0.0,0.0,899.4861450195312,0.26538650368326255,-0.9821315203290238,56.702756343962136,2.5798711049556733,False
56,source_localization_stage4.0.skip_connection.0,205,19,1000,0.005,0.0,0.0,post_relu_mean,1252.28369140625,-1252.28369140625,232.6223907470703,0.0,0.0,927.6013793945312,0.2441877886614785,-1.009153595508589,58.26279657800186,2.4043232369422913,False
56,source_localization_stage4.0.skip_connection.0,126,19,1000,0.005,0.0,0.0,post_relu_mean,1282.7611083984375,-1282.7611083984375,242.63841247558594,0.0,0.0,948.2390899658203,0.24442477559680043,-0.9890396258014361,57.101544314900146,2.4576118063926695,False
56,source_localization_stage4.0.skip_connection.0,124,19,1000,0.005,0.0,0.0,post_relu_mean,1204.583740234375,-1204.583740234375,226.4942169189453,0.0,0.0,888.5178833007812,0.19490727383378686,-0.9416728243065694,54.366834536159374,2.2368661832809447,False
56,source_localization_stage4.0.skip_connection.0,189,19,1000,0.005,0.0,0.0,post_relu_mean,1166.7017822265625,-1166.7017822265625,230.7038116455078,0.0,0.0,851.110221862793,0.2074264453076645,-0.9067976789446592,52.353381220488956,2.2550186800956724,False
59,source_localization_stage4.1.wave_feature_conv1,123,19,1000,0.005,0.0,0.0,post_relu_mean,2343.099609375,-2343.099609375,163.91351318359375,0.0,0.0,2088.267562866211,2.718236725114503,-2.1513827166968236,124.21172694274941,11.793493809700012,False
59,source_localization_stage4.1.wave_feature_conv1,138,19,1000,0.005,0.0,0.0,post_relu_mean,883.1017456054688,-883.1017456054688,156.64198303222656,0.0,0.0,651.9544219970703,0.1395879861272577,-0.6914646557875372,39.92132732295618,1.9652461642026902,False
59,source_localization_stage4.1.wave_feature_conv1,56,19,1000,0.005,0.0,0.0,post_relu_mean,2158.49951171875,-2158.49951171875,167.94801330566406,0.0,0.0,1917.311164855957,2.0208786416504916,-1.948033258021392,112.47005590495557,9.755570211410522,False
59,source_localization_stage4.1.wave_feature_conv1,90,19,1000,0.005,0.0,0.0,post_relu_mean,1045.161376953125,-1045.161376953125,177.51736450195312,0.0,0.0,796.2550354003906,0.22954833079590667,-0.8666254340074322,50.0340482930188,2.076067955493927,False
59,source_localization_stage4.1.wave_feature_conv1,5,19,1000,0.005,0.0,0.0,post_relu_mean,854.3165893554688,-854.3165893554688,173.23770141601562,0.0,0.0,613.9626083374023,0.2153572657155682,-0.6424085439477295,37.08908754968748,1.8602115482091903,False
59,source_localization_stage4.1.wave_feature_conv1,232,19,1000,0.005,0.0,0.0,post_relu_mean,808.3789672851562,-808.3789672851562,156.82017517089844,0.0,0.0,586.7310256958008,0.16281119130869973,-0.6066393484025333,35.0239559472182,1.7454923284053803,False
59,source_localization_stage4.1.wave_feature_conv1,244,19,1000,0.005,0.0,0.0,post_relu_mean,827.4166259765625,-827.4166259765625,164.47889709472656,0.0,0.0,599.1133575439453,0.14278720760985839,-0.633989947221825,36.60305993131482,1.735744423866272,False
59,source_localization_stage4.1.wave_feature_conv1,171,19,1000,0.005,0.0,0.0,post_relu_mean,1073.980224609375,-1073.980224609375,189.76536560058594,0.0,0.0,827.687816619873,0.6879537724385301,-0.8932495279697666,51.57137894803728,3.463092355728149,False
61,source_localization_stage4.1.wave_feature_conv2,243,19,1000,0.005,0.0,0.0,post_relu_mean,945.6427612304688,-945.6427612304688,140.29470825195312,0.0,0.0,747.7027397155762,0.44741596714117504,-0.7875540202103687,45.46994296780705,2.8805013716220857,False
61,source_localization_stage4.1.wave_feature_conv2,167,19,1000,0.005,0.0,0.0,post_relu_mean,1103.9833984375,-1103.9833984375,110.77743530273438,0.0,0.0,945.7251396179199,1.3476254478543501,-1.2642299111066644,72.99738746812136,5.0001482486724855,False
61,source_localization_stage4.1.wave_feature_conv2,18,19,1000,0.005,0.0,0.0,post_relu_mean,1448.0384521484375,-1448.0384521484375,145.79737854003906,0.0,0.0,1261.6182594299316,1.9352233266865821,-1.2485832852608423,72.0892934017625,7.140841720104217,False
61,source_localization_stage4.1.wave_feature_conv2,40,19,1000,0.005,0.0,0.0,post_relu_mean,542.523193359375,-542.523193359375,146.5237579345703,0.0,0.0,362.20825958251953,0.21087126342264018,-0.37534112767644634,21.670168172647692,1.745892939567566,False
61,source_localization_stage4.1.wave_feature_conv2,100,19,1000,0.005,0.0,0.0,post_relu_mean,786.7097778320312,-786.7097778320312,160.60409545898438,0.0,0.0,593.177131652832,0.6867654797843065,-0.7839949410219019,45.26549325563681,3.028662964105606,False
61,source_localization_stage4.1.wave_feature_conv2,52,19,1000,0.005,0.0,0.0,post_relu_mean,892.035400390625,-892.035400390625,121.74877166748047,0.0,0.0,740.372631072998,0.9809419617282887,-0.8288058739249241,47.851149385618726,3.7409525620937347,False
61,source_localization_stage4.1.wave_feature_conv2,229,19,1000,0.005,0.0,0.0,post_relu_mean,465.55633544921875,-465.55633544921875,134.41445922851562,0.0,0.0,301.6081008911133,0.14748473374752066,-0.35125428994794694,20.280595402965368,1.2168199622631073,False
61,source_localization_stage4.1.wave_feature_conv2,154,19,1000,0.005,0.0,0.0,post_relu_mean,787.696533203125,-787.696533203125,107.7677993774414,0.0,0.0,650.5970153808594,0.8956933444934793,-0.8627922019080141,49.814079933839174,3.4020342099666596,False
