layer_idx,layer_name,filter_idx,sample_idx,iterations,learning_rate,tv_reg,l2_reg,activation_mode,final_activation,final_target_loss,final_suppression_loss,final_tv_loss,final_l2_loss,loss_reduction,grad_variation,loss_slope_lastk,loss_std_lastk,grad_mean_lastk,converged
51,source_localization_stage4.0.wave_feature_conv1,7,0,1000,0.005,0.0,0.0,post_relu_mean,899.6256713867188,-899.6256713867188,50.852027893066406,0.0,0.0,797.1005477905273,0.22909952262380137,-0.821480582516272,47.427635348906115,2.4011504995822905,False
51,source_localization_stage4.0.wave_feature_conv1,7,0,1000,0.005,0.0,0.0,post_relu_mean,879.1021728515625,-879.1021728515625,47.241661071777344,0.0,0.0,716.459056854248,0.21224346170491912,-0.7503466604609452,43.32075628776917,2.225025086402893,False
51,source_localization_stage4.0.wave_feature_conv1,7,0,1000,0.005,0.0,0.0,post_relu_mean,736.33984375,-736.33984375,31.808732986450195,0.0,0.0,477.0156440734863,0.07310252237013498,-0.4910826874752068,28.35232754790467,1.4150759619474411,False
51,source_localization_stage4.0.wave_feature_conv1,7,0,1000,0.005,0.0,0.0,post_relu_mean,658.5591430664062,-658.5591430664062,25.263620376586914,0.0,0.0,397.0543746948242,0.06979292256204526,-0.40901437458269224,23.614168749446264,1.2292746007442474,False
51,source_localization_stage4.0.wave_feature_conv1,7,0,1000,0.01,0.0,0.0,post_relu_mean,1797.726318359375,-1797.726318359375,101.64651489257812,0.0,0.0,1644.4067611694336,0.23049338863547408,-1.7077077994149559,98.59349267367709,2.5457328116893767,False
51,source_localization_stage4.0.wave_feature_conv1,7,0,1000,0.01,0.0,0.0,post_relu_mean,1765.9578857421875,-1765.9578857421875,93.98857879638672,0.0,0.0,1486.4474601745605,0.203663906328769,-1.5262506271519092,88.11703592652809,2.3027341854572296,False
51,source_localization_stage4.0.wave_feature_conv1,7,0,1000,0.01,0.0,0.0,post_relu_mean,1463.36572265625,-1463.36572265625,62.144081115722656,0.0,0.0,976.5264472961426,0.08668187206581839,-1.0290992717475405,59.414790122093116,1.4803627055883408,False
51,source_localization_stage4.0.wave_feature_conv1,7,0,1000,0.01,0.0,0.0,post_relu_mean,1307.068359375,-1307.068359375,48.9754753112793,0.0,0.0,808.4450302124023,0.07945627719531244,-0.8387658838352062,48.42566199008578,1.2835125124454498,False
51,source_localization_stage4.0.wave_feature_conv1,45,0,1000,0.005,0.0,0.0,post_relu_mean,599.5774536132812,-599.5774536132812,38.48676681518555,0.0,0.0,518.3542327880859,0.09634971587637503,-0.551318882680624,31.830103980575846,1.5989099359512329,False
51,source_localization_stage4.0.wave_feature_conv1,45,0,1000,0.005,0.0,0.0,post_relu_mean,584.2723999023438,-584.2723999023438,34.830474853515625,0.0,0.0,461.6462097167969,0.07971442717854381,-0.48136268775371727,27.79114563658215,1.4327047687768937,False
51,source_localization_stage4.0.wave_feature_conv1,45,0,1000,0.005,0.0,0.0,post_relu_mean,500.1694641113281,-500.1694641113281,22.70088005065918,0.0,0.0,318.3176498413086,0.06009236589851306,-0.3318188086766989,19.157427737901553,1.0640116107463837,False
51,source_localization_stage4.0.wave_feature_conv1,45,0,1000,0.005,0.0,0.0,post_relu_mean,449.925048828125,-449.925048828125,18.445331573486328,0.0,0.0,265.8539619445801,0.07385285831581778,-0.27031977283349323,15.606782117516623,0.9431970849633217,False
51,source_localization_stage4.0.wave_feature_conv1,45,0,1000,0.01,0.0,0.0,post_relu_mean,1194.918212890625,-1194.918212890625,75.76651000976562,0.0,0.0,1076.415267944336,0.1015380047915134,-1.1223363325782365,64.79732879613822,1.6595088744163513,False
51,source_localization_stage4.0.wave_feature_conv1,45,0,1000,0.01,0.0,0.0,post_relu_mean,1179.4500732421875,-1179.4500732421875,68.74221801757812,0.0,0.0,972.0445251464844,0.09571885560523913,-1.0185304747212185,58.80415967931333,1.514597591161728,False
51,source_localization_stage4.0.wave_feature_conv1,45,0,1000,0.01,0.0,0.0,post_relu_mean,1002.6199340820312,-1002.6199340820312,45.101768493652344,0.0,0.0,652.7614974975586,0.06468957462860583,-0.6760206299011237,39.0295854395893,1.1083352035284042,False
51,source_localization_stage4.0.wave_feature_conv1,45,0,1000,0.01,0.0,0.0,post_relu_mean,894.8460693359375,-894.8460693359375,36.10515594482422,0.0,0.0,534.1767158508301,0.06624234943772798,-0.5438664489485162,31.39983948467465,0.9974544110894203,False
51,source_localization_stage4.0.wave_feature_conv1,102,0,1000,0.005,0.0,0.0,post_relu_mean,879.3514404296875,-879.3514404296875,46.64950180053711,0.0,0.0,794.1170654296875,0.34338015694377916,-0.8281007116883246,47.80990677121708,2.919751055240631,False
51,source_localization_stage4.0.wave_feature_conv1,102,0,1000,0.005,0.0,0.0,post_relu_mean,869.3861694335938,-869.3861694335938,44.163604736328125,0.0,0.0,727.6030464172363,0.29620336647650314,-0.7559472608641389,43.64416143491747,2.6441413557529447,False
51,source_localization_stage4.0.wave_feature_conv1,102,0,1000,0.005,0.0,0.0,post_relu_mean,794.4030151367188,-794.4030151367188,36.35211944580078,0.0,0.0,514.4238662719727,0.1728136005727363,-0.5454755741681017,31.492826571246493,1.8831385785341264,False
51,source_localization_stage4.0.wave_feature_conv1,102,0,1000,0.005,0.0,0.0,post_relu_mean,715.4447021484375,-715.4447021484375,30.24138832092285,0.0,0.0,417.7105598449707,0.10926719939383484,-0.4391201808548632,25.3528140935586,1.4941332924365998,False
51,source_localization_stage4.0.wave_feature_conv1,102,0,1000,0.01,0.0,0.0,post_relu_mean,1824.1031494140625,-1824.1031494140625,96.72522735595703,0.0,0.0,1688.7930297851562,0.44839724181948604,-1.7449230620108767,100.74217632665996,3.396685138940811,False
51,source_localization_stage4.0.wave_feature_conv1,102,0,1000,0.01,0.0,0.0,post_relu_mean,1766.641845703125,-1766.641845703125,88.68106842041016,0.0,0.0,1513.5650825500488,0.32612378702622435,-1.5955743788614247,92.11943446508243,2.8765686535835266,False
51,source_localization_stage4.0.wave_feature_conv1,102,0,1000,0.01,0.0,0.0,post_relu_mean,1589.62548828125,-1589.62548828125,71.43268585205078,0.0,0.0,1046.5421524047852,0.1905423832970899,-1.0948963297751877,63.213934208718065,2.005922694206238,False
51,source_localization_stage4.0.wave_feature_conv1,102,0,1000,0.01,0.0,0.0,post_relu_mean,1463.88330078125,-1463.88330078125,60.781707763671875,0.0,0.0,860.7459602355957,0.12700316398043054,-0.8868899827964449,51.20402351421177,1.5735191422700883,False
51,source_localization_stage4.0.wave_feature_conv1,75,0,1000,0.005,0.0,0.0,post_relu_mean,907.1900634765625,-907.1900634765625,47.91366958618164,0.0,0.0,825.7633895874023,0.3091887908661971,-0.858062430885113,49.5396702902142,2.99091423869133,False
51,source_localization_stage4.0.wave_feature_conv1,75,0,1000,0.005,0.0,0.0,post_relu_mean,916.9107666015625,-916.9107666015625,46.760398864746094,0.0,0.0,773.7372779846191,0.303792571219365,-0.8023324269782769,46.32238381429332,2.8256762504577635,False
51,source_localization_stage4.0.wave_feature_conv1,75,0,1000,0.005,0.0,0.0,post_relu_mean,828.7866821289062,-828.7866821289062,38.36433029174805,0.0,0.0,538.9166831970215,0.1506101406057643,-0.5573421711336239,32.17780294464821,1.9636276429891586,False
51,source_localization_stage4.0.wave_feature_conv1,75,0,1000,0.005,0.0,0.0,post_relu_mean,759.5164794921875,-759.5164794921875,33.57215881347656,0.0,0.0,433.72486114501953,0.09833151629944531,-0.4401400714949513,25.411193447605804,1.5817865055799485,False
51,source_localization_stage4.0.wave_feature_conv1,75,0,1000,0.01,0.0,0.0,post_relu_mean,1795.701904296875,-1795.701904296875,94.63948822021484,0.0,0.0,1667.5494003295898,0.3034191676651613,-1.721868851347748,99.41091233960191,3.1234158492088318,False
51,source_localization_stage4.0.wave_feature_conv1,75,0,1000,0.01,0.0,0.0,post_relu_mean,1824.8892822265625,-1824.8892822265625,92.7681655883789,0.0,0.0,1566.6963844299316,0.29416729451809853,-1.6688981846433362,96.35286909215685,2.973287003040314,False
51,source_localization_stage4.0.wave_feature_conv1,75,0,1000,0.01,0.0,0.0,post_relu_mean,1680.026123046875,-1680.026123046875,77.04569244384766,0.0,0.0,1100.0458335876465,0.16710984376806506,-1.1416445486820763,65.91224174412768,2.071530542373657,False
51,source_localization_stage4.0.wave_feature_conv1,75,0,1000,0.01,0.0,0.0,post_relu_mean,1581.2642822265625,-1581.2642822265625,69.12517547607422,0.0,0.0,899.9424819946289,0.13118922124660404,-0.9176471229255097,52.97983816705957,1.741392259001732,False
51,source_localization_stage4.0.wave_feature_conv1,81,0,1000,0.005,0.0,0.0,post_relu_mean,850.8543090820312,-850.8543090820312,44.37551498413086,0.0,0.0,778.3073024749756,0.4614188480671694,-0.8284525832323053,47.83023340211422,3.3926587665081023,False
51,source_localization_stage4.0.wave_feature_conv1,81,0,1000,0.005,0.0,0.0,post_relu_mean,821.3235473632812,-821.3235473632812,41.822052001953125,0.0,0.0,695.8687038421631,0.39558827553981724,-0.7565386413102712,43.67826313139373,3.0054933524131773,False
51,source_localization_stage4.0.wave_feature_conv1,81,0,1000,0.005,0.0,0.0,post_relu_mean,717.440185546875,-717.440185546875,31.87047576904297,0.0,0.0,481.7511901855469,0.1987933593141974,-0.5035773727289959,29.07496255634077,2.0974450862407683,False
51,source_localization_stage4.0.wave_feature_conv1,81,0,1000,0.005,0.0,0.0,post_relu_mean,662.3863525390625,-662.3863525390625,28.02884864807129,0.0,0.0,397.55709075927734,0.13958712157259673,-0.40927348200489677,23.629259608244574,1.765975484251976,False
51,source_localization_stage4.0.wave_feature_conv1,81,0,1000,0.01,0.0,0.0,post_relu_mean,1705.7471923828125,-1705.7471923828125,89.00797271728516,0.0,0.0,1588.5677394866943,0.5013038384432313,-1.6740421837572306,96.65056189077531,3.6340664625167847,False
51,source_localization_stage4.0.wave_feature_conv1,81,0,1000,0.01,0.0,0.0,post_relu_mean,1660.238525390625,-1660.238525390625,82.85460662841797,0.0,0.0,1432.2023220062256,0.4269002925549814,-1.5387862876503553,88.84167812801432,3.256838154792786,False
51,source_localization_stage4.0.wave_feature_conv1,81,0,1000,0.01,0.0,0.0,post_relu_mean,1467.32177734375,-1467.32177734375,65.15544128417969,0.0,0.0,981.9955749511719,0.23645926984897134,-1.0832133906527595,62.53866510466039,2.25527729511261,False
51,source_localization_stage4.0.wave_feature_conv1,81,0,1000,0.01,0.0,0.0,post_relu_mean,1315.679443359375,-1315.679443359375,55.05035400390625,0.0,0.0,780.635124206543,0.13380005964842695,-0.7983052558644286,46.08977542956378,1.7906710022687913,False
53,source_localization_stage4.0.wave_feature_conv2,101,0,1000,0.005,0.0,0.0,post_relu_mean,450.8849182128906,-450.8849182128906,33.77706527709961,0.0,0.0,406.0184202194214,0.28061659457688076,-0.4148806323002312,23.952860577917587,1.907422343492508,False
53,source_localization_stage4.0.wave_feature_conv2,101,0,1000,0.005,0.0,0.0,post_relu_mean,448.786865234375,-448.786865234375,32.656898498535156,0.0,0.0,359.27336072921753,0.24746118521924307,-0.3703261503733028,21.380539247397692,1.7131111109256745,False
53,source_localization_stage4.0.wave_feature_conv2,101,0,1000,0.005,0.0,0.0,post_relu_mean,401.9682312011719,-401.9682312011719,27.168481826782227,0.0,0.0,201.0605821609497,0.12409878845427577,-0.22544722684458102,13.01654967008482,1.014733647108078,False
53,source_localization_stage4.0.wave_feature_conv2,101,0,1000,0.005,0.0,0.0,post_relu_mean,340.7353210449219,-340.7353210449219,22.127883911132812,0.0,0.0,127.67605495452881,0.0662961734155141,-0.1425310762354325,8.229053632354738,0.667785277068615,False
53,source_localization_stage4.0.wave_feature_conv2,101,0,1000,0.01,0.0,0.0,post_relu_mean,944.3236083984375,-944.3236083984375,69.65828704833984,0.0,0.0,863.5759153366089,0.31923660643283125,-0.887462882586469,51.23739007519932,2.136191544532776,False
53,source_localization_stage4.0.wave_feature_conv2,101,0,1000,0.01,0.0,0.0,post_relu_mean,887.3434448242188,-887.3434448242188,63.81801223754883,0.0,0.0,719.9271388053894,0.24318976635028314,-0.7437284604905651,42.93915066386513,1.8339777827262878,False
53,source_localization_stage4.0.wave_feature_conv2,101,0,1000,0.01,0.0,0.0,post_relu_mean,843.8473510742188,-843.8473510742188,56.786827087402344,0.0,0.0,420.80209827423096,0.14079538003054065,-0.457915625747089,26.437634493805934,1.1074181699752808,False
53,source_localization_stage4.0.wave_feature_conv2,101,0,1000,0.01,0.0,0.0,post_relu_mean,699.9974975585938,-699.9974975585938,45.10243225097656,0.0,0.0,257.1927480697632,0.06660934305764198,-0.2714118299811133,15.669787574515748,0.6767806601524353,False
53,source_localization_stage4.0.wave_feature_conv2,254,0,1000,0.005,0.0,0.0,post_relu_mean,469.578369140625,-469.578369140625,33.67764663696289,0.0,0.0,424.8927640914917,0.3055759234096837,-0.451513731866429,26.06842647533478,2.0596885859966276,False
53,source_localization_stage4.0.wave_feature_conv2,254,0,1000,0.005,0.0,0.0,post_relu_mean,477.4095153808594,-477.4095153808594,32.89140701293945,0.0,0.0,387.3916811943054,0.2834312658128584,-0.4136892288655483,23.88410520236529,1.9031240904331208,False
53,source_localization_stage4.0.wave_feature_conv2,254,0,1000,0.005,0.0,0.0,post_relu_mean,425.46026611328125,-425.46026611328125,27.167804718017578,0.0,0.0,224.6412296295166,0.1474772420357311,-0.23646319242926747,13.65206444710243,1.163582284450531,False
53,source_localization_stage4.0.wave_feature_conv2,254,0,1000,0.005,0.0,0.0,post_relu_mean,361.3666076660156,-361.3666076660156,21.980037689208984,0.0,0.0,149.8701229095459,0.0673134508019725,-0.15457531908344704,8.92433441811413,0.7487913265824317,False
53,source_localization_stage4.0.wave_feature_conv2,254,0,1000,0.01,0.0,0.0,post_relu_mean,966.5253295898438,-966.5253295898438,69.21215057373047,0.0,0.0,886.3052091598511,0.3449721650750444,-0.95747484804979,55.2792120458284,2.283651362657547,False
53,source_localization_stage4.0.wave_feature_conv2,254,0,1000,0.01,0.0,0.0,post_relu_mean,961.077880859375,-961.077880859375,65.65087127685547,0.0,0.0,789.161365032196,0.29345428077678143,-0.8136710686749101,46.9767652657037,2.0552203100919724,False
53,source_localization_stage4.0.wave_feature_conv2,254,0,1000,0.01,0.0,0.0,post_relu_mean,901.175537109375,-901.175537109375,56.88047790527344,0.0,0.0,477.51145362854004,0.18153212479328304,-0.5107280528921792,29.486693662281663,1.316613266468048,False
53,source_localization_stage4.0.wave_feature_conv2,254,0,1000,0.01,0.0,0.0,post_relu_mean,793.7169189453125,-793.7169189453125,48.249446868896484,0.0,0.0,319.5263423919678,0.10530995696783262,-0.34953287858075355,20.180062001253646,0.8812863039970398,False
53,source_localization_stage4.0.wave_feature_conv2,33,0,1000,0.005,0.0,0.0,post_relu_mean,230.46658325195312,-230.46658325195312,31.5151309967041,0.0,0.0,189.58159255981445,0.0963347762379436,-0.1974920687371127,11.402266305793875,0.6843722021579742,False
53,source_localization_stage4.0.wave_feature_conv2,33,0,1000,0.005,0.0,0.0,post_relu_mean,181.8339080810547,-181.8339080810547,22.005390167236328,0.0,0.0,120.67882251739502,0.036936301815764544,-0.12669288650131597,7.314538098408587,0.4213088548183441,False
53,source_localization_stage4.0.wave_feature_conv2,33,0,1000,0.005,0.0,0.0,post_relu_mean,93.40973663330078,-93.40973663330078,7.906065940856934,0.0,0.0,38.73343753814697,0.02684413912244426,-0.03576889376553414,2.0650993801636948,0.18038016311824323,False
53,source_localization_stage4.0.wave_feature_conv2,33,0,1000,0.005,0.0,0.0,post_relu_mean,46.76461410522461,-46.76461410522461,3.3333582878112793,0.0,0.0,23.430628776550293,0.05243514625153597,-0.01512383176391162,0.8731643619771644,0.1402947288006544,False
53,source_localization_stage4.0.wave_feature_conv2,33,0,1000,0.01,0.0,0.0,post_relu_mean,470.950439453125,-470.950439453125,65.00701904296875,0.0,0.0,396.5735664367676,0.10100241109863944,-0.4089596326669642,23.611012145544397,0.7421668952703476,False
53,source_localization_stage4.0.wave_feature_conv2,33,0,1000,0.01,0.0,0.0,post_relu_mean,382.51373291015625,-382.51373291015625,47.03245162963867,0.0,0.0,258.7910051345825,0.044860355330972816,-0.2668457807178822,15.406164463543753,0.4607283516228199,False
53,source_localization_stage4.0.wave_feature_conv2,33,0,1000,0.01,0.0,0.0,post_relu_mean,190.73936462402344,-190.73936462402344,16.00750732421875,0.0,0.0,75.30225467681885,0.021158262867331554,-0.07746613510155868,4.47250252808939,0.19010647237300873,False
53,source_localization_stage4.0.wave_feature_conv2,33,0,1000,0.01,0.0,0.0,post_relu_mean,89.67943572998047,-89.67943572998047,6.334191799163818,0.0,0.0,36.33711528778076,0.03865708918694332,-0.029954653543729642,1.7294122552625,0.14644956402480602,False
53,source_localization_stage4.0.wave_feature_conv2,90,0,1000,0.005,0.0,0.0,post_relu_mean,189.2808837890625,-189.2808837890625,31.67630958557129,0.0,0.0,148.95705604553223,0.0770283734311843,-0.1558073899605211,8.995471988148253,0.5708665865659713,False
53,source_localization_stage4.0.wave_feature_conv2,90,0,1000,0.005,0.0,0.0,post_relu_mean,165.50286865234375,-165.50286865234375,24.18330955505371,0.0,0.0,99.62955617904663,0.03101912833768857,-0.10348833904525284,5.974841681664141,0.3315966679155827,False
53,source_localization_stage4.0.wave_feature_conv2,90,0,1000,0.005,0.0,0.0,post_relu_mean,56.06731033325195,-56.06731033325195,4.673552513122559,0.0,0.0,26.375545501708984,0.036691073120153184,-0.022698855898273532,1.3106005705814996,0.13759419947862625,False
53,source_localization_stage4.0.wave_feature_conv2,90,0,1000,0.005,0.0,0.0,post_relu_mean,27.515750885009766,-27.515750885009766,1.9180519580841064,0.0,0.0,19.082569122314453,0.06368508698193887,-0.009458343345924193,0.5460901122610967,0.1255724908411503,False
53,source_localization_stage4.0.wave_feature_conv2,90,0,1000,0.01,0.0,0.0,post_relu_mean,373.15838623046875,-373.15838623046875,62.585479736328125,0.0,0.0,301.92539405822754,0.0758789278611131,-0.311655604592019,17.99325109595875,0.6030562171339988,False
53,source_localization_stage4.0.wave_feature_conv2,90,0,1000,0.01,0.0,0.0,post_relu_mean,336.6780700683594,-336.6780700683594,50.59185791015625,0.0,0.0,204.78338766098022,0.03455650679665283,-0.21092555797476475,12.177644560281466,0.3600047822296619,False
53,source_localization_stage4.0.wave_feature_conv2,90,0,1000,0.01,0.0,0.0,post_relu_mean,114.83699035644531,-114.83699035644531,9.491501808166504,0.0,0.0,49.01060485839844,0.027124016927943348,-0.046718738967619695,2.6972995207206334,0.14447941593825817,False
53,source_localization_stage4.0.wave_feature_conv2,90,0,1000,0.01,0.0,0.0,post_relu_mean,53.54010009765625,-53.54010009765625,3.6632378101348877,0.0,0.0,27.655059814453125,0.047324702113441745,-0.01984694594552974,1.1458663983251094,0.12721018746495247,False
53,source_localization_stage4.0.wave_feature_conv2,153,0,1000,0.005,0.0,0.0,post_relu_mean,642.4764404296875,-642.4764404296875,80.1291275024414,0.0,0.0,553.9175395965576,0.7287225882788952,-0.6345791127688349,36.63885687505031,2.4891014349460603,False
53,source_localization_stage4.0.wave_feature_conv2,153,0,1000,0.005,0.0,0.0,post_relu_mean,589.2978515625,-589.2978515625,72.16349029541016,0.0,0.0,403.69313049316406,0.5205459167445612,-0.4872245831032861,28.13033630572596,1.8300084120035172,False
53,source_localization_stage4.0.wave_feature_conv2,153,0,1000,0.005,0.0,0.0,post_relu_mean,187.52920532226562,-187.52920532226562,16.132587432861328,0.0,0.0,72.1179666519165,0.03625988381113596,-0.07703658049367493,4.4477066033767,0.25491353996098043,False
53,source_localization_stage4.0.wave_feature_conv2,153,0,1000,0.005,0.0,0.0,post_relu_mean,88.42843627929688,-88.42843627929688,6.617494583129883,0.0,0.0,33.2262487411499,0.0703576834148758,-0.02569804718388376,1.4838994027691776,0.14849526531994342,False
53,source_localization_stage4.0.wave_feature_conv2,153,0,1000,0.01,0.0,0.0,post_relu_mean,1299.3369140625,-1299.3369140625,161.53150939941406,0.0,0.0,1129.3756694793701,0.673020240775858,-1.154975322625253,66.68223752959797,2.5534374749660493,False
53,source_localization_stage4.0.wave_feature_conv2,153,0,1000,0.01,0.0,0.0,post_relu_mean,1267.2725830078125,-1267.2725830078125,155.5992889404297,0.0,0.0,873.0783538818359,0.501468472711788,-0.9591797753012672,55.38096738586985,1.9360587358474732,False
53,source_localization_stage4.0.wave_feature_conv2,153,0,1000,0.01,0.0,0.0,post_relu_mean,385.0168762207031,-385.0168762207031,32.95570755004883,0.0,0.0,143.43224430084229,0.030185730306189946,-0.14787604713997854,8.537522197549592,0.2737157207727432,False
53,source_localization_stage4.0.wave_feature_conv2,153,0,1000,0.01,0.0,0.0,post_relu_mean,196.46633911132812,-196.46633911132812,14.409818649291992,0.0,0.0,63.34090328216553,0.0514238291696528,-0.0594271286206441,3.4309866423336035,0.1599939476698637,False
56,source_localization_stage4.0.skip_connection.0,74,0,1000,0.005,0.0,0.0,post_relu_mean,579.4852294921875,-579.4852294921875,54.40156555175781,0.0,0.0,494.71471405029297,0.1355967392031827,-0.5188397226867929,29.955001584349287,1.7096211153268814,False
56,source_localization_stage4.0.skip_connection.0,74,0,1000,0.005,0.0,0.0,post_relu_mean,562.8367309570312,-562.8367309570312,50.38344955444336,0.0,0.0,415.03650856018066,0.10304579433539164,-0.43752757779210605,25.260568350158017,1.4403229147195815,False
56,source_localization_stage4.0.skip_connection.0,74,0,1000,0.005,0.0,0.0,post_relu_mean,414.0148620605469,-414.0148620605469,32.383296966552734,0.0,0.0,177.7230682373047,0.08795686764488794,-0.181075457169022,10.454295627813714,0.7534034833312034,False
56,source_localization_stage4.0.skip_connection.0,74,0,1000,0.005,0.0,0.0,post_relu_mean,260.5779724121094,-260.5779724121094,18.342660903930664,0.0,0.0,97.94656372070312,0.1427845377224767,-0.08485731804244813,4.899313324638106,0.5594280496239662,False
56,source_localization_stage4.0.skip_connection.0,74,0,1000,0.01,0.0,0.0,post_relu_mean,1150.947021484375,-1150.947021484375,107.29922485351562,0.0,0.0,1013.2788619995117,0.13241664180202256,-1.0789016775590285,62.289966630719675,1.7663809943199158,False
56,source_localization_stage4.0.skip_connection.0,74,0,1000,0.01,0.0,0.0,post_relu_mean,1123.20556640625,-1123.20556640625,100.26895141601562,0.0,0.0,850.6915988922119,0.10973040278366122,-0.8779737764165536,50.68946968121056,1.5096926003694535,False
56,source_localization_stage4.0.skip_connection.0,74,0,1000,0.01,0.0,0.0,post_relu_mean,840.9178466796875,-840.9178466796875,64.9176254272461,0.0,0.0,360.6185760498047,0.07681977096187247,-0.38047467793597917,21.966481758437705,0.8159213608503342,False
56,source_localization_stage4.0.skip_connection.0,74,0,1000,0.01,0.0,0.0,post_relu_mean,535.5285034179688,-535.5285034179688,36.83834457397461,0.0,0.0,187.94024658203125,0.10557661554967707,-0.18931433026273653,10.930008019117997,0.6036819869279861,False
56,source_localization_stage4.0.skip_connection.0,252,0,1000,0.005,0.0,0.0,post_relu_mean,460.110595703125,-460.110595703125,43.308448791503906,0.0,0.0,390.57836532592773,0.0919563907095502,-0.41669434605433,24.057612756968098,1.4338170397281647,False
56,source_localization_stage4.0.skip_connection.0,252,0,1000,0.005,0.0,0.0,post_relu_mean,433.55938720703125,-433.55938720703125,38.80175018310547,0.0,0.0,318.88285064697266,0.07533618351081722,-0.33194404287902607,19.164589676428914,1.1989355391263963,False
56,source_localization_stage4.0.skip_connection.0,252,0,1000,0.005,0.0,0.0,post_relu_mean,328.328125,-328.328125,22.990060806274414,0.0,0.0,166.73601913452148,0.10986003358184229,-0.17027304295507167,9.83087396383405,0.7595758453011513,False
56,source_localization_stage4.0.skip_connection.0,252,0,1000,0.005,0.0,0.0,post_relu_mean,237.99172973632812,-237.99172973632812,15.310447692871094,0.0,0.0,109.97335433959961,0.16786612998993033,-0.09429148378245587,5.443857250063161,0.5667438593506813,False
56,source_localization_stage4.0.skip_connection.0,252,0,1000,0.01,0.0,0.0,post_relu_mean,919.377197265625,-919.377197265625,85.3193130493164,0.0,0.0,807.8340721130371,0.10599089930009538,-0.8409144031396196,48.549786971956124,1.4975628739595412,False
56,source_localization_stage4.0.skip_connection.0,252,0,1000,0.01,0.0,0.0,post_relu_mean,879.06201171875,-879.06201171875,76.06595611572266,0.0,0.0,671.2249526977539,0.0916251179645889,-0.7055226399275705,40.73302841572634,1.2892266422510148,False
56,source_localization_stage4.0.skip_connection.0,252,0,1000,0.01,0.0,0.0,post_relu_mean,670.7574462890625,-670.7574462890625,45.6093635559082,0.0,0.0,339.52058029174805,0.08736586495127245,-0.3484422575423394,20.117111672797666,0.800829010605812,False
56,source_localization_stage4.0.skip_connection.0,252,0,1000,0.01,0.0,0.0,post_relu_mean,525.8558959960938,-525.8558959960938,32.396629333496094,0.0,0.0,226.97568893432617,0.12210782207529859,-0.23336468423002082,13.473492476528286,0.648276155591011,False
56,source_localization_stage4.0.skip_connection.0,24,0,1000,0.005,0.0,0.0,post_relu_mean,597.4569702148438,-597.4569702148438,55.565555572509766,0.0,0.0,518.2778053283691,0.1954634421277929,-0.5518207384277014,31.859375127142957,1.9175836616754531,False
56,source_localization_stage4.0.skip_connection.0,24,0,1000,0.005,0.0,0.0,post_relu_mean,580.87841796875,-580.87841796875,52.340232849121094,0.0,0.0,434.981162071228,0.16371366408186022,-0.45566354260480046,26.307545949866125,1.627027663588524,False
56,source_localization_stage4.0.skip_connection.0,24,0,1000,0.005,0.0,0.0,post_relu_mean,417.5640869140625,-417.5640869140625,31.944198608398438,0.0,0.0,191.49241256713867,0.08689637952865714,-0.19940758745409065,11.512686937401423,0.8193028372526169,False
56,source_localization_stage4.0.skip_connection.0,24,0,1000,0.005,0.0,0.0,post_relu_mean,241.4527587890625,-241.4527587890625,16.92890739440918,0.0,0.0,99.95172882080078,0.1514548631461994,-0.08309383127110527,4.79736698795482,0.5237451872229576,False
56,source_localization_stage4.0.skip_connection.0,24,0,1000,0.01,0.0,0.0,post_relu_mean,1170.05322265625,-1170.05322265625,108.11549377441406,0.0,0.0,1038.324131011963,0.18257553097494406,-1.0787563307551922,62.281466413421356,1.9943511593341827,False
56,source_localization_stage4.0.skip_connection.0,24,0,1000,0.01,0.0,0.0,post_relu_mean,1155.7720947265625,-1155.7720947265625,101.47478485107422,0.0,0.0,887.0384740829468,0.1542617809052056,-0.9171218064326119,52.94952425181955,1.7095315378904343,False
56,source_localization_stage4.0.skip_connection.0,24,0,1000,0.01,0.0,0.0,post_relu_mean,882.5797729492188,-882.5797729492188,66.92975616455078,0.0,0.0,394.11640548706055,0.07610181222979853,-0.4099913336303867,23.670630939871863,0.8825823271274567,False
56,source_localization_stage4.0.skip_connection.0,24,0,1000,0.01,0.0,0.0,post_relu_mean,517.0344848632812,-517.0344848632812,35.89607238769531,0.0,0.0,185.86180877685547,0.11400956321963486,-0.19089211974562062,11.021762516803015,0.5449950768053532,False
56,source_localization_stage4.0.skip_connection.0,30,0,1000,0.005,0.0,0.0,post_relu_mean,406.5870056152344,-406.5870056152344,40.964107513427734,0.0,0.0,342.1410903930664,0.0825025871241917,-0.3576956612559723,20.651337564327534,1.2219718557596206,False
56,source_localization_stage4.0.skip_connection.0,30,0,1000,0.005,0.0,0.0,post_relu_mean,385.7762756347656,-385.7762756347656,36.12995147705078,0.0,0.0,280.53732681274414,0.06587232029899645,-0.29623519800183723,17.102942601591607,1.0324357509613038,False
56,source_localization_stage4.0.skip_connection.0,30,0,1000,0.005,0.0,0.0,post_relu_mean,246.5544891357422,-246.5544891357422,18.60716438293457,0.0,0.0,120.64572334289551,0.11955892090324394,-0.11138222784449921,6.430582551868292,0.5958672696352005,False
56,source_localization_stage4.0.skip_connection.0,30,0,1000,0.005,0.0,0.0,post_relu_mean,158.77593994140625,-158.77593994140625,10.615882873535156,0.0,0.0,80.54159355163574,0.1671141758763103,-0.05858605227108826,3.3824449809994013,0.5536876393854618,False
56,source_localization_stage4.0.skip_connection.0,30,0,1000,0.01,0.0,0.0,post_relu_mean,804.741943359375,-804.741943359375,80.33876037597656,0.0,0.0,700.9213943481445,0.07994880714023858,-0.7517116209765594,43.39965996296714,1.253713828921318,False
56,source_localization_stage4.0.skip_connection.0,30,0,1000,0.01,0.0,0.0,post_relu_mean,769.2289428710938,-769.2289428710938,70.9459457397461,0.0,0.0,576.9499855041504,0.06985806353693587,-0.6049927099083849,34.928838449973895,1.0916689491271974,False
56,source_localization_stage4.0.skip_connection.0,30,0,1000,0.01,0.0,0.0,post_relu_mean,514.5120849609375,-514.5120849609375,36.79839324951172,0.0,0.0,252.16909980773926,0.08978764811222621,-0.2589198231351963,14.9485572156301,0.6308685830235481,False
56,source_localization_stage4.0.skip_connection.0,30,0,1000,0.01,0.0,0.0,post_relu_mean,317.103271484375,-317.103271484375,20.716136932373047,0.0,0.0,137.86637687683105,0.12620522872138032,-0.12683141559740163,7.3226135979211175,0.5742105868458748,False
56,source_localization_stage4.0.skip_connection.0,211,0,1000,0.005,0.0,0.0,post_relu_mean,441.8228454589844,-441.8228454589844,47.05186462402344,0.0,0.0,371.5117874145508,0.0999008948941636,-0.3920329696551129,22.633832566113277,1.326184719800949,False
56,source_localization_stage4.0.skip_connection.0,211,0,1000,0.005,0.0,0.0,post_relu_mean,405.11578369140625,-405.11578369140625,41.207759857177734,0.0,0.0,287.40618419647217,0.07086959537568313,-0.2963203920224043,17.107941226609448,1.0598922330141067,False
56,source_localization_stage4.0.skip_connection.0,211,0,1000,0.005,0.0,0.0,post_relu_mean,244.1116943359375,-244.1116943359375,20.24521255493164,0.0,0.0,106.14580345153809,0.10106986201591286,-0.09434644387952655,5.447028609902819,0.5471614754199982,False
56,source_localization_stage4.0.skip_connection.0,211,0,1000,0.005,0.0,0.0,post_relu_mean,141.327880859375,-141.327880859375,10.301098823547363,0.0,0.0,66.4717960357666,0.1572653331206656,-0.04337422743925836,2.5041898998916587,0.4514662390947342,False
56,source_localization_stage4.0.skip_connection.0,211,0,1000,0.01,0.0,0.0,post_relu_mean,892.137451171875,-892.137451171875,94.61024475097656,0.0,0.0,774.2680130004883,0.11511243817805487,-0.8327965721268275,48.08095479704985,1.406651012301445,False
56,source_localization_stage4.0.skip_connection.0,211,0,1000,0.01,0.0,0.0,post_relu_mean,825.231201171875,-825.231201171875,83.51832580566406,0.0,0.0,601.7452344894409,0.07659792541766401,-0.6460137003303015,37.29729303874696,1.1115272748470306,False
56,source_localization_stage4.0.skip_connection.0,211,0,1000,0.01,0.0,0.0,post_relu_mean,485.7315673828125,-485.7315673828125,39.52925109863281,0.0,0.0,203.1353816986084,0.07637556771874633,-0.20126181551908184,11.619929018102031,0.5775575414299965,False
56,source_localization_stage4.0.skip_connection.0,211,0,1000,0.01,0.0,0.0,post_relu_mean,275.96038818359375,-275.96038818359375,20.005643844604492,0.0,0.0,104.05884742736816,0.12064558006227802,-0.08487714737271507,4.900347114843953,0.45409386828541753,False
59,source_localization_stage4.1.wave_feature_conv1,152,0,1000,0.005,0.0,0.0,post_relu_mean,861.671142578125,-861.671142578125,62.35304260253906,0.0,0.0,761.2614212036133,0.608269852151372,-0.8441442698054753,48.739602712344656,3.5363738322257996,False
59,source_localization_stage4.1.wave_feature_conv1,152,0,1000,0.005,0.0,0.0,post_relu_mean,828.3778076171875,-828.3778076171875,57.57606887817383,0.0,0.0,654.6618747711182,0.47621467868827894,-0.695970464798119,40.18138964308308,3.006782587766647,False
59,source_localization_stage4.1.wave_feature_conv1,152,0,1000,0.005,0.0,0.0,post_relu_mean,735.6198120117188,-735.6198120117188,46.99634552001953,0.0,0.0,380.97462463378906,0.2659286086302593,-0.4205969481588724,24.282914813916676,1.9434710520505905,False
59,source_localization_stage4.1.wave_feature_conv1,152,0,1000,0.005,0.0,0.0,post_relu_mean,661.7544555664062,-661.7544555664062,40.4251708984375,0.0,0.0,269.13172912597656,0.15154728735537323,-0.2827567987478496,16.32516067335986,1.4015806210041046,False
59,source_localization_stage4.1.wave_feature_conv1,152,0,1000,0.01,0.0,0.0,post_relu_mean,2121.658203125,-2121.658203125,179.61509704589844,0.0,0.0,1903.9863967895508,0.7840015264359953,-2.3867922780222828,137.8092653703862,4.45734354019165,False
59,source_localization_stage4.1.wave_feature_conv1,152,0,1000,0.01,0.0,0.0,post_relu_mean,1894.5302734375,-1894.5302734375,150.8794708251953,0.0,0.0,1487.5557956695557,0.5503537462790578,-1.7551073934013879,101.34504941636338,3.530763372182846,False
59,source_localization_stage4.1.wave_feature_conv1,152,0,1000,0.01,0.0,0.0,post_relu_mean,1511.384765625,-1511.384765625,95.32870483398438,0.0,0.0,794.2469024658203,0.26869690154562514,-0.8326774644891025,48.07429180566278,2.0814124584197997,False
59,source_localization_stage4.1.wave_feature_conv1,152,0,1000,0.01,0.0,0.0,post_relu_mean,1428.8507080078125,-1428.8507080078125,86.85985565185547,0.0,0.0,571.8811187744141,0.1878312070923125,-0.6136109938392991,35.42641499504949,1.5845747458934785,False
59,source_localization_stage4.1.wave_feature_conv1,232,0,1000,0.005,0.0,0.0,post_relu_mean,594.9651489257812,-594.9651489257812,56.98276901245117,0.0,0.0,505.9220275878906,0.2136787688114587,-0.5488663246854608,31.688485879157653,1.9808919548988342,False
59,source_localization_stage4.1.wave_feature_conv1,232,0,1000,0.005,0.0,0.0,post_relu_mean,587.6889038085938,-587.6889038085938,54.805973052978516,0.0,0.0,426.92969512939453,0.18251767471107844,-0.45833232161217846,26.461506267554306,1.6864118283987046,False
59,source_localization_stage4.1.wave_feature_conv1,232,0,1000,0.005,0.0,0.0,post_relu_mean,461.17401123046875,-461.17401123046875,37.826236724853516,0.0,0.0,181.45325088500977,0.05764152909029909,-0.193811250745441,11.189559124518407,0.7479163524508476,False
59,source_localization_stage4.1.wave_feature_conv1,232,0,1000,0.005,0.0,0.0,post_relu_mean,274.85467529296875,-274.85467529296875,20.299652099609375,0.0,0.0,89.69430541992188,0.10029730344623383,-0.07871296516909992,4.54446362212514,0.4481292000412941,False
59,source_localization_stage4.1.wave_feature_conv1,232,0,1000,0.01,0.0,0.0,post_relu_mean,1535.17529296875,-1535.17529296875,156.44198608398438,0.0,0.0,1346.6729431152344,0.3811453282270023,-1.856036725731986,107.17769452491193,2.6285757768154143,False
59,source_localization_stage4.1.wave_feature_conv1,232,0,1000,0.01,0.0,0.0,post_relu_mean,1310.8636474609375,-1310.8636474609375,124.27251434326172,0.0,0.0,976.438117980957,0.23725763482552642,-1.1714391927791359,67.63445695269834,1.96912728369236,False
59,source_localization_stage4.1.wave_feature_conv1,232,0,1000,0.01,0.0,0.0,post_relu_mean,975.6964721679688,-975.6964721679688,80.84738159179688,0.0,0.0,373.31714248657227,0.0715059247807358,-0.3827395007308653,22.09729399001544,0.8116904553771019,False
59,source_localization_stage4.1.wave_feature_conv1,232,0,1000,0.01,0.0,0.0,post_relu_mean,558.3512573242188,-558.3512573242188,40.92717361450195,0.0,0.0,166.91567993164062,0.07540312640693358,-0.16658003603715577,9.617586822248269,0.4701346451044083,False
59,source_localization_stage4.1.wave_feature_conv1,120,0,1000,0.005,0.0,0.0,post_relu_mean,1149.1304931640625,-1149.1304931640625,103.5656509399414,0.0,0.0,1017.9824180603027,1.0363302965594179,-1.0987772936968687,63.438810640424,4.2281306672096255,False
59,source_localization_stage4.1.wave_feature_conv1,120,0,1000,0.005,0.0,0.0,post_relu_mean,1102.6707763671875,-1102.6707763671875,97.85136413574219,0.0,0.0,838.8022766113281,0.817890280332515,-0.9762346161009983,56.36348383721151,3.486109758615494,False
59,source_localization_stage4.1.wave_feature_conv1,120,0,1000,0.005,0.0,0.0,post_relu_mean,769.2107543945312,-769.2107543945312,63.64406204223633,0.0,0.0,300.44792556762695,0.21402272674836856,-0.3802160402368213,21.952097907591586,1.190550919175148,False
59,source_localization_stage4.1.wave_feature_conv1,120,0,1000,0.005,0.0,0.0,post_relu_mean,290.8880920410156,-290.8880920410156,20.664630889892578,0.0,0.0,106.71330261230469,0.1081060730896798,-0.09934270038345808,5.735487369105477,0.5025958198308945,False
59,source_localization_stage4.1.wave_feature_conv1,120,0,1000,0.01,0.0,0.0,post_relu_mean,2320.1337890625,-2320.1337890625,208.61343383789062,0.0,0.0,2083.9378623962402,0.9298861715449264,-2.101753547592352,121.34455083503941,4.383321640491485,False
59,source_localization_stage4.1.wave_feature_conv1,120,0,1000,0.01,0.0,0.0,post_relu_mean,2254.8779296875,-2254.8779296875,200.02894592285156,0.0,0.0,1735.5654602050781,0.7795409261627175,-1.7441676766711653,100.69927892366032,3.638559720516205,False
59,source_localization_stage4.1.wave_feature_conv1,120,0,1000,0.01,0.0,0.0,post_relu_mean,1811.7176513671875,-1811.7176513671875,153.63136291503906,0.0,0.0,668.0500679016113,0.2199481836221074,-0.7495406269281487,43.27602726874386,1.3275868916511535,False
59,source_localization_stage4.1.wave_feature_conv1,120,0,1000,0.01,0.0,0.0,post_relu_mean,615.914306640625,-615.914306640625,43.4537239074707,0.0,0.0,203.8485870361328,0.0842973662582633,-0.20883312827602177,12.057245325282361,0.5505662834644318,False
59,source_localization_stage4.1.wave_feature_conv1,44,0,1000,0.005,0.0,0.0,post_relu_mean,399.6820068359375,-399.6820068359375,52.740055084228516,0.0,0.0,323.73129081726074,0.08920325162333266,-0.377166975995994,21.775974426302458,1.1634921085834504,False
59,source_localization_stage4.1.wave_feature_conv1,44,0,1000,0.005,0.0,0.0,post_relu_mean,399.9234619140625,-399.9234619140625,48.1583137512207,0.0,0.0,264.6849489212036,0.08446284797191413,-0.28788478084831154,16.620874630212565,0.9397180917859077,False
59,source_localization_stage4.1.wave_feature_conv1,44,0,1000,0.005,0.0,0.0,post_relu_mean,208.46217346191406,-208.46217346191406,19.807748794555664,0.0,0.0,72.95443725585938,0.08570571319020831,-0.06379536130821177,3.683198746069052,0.34544556140899657,False
59,source_localization_stage4.1.wave_feature_conv1,44,0,1000,0.005,0.0,0.0,post_relu_mean,70.71137237548828,-70.71137237548828,5.798069953918457,0.0,0.0,39.72761535644531,0.15697257661203406,-0.01453186813660057,0.8391751409065507,0.26366332367062567,False
59,source_localization_stage4.1.wave_feature_conv1,44,0,1000,0.01,0.0,0.0,post_relu_mean,824.2755737304688,-824.2755737304688,104.91826629638672,0.0,0.0,696.146635055542,0.11908833167387914,-0.7483395388717725,43.20531661998469,1.2675676637887954,False
59,source_localization_stage4.1.wave_feature_conv1,44,0,1000,0.01,0.0,0.0,post_relu_mean,833.8577270507812,-833.8577270507812,99.03021240234375,0.0,0.0,571.4394960403442,0.11021583232403927,-0.5977930587714766,34.513518317817585,1.0411910068988801,False
59,source_localization_stage4.1.wave_feature_conv1,44,0,1000,0.01,0.0,0.0,post_relu_mean,400.871826171875,-400.871826171875,38.027191162109375,0.0,0.0,128.71829223632812,0.06385149163607033,-0.12378671889740359,7.1467445958351155,0.3585780538618565,False
59,source_localization_stage4.1.wave_feature_conv1,44,0,1000,0.01,0.0,0.0,post_relu_mean,137.2706756591797,-137.2706756591797,11.146961212158203,0.0,0.0,52.798004150390625,0.11963339177075581,-0.029998055050863576,1.7320896628726008,0.26983363784849645,False
59,source_localization_stage4.1.wave_feature_conv1,198,0,1000,0.005,0.0,0.0,post_relu_mean,437.10552978515625,-437.10552978515625,53.72893142700195,0.0,0.0,360.7065849304199,0.17542198123730643,-0.38404878384441304,22.17280922144823,1.4771028238534927,False
59,source_localization_stage4.1.wave_feature_conv1,198,0,1000,0.005,0.0,0.0,post_relu_mean,436.1890563964844,-436.1890563964844,51.935115814208984,0.0,0.0,292.05235862731934,0.14542666154589265,-0.32109414069961734,18.538310409024316,1.1963518446683883,False
59,source_localization_stage4.1.wave_feature_conv1,198,0,1000,0.005,0.0,0.0,post_relu_mean,203.9425811767578,-203.9425811767578,19.706621170043945,0.0,0.0,69.74770736694336,0.07755851113328294,-0.05998137528206271,3.4629855066319486,0.3616826882958412,False
59,source_localization_stage4.1.wave_feature_conv1,198,0,1000,0.005,0.0,0.0,post_relu_mean,62.18513488769531,-62.18513488769531,5.345852375030518,0.0,0.0,36.283226013183594,0.15117352835675185,-0.011694281324928632,0.6752592999832251,0.26049991242587567,False
59,source_localization_stage4.1.wave_feature_conv1,198,0,1000,0.01,0.0,0.0,post_relu_mean,925.0848388671875,-925.0848388671875,110.39725494384766,0.0,0.0,792.0175590515137,0.2165328340112482,-0.8605677338893921,49.68446348162646,1.6721661829948424,False
59,source_localization_stage4.1.wave_feature_conv1,198,0,1000,0.01,0.0,0.0,post_relu_mean,891.3991088867188,-891.3991088867188,104.89515686035156,0.0,0.0,614.8623561859131,0.17362728722680854,-0.6476173744553576,37.38975000743051,1.3185824662446977,False
59,source_localization_stage4.1.wave_feature_conv1,198,0,1000,0.01,0.0,0.0,post_relu_mean,412.3033752441406,-412.3033752441406,39.729000091552734,0.0,0.0,127.94065475463867,0.0606400769549569,-0.12827541658313796,7.406081182575061,0.38669884487986567,False
59,source_localization_stage4.1.wave_feature_conv1,198,0,1000,0.01,0.0,0.0,post_relu_mean,123.19227600097656,-123.19227600097656,10.317488670349121,0.0,0.0,47.57400131225586,0.11170638429587137,-0.02687061120696108,1.5514212906678986,0.2796692528575659,False
61,source_localization_stage4.1.wave_feature_conv2,201,0,1000,0.005,0.0,0.0,post_relu_mean,602.33935546875,-602.33935546875,91.26342010498047,0.0,0.0,485.5916519165039,0.349224339524671,-0.51337668118827,29.639494235428792,2.27153293967247,False
61,source_localization_stage4.1.wave_feature_conv2,201,0,1000,0.005,0.0,0.0,post_relu_mean,583.9757080078125,-583.9757080078125,85.0670394897461,0.0,0.0,356.3716468811035,0.2557214823048087,-0.3795801927747779,21.91500020607741,1.7061723685264587,False
61,source_localization_stage4.1.wave_feature_conv2,201,0,1000,0.005,0.0,0.0,post_relu_mean,108.87947845458984,-108.87947845458984,13.6145658493042,0.0,0.0,26.993167877197266,0.13577278758557268,-0.0076728446970176925,0.44299724830532555,0.13666522830724717,False
61,source_localization_stage4.1.wave_feature_conv2,201,0,1000,0.005,0.0,0.0,post_relu_mean,3.8077287673950195,-3.8077287673950195,0.4521038830280304,0.0,0.0,37.08932113647461,0.23495073272125314,-0.0017325485948056062,0.10042423606241664,0.12222306113690137,False
61,source_localization_stage4.1.wave_feature_conv2,201,0,1000,0.01,0.0,0.0,post_relu_mean,1247.54541015625,-1247.54541015625,184.3446807861328,0.0,0.0,1037.716407775879,0.38615805885294574,-1.0707179006532046,61.81718035724583,2.536240038871765,False
61,source_localization_stage4.1.wave_feature_conv2,201,0,1000,0.01,0.0,0.0,post_relu_mean,1204.26611328125,-1204.26611328125,173.264892578125,0.0,0.0,756.167423248291,0.2892411657041091,-0.793959568670003,45.83890985549942,1.9207290959358216,False
61,source_localization_stage4.1.wave_feature_conv2,201,0,1000,0.01,0.0,0.0,post_relu_mean,246.4788055419922,-246.4788055419922,30.716495513916016,0.0,0.0,36.32802200317383,0.10038418878649269,-0.0204583699835721,1.181191532557907,0.15010719679296017,False
61,source_localization_stage4.1.wave_feature_conv2,201,0,1000,0.01,0.0,0.0,post_relu_mean,3.687617540359497,-3.687617540359497,0.39046406745910645,0.0,0.0,37.58560824394226,0.1910952434901315,-0.0005948250819278981,0.03438760500301888,0.0982498249784112,False
61,source_localization_stage4.1.wave_feature_conv2,13,0,1000,0.005,0.0,0.0,post_relu_mean,1036.473388671875,-1036.473388671875,159.16099548339844,0.0,0.0,855.5109786987305,0.8721896962076198,-1.140948933253971,65.87959957978401,3.5999488377571107,False
61,source_localization_stage4.1.wave_feature_conv2,13,0,1000,0.005,0.0,0.0,post_relu_mean,889.3121948242188,-889.3121948242188,134.55291748046875,0.0,0.0,541.6979312896729,0.5654406458369208,-0.8093077346388616,46.727399621058076,2.334472585916519,False
61,source_localization_stage4.1.wave_feature_conv2,13,0,1000,0.005,0.0,0.0,post_relu_mean,23.853246688842773,-23.853246688842773,3.0462329387664795,0.0,0.0,25.00582504272461,0.16558900487698094,-0.0015128144207213884,0.08746067350649225,0.09031377755105495,False
61,source_localization_stage4.1.wave_feature_conv2,13,0,1000,0.005,0.0,0.0,post_relu_mean,2.844005584716797,-2.844005584716797,0.35950061678886414,0.0,0.0,40.86398959159851,0.2589124866449824,-0.0015277131328183648,0.08854756739174086,0.11359576430171728,False
61,source_localization_stage4.1.wave_feature_conv2,13,0,1000,0.01,0.0,0.0,post_relu_mean,2226.69677734375,-2226.69677734375,345.1123046875,0.0,0.0,1859.783073425293,0.9016690909192678,-1.9135035725136291,110.47713956083362,3.939333279132843,False
61,source_localization_stage4.1.wave_feature_conv2,13,0,1000,0.01,0.0,0.0,post_relu_mean,1903.498779296875,-1903.498779296875,290.1585998535156,0.0,0.0,1166.8702945709229,0.5856537942537596,-1.4026178444530695,80.98652095402606,2.444226974248886,False
61,source_localization_stage4.1.wave_feature_conv2,13,0,1000,0.01,0.0,0.0,post_relu_mean,38.6788444519043,-38.6788444519043,4.863297462463379,0.0,0.0,26.20343780517578,0.12558355805425447,-0.002142043065427527,0.12392194247812585,0.10703084863722324,False
61,source_localization_stage4.1.wave_feature_conv2,13,0,1000,0.01,0.0,0.0,post_relu_mean,2.7548558712005615,-2.7548558712005615,0.3080132305622101,0.0,0.0,41.289713859558105,0.20944996358215,-0.0005996176310099854,0.03470316517829252,0.10178864829242229,False
61,source_localization_stage4.1.wave_feature_conv2,221,0,1000,0.005,0.0,0.0,post_relu_mean,532.7153930664062,-532.7153930664062,89.11375427246094,0.0,0.0,422.77444076538086,0.3620481113348029,-0.4447641734179951,25.678410622091267,2.1353053963184356,False
61,source_localization_stage4.1.wave_feature_conv2,221,0,1000,0.005,0.0,0.0,post_relu_mean,530.9925537109375,-530.9925537109375,85.567138671875,0.0,0.0,306.82262992858887,0.23276528234880656,-0.32681159182910235,18.868469854412538,1.5430836445093155,False
61,source_localization_stage4.1.wave_feature_conv2,221,0,1000,0.005,0.0,0.0,post_relu_mean,10.392190933227539,-10.392190933227539,1.3792061805725098,0.0,0.0,25.046414375305176,0.1671791262528852,-0.0011298171286374444,0.065349046901599,0.09510796394199134,False
61,source_localization_stage4.1.wave_feature_conv2,221,0,1000,0.005,0.0,0.0,post_relu_mean,1.9554839134216309,-1.9554839134216309,0.3137096166610718,0.0,0.0,41.44183897972107,0.26942874929989413,-0.001452195662439322,0.08423057625960113,0.11574761111289263,False
61,source_localization_stage4.1.wave_feature_conv2,221,0,1000,0.01,0.0,0.0,post_relu_mean,1089.277099609375,-1089.277099609375,179.8809356689453,0.0,0.0,888.5689964294434,0.37483524902295945,-0.9137869615868814,52.756862906423734,2.318087878227234,False
61,source_localization_stage4.1.wave_feature_conv2,221,0,1000,0.01,0.0,0.0,post_relu_mean,1066.2821044921875,-1066.2821044921875,170.66322326660156,0.0,0.0,629.3719463348389,0.2470130133572076,-0.6764308965893703,39.053444017007976,1.668370394706726,False
61,source_localization_stage4.1.wave_feature_conv2,221,0,1000,0.01,0.0,0.0,post_relu_mean,10.42209243774414,-10.42209243774414,1.3243408203125,0.0,0.0,25.48780632019043,0.1288066169027648,-0.0006130677525551725,0.035403780740872526,0.0931289293244481,False
61,source_localization_stage4.1.wave_feature_conv2,221,0,1000,0.01,0.0,0.0,post_relu_mean,1.8046656847000122,-1.8046656847000122,0.2519334554672241,0.0,0.0,41.90878236293793,0.21684845427282082,-0.0006881272284971896,0.03980632814542097,0.1077925980463624,False
61,source_localization_stage4.1.wave_feature_conv2,254,0,1000,0.005,0.0,0.0,post_relu_mean,514.2139892578125,-514.2139892578125,88.57854461669922,0.0,0.0,405.0986862182617,0.3918949780773095,-0.43797767965897144,25.286421812294268,2.1815437495708467,False
61,source_localization_stage4.1.wave_feature_conv2,254,0,1000,0.005,0.0,0.0,post_relu_mean,484.75494384765625,-484.75494384765625,80.58137512207031,0.0,0.0,273.34156799316406,0.2569933676068511,-0.29060157369031264,16.777685263481473,1.5390163588523864,False
61,source_localization_stage4.1.wave_feature_conv2,254,0,1000,0.005,0.0,0.0,post_relu_mean,7.741585731506348,-7.741585731506348,1.01491379737854,0.0,0.0,25.425809860229492,0.16271366337071289,-0.0012931736256081494,0.07481170407943277,0.09184983376413584,False
61,source_localization_stage4.1.wave_feature_conv2,254,0,1000,0.005,0.0,0.0,post_relu_mean,2.2316982746124268,-2.2316982746124268,0.31686073541641235,0.0,0.0,41.98717474937439,0.26392920835056316,-0.0012957230347770906,0.0750373641538128,0.12180694840848445,False
61,source_localization_stage4.1.wave_feature_conv2,254,0,1000,0.01,0.0,0.0,post_relu_mean,1050.5482177734375,-1050.5482177734375,179.2464599609375,0.0,0.0,850.765007019043,0.3812378251951311,-0.8794765549833325,50.77606396046274,2.2739830267429353,False
61,source_localization_stage4.1.wave_feature_conv2,254,0,1000,0.01,0.0,0.0,post_relu_mean,1015.7798461914062,-1015.7798461914062,166.1648406982422,0.0,0.0,590.4077911376953,0.2855481345212876,-0.6232454198043184,35.98266345477279,1.7614370346069337,False
61,source_localization_stage4.1.wave_feature_conv2,254,0,1000,0.01,0.0,0.0,post_relu_mean,7.310274124145508,-7.310274124145508,0.9140854477882385,0.0,0.0,25.75071096420288,0.12922513505391275,-0.00041217936244933973,0.0238252581757262,0.0836187195032835,False
61,source_localization_stage4.1.wave_feature_conv2,254,0,1000,0.01,0.0,0.0,post_relu_mean,2.1575632095336914,-2.1575632095336914,0.2713395655155182,0.0,0.0,42.36825132369995,0.21457136237390573,-0.00048762421789293056,0.02821137042422415,0.11028892945498228,False
61,source_localization_stage4.1.wave_feature_conv2,101,0,1000,0.005,0.0,0.0,post_relu_mean,813.4287109375,-813.4287109375,177.392333984375,0.0,0.0,615.8405723571777,0.590282305292471,-0.6637738131182161,38.32453815809656,2.4690807342529295,False
61,source_localization_stage4.1.wave_feature_conv2,101,0,1000,0.005,0.0,0.0,post_relu_mean,775.5045166015625,-775.5045166015625,163.76527404785156,0.0,0.0,356.4743404388428,0.31367472613985453,-0.4403057317033511,25.421476428415957,1.490313560962677,False
61,source_localization_stage4.1.wave_feature_conv2,101,0,1000,0.005,0.0,0.0,post_relu_mean,3.421358346939087,-3.421358346939087,0.47602224349975586,0.0,0.0,25.496874809265137,0.16038072408657997,-0.0009990854087348355,0.05788759603553837,0.08573128219693898,False
61,source_localization_stage4.1.wave_feature_conv2,101,0,1000,0.005,0.0,0.0,post_relu_mean,1.7692065238952637,-1.7692065238952637,0.280211865901947,0.0,0.0,42.24411487579346,0.26858292893886954,-0.001375773097071672,0.07969984278888283,0.11093405231833459,False
61,source_localization_stage4.1.wave_feature_conv2,101,0,1000,0.01,0.0,0.0,post_relu_mean,1671.187744140625,-1671.187744140625,362.6065368652344,0.0,0.0,1288.3853721618652,0.5635272362045533,-1.285782486725254,74.23382395754803,2.64475834608078,False
61,source_localization_stage4.1.wave_feature_conv2,101,0,1000,0.01,0.0,0.0,post_relu_mean,1562.183349609375,-1562.183349609375,330.620849609375,0.0,0.0,726.0142269134521,0.29870952891962027,-0.7370884207560512,42.55546102894918,1.5247852289676667,False
61,source_localization_stage4.1.wave_feature_conv2,101,0,1000,0.01,0.0,0.0,post_relu_mean,3.451028823852539,-3.451028823852539,0.4287355840206146,0.0,0.0,25.881195306777954,0.1269121944079984,-0.00045818578362742077,0.02655702144413226,0.08366635125130414,False
61,source_localization_stage4.1.wave_feature_conv2,101,0,1000,0.01,0.0,0.0,post_relu_mean,1.8073501586914062,-1.8073501586914062,0.23898570239543915,0.0,0.0,42.694520235061646,0.2231715610620168,-0.0006188197008248957,0.03575957577605422,0.0931092993542552,False
51,source_localization_stage4.0.wave_feature_conv1,7,1,1000,0.005,0.0,0.0,post_relu_mean,914.021484375,-914.021484375,51.41364288330078,0.0,0.0,811.0681610107422,0.2170426712934088,-0.849832430091148,49.064642619516285,2.4188570368289946,False
51,source_localization_stage4.0.wave_feature_conv1,7,1,1000,0.005,0.0,0.0,post_relu_mean,878.470458984375,-878.470458984375,46.411678314208984,0.0,0.0,717.7743225097656,0.17334603021753645,-0.7548842902896302,43.58279711898569,2.135936484336853,False
51,source_localization_stage4.0.wave_feature_conv1,7,1,1000,0.005,0.0,0.0,post_relu_mean,770.3085327148438,-770.3085327148438,33.67705535888672,0.0,0.0,495.9727249145508,0.09161655663658143,-0.5127782592452995,29.604905508218746,1.485891627073288,False
51,source_localization_stage4.0.wave_feature_conv1,7,1,1000,0.005,0.0,0.0,post_relu_mean,666.5196533203125,-666.5196533203125,25.937274932861328,0.0,0.0,396.84358978271484,0.07329727530364166,-0.4138687896671292,23.89455075547002,1.2422537529468536,False
51,source_localization_stage4.0.wave_feature_conv1,7,1,1000,0.01,0.0,0.0,post_relu_mean,1822.3109130859375,-1822.3109130859375,101.61967468261719,0.0,0.0,1669.151596069336,0.22838149871302854,-1.7325500068043687,100.02758058237711,2.563575633764267,False
51,source_localization_stage4.0.wave_feature_conv1,7,1,1000,0.01,0.0,0.0,post_relu_mean,1795.798583984375,-1795.798583984375,94.44544982910156,0.0,0.0,1515.0179748535156,0.2020067410379676,-1.5785169442163296,91.13465219280008,2.3047684943675995,False
51,source_localization_stage4.0.wave_feature_conv1,7,1,1000,0.01,0.0,0.0,post_relu_mean,1559.3773193359375,-1559.3773193359375,67.73582458496094,0.0,0.0,1029.6007766723633,0.10830476527455231,-1.0773420499605506,62.19963604506706,1.5788160580396653,False
51,source_localization_stage4.0.wave_feature_conv1,7,1,1000,0.01,0.0,0.0,post_relu_mean,1340.3492431640625,-1340.3492431640625,51.14175033569336,0.0,0.0,818.6284408569336,0.08752883654528051,-0.849590980085171,49.05054936719986,1.3080994176864624,False
51,source_localization_stage4.0.wave_feature_conv1,102,1,1000,0.005,0.0,0.0,post_relu_mean,810.2659912109375,-810.2659912109375,43.154109954833984,0.0,0.0,727.3396034240723,0.2571233614629685,-0.7580448058564745,43.76526248994426,2.561649557352066,False
51,source_localization_stage4.0.wave_feature_conv1,102,1,1000,0.005,0.0,0.0,post_relu_mean,794.8584594726562,-794.8584594726562,40.82217788696289,0.0,0.0,659.9724426269531,0.218749051074968,-0.7028074270277168,40.57614981557325,2.328703337907791,False
51,source_localization_stage4.0.wave_feature_conv1,102,1,1000,0.005,0.0,0.0,post_relu_mean,719.23193359375,-719.23193359375,32.34049987792969,0.0,0.0,466.98652267456055,0.14944091312209817,-0.501056962436329,28.92835118465482,1.7166682082414626,False
51,source_localization_stage4.0.wave_feature_conv1,102,1,1000,0.005,0.0,0.0,post_relu_mean,680.9107666015625,-680.9107666015625,29.296018600463867,0.0,0.0,389.82838439941406,0.13168846871773354,-0.41488882478104433,23.95360142120685,1.4841894012689592,False
51,source_localization_stage4.0.wave_feature_conv1,102,1,1000,0.01,0.0,0.0,post_relu_mean,1636.8614501953125,-1636.8614501953125,85.794677734375,0.0,0.0,1511.2944984436035,0.2798863446767896,-1.6195880121002046,93.50586544627338,2.779514498710632,False
51,source_localization_stage4.0.wave_feature_conv1,102,1,1000,0.01,0.0,0.0,post_relu_mean,1618.6361083984375,-1618.6361083984375,81.6750259399414,0.0,0.0,1381.6178894042969,0.2845282338841192,-1.4506274999099096,83.7510110135563,2.6308338689804076,False
51,source_localization_stage4.0.wave_feature_conv1,102,1,1000,0.01,0.0,0.0,post_relu_mean,1557.3621826171875,-1557.3621826171875,70.80184936523438,0.0,0.0,1016.6567192077637,0.2565306822792013,-1.124472364509918,64.9206784324802,2.076014739274979,False
51,source_localization_stage4.0.wave_feature_conv1,102,1,1000,0.01,0.0,0.0,post_relu_mean,1445.505859375,-1445.505859375,61.61935043334961,0.0,0.0,831.1901702880859,0.16706111131584364,-0.9014041531610799,52.041953634658,1.6336145561933517,False
51,source_localization_stage4.0.wave_feature_conv1,75,1,1000,0.005,0.0,0.0,post_relu_mean,888.0154418945312,-888.0154418945312,47.16823196411133,0.0,0.0,803.4659881591797,0.3132055050438777,-0.868977127183917,50.17207146320923,2.959291945695877,False
51,source_localization_stage4.0.wave_feature_conv1,75,1,1000,0.005,0.0,0.0,post_relu_mean,870.2473754882812,-870.2473754882812,44.53798294067383,0.0,0.0,728.4768486022949,0.23843026996806974,-0.768134890094054,44.34776882036213,2.6189084482192992,False
51,source_localization_stage4.0.wave_feature_conv1,75,1,1000,0.005,0.0,0.0,post_relu_mean,803.589599609375,-803.589599609375,37.187435150146484,0.0,0.0,517.4439086914062,0.1368533836301562,-0.5466798830615296,31.562342108407236,1.9303763276338577,False
51,source_localization_stage4.0.wave_feature_conv1,75,1,1000,0.005,0.0,0.0,post_relu_mean,746.7584838867188,-746.7584838867188,32.22618865966797,0.0,0.0,428.8494644165039,0.11744616980162376,-0.44641173938741774,25.77330520665652,1.6375617694854736,False
51,source_localization_stage4.0.wave_feature_conv1,75,1,1000,0.01,0.0,0.0,post_relu_mean,1756.3270263671875,-1756.3270263671875,92.63214111328125,0.0,0.0,1626.3135833740234,0.27604587496046373,-1.72815345173058,99.77435522246641,2.962780339717865,False
51,source_localization_stage4.0.wave_feature_conv1,75,1,1000,0.01,0.0,0.0,post_relu_mean,1745.496826171875,-1745.496826171875,89.19686889648438,0.0,0.0,1492.0790824890137,0.24272284007128564,-1.5764302967437465,91.01413626891193,2.7854146361351013,False
51,source_localization_stage4.0.wave_feature_conv1,75,1,1000,0.01,0.0,0.0,post_relu_mean,1646.5634765625,-1646.5634765625,74.97957611083984,0.0,0.0,1076.9767456054688,0.17785329912503972,-1.145609724776811,66.14102105636421,2.068119132518768,False
51,source_localization_stage4.0.wave_feature_conv1,75,1,1000,0.01,0.0,0.0,post_relu_mean,1525.613037109375,-1525.613037109375,65.96204376220703,0.0,0.0,870.3454971313477,0.1346888861839626,-0.9034298020994225,52.15891335146933,1.7146364951133728,False
51,source_localization_stage4.0.wave_feature_conv1,45,1,1000,0.005,0.0,0.0,post_relu_mean,640.1593017578125,-640.1593017578125,43.28572082519531,0.0,0.0,559.5905494689941,0.11783133944610269,-0.5852106534825848,33.786738375069376,1.6839813894033433,False
51,source_localization_stage4.0.wave_feature_conv1,45,1,1000,0.005,0.0,0.0,post_relu_mean,617.2836303710938,-617.2836303710938,38.03862380981445,0.0,0.0,491.8602886199951,0.09598424413002614,-0.5136216880382337,29.65361537410499,1.4712576484680175,False
51,source_localization_stage4.0.wave_feature_conv1,45,1,1000,0.005,0.0,0.0,post_relu_mean,505.782958984375,-505.782958984375,23.797618865966797,0.0,0.0,320.1615676879883,0.06686258393453982,-0.33212298891151476,19.174918135973996,1.0639490115642547,False
51,source_localization_stage4.0.wave_feature_conv1,45,1,1000,0.005,0.0,0.0,post_relu_mean,436.37249755859375,-436.37249755859375,18.33059310913086,0.0,0.0,257.5210876464844,0.07693309007529905,-0.26186436967213855,15.11856374549894,0.89239234238863,False
51,source_localization_stage4.0.wave_feature_conv1,45,1,1000,0.01,0.0,0.0,post_relu_mean,1286.718017578125,-1286.718017578125,86.47413635253906,0.0,0.0,1162.960849761963,0.13199486207202005,-1.2140292448809022,70.0918622423993,1.778344796895981,False
51,source_localization_stage4.0.wave_feature_conv1,45,1,1000,0.01,0.0,0.0,post_relu_mean,1217.4656982421875,-1217.4656982421875,73.79866027832031,0.0,0.0,1002.6422100067139,0.1079794084080586,-1.038768696725963,59.972609170743574,1.5356086659431458,False
51,source_localization_stage4.0.wave_feature_conv1,45,1,1000,0.01,0.0,0.0,post_relu_mean,1028.604248046875,-1028.604248046875,47.343849182128906,0.0,0.0,666.3861465454102,0.08149053447396214,-0.7072954561443381,40.835305724147865,1.1403720247745515,False
51,source_localization_stage4.0.wave_feature_conv1,45,1,1000,0.01,0.0,0.0,post_relu_mean,887.256591796875,-887.256591796875,36.23917007446289,0.0,0.0,529.3193969726562,0.06737183224777062,-0.5550432994604771,32.04507193610584,0.965009643137455,False
51,source_localization_stage4.0.wave_feature_conv1,81,1,1000,0.005,0.0,0.0,post_relu_mean,767.4110107421875,-767.4110107421875,39.27494430541992,0.0,0.0,702.0612678527832,0.2983409369593762,-0.7420554060146669,42.842085820528375,2.875811449289322,False
51,source_localization_stage4.0.wave_feature_conv1,81,1,1000,0.005,0.0,0.0,post_relu_mean,776.8712158203125,-776.8712158203125,38.30896759033203,0.0,0.0,662.0459728240967,0.30835696978995647,-0.699791827315214,40.40210885331266,2.7867190504074095,False
51,source_localization_stage4.0.wave_feature_conv1,81,1,1000,0.005,0.0,0.0,post_relu_mean,707.51220703125,-707.51220703125,31.453954696655273,0.0,0.0,475.9611568450928,0.16054733470898352,-0.4951143624553138,28.58516725313658,1.956098974943161,False
51,source_localization_stage4.0.wave_feature_conv1,81,1,1000,0.005,0.0,0.0,post_relu_mean,638.669921875,-638.669921875,27.134601593017578,0.0,0.0,383.3807544708252,0.11303432789992637,-0.3956534082419443,22.842825450553672,1.621237232685089,False
51,source_localization_stage4.0.wave_feature_conv1,81,1,1000,0.01,0.0,0.0,post_relu_mean,1589.0745849609375,-1589.0745849609375,80.79053497314453,0.0,0.0,1482.2092781066895,0.3985311715859584,-1.5305725096740699,88.36674351586963,3.255152131319046,False
51,source_localization_stage4.0.wave_feature_conv1,81,1,1000,0.01,0.0,0.0,post_relu_mean,1552.7921142578125,-1552.7921142578125,76.09007263183594,0.0,0.0,1343.514051437378,0.33474643493934925,-1.3935830452951266,80.4576105898114,3.0029306519031524,False
51,source_localization_stage4.0.wave_feature_conv1,81,1,1000,0.01,0.0,0.0,post_relu_mean,1453.2564697265625,-1453.2564697265625,64.37706756591797,0.0,0.0,974.7820796966553,0.19061452638718843,-1.0157588712514445,58.64425593769049,2.1244712901115417,False
51,source_localization_stage4.0.wave_feature_conv1,81,1,1000,0.01,0.0,0.0,post_relu_mean,1357.072021484375,-1357.072021484375,57.142669677734375,0.0,0.0,801.7021656036377,0.16575462893315546,-0.8846910252346153,51.07709786385137,1.825336264371872,False
53,source_localization_stage4.0.wave_feature_conv2,101,1,1000,0.005,0.0,0.0,post_relu_mean,381.3939514160156,-381.3939514160156,29.373292922973633,0.0,0.0,339.0413637161255,0.2142427189066407,-0.3536968211802952,20.4205562472887,1.6588997894525528,False
53,source_localization_stage4.0.wave_feature_conv2,101,1,1000,0.005,0.0,0.0,post_relu_mean,382.8983154296875,-382.8983154296875,28.78489875793457,0.0,0.0,301.02818489074707,0.19283520681544827,-0.31625404737291274,18.25879435240309,1.502200509905815,False
53,source_localization_stage4.0.wave_feature_conv2,101,1,1000,0.005,0.0,0.0,post_relu_mean,353.4888610839844,-353.4888610839844,23.586891174316406,0.0,0.0,176.91734790802002,0.09997552687928306,-0.18820120407261276,10.865713343608206,0.9110116711258889,False
53,source_localization_stage4.0.wave_feature_conv2,101,1,1000,0.005,0.0,0.0,post_relu_mean,301.7725524902344,-301.7725524902344,19.339740753173828,0.0,0.0,113.82435512542725,0.05422787391474635,-0.12260425405975116,7.078708709338452,0.6072514882683754,False
53,source_localization_stage4.0.wave_feature_conv2,101,1,1000,0.01,0.0,0.0,post_relu_mean,790.9666748046875,-790.9666748046875,59.8160400390625,0.0,0.0,718.1713380813599,0.23951944674853465,-0.7654931613616266,44.195612908994796,1.8565550976991654,False
53,source_localization_stage4.0.wave_feature_conv2,101,1,1000,0.01,0.0,0.0,post_relu_mean,814.423095703125,-814.423095703125,60.037071228027344,0.0,0.0,654.4225635528564,0.24653143138285316,-0.7116195228946887,41.08508632072088,1.758813408613205,False
53,source_localization_stage4.0.wave_feature_conv2,101,1,1000,0.01,0.0,0.0,post_relu_mean,736.4559326171875,-736.4559326171875,48.86484146118164,0.0,0.0,370.2998094558716,0.12293352259171181,-0.40879140239461803,23.601346844239703,1.0243110781908036,False
53,source_localization_stage4.0.wave_feature_conv2,101,1,1000,0.01,0.0,0.0,post_relu_mean,686.521728515625,-686.521728515625,44.095218658447266,0.0,0.0,251.0187520980835,0.08696292538577681,-0.28146907993225956,16.250461663641367,0.7112343889474869,False
53,source_localization_stage4.0.wave_feature_conv2,254,1,1000,0.005,0.0,0.0,post_relu_mean,404.5704650878906,-404.5704650878906,28.7379093170166,0.0,0.0,363.1396427154541,0.21394761292338849,-0.3846002766508982,22.204767680351104,1.7573859786987305,False
53,source_localization_stage4.0.wave_feature_conv2,254,1,1000,0.005,0.0,0.0,post_relu_mean,396.97265625,-396.97265625,27.334306716918945,0.0,0.0,319.01708793640137,0.18678969141521692,-0.3294033087445228,19.01794542135533,1.5723526680469513,False
53,source_localization_stage4.0.wave_feature_conv2,254,1,1000,0.005,0.0,0.0,post_relu_mean,384.0928039550781,-384.0928039550781,23.804428100585938,0.0,0.0,206.18343448638916,0.1284484060440958,-0.22163921342754028,12.796469346709479,1.0357931080460547,False
53,source_localization_stage4.0.wave_feature_conv2,254,1,1000,0.005,0.0,0.0,post_relu_mean,345.46185302734375,-345.46185302734375,20.86395263671875,0.0,0.0,142.56798267364502,0.07372128795853386,-0.15202375368069504,8.777148749688648,0.7162118124961853,False
53,source_localization_stage4.0.wave_feature_conv2,254,1,1000,0.01,0.0,0.0,post_relu_mean,841.4437866210938,-841.4437866210938,59.014068603515625,0.0,0.0,769.736780166626,0.27072253148094066,-0.8155537446022819,47.08547036841672,2.007208395600319,False
53,source_localization_stage4.0.wave_feature_conv2,254,1,1000,0.01,0.0,0.0,post_relu_mean,837.75341796875,-837.75341796875,56.82360076904297,0.0,0.0,686.0745830535889,0.24600542227497377,-0.7352944213162214,42.45175932659512,1.8297554755210876,False
53,source_localization_stage4.0.wave_feature_conv2,254,1,1000,0.01,0.0,0.0,post_relu_mean,794.4319458007812,-794.4319458007812,49.3586540222168,0.0,0.0,424.8658685684204,0.14337721121835825,-0.4487934209997705,25.911030124771916,1.1153377848863602,False
53,source_localization_stage4.0.wave_feature_conv2,254,1,1000,0.01,0.0,0.0,post_relu_mean,725.7276000976562,-725.7276000976562,43.58218765258789,0.0,0.0,295.65138721466064,0.0827997021355818,-0.3165516257352235,18.27590498297937,0.768267996609211,False
53,source_localization_stage4.0.wave_feature_conv2,153,1,1000,0.005,0.0,0.0,post_relu_mean,565.755126953125,-565.755126953125,69.81582641601562,0.0,0.0,486.6533966064453,0.649266108477568,-0.5301715911428059,30.60949410254484,2.2901256132125853,False
53,source_localization_stage4.0.wave_feature_conv2,153,1,1000,0.005,0.0,0.0,post_relu_mean,554.4287109375,-554.4287109375,67.3265151977539,0.0,0.0,379.91957998275757,0.48074297161888135,-0.4167988967180234,24.065459928640973,1.7480760651826859,False
53,source_localization_stage4.0.wave_feature_conv2,153,1,1000,0.005,0.0,0.0,post_relu_mean,184.31228637695312,-184.31228637695312,15.96164608001709,0.0,0.0,68.71728134155273,0.03475986148710012,-0.06940711132791441,4.007191283641044,0.2522071798145771,False
53,source_localization_stage4.0.wave_feature_conv2,153,1,1000,0.005,0.0,0.0,post_relu_mean,103.19091796875,-103.19091796875,7.576725482940674,0.0,0.0,36.69610023498535,0.06671669327632365,-0.030946826249582327,1.7866946071571779,0.16498275361955167,False
53,source_localization_stage4.0.wave_feature_conv2,153,1,1000,0.01,0.0,0.0,post_relu_mean,1147.6197509765625,-1147.6197509765625,142.03501892089844,0.0,0.0,996.2988128662109,0.6083003230849978,-1.013996609863977,58.54241292579481,2.4141504943370817,False
53,source_localization_stage4.0.wave_feature_conv2,153,1,1000,0.01,0.0,0.0,post_relu_mean,1138.42138671875,-1138.42138671875,137.92405700683594,0.0,0.0,787.4183592796326,0.4373493647779205,-0.8047793733600664,46.46385804053118,1.8276525986194612,False
53,source_localization_stage4.0.wave_feature_conv2,153,1,1000,0.01,0.0,0.0,post_relu_mean,368.26300048828125,-368.26300048828125,31.43254280090332,0.0,0.0,136.63628005981445,0.027887381701921784,-0.14006941724751615,8.086812061523235,0.26921740755438806,False
53,source_localization_stage4.0.wave_feature_conv2,153,1,1000,0.01,0.0,0.0,post_relu_mean,215.7925262451172,-215.7925262451172,15.564081192016602,0.0,0.0,69.42415809631348,0.0485790898166725,-0.06714694119336626,3.8766823361421294,0.17875808849930763,False
53,source_localization_stage4.0.wave_feature_conv2,152,1,1000,0.005,0.0,0.0,post_relu_mean,276.20648193359375,-276.20648193359375,27.772262573242188,0.0,0.0,239.2688388824463,0.18249727763154297,-0.26290391894959725,15.179123589092692,1.1991501641273499,False
53,source_localization_stage4.0.wave_feature_conv2,152,1,1000,0.005,0.0,0.0,post_relu_mean,266.62823486328125,-266.62823486328125,25.600576400756836,0.0,0.0,196.55518341064453,0.14522416045055933,-0.21938100521986315,12.665940186591415,0.9913663545250893,False
53,source_localization_stage4.0.wave_feature_conv2,152,1,1000,0.005,0.0,0.0,post_relu_mean,205.18409729003906,-205.18409729003906,17.04758644104004,0.0,0.0,81.56812953948975,0.03894699188235882,-0.0911863458722546,5.264594888517372,0.3844162876904011,False
53,source_localization_stage4.0.wave_feature_conv2,152,1,1000,0.005,0.0,0.0,post_relu_mean,102.5944595336914,-102.5944595336914,6.836235523223877,0.0,0.0,43.629302978515625,0.05274309815849083,-0.039180208625470156,2.262259686473291,0.21533543169498442,False
53,source_localization_stage4.0.wave_feature_conv2,152,1,1000,0.01,0.0,0.0,post_relu_mean,573.2261352539062,-573.2261352539062,57.182899475097656,0.0,0.0,506.8778324127197,0.19936388023048743,-0.5439318155042498,31.403655651678857,1.3297561860084535,False
53,source_localization_stage4.0.wave_feature_conv2,152,1,1000,0.01,0.0,0.0,post_relu_mean,554.5668334960938,-554.5668334960938,52.7691650390625,0.0,0.0,416.57230377197266,0.16415010290581197,-0.4491157273896446,25.929838922057545,1.110961063504219,False
53,source_localization_stage4.0.wave_feature_conv2,152,1,1000,0.01,0.0,0.0,post_relu_mean,452.7043762207031,-452.7043762207031,37.66328048706055,0.0,0.0,174.47069454193115,0.04972455564274254,-0.18891491904759775,10.906893330315233,0.4363673736155033,False
53,source_localization_stage4.0.wave_feature_conv2,152,1,1000,0.01,0.0,0.0,post_relu_mean,206.4950408935547,-206.4950408935547,13.662184715270996,0.0,0.0,79.27040100097656,0.03940328594097064,-0.07822226337022865,4.516250375687354,0.22705814115703105,False
53,source_localization_stage4.0.wave_feature_conv2,90,1,1000,0.005,0.0,0.0,post_relu_mean,194.21116638183594,-194.21116638183594,30.068811416625977,0.0,0.0,155.84991455078125,0.0723017530886409,-0.1572720664337714,9.080017565586452,0.567003820836544,False
53,source_localization_stage4.0.wave_feature_conv2,90,1,1000,0.005,0.0,0.0,post_relu_mean,165.55770874023438,-165.55770874023438,22.674827575683594,0.0,0.0,103.67707967758179,0.028317775853326555,-0.1075266786588335,6.207985139587664,0.3326123084127903,False
53,source_localization_stage4.0.wave_feature_conv2,90,1,1000,0.005,0.0,0.0,post_relu_mean,57.923553466796875,-57.923553466796875,4.863895416259766,0.0,0.0,26.580374717712402,0.03933313785753218,-0.02186502377269667,1.2623666832861187,0.1360269594937563,False
53,source_localization_stage4.0.wave_feature_conv2,90,1,1000,0.005,0.0,0.0,post_relu_mean,29.560335159301758,-29.560335159301758,2.0965192317962646,0.0,0.0,18.89597797393799,0.0667225339935411,-0.00904302698757807,0.5221044609411,0.1217388691753149,False
53,source_localization_stage4.0.wave_feature_conv2,90,1,1000,0.01,0.0,0.0,post_relu_mean,381.493896484375,-381.493896484375,59.16485595703125,0.0,0.0,314.03660583496094,0.068488791087765,-0.32957220439300045,19.027681313301798,0.5986739149689675,False
53,source_localization_stage4.0.wave_feature_conv2,90,1,1000,0.01,0.0,0.0,post_relu_mean,331.0411071777344,-331.0411071777344,46.03232955932617,0.0,0.0,210.76672506332397,0.02928789066479329,-0.21814816038812226,12.594642201072434,0.3527994592487812,False
53,source_localization_stage4.0.wave_feature_conv2,90,1,1000,0.01,0.0,0.0,post_relu_mean,118.24496459960938,-118.24496459960938,9.750645637512207,0.0,0.0,50.251158714294434,0.028651865037624867,-0.048214846678044085,2.7836846007856937,0.1458632453531027,False
53,source_localization_stage4.0.wave_feature_conv2,90,1,1000,0.01,0.0,0.0,post_relu_mean,58.601829528808594,-58.601829528808594,4.044795036315918,0.0,0.0,28.454712867736816,0.05011995189305166,-0.02156180272123457,1.2449834800009392,0.12710400860756635,False
56,source_localization_stage4.0.skip_connection.0,74,1,1000,0.005,0.0,0.0,post_relu_mean,577.4297485351562,-577.4297485351562,55.852027893066406,0.0,0.0,493.8501510620117,0.12595849427073372,-0.5241997602979624,30.264461689128865,1.6944451814889907,False
56,source_localization_stage4.0.skip_connection.0,74,1,1000,0.005,0.0,0.0,post_relu_mean,566.87841796875,-566.87841796875,51.9210090637207,0.0,0.0,416.84753036499023,0.11019919538846888,-0.44781078968349936,25.85408993526841,1.4572138059139252,False
56,source_localization_stage4.0.skip_connection.0,74,1,1000,0.005,0.0,0.0,post_relu_mean,407.20440673828125,-407.20440673828125,31.64194107055664,0.0,0.0,174.65874862670898,0.08439072290668352,-0.19276736996549912,11.129372973053758,0.7650883185863495,False
56,source_localization_stage4.0.skip_connection.0,74,1,1000,0.005,0.0,0.0,post_relu_mean,242.85415649414062,-242.85415649414062,16.961894989013672,0.0,0.0,90.50273513793945,0.11734758882219974,-0.08065927714782224,4.656813035586937,0.5581675899028778,False
56,source_localization_stage4.0.skip_connection.0,74,1,1000,0.01,0.0,0.0,post_relu_mean,1163.628173828125,-1163.628173828125,111.05644989013672,0.0,0.0,1024.8442306518555,0.14942975856334065,-1.0604969820443022,61.22710176016164,1.8184472060203551,False
56,source_localization_stage4.0.skip_connection.0,74,1,1000,0.01,0.0,0.0,post_relu_mean,1141.9102783203125,-1141.9102783203125,102.92584228515625,0.0,0.0,864.3673362731934,0.11351873524469584,-0.8891205562304585,51.33277416915349,1.5126670277118683,False
56,source_localization_stage4.0.skip_connection.0,74,1,1000,0.01,0.0,0.0,post_relu_mean,822.1555786132812,-822.1555786132812,63.465431213378906,0.0,0.0,350.9337577819824,0.06476537830771645,-0.3828600397627128,22.104751294514816,0.7443094658851623,False
56,source_localization_stage4.0.skip_connection.0,74,1,1000,0.01,0.0,0.0,post_relu_mean,497.1490478515625,-497.1490478515625,34.08827209472656,0.0,0.0,173.53386306762695,0.08792574237788922,-0.17514703642890148,10.112225369197427,0.5917849868535996,False
56,source_localization_stage4.0.skip_connection.0,221,1,1000,0.005,0.0,0.0,post_relu_mean,581.9864501953125,-581.9864501953125,49.63682556152344,0.0,0.0,509.29518699645996,0.15815094228664156,-0.5399636885911162,31.17444362971483,1.9013440662622452,False
56,source_localization_stage4.0.skip_connection.0,221,1,1000,0.005,0.0,0.0,post_relu_mean,567.4683227539062,-567.4683227539062,47.021141052246094,0.0,0.0,434.38760471343994,0.12600750408175299,-0.4519072469380704,26.090638249338923,1.6449315279722214,False
56,source_localization_stage4.0.skip_connection.0,221,1,1000,0.005,0.0,0.0,post_relu_mean,410.5022888183594,-410.5022888183594,30.59881591796875,0.0,0.0,190.57184410095215,0.08178054989699896,-0.18778700450100974,10.8419528035981,0.8094419741630554,False
56,source_localization_stage4.0.skip_connection.0,221,1,1000,0.005,0.0,0.0,post_relu_mean,284.0083312988281,-284.0083312988281,18.949106216430664,0.0,0.0,116.62221717834473,0.14512854210032503,-0.10200116664446152,5.8890158483743535,0.5801830556988716,False
56,source_localization_stage4.0.skip_connection.0,221,1,1000,0.01,0.0,0.0,post_relu_mean,1160.5943603515625,-1160.5943603515625,98.18434143066406,0.0,0.0,1039.3556118011475,0.1646294354478386,-1.0885772299031597,62.848303232739376,2.0124759513139723,False
56,source_localization_stage4.0.skip_connection.0,221,1,1000,0.01,0.0,0.0,post_relu_mean,1130.5450439453125,-1130.5450439453125,93.53742980957031,0.0,0.0,881.1736154556274,0.1300244208826647,-0.893631037934762,51.59318309503093,1.7371818047761918,False
56,source_localization_stage4.0.skip_connection.0,221,1,1000,0.01,0.0,0.0,post_relu_mean,832.4840087890625,-832.4840087890625,60.95734786987305,0.0,0.0,384.86456871032715,0.06462880654217922,-0.4075398169362803,23.52903256878595,0.8722029912471772,False
56,source_localization_stage4.0.skip_connection.0,221,1,1000,0.01,0.0,0.0,post_relu_mean,592.4030151367188,-592.4030151367188,38.670467376708984,0.0,0.0,227.80327796936035,0.10781258531651204,-0.22408267318804553,12.937372258433484,0.6241652747988701,False
56,source_localization_stage4.0.skip_connection.0,30,1,1000,0.005,0.0,0.0,post_relu_mean,402.8170471191406,-402.8170471191406,42.18793869018555,0.0,0.0,338.5991973876953,0.06057585302691622,-0.35192995736758653,20.31846860597015,1.210471219420433,False
56,source_localization_stage4.0.skip_connection.0,30,1,1000,0.005,0.0,0.0,post_relu_mean,392.8275146484375,-392.8275146484375,38.73918151855469,0.0,0.0,281.482195854187,0.06024856968260591,-0.29955709925615576,17.29481405993958,1.0249181824922562,False
56,source_localization_stage4.0.skip_connection.0,30,1,1000,0.005,0.0,0.0,post_relu_mean,251.60659790039062,-251.60659790039062,18.599266052246094,0.0,0.0,122.72329711914062,0.09784626873236622,-0.11579992428353796,6.685683388026258,0.6161853849887848,False
56,source_localization_stage4.0.skip_connection.0,30,1,1000,0.005,0.0,0.0,post_relu_mean,158.76361083984375,-158.76361083984375,10.646607398986816,0.0,0.0,75.46300506591797,0.13648432123918428,-0.05633657949412297,3.2525776460030307,0.55747065782547,False
56,source_localization_stage4.0.skip_connection.0,30,1,1000,0.01,0.0,0.0,post_relu_mean,840.29296875,-840.29296875,87.03834533691406,0.0,0.0,731.2247161865234,0.0789574069835207,-0.78593797279014,45.37572473375326,1.3028629094362258,False
56,source_localization_stage4.0.skip_connection.0,30,1,1000,0.01,0.0,0.0,post_relu_mean,788.2430419921875,-788.2430419921875,76.35579681396484,0.0,0.0,582.8561582565308,0.06642551848606418,-0.6188885627826121,35.73111569254638,1.086678545475006,False
56,source_localization_stage4.0.skip_connection.0,30,1,1000,0.01,0.0,0.0,post_relu_mean,495.0206298828125,-495.0206298828125,36.16629409790039,0.0,0.0,234.38462829589844,0.07594932056951818,-0.22691619513693412,13.100850978004631,0.6528674685955047,False
56,source_localization_stage4.0.skip_connection.0,30,1,1000,0.01,0.0,0.0,post_relu_mean,320.7490234375,-320.7490234375,20.912342071533203,0.0,0.0,134.79107666015625,0.1042504221922749,-0.11610868009508465,6.70345838431129,0.5792150753736496,False
56,source_localization_stage4.0.skip_connection.0,211,1,1000,0.005,0.0,0.0,post_relu_mean,441.44769287109375,-441.44769287109375,47.35905838012695,0.0,0.0,372.1337089538574,0.09089458534431145,-0.39124348054990427,22.58820503928232,1.4328194731473922,False
56,source_localization_stage4.0.skip_connection.0,211,1,1000,0.005,0.0,0.0,post_relu_mean,412.16796875,-412.16796875,41.36824035644531,0.0,0.0,294.32546520233154,0.06931057353123242,-0.3011195420342662,17.38497501115554,1.1716344499588012,False
56,source_localization_stage4.0.skip_connection.0,211,1,1000,0.005,0.0,0.0,post_relu_mean,227.2672119140625,-227.2672119140625,18.84034538269043,0.0,0.0,96.65271759033203,0.09118900368758849,-0.08624350685480699,4.979311002448126,0.5627744966745376,False
56,source_localization_stage4.0.skip_connection.0,211,1,1000,0.005,0.0,0.0,post_relu_mean,129.5853271484375,-129.5853271484375,9.467156410217285,0.0,0.0,58.15687561035156,0.13182198474449802,-0.03823978512480085,2.207765401364604,0.45470931872725484,False
56,source_localization_stage4.0.skip_connection.0,211,1,1000,0.01,0.0,0.0,post_relu_mean,866.9942626953125,-866.9942626953125,91.62386322021484,0.0,0.0,753.4155082702637,0.09296315666698766,-0.7776341112629376,44.89617617866319,1.4705305647850038,False
56,source_localization_stage4.0.skip_connection.0,211,1,1000,0.01,0.0,0.0,post_relu_mean,834.4412841796875,-834.4412841796875,82.95482635498047,0.0,0.0,612.6322889328003,0.08355539610972212,-0.6242401447151659,36.04013501460665,1.2473301428556443,False
56,source_localization_stage4.0.skip_connection.0,211,1,1000,0.01,0.0,0.0,post_relu_mean,470.56829833984375,-470.56829833984375,38.370948791503906,0.0,0.0,193.47429656982422,0.07124747354059148,-0.19006032805391665,10.97300505809709,0.5914120918512344,False
56,source_localization_stage4.0.skip_connection.0,211,1,1000,0.01,0.0,0.0,post_relu_mean,260.1647644042969,-260.1647644042969,18.50345802307129,0.0,0.0,98.37329864501953,0.09959693165523098,-0.08493776731549027,4.903833547910358,0.5079004435241222,False
56,source_localization_stage4.0.skip_connection.0,24,1,1000,0.005,0.0,0.0,post_relu_mean,546.48828125,-546.48828125,52.857994079589844,0.0,0.0,472.8626518249512,0.14986117915555436,-0.5021044455859932,28.98871383327376,1.8507559263706208,False
56,source_localization_stage4.0.skip_connection.0,24,1,1000,0.005,0.0,0.0,post_relu_mean,521.482666015625,-521.482666015625,49.16638946533203,0.0,0.0,385.33904457092285,0.12853539713774637,-0.42661441920569493,24.6307203315661,1.5749384558200836,False
56,source_localization_stage4.0.skip_connection.0,24,1,1000,0.005,0.0,0.0,post_relu_mean,382.3150634765625,-382.3150634765625,30.08332633972168,0.0,0.0,168.59564399719238,0.09578251660649516,-0.17624903432339223,10.175709472089885,0.812298699915409,False
56,source_localization_stage4.0.skip_connection.0,24,1,1000,0.005,0.0,0.0,post_relu_mean,212.8383331298828,-212.8383331298828,15.1574068069458,0.0,0.0,85.73640251159668,0.14599735816567813,-0.07427834079564759,4.288470492496104,0.5326479858160019,False
56,source_localization_stage4.0.skip_connection.0,24,1,1000,0.01,0.0,0.0,post_relu_mean,1135.7945556640625,-1135.7945556640625,107.78507995605469,0.0,0.0,1007.2418937683105,0.18767174584332386,-1.0529385231090738,60.790887043874974,2.0198238825798036,False
56,source_localization_stage4.0.skip_connection.0,24,1,1000,0.01,0.0,0.0,post_relu_mean,1099.113037109375,-1099.113037109375,100.0097427368164,0.0,0.0,835.8610172271729,0.15788618055524523,-0.8802800803662667,50.822467328277135,1.6997977322340012,False
56,source_localization_stage4.0.skip_connection.0,24,1,1000,0.01,0.0,0.0,post_relu_mean,797.3878173828125,-797.3878173828125,61.626373291015625,0.0,0.0,347.09553718566895,0.08869321566191656,-0.35090116309304203,20.259087048337,0.88923204600811,False
56,source_localization_stage4.0.skip_connection.0,24,1,1000,0.01,0.0,0.0,post_relu_mean,467.72296142578125,-467.72296142578125,33.13709259033203,0.0,0.0,160.82418632507324,0.10905933193391919,-0.1560136450768447,9.007343219275603,0.5692525452375412,False
59,source_localization_stage4.1.wave_feature_conv1,152,1,1000,0.005,0.0,0.0,post_relu_mean,773.7072143554688,-773.7072143554688,57.85364532470703,0.0,0.0,677.9819869995117,0.4667941608976449,-0.7375760030292261,42.5834569707394,3.300220239162445,False
59,source_localization_stage4.1.wave_feature_conv1,152,1,1000,0.005,0.0,0.0,post_relu_mean,751.4790649414062,-751.4790649414062,53.81926345825195,0.0,0.0,586.0833282470703,0.34930350514468866,-0.6367736971134238,36.76400023143523,2.764888336658478,False
59,source_localization_stage4.1.wave_feature_conv1,152,1,1000,0.005,0.0,0.0,post_relu_mean,720.2990112304688,-720.2990112304688,46.30474090576172,0.0,0.0,365.5792427062988,0.23789197909709858,-0.3964701778143208,22.89014262540731,1.8656214410066605,False
59,source_localization_stage4.1.wave_feature_conv1,152,1,1000,0.005,0.0,0.0,post_relu_mean,643.85888671875,-643.85888671875,39.443973541259766,0.0,0.0,253.69162368774414,0.12776027353178543,-0.26434679720752785,15.261895778705721,1.2893609023094177,False
59,source_localization_stage4.1.wave_feature_conv1,152,1,1000,0.01,0.0,0.0,post_relu_mean,1570.39697265625,-1570.39697265625,114.56133270263672,0.0,0.0,1417.9641036987305,0.5003506639918398,-1.518704558220645,87.68353477647554,3.573359009027481,False
59,source_localization_stage4.1.wave_feature_conv1,152,1,1000,0.01,0.0,0.0,post_relu_mean,1517.1942138671875,-1517.1942138671875,107.1962661743164,0.0,0.0,1218.3560333251953,0.38726916730083477,-1.306754425055695,75.44456156846717,3.030021721124649,False
59,source_localization_stage4.1.wave_feature_conv1,152,1,1000,0.01,0.0,0.0,post_relu_mean,1503.1351318359375,-1503.1351318359375,95.50865173339844,0.0,0.0,779.3860359191895,0.28223380151363336,-0.8357015182551195,48.248672976119025,2.059658893942833,False
59,source_localization_stage4.1.wave_feature_conv1,152,1,1000,0.01,0.0,0.0,post_relu_mean,1293.6904296875,-1293.6904296875,79.27432250976562,0.0,0.0,505.219669342041,0.12173366818169297,-0.5234264674823658,30.21967986559301,1.331574900150299,False
59,source_localization_stage4.1.wave_feature_conv1,232,1,1000,0.005,0.0,0.0,post_relu_mean,593.7200927734375,-593.7200927734375,58.21720886230469,0.0,0.0,504.68017578125,0.21471025896188928,-0.5319243867021969,30.710324432522796,2.0117090862989424,False
59,source_localization_stage4.1.wave_feature_conv1,232,1,1000,0.005,0.0,0.0,post_relu_mean,588.5536499023438,-588.5536499023438,55.648521423339844,0.0,0.0,425.6749610900879,0.20601657145788335,-0.4523224574144627,26.114542089463615,1.761159919500351,False
59,source_localization_stage4.1.wave_feature_conv1,232,1,1000,0.005,0.0,0.0,post_relu_mean,451.51300048828125,-451.51300048828125,36.389095306396484,0.0,0.0,178.38844680786133,0.06038696359695793,-0.18911633352967613,10.918521056587936,0.7485138091444969,False
59,source_localization_stage4.1.wave_feature_conv1,232,1,1000,0.005,0.0,0.0,post_relu_mean,284.4057312011719,-284.4057312011719,20.98558807373047,0.0,0.0,86.1190299987793,0.08065168509482702,-0.07865393640685132,4.5410560722578595,0.46172878101468084,False
59,source_localization_stage4.1.wave_feature_conv1,232,1,1000,0.01,0.0,0.0,post_relu_mean,1144.6610107421875,-1144.6610107421875,111.56932830810547,0.0,0.0,1002.2689819335938,0.18680786225506432,-1.0193422580468074,58.85109453484766,2.0086518788337706,False
59,source_localization_stage4.1.wave_feature_conv1,232,1,1000,0.01,0.0,0.0,post_relu_mean,1173.1187744140625,-1173.1187744140625,110.33430480957031,0.0,0.0,873.5256385803223,0.21280472619868712,-0.8915884925168782,51.475247051881226,1.8449831694364547,False
59,source_localization_stage4.1.wave_feature_conv1,232,1,1000,0.01,0.0,0.0,post_relu_mean,910.7299194335938,-910.7299194335938,73.92276000976562,0.0,0.0,356.1028633117676,0.059105456997937664,-0.36954484855315956,21.335565922569433,0.7684295982122421,False
59,source_localization_stage4.1.wave_feature_conv1,232,1,1000,0.01,0.0,0.0,post_relu_mean,585.1260986328125,-585.1260986328125,42.73619079589844,0.0,0.0,169.33337020874023,0.06335781961648329,-0.16829673300731443,9.716510730083177,0.4815802648663521,False
59,source_localization_stage4.1.wave_feature_conv1,120,1,1000,0.005,0.0,0.0,post_relu_mean,1069.3668212890625,-1069.3668212890625,99.36363983154297,0.0,0.0,943.298583984375,1.030460029024938,-0.9966978688169599,57.54479099646188,3.9533063316345216,False
59,source_localization_stage4.1.wave_feature_conv1,120,1,1000,0.005,0.0,0.0,post_relu_mean,1047.96484375,-1047.96484375,95.3185806274414,0.0,0.0,790.0532493591309,0.842136052661108,-0.8378410402185102,48.37258707613722,3.2721631586551667,False
59,source_localization_stage4.1.wave_feature_conv1,120,1,1000,0.005,0.0,0.0,post_relu_mean,901.0125732421875,-901.0125732421875,77.26485443115234,0.0,0.0,325.5425090789795,0.22168327546977398,-0.34874761469409055,20.135588696007325,1.2401649522781373,False
59,source_localization_stage4.1.wave_feature_conv1,120,1,1000,0.005,0.0,0.0,post_relu_mean,436.2769775390625,-436.2769775390625,33.07720184326172,0.0,0.0,121.33700752258301,0.07907140766157232,-0.12434591999596135,7.179035191506316,0.5467603355646133,False
59,source_localization_stage4.1.wave_feature_conv1,120,1,1000,0.01,0.0,0.0,post_relu_mean,2188.159423828125,-2188.159423828125,203.33741760253906,0.0,0.0,1958.117431640625,0.96453656193555,-1.9840134777783502,114.54632947048675,4.250919003486633,False
59,source_localization_stage4.1.wave_feature_conv1,120,1,1000,0.01,0.0,0.0,post_relu_mean,2136.703857421875,-2136.703857421875,194.67074584960938,0.0,0.0,1630.4118309020996,0.775802603666797,-1.6607999447117525,95.88754379437727,3.529452370405197,False
59,source_localization_stage4.1.wave_feature_conv1,120,1,1000,0.01,0.0,0.0,post_relu_mean,1812.3076171875,-1812.3076171875,154.51446533203125,0.0,0.0,657.4654216766357,0.19827236577419766,-0.6801117682208412,39.26626243895362,1.278874163031578,False
59,source_localization_stage4.1.wave_feature_conv1,120,1,1000,0.01,0.0,0.0,post_relu_mean,995.42724609375,-995.42724609375,75.53822326660156,0.0,0.0,255.87710762023926,0.06598877630284465,-0.2644018977671707,15.265065135692968,0.5926532182097435,False
59,source_localization_stage4.1.wave_feature_conv1,198,1,1000,0.005,0.0,0.0,post_relu_mean,469.7240905761719,-469.7240905761719,59.90778732299805,0.0,0.0,386.7699394226074,0.19027614610096705,-0.41577299684109537,24.00438051776518,1.5995592153072358,False
59,source_localization_stage4.1.wave_feature_conv1,198,1,1000,0.005,0.0,0.0,post_relu_mean,466.1305236816406,-466.1305236816406,56.768131256103516,0.0,0.0,308.2747058868408,0.13950983134514672,-0.3370547680134874,19.459632312781753,1.2691383427381515,False
59,source_localization_stage4.1.wave_feature_conv1,198,1,1000,0.005,0.0,0.0,post_relu_mean,216.1873779296875,-216.1873779296875,21.114208221435547,0.0,0.0,65.59823226928711,0.04828120842440301,-0.061240206931381776,3.5356819609046437,0.38838920995593074,False
59,source_localization_stage4.1.wave_feature_conv1,198,1,1000,0.005,0.0,0.0,post_relu_mean,66.74578857421875,-66.74578857421875,5.649315357208252,0.0,0.0,29.87152099609375,0.10832070122320295,-0.012318436263480746,0.7112066685806198,0.2705770280212164,False
59,source_localization_stage4.1.wave_feature_conv1,198,1,1000,0.01,0.0,0.0,post_relu_mean,940.2093505859375,-940.2093505859375,118.26254272460938,0.0,0.0,798.9004020690918,0.18105700973528774,-0.8407256390211025,48.5387768254769,1.6649530643224717,False
59,source_localization_stage4.1.wave_feature_conv1,198,1,1000,0.01,0.0,0.0,post_relu_mean,912.0372924804688,-912.0372924804688,111.56497955322266,0.0,0.0,617.1893787384033,0.13296072551899735,-0.6492628195297776,37.48477637997562,1.3048051023483276,False
59,source_localization_stage4.1.wave_feature_conv1,198,1,1000,0.01,0.0,0.0,post_relu_mean,435.3681945800781,-435.3681945800781,41.93970489501953,0.0,0.0,128.58782577514648,0.040655242333160854,-0.12872184673879544,7.431725189534711,0.4209161174297333,False
59,source_localization_stage4.1.wave_feature_conv1,198,1,1000,0.01,0.0,0.0,post_relu_mean,138.93731689453125,-138.93731689453125,11.628965377807617,0.0,0.0,42.266544342041016,0.08284899149435214,-0.025563716477860682,1.47597286828291,0.2751038209348917,False
59,source_localization_stage4.1.wave_feature_conv1,44,1,1000,0.005,0.0,0.0,post_relu_mean,412.3178405761719,-412.3178405761719,55.76344299316406,0.0,0.0,335.8974723815918,0.08046127736236225,-0.3483279989333107,20.110487683655283,1.1501641696691514,False
59,source_localization_stage4.1.wave_feature_conv1,44,1,1000,0.005,0.0,0.0,post_relu_mean,391.77581787109375,-391.77581787109375,48.866390228271484,0.0,0.0,256.0777988433838,0.05936263806651599,-0.26118703187687725,15.079464247685703,0.903589024245739,False
59,source_localization_stage4.1.wave_feature_conv1,44,1,1000,0.005,0.0,0.0,post_relu_mean,192.83169555664062,-192.83169555664062,18.245105743408203,0.0,0.0,66.21096229553223,0.08319029821224051,-0.05669984309803667,3.273644042761313,0.3184353582561016,False
59,source_localization_stage4.1.wave_feature_conv1,44,1,1000,0.005,0.0,0.0,post_relu_mean,78.65792846679688,-78.65792846679688,6.443160057067871,0.0,0.0,36.318674087524414,0.14266578417817904,-0.015180103179261002,0.8764312681435665,0.2678453327715397,False
59,source_localization_stage4.1.wave_feature_conv1,44,1,1000,0.01,0.0,0.0,post_relu_mean,814.6331176757812,-814.6331176757812,110.14352416992188,0.0,0.0,683.8327140808105,0.0818570336260788,-0.7057442934028674,40.74566491196993,1.1842772305011748,False
59,source_localization_stage4.1.wave_feature_conv1,44,1,1000,0.01,0.0,0.0,post_relu_mean,777.8110961914062,-777.8110961914062,97.78553009033203,0.0,0.0,519.8152561187744,0.059812563224095866,-0.5340166892310125,30.831095827025877,0.9214732000231742,False
59,source_localization_stage4.1.wave_feature_conv1,44,1,1000,0.01,0.0,0.0,post_relu_mean,395.24591064453125,-395.24591064453125,36.8804931640625,0.0,0.0,128.85976600646973,0.06173532015540411,-0.12559162165928534,7.251000547247094,0.3530404096841812,False
59,source_localization_stage4.1.wave_feature_conv1,44,1,1000,0.01,0.0,0.0,post_relu_mean,154.71890258789062,-154.71890258789062,12.537689208984375,0.0,0.0,51.43435859680176,0.1080881839682755,-0.03155798755618,1.8220076477370255,0.2706078866124153,False
61,source_localization_stage4.1.wave_feature_conv2,201,1,1000,0.005,0.0,0.0,post_relu_mean,612.1535034179688,-612.1535034179688,90.804931640625,0.0,0.0,497.4882278442383,0.3435997228134988,-0.515545337379162,29.764678035779284,2.4351540863513947,False
61,source_localization_stage4.1.wave_feature_conv2,201,1,1000,0.005,0.0,0.0,post_relu_mean,624.3629150390625,-624.3629150390625,89.24856567382812,0.0,0.0,386.286509513855,0.30785373493541285,-0.3998480014261709,23.08502716686334,2.0174380511045458,False
61,source_localization_stage4.1.wave_feature_conv2,201,1,1000,0.005,0.0,0.0,post_relu_mean,140.82850646972656,-140.82850646972656,17.4981746673584,0.0,0.0,24.321645736694336,0.10257128073781088,-0.010645799161183864,0.6146575833312704,0.14835771199315786,False
61,source_localization_stage4.1.wave_feature_conv2,201,1,1000,0.005,0.0,0.0,post_relu_mean,3.491661548614502,-3.491661548614502,0.3996886610984802,0.0,0.0,29.066454887390137,0.18673931862245455,-0.0009033839226770425,0.05228150868351635,0.0984403707832098,False
61,source_localization_stage4.1.wave_feature_conv2,201,1,1000,0.01,0.0,0.0,post_relu_mean,1267.015869140625,-1267.015869140625,185.5199432373047,0.0,0.0,1057.635627746582,0.4138009724378514,-1.1089036999179376,64.02195173178053,2.7960300707817076,False
61,source_localization_stage4.1.wave_feature_conv2,201,1,1000,0.01,0.0,0.0,post_relu_mean,1256.9354248046875,-1256.9354248046875,179.3880615234375,0.0,0.0,793.5102643966675,0.29653212807215024,-0.8186388647905894,47.263814258325844,2.146480165719986,False
61,source_localization_stage4.1.wave_feature_conv2,201,1,1000,0.01,0.0,0.0,post_relu_mean,320.013916015625,-320.013916015625,39.80018615722656,0.0,0.0,36.24196434020996,0.07702083829770759,-0.02508887405183787,1.4485241700557987,0.15271567828953267,False
61,source_localization_stage4.1.wave_feature_conv2,201,1,1000,0.01,0.0,0.0,post_relu_mean,3.684715986251831,-3.684715986251831,0.38931432366371155,0.0,0.0,29.363252878189087,0.14714814737938062,-0.00040330056086275364,0.023326610119886407,0.09312052726745605,False
61,source_localization_stage4.1.wave_feature_conv2,13,1,1000,0.005,0.0,0.0,post_relu_mean,1033.07080078125,-1033.07080078125,160.22926330566406,0.0,0.0,850.1413173675537,0.9249255230107886,-1.1067568415589784,63.89934504557747,3.6779000008106233,False
61,source_localization_stage4.1.wave_feature_conv2,13,1,1000,0.005,0.0,0.0,post_relu_mean,1066.759033203125,-1066.759033203125,164.8240203857422,0.0,0.0,640.9108734130859,0.6900285760054924,-0.7079926928745729,40.879499180388635,2.700709739923477,False
61,source_localization_stage4.1.wave_feature_conv2,13,1,1000,0.005,0.0,0.0,post_relu_mean,29.57183265686035,-29.57183265686035,3.746321439743042,0.0,0.0,17.393436431884766,0.11154974855564707,-0.0016028893339940615,0.09266349728775793,0.09155290991067887,False
61,source_localization_stage4.1.wave_feature_conv2,13,1,1000,0.005,0.0,0.0,post_relu_mean,2.593414783477783,-2.593414783477783,0.32139867544174194,0.0,0.0,30.151999473571777,0.19761794763676732,-0.001070782775989058,0.06223800638287627,0.0958652650937438,False
61,source_localization_stage4.1.wave_feature_conv2,13,1,1000,0.01,0.0,0.0,post_relu_mean,2219.879638671875,-2219.879638671875,344.58697509765625,0.0,0.0,1852.5924892425537,0.9684142397976567,-1.9721021120315603,113.85899305343318,4.0405546414852145,False
61,source_localization_stage4.1.wave_feature_conv2,13,1,1000,0.01,0.0,0.0,post_relu_mean,2238.322509765625,-2238.322509765625,345.5035705566406,0.0,0.0,1360.7754974365234,0.6759397233084588,-1.3708387515901275,79.14509132691362,2.9820896792411804,False
61,source_localization_stage4.1.wave_feature_conv2,13,1,1000,0.01,0.0,0.0,post_relu_mean,45.33736038208008,-45.33736038208008,5.730050563812256,0.0,0.0,18.280994415283203,0.08436344775754123,-0.0020204112986278023,0.11665733463572553,0.09571313351392746,False
61,source_localization_stage4.1.wave_feature_conv2,13,1,1000,0.01,0.0,0.0,post_relu_mean,2.5979878902435303,-2.5979878902435303,0.2904911935329437,0.0,0.0,30.46564745903015,0.15402508753373922,-0.0004876414155741926,0.028183215469918758,0.10218552701175213,False
61,source_localization_stage4.1.wave_feature_conv2,101,1,1000,0.005,0.0,0.0,post_relu_mean,854.4312744140625,-854.4312744140625,187.5175018310547,0.0,0.0,646.9148368835449,0.6437492054775212,-0.6573118427081772,37.95010615820682,2.618033159971237,False
61,source_localization_stage4.1.wave_feature_conv2,101,1,1000,0.005,0.0,0.0,post_relu_mean,837.6497192382812,-837.6497192382812,180.75767517089844,0.0,0.0,374.68456649780273,0.30917401383901816,-0.38894045015004763,22.455331230786705,1.5049569505453109,False
61,source_localization_stage4.1.wave_feature_conv2,101,1,1000,0.005,0.0,0.0,post_relu_mean,3.4380412101745605,-3.4380412101745605,0.4539230167865753,0.0,0.0,18.72253966331482,0.11650460352108104,-0.0008329489867166685,0.04818919096742955,0.07966188374906778,False
61,source_localization_stage4.1.wave_feature_conv2,101,1,1000,0.005,0.0,0.0,post_relu_mean,1.8980815410614014,-1.8980815410614014,0.2757800817489624,0.0,0.0,32.70913600921631,0.2152319974381156,-0.0008017811799884466,0.046392554421695896,0.09073119416832924,False
61,source_localization_stage4.1.wave_feature_conv2,101,1,1000,0.01,0.0,0.0,post_relu_mean,1640.4178466796875,-1640.4178466796875,355.38592529296875,0.0,0.0,1265.0330619812012,0.5838122358819802,-1.229128414031884,70.96287817324524,2.744228073358536,False
61,source_localization_stage4.1.wave_feature_conv2,101,1,1000,0.01,0.0,0.0,post_relu_mean,1639.5579833984375,-1639.5579833984375,350.48553466796875,0.0,0.0,752.2731590270996,0.28654436066926847,-0.7605325405046746,43.90896239824977,1.5932233047485351,False
61,source_localization_stage4.1.wave_feature_conv2,101,1,1000,0.01,0.0,0.0,post_relu_mean,3.5781869888305664,-3.5781869888305664,0.4369604289531708,0.0,0.0,18.989904642105103,0.08977001054357746,-0.00037948498800637206,0.021924092939733447,0.07989851150661707,False
61,source_localization_stage4.1.wave_feature_conv2,101,1,1000,0.01,0.0,0.0,post_relu_mean,1.9315447807312012,-1.9315447807312012,0.2434540092945099,0.0,0.0,33.06586003303528,0.16897452337237934,-0.00045627213325520534,0.026428904388433136,0.09922383360564709,False
61,source_localization_stage4.1.wave_feature_conv2,221,1,1000,0.005,0.0,0.0,post_relu_mean,549.4663696289062,-549.4663696289062,92.91204833984375,0.0,0.0,436.6423282623291,0.28123032128355885,-0.4569820222373234,26.383580129956666,2.093102195262909,False
61,source_localization_stage4.1.wave_feature_conv2,221,1,1000,0.005,0.0,0.0,post_relu_mean,519.690673828125,-519.690673828125,84.87610626220703,0.0,0.0,296.5169048309326,0.1768320799986804,-0.3088583504146015,17.831749814990122,1.4662646454572679,False
61,source_localization_stage4.1.wave_feature_conv2,221,1,1000,0.005,0.0,0.0,post_relu_mean,9.753864288330078,-9.753864288330078,1.2919148206710815,0.0,0.0,18.842548370361328,0.1258108057574542,-0.0008958748470035453,0.05184377095846781,0.08452626831829547,False
61,source_localization_stage4.1.wave_feature_conv2,221,1,1000,0.005,0.0,0.0,post_relu_mean,1.8619558811187744,-1.8619558811187744,0.29380571842193604,0.0,0.0,32.58273124694824,0.21347739447510017,-0.0009755569840822255,0.05653492616883716,0.09554232645779848,False
61,source_localization_stage4.1.wave_feature_conv2,221,1,1000,0.01,0.0,0.0,post_relu_mean,1100.0377197265625,-1100.0377197265625,185.22059631347656,0.0,0.0,894.9051456451416,0.2894519546358446,-0.9386473412750844,54.192550781120104,2.2624634861946107,False
61,source_localization_stage4.1.wave_feature_conv2,221,1,1000,0.01,0.0,0.0,post_relu_mean,1066.08203125,-1066.08203125,172.36538696289062,0.0,0.0,624.1850566864014,0.22610148900919752,-0.6620117024074282,38.22079905470627,1.7288084316253662,False
61,source_localization_stage4.1.wave_feature_conv2,221,1,1000,0.01,0.0,0.0,post_relu_mean,9.523149490356445,-9.523149490356445,1.2164028882980347,0.0,0.0,19.178173065185547,0.09596691638090225,-0.0005288321871933821,0.030545077991819165,0.08942842479795217,False
61,source_localization_stage4.1.wave_feature_conv2,221,1,1000,0.01,0.0,0.0,post_relu_mean,1.9310685396194458,-1.9310685396194458,0.2640625536441803,0.0,0.0,32.949275612831116,0.166558894003344,-0.0004234426704483416,0.02460330871977252,0.10378114063292741,False
61,source_localization_stage4.1.wave_feature_conv2,254,1,1000,0.005,0.0,0.0,post_relu_mean,516.1168212890625,-516.1168212890625,89.70037078857422,0.0,0.0,406.6820812225342,0.27075387723553007,-0.42923026723281604,24.781367148450165,2.0134918719530104,False
61,source_localization_stage4.1.wave_feature_conv2,254,1,1000,0.005,0.0,0.0,post_relu_mean,502.3992919921875,-502.3992919921875,83.53504943847656,0.0,0.0,282.75682735443115,0.20692370305883648,-0.29442990964453064,16.998822458200813,1.5361384153366089,False
61,source_localization_stage4.1.wave_feature_conv2,254,1,1000,0.005,0.0,0.0,post_relu_mean,8.183595657348633,-8.183595657348633,1.0577380657196045,0.0,0.0,19.210753917694092,0.12304607310040715,-0.0008016626355457243,0.0464573284057606,0.09134662576019764,False
61,source_localization_stage4.1.wave_feature_conv2,254,1,1000,0.005,0.0,0.0,post_relu_mean,2.1293447017669678,-2.1293447017669678,0.2925441563129425,0.0,0.0,33.0466194152832,0.20938002254044424,-0.0008318406883044622,0.04813632913722101,0.10306874353438616,False
61,source_localization_stage4.1.wave_feature_conv2,254,1,1000,0.01,0.0,0.0,post_relu_mean,1089.659912109375,-1089.659912109375,186.87628173828125,0.0,0.0,883.0492687225342,0.3465230334816695,-0.9785494988021672,56.496037053154474,2.424040585756302,False
61,source_localization_stage4.1.wave_feature_conv2,254,1,1000,0.01,0.0,0.0,post_relu_mean,1054.0606689453125,-1054.0606689453125,173.61732482910156,0.0,0.0,609.2124853134155,0.2532884002312446,-0.6415977103223968,37.04221118466257,1.7984049236774444,False
61,source_localization_stage4.1.wave_feature_conv2,254,1,1000,0.01,0.0,0.0,post_relu_mean,8.000173568725586,-8.000173568725586,1.0006459951400757,0.0,0.0,19.455522060394287,0.09418713669012062,-0.0004110929462241455,0.0237431846128134,0.09155231006443501,False
61,source_localization_stage4.1.wave_feature_conv2,254,1,1000,0.01,0.0,0.0,post_relu_mean,2.099066972732544,-2.099066972732544,0.2565632164478302,0.0,0.0,33.3761510848999,0.1657702447030801,-0.00039841480679999523,0.023054615717524474,0.10779389653354883,False
51,source_localization_stage4.0.wave_feature_conv1,7,2,1000,0.005,0.0,0.0,post_relu_mean,893.0332641601562,-893.0332641601562,53.892616271972656,0.0,0.0,789.8481788635254,0.16558323572858633,-0.8311224007712009,47.98431301742719,2.262021814584732,False
51,source_localization_stage4.0.wave_feature_conv1,7,2,1000,0.005,0.0,0.0,post_relu_mean,852.953857421875,-852.953857421875,46.05385971069336,0.0,0.0,696.5061950683594,0.1212822737493923,-0.715953367172192,41.33511583035007,1.9901837742328643,False
51,source_localization_stage4.0.wave_feature_conv1,7,2,1000,0.005,0.0,0.0,post_relu_mean,753.9432983398438,-753.9432983398438,33.287960052490234,0.0,0.0,489.5686721801758,0.05472050081578015,-0.5065346462610538,29.24443625481115,1.412670574784279,False
51,source_localization_stage4.0.wave_feature_conv1,7,2,1000,0.005,0.0,0.0,post_relu_mean,673.4779052734375,-673.4779052734375,26.992321014404297,0.0,0.0,402.1388053894043,0.06856952288668401,-0.4166667596331631,24.055992454527484,1.2050942462682723,False
51,source_localization_stage4.0.wave_feature_conv1,7,2,1000,0.01,0.0,0.0,post_relu_mean,1784.1478271484375,-1784.1478271484375,107.29153442382812,0.0,0.0,1627.563877105713,0.15865385252609976,-1.7051909763625437,98.44802265735434,2.327057855129242,False
51,source_localization_stage4.0.wave_feature_conv1,7,2,1000,0.01,0.0,0.0,post_relu_mean,1702.662353515625,-1702.662353515625,90.8664779663086,0.0,0.0,1434.1830749511719,0.12496731546400236,-1.4840275994082468,85.67937405775378,2.0600518977642057,False
51,source_localization_stage4.0.wave_feature_conv1,7,2,1000,0.01,0.0,0.0,post_relu_mean,1526.4503173828125,-1526.4503173828125,66.88045501708984,0.0,0.0,1010.1319961547852,0.06801684651701512,-1.0398264688978063,60.03367575714156,1.468800927400589,False
51,source_localization_stage4.0.wave_feature_conv1,7,2,1000,0.01,0.0,0.0,post_relu_mean,1363.81494140625,-1363.81494140625,53.059173583984375,0.0,0.0,831.8073234558105,0.06726564538271222,-0.853401354717706,49.2705820894594,1.2621882545948029,False
51,source_localization_stage4.0.wave_feature_conv1,45,2,1000,0.005,0.0,0.0,post_relu_mean,625.0725708007812,-625.0725708007812,40.80520248413086,0.0,0.0,542.577693939209,0.09117141277858178,-0.5657763423760884,32.66471815180471,1.6622989356517792,False
51,source_localization_stage4.0.wave_feature_conv1,45,2,1000,0.005,0.0,0.0,post_relu_mean,613.5765991210938,-613.5765991210938,37.280521392822266,0.0,0.0,486.70957946777344,0.07969186353537493,-0.5136373044412169,29.654513401841694,1.5076990693807601,False
51,source_localization_stage4.0.wave_feature_conv1,45,2,1000,0.005,0.0,0.0,post_relu_mean,525.6751708984375,-525.6751708984375,24.978967666625977,0.0,0.0,331.4137763977051,0.059379906122083194,-0.3393559354059535,19.592592379546446,1.1084933865070343,False
51,source_localization_stage4.0.wave_feature_conv1,45,2,1000,0.005,0.0,0.0,post_relu_mean,447.6324157714844,-447.6324157714844,18.628515243530273,0.0,0.0,267.8014144897461,0.0797723731107444,-0.27170611180181237,15.686776299114737,0.9539248704910278,False
51,source_localization_stage4.0.wave_feature_conv1,45,2,1000,0.01,0.0,0.0,post_relu_mean,1233.927734375,-1233.927734375,79.53143310546875,0.0,0.0,1112.7065391540527,0.09559766568289561,-1.1446056156134128,66.08301921899032,1.725116496682167,False
51,source_localization_stage4.0.wave_feature_conv1,45,2,1000,0.01,0.0,0.0,post_relu_mean,1218.8203125,-1218.8203125,71.94207000732422,0.0,0.0,1005.2993621826172,0.08592048382923755,-1.036859728988342,59.862387473739325,1.5582737493515015,False
51,source_localization_stage4.0.wave_feature_conv1,45,2,1000,0.01,0.0,0.0,post_relu_mean,1055.45849609375,-1055.45849609375,48.657833099365234,0.0,0.0,683.605640411377,0.06235978697715109,-0.7070390854162224,40.8204206710109,1.1515038335323333,False
51,source_localization_stage4.0.wave_feature_conv1,45,2,1000,0.01,0.0,0.0,post_relu_mean,922.713623046875,-922.713623046875,37.68326950073242,0.0,0.0,552.335075378418,0.06833022447567837,-0.5720856404588825,33.02898456856798,1.0107168358564378,False
51,source_localization_stage4.0.wave_feature_conv1,102,2,1000,0.005,0.0,0.0,post_relu_mean,946.8065185546875,-946.8065185546875,47.581356048583984,0.0,0.0,858.985969543457,0.4248154343306349,-0.8964077850115199,51.753880393591885,3.4161144316196443,False
51,source_localization_stage4.0.wave_feature_conv1,102,2,1000,0.005,0.0,0.0,post_relu_mean,945.4183959960938,-945.4183959960938,46.38553237915039,0.0,0.0,797.2478713989258,0.37803644343698206,-0.8433134344288783,48.68818223378082,3.1493238377571107,False
51,source_localization_stage4.0.wave_feature_conv1,102,2,1000,0.005,0.0,0.0,post_relu_mean,853.124267578125,-853.124267578125,38.615665435791016,0.0,0.0,558.0749702453613,0.19262019843893533,-0.5829174975437619,33.65436264633966,2.170987769365311,False
51,source_localization_stage4.0.wave_feature_conv1,102,2,1000,0.005,0.0,0.0,post_relu_mean,799.6905517578125,-799.6905517578125,34.37577438354492,0.0,0.0,463.8884506225586,0.14322451666898048,-0.47659354534705667,27.515831912337482,1.7950989943742752,False
51,source_localization_stage4.0.wave_feature_conv1,102,2,1000,0.01,0.0,0.0,post_relu_mean,1887.10107421875,-1887.10107421875,94.4018783569336,0.0,0.0,1752.4600296020508,0.43489689867010145,-1.774563363656845,102.45336903587295,3.6603388524055482,False
51,source_localization_stage4.0.wave_feature_conv1,102,2,1000,0.01,0.0,0.0,post_relu_mean,1862.908203125,-1862.908203125,90.0707778930664,0.0,0.0,1605.5244827270508,0.3689283951542991,-1.6427272282148846,94.84177383926388,3.3103646957874298,False
51,source_localization_stage4.0.wave_feature_conv1,102,2,1000,0.01,0.0,0.0,post_relu_mean,1722.4576416015625,-1722.4576416015625,77.05992126464844,0.0,0.0,1139.0764961242676,0.2092004844611817,-1.196470886244202,69.07760512556317,2.3302374470233915,False
51,source_localization_stage4.0.wave_feature_conv1,102,2,1000,0.01,0.0,0.0,post_relu_mean,1644.229248046875,-1644.229248046875,70.24880981445312,0.0,0.0,949.6968002319336,0.19283481940974315,-0.9911700218805518,57.22453737538508,1.9988625752925873,False
51,source_localization_stage4.0.wave_feature_conv1,75,2,1000,0.005,0.0,0.0,post_relu_mean,980.905029296875,-980.905029296875,50.75731658935547,0.0,0.0,889.9496650695801,0.3508590278258147,-0.9227183917360384,53.27265315408226,3.3770904672145843,False
51,source_localization_stage4.0.wave_feature_conv1,75,2,1000,0.005,0.0,0.0,post_relu_mean,967.9705810546875,-967.9705810546875,48.61060333251953,0.0,0.0,814.2787628173828,0.33249069075775317,-0.836294274040811,48.282902038256516,3.175035288333893,False
51,source_localization_stage4.0.wave_feature_conv1,75,2,1000,0.005,0.0,0.0,post_relu_mean,918.4899291992188,-918.4899291992188,42.27946853637695,0.0,0.0,596.0043106079102,0.17955376805200837,-0.6111791132256944,35.286054000712035,2.2859984755516054,False
51,source_localization_stage4.0.wave_feature_conv1,75,2,1000,0.005,0.0,0.0,post_relu_mean,805.2659301757812,-805.2659301757812,35.55643844604492,0.0,0.0,457.6997833251953,0.08986508455728798,-0.4613650589601533,26.63670907901187,1.732867678999901,False
51,source_localization_stage4.0.wave_feature_conv1,75,2,1000,0.01,0.0,0.0,post_relu_mean,1943.2706298828125,-1943.2706298828125,99.72119140625,0.0,0.0,1803.3513984680176,0.37280131353925344,-1.8452669212543302,106.53535522793857,3.6103395819664,False
51,source_localization_stage4.0.wave_feature_conv1,75,2,1000,0.01,0.0,0.0,post_relu_mean,1941.2926025390625,-1941.2926025390625,95.75457763671875,0.0,0.0,1669.7407989501953,0.3607633906661312,-1.7302751275141737,99.89642331345604,3.4051185727119444,False
51,source_localization_stage4.0.wave_feature_conv1,75,2,1000,0.01,0.0,0.0,post_relu_mean,1845.406494140625,-1845.406494140625,84.69776153564453,0.0,0.0,1204.7837295532227,0.2309763959802407,-1.237475730731769,71.44497046086649,2.4696738111972807,False
51,source_localization_stage4.0.wave_feature_conv1,75,2,1000,0.01,0.0,0.0,post_relu_mean,1695.7119140625,-1695.7119140625,74.2968521118164,0.0,0.0,960.7416534423828,0.13833240957043513,-0.9895139430792897,57.128937672401655,1.9200944083929061,False
51,source_localization_stage4.0.wave_feature_conv1,81,2,1000,0.005,0.0,0.0,post_relu_mean,877.4765625,-877.4765625,44.41537857055664,0.0,0.0,802.155403137207,0.4840075321811399,-0.8447350751487293,48.77023457360432,3.776562529802322,False
51,source_localization_stage4.0.wave_feature_conv1,81,2,1000,0.005,0.0,0.0,post_relu_mean,842.3541259765625,-842.3541259765625,41.55721664428711,0.0,0.0,715.6424674987793,0.3904299357901474,-0.7554501922545621,43.615463040294365,3.36414204955101,False
51,source_localization_stage4.0.wave_feature_conv1,81,2,1000,0.005,0.0,0.0,post_relu_mean,770.118896484375,-770.118896484375,34.892269134521484,0.0,0.0,512.5654983520508,0.2364971361881746,-0.5395850311144252,31.152831940480723,2.5062941908836365,False
51,source_localization_stage4.0.wave_feature_conv1,81,2,1000,0.005,0.0,0.0,post_relu_mean,716.0496826171875,-716.0496826171875,31.100906372070312,0.0,0.0,422.65784072875977,0.15898936811117223,-0.43039045999495934,24.84853870521192,2.03309561252594,False
51,source_localization_stage4.0.wave_feature_conv1,81,2,1000,0.01,0.0,0.0,post_relu_mean,1714.031005859375,-1714.031005859375,85.94371032714844,0.0,0.0,1597.181526184082,0.45857325444261665,-1.6710045667096267,96.47460439855456,3.8888432359695435,False
51,source_localization_stage4.0.wave_feature_conv1,81,2,1000,0.01,0.0,0.0,post_relu_mean,1711.78759765625,-1711.78759765625,83.7269287109375,0.0,0.0,1479.6516227722168,0.43590180798953965,-1.5358747819708676,88.67287335808658,3.6163849377632142,False
51,source_localization_stage4.0.wave_feature_conv1,81,2,1000,0.01,0.0,0.0,post_relu_mean,1593.5810546875,-1593.5810546875,71.53082275390625,0.0,0.0,1061.2384719848633,0.2665880172604865,-1.0938875959844552,63.15496984729356,2.663594675064087,False
51,source_localization_stage4.0.wave_feature_conv1,81,2,1000,0.01,0.0,0.0,post_relu_mean,1530.74072265625,-1530.74072265625,65.64595031738281,0.0,0.0,891.8984718322754,0.22315227627093692,-0.9305178631815648,53.72313585079325,2.2749823653697967,False
53,source_localization_stage4.0.wave_feature_conv2,101,2,1000,0.005,0.0,0.0,post_relu_mean,452.2401123046875,-452.2401123046875,33.47697830200195,0.0,0.0,402.85912704467773,0.31391378793863534,-0.4331382566409252,25.006949075150906,2.1532958471775054,False
53,source_localization_stage4.0.wave_feature_conv2,101,2,1000,0.005,0.0,0.0,post_relu_mean,449.2376708984375,-449.2376708984375,32.005165100097656,0.0,0.0,357.6223945617676,0.2863183390262577,-0.37605439127372225,21.711417098119643,1.9775693392753602,False
53,source_localization_stage4.0.wave_feature_conv2,101,2,1000,0.005,0.0,0.0,post_relu_mean,391.572021484375,-391.572021484375,26.05902862548828,0.0,0.0,198.8656940460205,0.1231677904619166,-0.20439192312205265,11.800466869264131,1.1615524560213089,False
53,source_localization_stage4.0.wave_feature_conv2,101,2,1000,0.005,0.0,0.0,post_relu_mean,352.3560791015625,-352.3560791015625,22.735074996948242,0.0,0.0,134.91109657287598,0.08418003909239566,-0.1386647806759134,8.005808331032409,0.7842901310324669,False
53,source_localization_stage4.0.wave_feature_conv2,101,2,1000,0.01,0.0,0.0,post_relu_mean,903.4425659179688,-903.4425659179688,66.94076538085938,0.0,0.0,820.5978355407715,0.31171063197055815,-0.8644334628263168,49.908061763420434,2.2929340767860413,False
53,source_localization_stage4.0.wave_feature_conv2,101,2,1000,0.01,0.0,0.0,post_relu_mean,893.5921020507812,-893.5921020507812,63.916412353515625,0.0,0.0,722.1987190246582,0.27216521805131777,-0.7440893600465013,42.95951331066731,2.059353728890419,False
53,source_localization_stage4.0.wave_feature_conv2,101,2,1000,0.01,0.0,0.0,post_relu_mean,826.9419555664062,-826.9419555664062,55.09160232543945,0.0,0.0,416.49133491516113,0.14558694824648283,-0.4528260961956178,26.14423940881952,1.273009830713272,False
53,source_localization_stage4.0.wave_feature_conv2,101,2,1000,0.01,0.0,0.0,post_relu_mean,720.7161254882812,-720.7161254882812,46.598854064941406,0.0,0.0,264.6333713531494,0.08862028030439657,-0.266920650341698,15.410495165595112,0.8435418695211411,False
53,source_localization_stage4.0.wave_feature_conv2,254,2,1000,0.005,0.0,0.0,post_relu_mean,468.5611267089844,-468.5611267089844,32.929195404052734,0.0,0.0,420.7821292877197,0.3093325630111418,-0.44778466830292585,25.852814151024653,2.237823493480682,False
53,source_localization_stage4.0.wave_feature_conv2,254,2,1000,0.005,0.0,0.0,post_relu_mean,456.72265625,-456.72265625,30.64215087890625,0.0,0.0,369.57528495788574,0.2667705712825964,-0.39301679732087297,22.690654530038785,2.015704120993614,False
53,source_localization_stage4.0.wave_feature_conv2,254,2,1000,0.005,0.0,0.0,post_relu_mean,419.0829772949219,-419.0829772949219,26.14226531982422,0.0,0.0,226.83334732055664,0.13273784339415556,-0.23824988409591824,13.755209780396727,1.2724855607748031,False
53,source_localization_stage4.0.wave_feature_conv2,254,2,1000,0.005,0.0,0.0,post_relu_mean,379.998046875,-379.998046875,22.929330825805664,0.0,0.0,161.70177268981934,0.0883127088415302,-0.16608752603229757,9.588968801065135,0.8981431519985199,False
53,source_localization_stage4.0.wave_feature_conv2,254,2,1000,0.01,0.0,0.0,post_relu_mean,959.4901733398438,-959.4901733398438,67.7214584350586,0.0,0.0,876.9189395904541,0.31288486012409616,-0.921951563666411,53.228912348839124,2.394466043710709,False
53,source_localization_stage4.0.wave_feature_conv2,254,2,1000,0.01,0.0,0.0,post_relu_mean,922.285400390625,-922.285400390625,62.167686462402344,0.0,0.0,756.3242168426514,0.2772914087394331,-0.7812060912637316,45.10241274925257,2.165890506505966,False
53,source_localization_stage4.0.wave_feature_conv2,254,2,1000,0.01,0.0,0.0,post_relu_mean,850.7243041992188,-850.7243041992188,52.9971809387207,0.0,0.0,457.0628089904785,0.15556214293035844,-0.47101358231587614,27.193842785721515,1.377926294207573,False
53,source_localization_stage4.0.wave_feature_conv2,254,2,1000,0.01,0.0,0.0,post_relu_mean,772.299072265625,-772.299072265625,46.39984893798828,0.0,0.0,319.29762840270996,0.09379029940475579,-0.32849059593952,18.965213769135318,0.9519738444685936,False
53,source_localization_stage4.0.wave_feature_conv2,33,2,1000,0.005,0.0,0.0,post_relu_mean,212.99130249023438,-212.99130249023438,30.21633529663086,0.0,0.0,169.7753553390503,0.06221606930969962,-0.18213368848930694,10.515403960250435,0.6535842558741569,False
53,source_localization_stage4.0.wave_feature_conv2,33,2,1000,0.005,0.0,0.0,post_relu_mean,203.15225219726562,-203.15225219726562,26.418909072875977,0.0,0.0,128.42401695251465,0.03708354993073061,-0.13589706127922363,7.845967723671916,0.46841672793030736,False
53,source_localization_stage4.0.wave_feature_conv2,33,2,1000,0.005,0.0,0.0,post_relu_mean,93.57225036621094,-93.57225036621094,8.241616249084473,0.0,0.0,37.47464847564697,0.03908142172977462,-0.03523320364789363,2.034224425610405,0.18012253195047379,False
53,source_localization_stage4.0.wave_feature_conv2,33,2,1000,0.005,0.0,0.0,post_relu_mean,39.98550796508789,-39.98550796508789,2.9676671028137207,0.0,0.0,23.22110080718994,0.08149945359906705,-0.013129914594967993,0.7580800926695699,0.14125820972025394,False
53,source_localization_stage4.0.wave_feature_conv2,33,2,1000,0.01,0.0,0.0,post_relu_mean,429.35797119140625,-429.35797119140625,61.249454498291016,0.0,0.0,355.10891246795654,0.06623572179255383,-0.3704459092876857,21.387484032091436,0.692985371351242,False
53,source_localization_stage4.0.wave_feature_conv2,33,2,1000,0.01,0.0,0.0,post_relu_mean,397.17510986328125,-397.17510986328125,51.18584442138672,0.0,0.0,260.5295467376709,0.037652748701788384,-0.26632482611229097,15.37612106994579,0.4879031439125538,False
53,source_localization_stage4.0.wave_feature_conv2,33,2,1000,0.01,0.0,0.0,post_relu_mean,194.54718017578125,-194.54718017578125,17.08562660217285,0.0,0.0,72.11950397491455,0.029186534915638822,-0.07242372794206024,4.181337102617942,0.18927761867642404,False
53,source_localization_stage4.0.wave_feature_conv2,33,2,1000,0.01,0.0,0.0,post_relu_mean,86.44837188720703,-86.44837188720703,6.271773338317871,0.0,0.0,36.64289951324463,0.0599615592149907,-0.028224491404635885,1.6295341939805748,0.15219963058829308,False
53,source_localization_stage4.0.wave_feature_conv2,88,2,1000,0.005,0.0,0.0,post_relu_mean,215.45223999023438,-215.45223999023438,30.1175479888916,0.0,0.0,174.55003356933594,0.12667786252833232,-0.18173136435954843,10.492162248884231,0.9109869846701621,False
53,source_localization_stage4.0.wave_feature_conv2,88,2,1000,0.005,0.0,0.0,post_relu_mean,208.15826416015625,-208.15826416015625,27.920215606689453,0.0,0.0,131.90469789505005,0.08713810642270696,-0.13656272212393078,7.8844332446080045,0.6905777978897095,False
53,source_localization_stage4.0.wave_feature_conv2,88,2,1000,0.005,0.0,0.0,post_relu_mean,71.6551284790039,-71.6551284790039,7.153812885284424,0.0,0.0,25.98724937438965,0.05069376716133039,-0.020631162462754503,1.1911472100916751,0.14320091865956783,False
53,source_localization_stage4.0.wave_feature_conv2,88,2,1000,0.005,0.0,0.0,post_relu_mean,23.932710647583008,-23.932710647583008,1.91327702999115,0.0,0.0,20.005027770996094,0.08678859706857499,-0.006356188088089958,0.36697791238964267,0.13166881565004587,False
53,source_localization_stage4.0.wave_feature_conv2,88,2,1000,0.01,0.0,0.0,post_relu_mean,420.5205078125,-420.5205078125,58.710384368896484,0.0,0.0,351.0254669189453,0.1213534907727376,-0.3540757618595616,20.44234384594419,0.955319222509861,False
53,source_localization_stage4.0.wave_feature_conv2,88,2,1000,0.01,0.0,0.0,post_relu_mean,403.7435302734375,-403.7435302734375,53.95423889160156,0.0,0.0,262.4049115180969,0.08071460127356593,-0.2637220131743833,15.22585556191699,0.713940289914608,False
53,source_localization_stage4.0.wave_feature_conv2,88,2,1000,0.01,0.0,0.0,post_relu_mean,138.43995666503906,-138.43995666503906,13.488374710083008,0.0,0.0,45.262861251831055,0.03827409711374391,-0.04315560143108192,2.4916667761331173,0.153214994892478,False
53,source_localization_stage4.0.wave_feature_conv2,88,2,1000,0.01,0.0,0.0,post_relu_mean,43.902313232421875,-43.902313232421875,3.3575377464294434,0.0,0.0,25.53202247619629,0.06574618386755529,-0.012453243861022823,0.7189814777121335,0.1358889362215996,False
53,source_localization_stage4.0.wave_feature_conv2,188,2,1000,0.005,0.0,0.0,post_relu_mean,167.08380126953125,-167.08380126953125,25.251296997070312,0.0,0.0,131.8398094177246,0.046955346269080454,-0.138823530488546,8.014881809749964,0.46462682873010636,False
53,source_localization_stage4.0.wave_feature_conv2,188,2,1000,0.005,0.0,0.0,post_relu_mean,153.44888305664062,-153.44888305664062,19.524932861328125,0.0,0.0,98.98012065887451,0.02321610619801877,-0.10446577177002667,6.031261950880718,0.3230383223295212,False
53,source_localization_stage4.0.wave_feature_conv2,188,2,1000,0.005,0.0,0.0,post_relu_mean,79.08016967773438,-79.08016967773438,6.29457426071167,0.0,0.0,40.66864585876465,0.059840267005958195,-0.036371755978355326,2.0999013360750998,0.15985073156654836,False
53,source_localization_stage4.0.wave_feature_conv2,188,2,1000,0.005,0.0,0.0,post_relu_mean,40.84253692626953,-40.84253692626953,2.8618297576904297,0.0,0.0,28.249130249023438,0.10924689108273082,-0.01375772717529608,0.7943330296986971,0.12724082447588445,False
53,source_localization_stage4.0.wave_feature_conv2,188,2,1000,0.01,0.0,0.0,post_relu_mean,326.75701904296875,-326.75701904296875,49.276519775390625,0.0,0.0,267.4878044128418,0.044617696263073284,-0.272999271846878,15.761454479464874,0.4852440841495991,False
53,source_localization_stage4.0.wave_feature_conv2,188,2,1000,0.01,0.0,0.0,post_relu_mean,312.34686279296875,-312.34686279296875,38.02594757080078,0.0,0.0,211.62556743621826,0.027498748799588735,-0.22264683279908534,12.854365223309172,0.35080804392695425,False
53,source_localization_stage4.0.wave_feature_conv2,188,2,1000,0.01,0.0,0.0,post_relu_mean,160.85035705566406,-160.85035705566406,12.614076614379883,0.0,0.0,75.04256629943848,0.044459473812199155,-0.07406100356175592,4.275863498113905,0.16794835075736045,False
53,source_localization_stage4.0.wave_feature_conv2,188,2,1000,0.01,0.0,0.0,post_relu_mean,89.43810272216797,-89.43810272216797,6.014731407165527,0.0,0.0,45.315677642822266,0.08139377571688493,-0.036307225774897915,2.0961737139350154,0.13552146073430776,False
56,source_localization_stage4.0.skip_connection.0,74,2,1000,0.005,0.0,0.0,post_relu_mean,633.4053955078125,-633.4053955078125,60.799137115478516,0.0,0.0,544.0996150970459,0.13440033769121187,-0.5605251630924563,32.361532703954154,1.8505687737464904,False
56,source_localization_stage4.0.skip_connection.0,74,2,1000,0.005,0.0,0.0,post_relu_mean,616.3773193359375,-616.3773193359375,57.203834533691406,0.0,0.0,453.2922763824463,0.11098965563169835,-0.47056268948227614,27.167652506021394,1.5682488614320755,False
56,source_localization_stage4.0.skip_connection.0,74,2,1000,0.005,0.0,0.0,post_relu_mean,463.3246154785156,-463.3246154785156,36.4730110168457,0.0,0.0,197.80553436279297,0.1010942129025043,-0.1987763607168487,11.47804591607559,0.8126245713233948,False
56,source_localization_stage4.0.skip_connection.0,74,2,1000,0.005,0.0,0.0,post_relu_mean,269.2210693359375,-269.2210693359375,19.601530075073242,0.0,0.0,95.28623580932617,0.16564221348418473,-0.07837901581847408,4.525242235444019,0.5621293669939041,False
56,source_localization_stage4.0.skip_connection.0,74,2,1000,0.01,0.0,0.0,post_relu_mean,1237.775390625,-1237.775390625,118.73694610595703,0.0,0.0,1090.5318050384521,0.13831697854848796,-1.1179573075905265,64.54451176298124,1.9126432126760482,False
56,source_localization_stage4.0.skip_connection.0,74,2,1000,0.01,0.0,0.0,post_relu_mean,1217.63232421875,-1217.63232421875,112.07432556152344,0.0,0.0,917.371072769165,0.11785292723532767,-0.93899928945062,54.21252341250612,1.6327783930301667,False
56,source_localization_stage4.0.skip_connection.0,74,2,1000,0.01,0.0,0.0,post_relu_mean,931.4022827148438,-931.4022827148438,73.046875,0.0,0.0,391.57921600341797,0.0816340891275782,-0.4004408218725976,23.119178153652957,0.8527075645327568,False
56,source_localization_stage4.0.skip_connection.0,74,2,1000,0.01,0.0,0.0,post_relu_mean,566.0577392578125,-566.0577392578125,40.544254302978516,0.0,0.0,182.69567489624023,0.1245612542331442,-0.17317931911463066,9.998669364788343,0.5846780568361283,False
56,source_localization_stage4.0.skip_connection.0,238,2,1000,0.005,0.0,0.0,post_relu_mean,582.844970703125,-582.844970703125,48.87725067138672,0.0,0.0,510.1773490905762,0.16546019524352282,-0.530057591359828,30.602575614927815,2.0439884036779405,False
56,source_localization_stage4.0.skip_connection.0,238,2,1000,0.005,0.0,0.0,post_relu_mean,571.0181274414062,-571.0181274414062,45.49101257324219,0.0,0.0,441.95904445648193,0.1453735190115732,-0.46173144559174273,26.657785138420216,1.8299536883831025,False
56,source_localization_stage4.0.skip_connection.0,238,2,1000,0.005,0.0,0.0,post_relu_mean,432.8291931152344,-432.8291931152344,29.584686279296875,0.0,0.0,223.80856704711914,0.09583627938885568,-0.2292487012874175,13.235536121912913,1.0432273200154305,False
56,source_localization_stage4.0.skip_connection.0,238,2,1000,0.005,0.0,0.0,post_relu_mean,306.11376953125,-306.11376953125,19.585968017578125,0.0,0.0,137.21664428710938,0.16418246955981347,-0.12539286347454096,7.239476925072696,0.7384345954656601,False
56,source_localization_stage4.0.skip_connection.0,238,2,1000,0.01,0.0,0.0,post_relu_mean,1202.413818359375,-1202.413818359375,97.89706420898438,0.0,0.0,1080.726360321045,0.17927987050672764,-1.1283786022415454,65.14632756465876,2.179783263206482,False
56,source_localization_stage4.0.skip_connection.0,238,2,1000,0.01,0.0,0.0,post_relu_mean,1196.4287109375,-1196.4287109375,94.70526885986328,0.0,0.0,944.3339834213257,0.15722429025085755,-0.997544055636303,57.592673691700845,1.9328397071361543,False
56,source_localization_stage4.0.skip_connection.0,238,2,1000,0.01,0.0,0.0,post_relu_mean,872.9820556640625,-872.9820556640625,59.068359375,0.0,0.0,442.8338813781738,0.09181461716462902,-0.4742384591185214,27.38002635992307,1.0826499247550965,False
56,source_localization_stage4.0.skip_connection.0,238,2,1000,0.01,0.0,0.0,post_relu_mean,689.66552734375,-689.66552734375,42.63984298706055,0.0,0.0,290.2296447753906,0.12214249285658499,-0.30819034268276146,17.793427886785928,0.8235915398597717,False
56,source_localization_stage4.0.skip_connection.0,131,2,1000,0.005,0.0,0.0,post_relu_mean,578.919677734375,-578.919677734375,54.55057144165039,0.0,0.0,501.47325325012207,0.10754523427587029,-0.5222497585373594,30.151791156262313,1.7362520802021026,False
56,source_localization_stage4.0.skip_connection.0,131,2,1000,0.005,0.0,0.0,post_relu_mean,567.9533081054688,-567.9533081054688,50.997676849365234,0.0,0.0,426.02734088897705,0.0895762855530486,-0.43938521653348955,25.367681077929724,1.48943950176239,False
56,source_localization_stage4.0.skip_connection.0,131,2,1000,0.005,0.0,0.0,post_relu_mean,374.3988037109375,-374.3988037109375,27.551164627075195,0.0,0.0,181.5468463897705,0.1082066908957765,-0.17429404043359137,10.062749575152328,0.814864513874054,False
56,source_localization_stage4.0.skip_connection.0,131,2,1000,0.005,0.0,0.0,post_relu_mean,264.171630859375,-264.171630859375,17.691852569580078,0.0,0.0,115.14165306091309,0.1734579116450594,-0.09391884205445589,5.422356879759689,0.6448439887166023,False
56,source_localization_stage4.0.skip_connection.0,131,2,1000,0.01,0.0,0.0,post_relu_mean,1158.9581298828125,-1158.9581298828125,108.2637939453125,0.0,0.0,1027.7985095977783,0.12186812618479988,-1.0570355094143469,61.02721822915769,1.8323347717523575,False
56,source_localization_stage4.0.skip_connection.0,131,2,1000,0.01,0.0,0.0,post_relu_mean,1140.8135986328125,-1140.8135986328125,101.92900085449219,0.0,0.0,871.559323310852,0.10920459352354046,-0.8835308315111442,51.01007479272119,1.602488290667534,False
56,source_localization_stage4.0.skip_connection.0,131,2,1000,0.01,0.0,0.0,post_relu_mean,802.4580688476562,-802.4580688476562,58.059200286865234,0.0,0.0,380.7958393096924,0.08542588739092903,-0.3840143335889305,22.17085849204164,0.8124142909049987,False
56,source_localization_stage4.0.skip_connection.0,131,2,1000,0.01,0.0,0.0,post_relu_mean,543.0988159179688,-543.0988159179688,35.53414535522461,0.0,0.0,215.64589500427246,0.13621170120352516,-0.20657929320547466,11.926716832510401,0.6632122167944908,False
56,source_localization_stage4.0.skip_connection.0,221,2,1000,0.005,0.0,0.0,post_relu_mean,570.3763427734375,-570.3763427734375,51.58176803588867,0.0,0.0,496.9062957763672,0.14724823090674372,-0.5072211855421508,29.28427541737173,2.0295894771814345,False
56,source_localization_stage4.0.skip_connection.0,221,2,1000,0.005,0.0,0.0,post_relu_mean,552.6610107421875,-552.6610107421875,48.22738265991211,0.0,0.0,418.6742649078369,0.11449605637262093,-0.4222224185594263,24.376762377529136,1.7023189675807953,False
56,source_localization_stage4.0.skip_connection.0,221,2,1000,0.005,0.0,0.0,post_relu_mean,411.74981689453125,-411.74981689453125,31.44818115234375,0.0,0.0,190.70337867736816,0.08412687330588005,-0.18340301358028335,10.588732941269193,0.8249700373411178,False
56,source_localization_stage4.0.skip_connection.0,221,2,1000,0.005,0.0,0.0,post_relu_mean,286.9908752441406,-286.9908752441406,19.65460205078125,0.0,0.0,119.37638282775879,0.14691677327493236,-0.10151324914256891,5.860799021815378,0.6170821493864059,False
56,source_localization_stage4.0.skip_connection.0,221,2,1000,0.01,0.0,0.0,post_relu_mean,1129.3160400390625,-1129.3160400390625,101.38236999511719,0.0,0.0,1006.0454559326172,0.1745143474013925,-1.0233917613077046,59.08482125258629,2.1569852137565615,False
56,source_localization_stage4.0.skip_connection.0,221,2,1000,0.01,0.0,0.0,post_relu_mean,1093.720947265625,-1093.720947265625,94.56182861328125,0.0,0.0,843.8981113433838,0.1259401338913101,-0.861528294814426,49.73977150012966,1.785213138461113,False
56,source_localization_stage4.0.skip_connection.0,221,2,1000,0.01,0.0,0.0,post_relu_mean,870.879150390625,-870.879150390625,65.41905975341797,0.0,0.0,395.05112648010254,0.07097700175990863,-0.4028596853989953,23.258834818367756,0.897633264362812,False
56,source_localization_stage4.0.skip_connection.0,221,2,1000,0.01,0.0,0.0,post_relu_mean,579.8060302734375,-579.8060302734375,39.252220153808594,0.0,0.0,216.21534156799316,0.11521039246777681,-0.20422514326438482,11.79080280439685,0.6400692591071129,False
56,source_localization_stage4.0.skip_connection.0,37,2,1000,0.005,0.0,0.0,post_relu_mean,510.599853515625,-510.599853515625,52.82704544067383,0.0,0.0,436.67029190063477,0.15795082404658567,-0.45600533087362827,26.327260150082115,1.6997932451963425,False
56,source_localization_stage4.0.skip_connection.0,37,2,1000,0.005,0.0,0.0,post_relu_mean,493.2584228515625,-493.2584228515625,48.219661712646484,0.0,0.0,360.0813217163086,0.12157102247053465,-0.37387046809959307,21.585329069600313,1.4008337658643724,False
56,source_localization_stage4.0.skip_connection.0,37,2,1000,0.005,0.0,0.0,post_relu_mean,339.59661865234375,-339.59661865234375,28.72222137451172,0.0,0.0,139.8005886077881,0.11696840385838558,-0.13983186803486003,8.073193206702133,0.6068533140420914,False
56,source_localization_stage4.0.skip_connection.0,37,2,1000,0.005,0.0,0.0,post_relu_mean,171.34580993652344,-171.34580993652344,13.358365058898926,0.0,0.0,67.50706672668457,0.2126903612601428,-0.046993912940246,2.7131875523960627,0.3889703972637653,False
56,source_localization_stage4.0.skip_connection.0,37,2,1000,0.01,0.0,0.0,post_relu_mean,1000.1376953125,-1000.1376953125,102.99506378173828,0.0,0.0,876.0401344299316,0.14891688128464448,-0.901328545191779,52.03757974511126,1.7234720969200135,False
56,source_localization_stage4.0.skip_connection.0,37,2,1000,0.01,0.0,0.0,post_relu_mean,981.0850830078125,-981.0850830078125,94.93550109863281,0.0,0.0,731.1184005737305,0.12502861088469142,-0.7516919787618714,43.39843601293372,1.465232601761818,False
56,source_localization_stage4.0.skip_connection.0,37,2,1000,0.01,0.0,0.0,post_relu_mean,697.649658203125,-697.649658203125,58.77375793457031,0.0,0.0,272.4670925140381,0.08888294385583459,-0.2816289290517785,16.259654568436883,0.6522020819783211,False
56,source_localization_stage4.0.skip_connection.0,37,2,1000,0.01,0.0,0.0,post_relu_mean,385.0126953125,-385.0126953125,29.38043975830078,0.0,0.0,120.95321846008301,0.16003055911404068,-0.11429873730928357,6.599017348298214,0.4188785806298256,False
59,source_localization_stage4.1.wave_feature_conv1,152,2,1000,0.005,0.0,0.0,post_relu_mean,1093.99072265625,-1093.99072265625,102.85772705078125,0.0,0.0,944.3540878295898,0.6919545377994615,-0.9888969389456905,57.09371909500889,4.438014848232269,False
59,source_localization_stage4.1.wave_feature_conv1,152,2,1000,0.005,0.0,0.0,post_relu_mean,1071.72509765625,-1071.72509765625,97.24535369873047,0.0,0.0,792.1050872802734,0.5690841958882025,-0.8246991884635981,47.61346633250947,3.845875105857849,False
59,source_localization_stage4.1.wave_feature_conv1,152,2,1000,0.005,0.0,0.0,post_relu_mean,861.9694213867188,-861.9694213867188,56.016883850097656,0.0,0.0,439.57719802856445,0.3019851237618685,-0.4758909703180812,27.47564296873704,2.456441787481308,False
59,source_localization_stage4.1.wave_feature_conv1,152,2,1000,0.005,0.0,0.0,post_relu_mean,753.828857421875,-753.828857421875,46.6254997253418,0.0,0.0,302.4287414550781,0.1340837934076799,-0.3114371826886003,17.98097019977126,1.659809958934784,False
59,source_localization_stage4.1.wave_feature_conv1,152,2,1000,0.01,0.0,0.0,post_relu_mean,2218.53564453125,-2218.53564453125,208.027099609375,0.0,0.0,1963.729637145996,0.688929409700434,-2.037833313569656,117.65292473331054,4.7578243947029115,False
59,source_localization_stage4.1.wave_feature_conv1,152,2,1000,0.01,0.0,0.0,post_relu_mean,2151.089111328125,-2151.089111328125,197.0599365234375,0.0,0.0,1621.932601928711,0.5940095930904263,-1.6535684131544208,95.4682709139366,4.141420948505401,False
59,source_localization_stage4.1.wave_feature_conv1,152,2,1000,0.01,0.0,0.0,post_relu_mean,1737.2640380859375,-1737.2640380859375,112.80838012695312,0.0,0.0,888.9355659484863,0.3287016994219657,-0.9412085215918241,54.340102622381885,2.632650899887085,False
59,source_localization_stage4.1.wave_feature_conv1,152,2,1000,0.01,0.0,0.0,post_relu_mean,1631.8099365234375,-1631.8099365234375,100.3846206665039,0.0,0.0,642.8186340332031,0.21178134066190665,-0.6799116053188193,39.25442341541191,1.902644572854042,False
59,source_localization_stage4.1.wave_feature_conv1,232,2,1000,0.005,0.0,0.0,post_relu_mean,956.9556884765625,-956.9556884765625,106.0251693725586,0.0,0.0,814.1239013671875,0.5537283751565707,-0.8480086922522182,48.959329552525936,3.355022295713425,False
59,source_localization_stage4.1.wave_feature_conv1,232,2,1000,0.005,0.0,0.0,post_relu_mean,912.354736328125,-912.354736328125,98.50688171386719,0.0,0.0,639.6116161346436,0.38603240363837,-0.6603495929225623,38.12486877926511,2.5661591970920563,False
59,source_localization_stage4.1.wave_feature_conv1,232,2,1000,0.005,0.0,0.0,post_relu_mean,586.4381713867188,-586.4381713867188,49.83900833129883,0.0,0.0,220.60546112060547,0.0653271405813602,-0.22475337312967741,12.976017314381565,0.86984169870615,False
59,source_localization_stage4.1.wave_feature_conv1,232,2,1000,0.005,0.0,0.0,post_relu_mean,331.2825622558594,-331.2825622558594,24.397380828857422,0.0,0.0,112.48649597167969,0.1790165780517259,-0.09753437523758529,5.631310130208787,0.4905585101246834,False
59,source_localization_stage4.1.wave_feature_conv1,232,2,1000,0.01,0.0,0.0,post_relu_mean,1896.064208984375,-1896.064208984375,209.40963745117188,0.0,0.0,1649.847900390625,0.508603126909997,-1.6761294637834698,96.77017768735439,3.5245923590660095,False
59,source_localization_stage4.1.wave_feature_conv1,232,2,1000,0.01,0.0,0.0,post_relu_mean,1874.0784912109375,-1874.0784912109375,203.28228759765625,0.0,0.0,1339.396894454956,0.38026058891211817,-1.36121971780984,78.58925972636236,2.8355290234088897,False
59,source_localization_stage4.1.wave_feature_conv1,232,2,1000,0.01,0.0,0.0,post_relu_mean,1174.966064453125,-1174.966064453125,100.09916687011719,0.0,0.0,432.1821517944336,0.05765733320288591,-0.4397701006673116,25.389886896949754,0.8821738427877426,False
59,source_localization_stage4.1.wave_feature_conv1,232,2,1000,0.01,0.0,0.0,post_relu_mean,661.3916015625,-661.3916015625,48.939144134521484,0.0,0.0,197.1779022216797,0.1349652519326499,-0.18480441191938002,10.669606697223452,0.5001212464272976,False
59,source_localization_stage4.1.wave_feature_conv1,198,2,1000,0.005,0.0,0.0,post_relu_mean,469.530029296875,-469.530029296875,61.675262451171875,0.0,0.0,378.8231735229492,0.2327284348528384,-0.41829459499152266,24.149956985500012,1.8066328233480453,False
59,source_localization_stage4.1.wave_feature_conv1,198,2,1000,0.005,0.0,0.0,post_relu_mean,438.23992919921875,-438.23992919921875,54.455284118652344,0.0,0.0,283.44640922546387,0.15952198409796428,-0.3125169908956586,18.04311710748663,1.3961399453878403,False
59,source_localization_stage4.1.wave_feature_conv1,198,2,1000,0.005,0.0,0.0,post_relu_mean,208.7480926513672,-208.7480926513672,20.652311325073242,0.0,0.0,69.78807830810547,0.09371396223174591,-0.057935627217966204,3.344881329158313,0.3961337785422802,False
59,source_localization_stage4.1.wave_feature_conv1,198,2,1000,0.005,0.0,0.0,post_relu_mean,67.30345153808594,-67.30345153808594,5.692700386047363,0.0,0.0,43.60258483886719,0.21556353530211197,-0.013049685982406821,0.7534714571229851,0.3077302698791027,False
59,source_localization_stage4.1.wave_feature_conv1,198,2,1000,0.01,0.0,0.0,post_relu_mean,964.9117431640625,-964.9117431640625,123.74081420898438,0.0,0.0,812.1393051147461,0.26609405610360826,-0.8833972687085732,51.00246876305022,1.9927262902259826,False
59,source_localization_stage4.1.wave_feature_conv1,198,2,1000,0.01,0.0,0.0,post_relu_mean,919.418701171875,-919.418701171875,110.2227783203125,0.0,0.0,625.206449508667,0.1926312586179912,-0.6933269153338331,40.029027095689415,1.5426833617687226,False
59,source_localization_stage4.1.wave_feature_conv1,198,2,1000,0.01,0.0,0.0,post_relu_mean,437.56097412109375,-437.56097412109375,42.67735290527344,0.0,0.0,133.41315460205078,0.06800319883760052,-0.13512758998174168,7.801549096859704,0.44969150587916373,False
59,source_localization_stage4.1.wave_feature_conv1,198,2,1000,0.01,0.0,0.0,post_relu_mean,132.271484375,-132.271484375,10.971840858459473,0.0,0.0,55.779212951660156,0.1592623353382818,-0.027170552255368283,1.5690773850381605,0.3178737708926201,False
59,source_localization_stage4.1.wave_feature_conv1,120,2,1000,0.005,0.0,0.0,post_relu_mean,1073.90087890625,-1073.90087890625,102.36222076416016,0.0,0.0,944.112606048584,0.7224214269203878,-0.9557004518679862,55.176914130320576,4.3931648063659665,False
59,source_localization_stage4.1.wave_feature_conv1,120,2,1000,0.005,0.0,0.0,post_relu_mean,1071.695068359375,-1071.695068359375,101.06147003173828,0.0,0.0,802.001049041748,0.5583610800157569,-0.8159287566326121,47.1071446295525,3.6701880037784576,False
59,source_localization_stage4.1.wave_feature_conv1,120,2,1000,0.005,0.0,0.0,post_relu_mean,865.6210327148438,-865.6210327148438,76.18661499023438,0.0,0.0,311.8000907897949,0.09860630792307788,-0.31810926148550445,18.365870444269085,1.239508164525032,False
59,source_localization_stage4.1.wave_feature_conv1,120,2,1000,0.005,0.0,0.0,post_relu_mean,443.6200866699219,-443.6200866699219,34.9855842590332,0.0,0.0,128.65240097045898,0.28097260555009607,-0.10846327136571969,6.262267632329974,0.5342128536105156,False
59,source_localization_stage4.1.wave_feature_conv1,120,2,1000,0.01,0.0,0.0,post_relu_mean,2168.87255859375,-2168.87255859375,206.04432678222656,0.0,0.0,1935.4022178649902,0.6227466145481007,-1.9770495511167079,114.14392805192306,4.5750858902931215,False
59,source_localization_stage4.1.wave_feature_conv1,120,2,1000,0.01,0.0,0.0,post_relu_mean,2180.78125,-2180.78125,204.6791534423828,0.0,0.0,1652.043041229248,0.4706071833943802,-1.6853101689175527,97.3003440334239,3.8241633594036104,False
59,source_localization_stage4.1.wave_feature_conv1,120,2,1000,0.01,0.0,0.0,post_relu_mean,1802.20849609375,-1802.20849609375,157.9833984375,0.0,0.0,634.9116630554199,0.0816318186692149,-0.6435245335784273,37.15348048159752,1.3254392963647843,False
59,source_localization_stage4.1.wave_feature_conv1,120,2,1000,0.01,0.0,0.0,post_relu_mean,992.6065673828125,-992.6065673828125,77.84712219238281,0.0,0.0,249.0235252380371,0.19723806556924142,-0.24904240065108071,14.378291446054947,0.5871749991178512,False
59,source_localization_stage4.1.wave_feature_conv1,179,2,1000,0.005,0.0,0.0,post_relu_mean,463.3058776855469,-463.3058776855469,57.48192596435547,0.0,0.0,381.6659507751465,0.2926612037010258,-0.4129899401354663,23.843830384004924,2.069828581213951,False
59,source_localization_stage4.1.wave_feature_conv1,179,2,1000,0.005,0.0,0.0,post_relu_mean,471.5920715332031,-471.5920715332031,56.193321228027344,0.0,0.0,317.3556137084961,0.24261124424116143,-0.33413145450553994,19.291215298235006,1.704669389128685,False
59,source_localization_stage4.1.wave_feature_conv1,179,2,1000,0.005,0.0,0.0,post_relu_mean,231.35394287109375,-231.35394287109375,23.82917022705078,0.0,0.0,73.5648250579834,0.1490544694693742,-0.06329988998473741,3.6545835425364848,0.36828228920698164,False
59,source_localization_stage4.1.wave_feature_conv1,179,2,1000,0.005,0.0,0.0,post_relu_mean,53.39222717285156,-53.39222717285156,4.764838218688965,0.0,0.0,44.01490783691406,0.2673900179485196,-0.007879426773495875,0.4549871974026295,0.24509057864546777,False
59,source_localization_stage4.1.wave_feature_conv1,179,2,1000,0.01,0.0,0.0,post_relu_mean,905.2889404296875,-905.2889404296875,112.47234344482422,0.0,0.0,768.6585960388184,0.29727391713550266,-0.7835494032645006,45.23776046256605,2.184452239274979,False
59,source_localization_stage4.1.wave_feature_conv1,179,2,1000,0.01,0.0,0.0,post_relu_mean,941.6494140625,-941.6494140625,111.3846664428711,0.0,0.0,649.4345932006836,0.26177210637263293,-0.6605726788219753,38.13779931136712,1.8383189576864243,False
59,source_localization_stage4.1.wave_feature_conv1,179,2,1000,0.01,0.0,0.0,post_relu_mean,499.7051696777344,-499.7051696777344,50.499088287353516,0.0,0.0,141.89166831970215,0.10910687822962419,-0.1414910773541433,8.16902186430688,0.411255075186491,False
59,source_localization_stage4.1.wave_feature_conv1,179,2,1000,0.01,0.0,0.0,post_relu_mean,98.34841918945312,-98.34841918945312,8.523938179016113,0.0,0.0,51.380104064941406,0.20357128210132044,-0.014718996684710205,0.8497997436534558,0.2592393285781145,False
61,source_localization_stage4.1.wave_feature_conv2,201,2,1000,0.005,0.0,0.0,post_relu_mean,683.9193115234375,-683.9193115234375,98.4465103149414,0.0,0.0,555.3403282165527,0.5220339737544732,-0.587497639574168,33.91927017000898,3.079154123067856,False
61,source_localization_stage4.1.wave_feature_conv2,201,2,1000,0.005,0.0,0.0,post_relu_mean,682.762451171875,-682.762451171875,95.69265747070312,0.0,0.0,426.4075126647949,0.40203979692713343,-0.47481102768536,27.41289228668773,2.4763361442089082,False
61,source_localization_stage4.1.wave_feature_conv2,201,2,1000,0.005,0.0,0.0,post_relu_mean,175.1299285888672,-175.1299285888672,22.023035049438477,0.0,0.0,36.19765853881836,0.2418730878057182,-0.013323253819565704,0.769267311263606,0.14348188895732164,False
61,source_localization_stage4.1.wave_feature_conv2,201,2,1000,0.005,0.0,0.0,post_relu_mean,4.625777244567871,-4.625777244567871,0.5838780403137207,0.0,0.0,46.70938682556152,0.3728302231833948,-0.003068478684857021,0.1775919032091713,0.16813604086637496,False
61,source_localization_stage4.1.wave_feature_conv2,201,2,1000,0.01,0.0,0.0,post_relu_mean,1381.1419677734375,-1381.1419677734375,196.8859405517578,0.0,0.0,1154.1235313415527,0.5448883618977025,-1.1632059263090462,67.1575627405552,3.3532815659046173,False
61,source_localization_stage4.1.wave_feature_conv2,201,2,1000,0.01,0.0,0.0,post_relu_mean,1398.107177734375,-1398.107177734375,194.6665802001953,0.0,0.0,894.3174247741699,0.43855828614348624,-0.9372357950000993,54.11091850407874,2.7138491463661194,False
61,source_localization_stage4.1.wave_feature_conv2,201,2,1000,0.01,0.0,0.0,post_relu_mean,415.24542236328125,-415.24542236328125,52.042816162109375,0.0,0.0,51.1648063659668,0.1788822934539479,-0.030997454692531866,1.7896338713680793,0.16112127304077148,False
61,source_localization_stage4.1.wave_feature_conv2,201,2,1000,0.01,0.0,0.0,post_relu_mean,3.798470973968506,-3.798470973968506,0.4150809347629547,0.0,0.0,47.57005167007446,0.3075391289794962,-0.0008123128859233059,0.04697945295497442,0.10691642578691245,False
61,source_localization_stage4.1.wave_feature_conv2,254,2,1000,0.005,0.0,0.0,post_relu_mean,580.167724609375,-580.167724609375,99.11788940429688,0.0,0.0,454.70293045043945,0.40207449582354315,-0.48539162214864695,28.024082435073467,2.5276041650772094,False
61,source_localization_stage4.1.wave_feature_conv2,254,2,1000,0.005,0.0,0.0,post_relu_mean,573.01953125,-573.01953125,93.17996215820312,0.0,0.0,326.754056930542,0.31780054492328536,-0.34381673035936006,19.850044412663443,1.9897559869289398,False
61,source_localization_stage4.1.wave_feature_conv2,254,2,1000,0.005,0.0,0.0,post_relu_mean,9.938673973083496,-9.938673973083496,1.364308476448059,0.0,0.0,29.828511238098145,0.24661461434134752,-0.0018432104837006603,0.1067277405801814,0.10359887771308422,False
61,source_localization_stage4.1.wave_feature_conv2,254,2,1000,0.005,0.0,0.0,post_relu_mean,2.533283233642578,-2.533283233642578,0.392557829618454,0.0,0.0,50.44871973991394,0.39374944143874885,-0.0028084664728174244,0.16268081236726709,0.16750444389879704,False
61,source_localization_stage4.1.wave_feature_conv2,254,2,1000,0.01,0.0,0.0,post_relu_mean,1179.8114013671875,-1179.8114013671875,198.58966064453125,0.0,0.0,954.8748359680176,0.46019675547473043,-0.9909685500621401,57.21302165492917,2.8329610133171084,False
61,source_localization_stage4.1.wave_feature_conv2,254,2,1000,0.01,0.0,0.0,post_relu_mean,1124.0380859375,-1124.0380859375,183.54873657226562,0.0,0.0,651.8506755828857,0.3005031676112726,-0.6627626957153422,38.264178567673355,2.035978905558586,False
61,source_localization_stage4.1.wave_feature_conv2,254,2,1000,0.01,0.0,0.0,post_relu_mean,7.7223005294799805,-7.7223005294799805,0.9835577011108398,0.0,0.0,30.46776819229126,0.19339080355722713,-0.0006423806210732966,0.03719106520822288,0.09269988745450973,False
61,source_localization_stage4.1.wave_feature_conv2,254,2,1000,0.01,0.0,0.0,post_relu_mean,2.1006019115448,-2.1006019115448,0.27635201811790466,0.0,0.0,51.178096532821655,0.32838390737341655,-0.0009016468241863327,0.052290840557768725,0.10838739309459924,False
61,source_localization_stage4.1.wave_feature_conv2,221,2,1000,0.005,0.0,0.0,post_relu_mean,587.306396484375,-587.306396484375,97.05470275878906,0.0,0.0,464.47704315185547,0.4008110977781732,-0.4862732104343868,28.075098470822443,2.5626038563251496,False
61,source_localization_stage4.1.wave_feature_conv2,221,2,1000,0.005,0.0,0.0,post_relu_mean,579.6305541992188,-579.6305541992188,91.7608642578125,0.0,0.0,337.48840141296387,0.2775281616356965,-0.3606445236051556,20.821609425955497,1.8816948544979095,False
61,source_localization_stage4.1.wave_feature_conv2,221,2,1000,0.005,0.0,0.0,post_relu_mean,12.431546211242676,-12.431546211242676,1.7134801149368286,0.0,0.0,30.289361000061035,0.2650637746055858,-0.0017090603198917865,0.0990721929292706,0.09830019541084767,False
61,source_localization_stage4.1.wave_feature_conv2,221,2,1000,0.005,0.0,0.0,post_relu_mean,2.5591800212860107,-2.5591800212860107,0.4252133071422577,0.0,0.0,50.74041962623596,0.41034209888468715,-0.0029800994820188154,0.17285901083477362,0.16698029391467573,False
61,source_localization_stage4.1.wave_feature_conv2,221,2,1000,0.01,0.0,0.0,post_relu_mean,1213.849365234375,-1213.849365234375,199.10189819335938,0.0,0.0,988.972770690918,0.43869334728709936,-1.0499666137283317,60.620430020463296,2.8417830646038054,False
61,source_localization_stage4.1.wave_feature_conv2,221,2,1000,0.01,0.0,0.0,post_relu_mean,1198.82080078125,-1198.82080078125,188.5888671875,0.0,0.0,714.6086406707764,0.3212519159482293,-0.7603804820309715,43.90015396242875,2.139286643266678,False
61,source_localization_stage4.1.wave_feature_conv2,221,2,1000,0.01,0.0,0.0,post_relu_mean,11.421550750732422,-11.421550750732422,1.4846537113189697,0.0,0.0,30.995563507080078,0.2048776256897979,-0.0008345651308290153,0.04836600630087689,0.090587278008461,False
61,source_localization_stage4.1.wave_feature_conv2,221,2,1000,0.01,0.0,0.0,post_relu_mean,1.8778918981552124,-1.8778918981552124,0.2763819694519043,0.0,0.0,51.54744470119476,0.3391298189568112,-0.001030734258877188,0.05966418144885725,0.10625025130808353,False
61,source_localization_stage4.1.wave_feature_conv2,152,2,1000,0.005,0.0,0.0,post_relu_mean,627.532958984375,-627.532958984375,95.73519134521484,0.0,0.0,507.31587982177734,0.4954533765158495,-0.5450997067163007,31.471612892950642,2.971009179353714,False
61,source_localization_stage4.1.wave_feature_conv2,152,2,1000,0.005,0.0,0.0,post_relu_mean,635.86279296875,-635.86279296875,94.00144958496094,0.0,0.0,389.4194984436035,0.40048816794348246,-0.40493400114238703,23.379078125600486,2.421342771053314,False
61,source_localization_stage4.1.wave_feature_conv2,152,2,1000,0.005,0.0,0.0,post_relu_mean,49.19755935668945,-49.19755935668945,6.438037872314453,0.0,0.0,32.946773529052734,0.2721687433945405,-0.0022353666084236334,0.12922120868829065,0.10023130889981985,False
61,source_localization_stage4.1.wave_feature_conv2,152,2,1000,0.005,0.0,0.0,post_relu_mean,2.986363410949707,-2.986363410949707,0.4340116083621979,0.0,0.0,52.41782331466675,0.3965183763441721,-0.003302986013516477,0.19126021660740164,0.17888632453978062,False
61,source_localization_stage4.1.wave_feature_conv2,152,2,1000,0.01,0.0,0.0,post_relu_mean,1280.13671875,-1280.13671875,195.07032775878906,0.0,0.0,1060.5844955444336,0.5130748258022617,-1.0837974749875336,62.572585150830605,3.2159511375427248,False
61,source_localization_stage4.1.wave_feature_conv2,152,2,1000,0.01,0.0,0.0,post_relu_mean,1290.802734375,-1290.802734375,190.19351196289062,0.0,0.0,803.8793067932129,0.40955235667730777,-0.8261781901908386,47.69954203389263,2.609657918214798,False
61,source_localization_stage4.1.wave_feature_conv2,152,2,1000,0.01,0.0,0.0,post_relu_mean,64.51201629638672,-64.51201629638672,8.325066566467285,0.0,0.0,34.108516693115234,0.20786892949342684,-0.0019157538474442086,0.11061386044375403,0.09627089373767377,False
61,source_localization_stage4.1.wave_feature_conv2,152,2,1000,0.01,0.0,0.0,post_relu_mean,2.1978445053100586,-2.1978445053100586,0.26915937662124634,0.0,0.0,53.27782678604126,0.3312322582092833,-0.0007735452692748135,0.04488754054959135,0.10950039718300104,False
61,source_localization_stage4.1.wave_feature_conv2,101,2,1000,0.005,0.0,0.0,post_relu_mean,863.5096435546875,-863.5096435546875,187.14317321777344,0.0,0.0,652.2590503692627,0.6352962731866547,-0.676224985382325,39.04140015683642,2.8860475540161135,False
61,source_localization_stage4.1.wave_feature_conv2,101,2,1000,0.005,0.0,0.0,post_relu_mean,817.6795654296875,-817.6795654296875,174.042724609375,0.0,0.0,371.50979232788086,0.2805195858892273,-0.40077540549353563,23.13909164400198,1.690180497765541,False
61,source_localization_stage4.1.wave_feature_conv2,101,2,1000,0.005,0.0,0.0,post_relu_mean,4.22979211807251,-4.22979211807251,0.6198657155036926,0.0,0.0,31.999313354492188,0.25285365315920444,-0.0018046864491915262,0.10439378717026765,0.10425472777336836,False
61,source_localization_stage4.1.wave_feature_conv2,101,2,1000,0.005,0.0,0.0,post_relu_mean,2.1016271114349365,-2.1016271114349365,0.34924209117889404,0.0,0.0,52.76845836639404,0.40353931117329644,-0.0024804346475420227,0.14404913798274,0.15461452402174472,False
61,source_localization_stage4.1.wave_feature_conv2,101,2,1000,0.01,0.0,0.0,post_relu_mean,1687.7257080078125,-1687.7257080078125,362.54144287109375,0.0,0.0,1301.0769214630127,0.5268307105839788,-1.314642302764112,75.90002387089999,2.9979402446746826,False
61,source_localization_stage4.1.wave_feature_conv2,101,2,1000,0.01,0.0,0.0,post_relu_mean,1650.2584228515625,-1650.2584228515625,348.6847229003906,0.0,0.0,767.4836692810059,0.26303128707656687,-0.7806379216182067,45.06986421233035,1.758757939338684,False
61,source_localization_stage4.1.wave_feature_conv2,101,2,1000,0.01,0.0,0.0,post_relu_mean,3.6534526348114014,-3.6534526348114014,0.46728044748306274,0.0,0.0,32.56736350059509,0.2035546587124278,-0.0007435563171579557,0.04296600532841637,0.08852565295994282,False
61,source_localization_stage4.1.wave_feature_conv2,101,2,1000,0.01,0.0,0.0,post_relu_mean,1.903190016746521,-1.903190016746521,0.25284343957901,0.0,0.0,53.53400790691376,0.3378071033033951,-0.001015923996264227,0.05869701423062069,0.10259614113718271,False
51,source_localization_stage4.0.wave_feature_conv1,7,3,1000,0.005,0.0,0.0,post_relu_mean,842.8001708984375,-842.8001708984375,48.559993743896484,0.0,0.0,740.8089447021484,0.17947589676007622,-0.7798659312643703,45.02502440659463,2.1894948542118073,False
51,source_localization_stage4.0.wave_feature_conv1,7,3,1000,0.005,0.0,0.0,post_relu_mean,817.7286987304688,-817.7286987304688,43.861934661865234,0.0,0.0,661.7254028320312,0.14860637336791926,-0.7010105962945704,40.47242046098683,1.9592497807741165,False
51,source_localization_stage4.0.wave_feature_conv1,7,3,1000,0.005,0.0,0.0,post_relu_mean,711.525146484375,-711.525146484375,30.4396915435791,0.0,0.0,460.4882926940918,0.08915314627753038,-0.4812191311710282,27.782874438334794,1.4093364471197127,False
51,source_localization_stage4.0.wave_feature_conv1,7,3,1000,0.005,0.0,0.0,post_relu_mean,634.2747802734375,-634.2747802734375,24.762439727783203,0.0,0.0,375.7158393859863,0.07500728620537993,-0.3977690515337224,22.96498140289115,1.2059781342744826,False
51,source_localization_stage4.0.wave_feature_conv1,7,3,1000,0.01,0.0,0.0,post_relu_mean,1672.173095703125,-1672.173095703125,95.47125244140625,0.0,0.0,1523.2706756591797,0.17279866564470228,-1.591259269030554,91.8703380002908,2.258956867456436,False
51,source_localization_stage4.0.wave_feature_conv1,7,3,1000,0.01,0.0,0.0,post_relu_mean,1658.212890625,-1658.212890625,88.04888916015625,0.0,0.0,1391.7422485351562,0.17084496185840117,-1.450809313354172,83.76150765786137,2.0914580416679383,False
51,source_localization_stage4.0.wave_feature_conv1,7,3,1000,0.01,0.0,0.0,post_relu_mean,1398.22314453125,-1398.22314453125,59.2745246887207,0.0,0.0,930.9249992370605,0.08805888964642737,-0.9651369594481559,55.7215822363511,1.4479481321573258,False
51,source_localization_stage4.0.wave_feature_conv1,7,3,1000,0.01,0.0,0.0,post_relu_mean,1284.7606201171875,-1284.7606201171875,49.08207702636719,0.0,0.0,783.0052680969238,0.08469087361384127,-0.8257558893043373,47.67453152053443,1.2818970143795014,False
51,source_localization_stage4.0.wave_feature_conv1,45,3,1000,0.005,0.0,0.0,post_relu_mean,624.2642822265625,-624.2642822265625,41.775390625,0.0,0.0,541.5120048522949,0.10456189163831506,-0.5665870365173437,32.71153017624325,1.6378051966428757,False
51,source_localization_stage4.0.wave_feature_conv1,45,3,1000,0.005,0.0,0.0,post_relu_mean,601.4628295898438,-601.4628295898438,36.36688995361328,0.0,0.0,476.72446060180664,0.07946654924112648,-0.4911646351949813,28.357105359764212,1.4516171008348464,False
51,source_localization_stage4.0.wave_feature_conv1,45,3,1000,0.005,0.0,0.0,post_relu_mean,496.3638610839844,-496.3638610839844,23.09335708618164,0.0,0.0,313.1950798034668,0.04905067576290694,-0.32247189997804143,18.617696401732296,1.0526919782161712,False
51,source_localization_stage4.0.wave_feature_conv1,45,3,1000,0.005,0.0,0.0,post_relu_mean,441.69854736328125,-441.69854736328125,18.51246452331543,0.0,0.0,258.53155517578125,0.07360235503356133,-0.25759257298922095,14.8719814496131,0.9184993731975556,False
51,source_localization_stage4.0.wave_feature_conv1,45,3,1000,0.01,0.0,0.0,post_relu_mean,1217.8790283203125,-1217.8790283203125,79.1256332397461,0.0,0.0,1097.7765312194824,0.10290198674410926,-1.126210620673842,65.02108989829415,1.6779553282260895,False
51,source_localization_stage4.0.wave_feature_conv1,45,3,1000,0.01,0.0,0.0,post_relu_mean,1182.2607421875,-1182.2607421875,70.75007629394531,0.0,0.0,971.5644264221191,0.09686908604621483,-1.0054074829806536,58.04650313214285,1.542568074464798,False
51,source_localization_stage4.0.wave_feature_conv1,45,3,1000,0.01,0.0,0.0,post_relu_mean,992.138916015625,-992.138916015625,44.57316589355469,0.0,0.0,647.8715934753418,0.0611825470433069,-0.6718573329933833,38.78922478999415,1.1330555140972138,False
51,source_localization_stage4.0.wave_feature_conv1,45,3,1000,0.01,0.0,0.0,post_relu_mean,868.1273803710938,-868.1273803710938,35.42134094238281,0.0,0.0,515.87158203125,0.06430879473045738,-0.5249888641625221,30.3098774060436,0.9643159267306328,False
51,source_localization_stage4.0.wave_feature_conv1,102,3,1000,0.005,0.0,0.0,post_relu_mean,893.440673828125,-893.440673828125,47.559173583984375,0.0,0.0,806.6137428283691,0.38575850511329485,-0.8511114944163888,49.138457952328906,3.130214740037918,False
51,source_localization_stage4.0.wave_feature_conv1,102,3,1000,0.005,0.0,0.0,post_relu_mean,866.717529296875,-866.717529296875,45.27192306518555,0.0,0.0,721.4357643127441,0.3116107486791595,-0.7516158577182203,43.394216360768084,2.792204267978668,False
51,source_localization_stage4.0.wave_feature_conv1,102,3,1000,0.005,0.0,0.0,post_relu_mean,807.955078125,-807.955078125,37.56018829345703,0.0,0.0,518.0376052856445,0.20916226819925954,-0.5408667086718063,31.226573076713798,2.0414637625217438,False
51,source_localization_stage4.0.wave_feature_conv1,102,3,1000,0.005,0.0,0.0,post_relu_mean,758.1211547851562,-758.1211547851562,32.80862808227539,0.0,0.0,433.761775970459,0.17488475713931015,-0.45314634712944235,26.162472718182332,1.7461765044927597,False
51,source_localization_stage4.0.wave_feature_conv1,102,3,1000,0.01,0.0,0.0,post_relu_mean,1772.377685546875,-1772.377685546875,93.61382293701172,0.0,0.0,1639.4961891174316,0.3636652266075494,-1.6722186338349865,96.54465754818098,3.2216985404491423,False
51,source_localization_stage4.0.wave_feature_conv1,102,3,1000,0.01,0.0,0.0,post_relu_mean,1758.349365234375,-1758.349365234375,90.63591003417969,0.0,0.0,1499.6575660705566,0.3388378140916158,-1.5329570453311625,88.5043772911022,3.000192346572876,False
51,source_localization_stage4.0.wave_feature_conv1,102,3,1000,0.01,0.0,0.0,post_relu_mean,1603.9716796875,-1603.9716796875,73.84685516357422,0.0,0.0,1041.904182434082,0.22259964835496307,-1.0751652346606517,62.07396856390388,2.1685790598392485,False
51,source_localization_stage4.0.wave_feature_conv1,102,3,1000,0.01,0.0,0.0,post_relu_mean,1524.4744873046875,-1524.4744873046875,65.49102783203125,0.0,0.0,873.2911033630371,0.18849063185978013,-0.9297808637842901,53.680424962156145,1.861872163414955,False
51,source_localization_stage4.0.wave_feature_conv1,75,3,1000,0.005,0.0,0.0,post_relu_mean,875.0726928710938,-875.0726928710938,47.19716262817383,0.0,0.0,791.0428009033203,0.3365842231372101,-0.8242005325645835,47.584779614004376,3.024317442178726,False
51,source_localization_stage4.0.wave_feature_conv1,75,3,1000,0.005,0.0,0.0,post_relu_mean,859.2086181640625,-859.2086181640625,44.914276123046875,0.0,0.0,717.2702026367188,0.31841828481428375,-0.7469194018516234,43.12292713552515,2.793039155006409,False
51,source_localization_stage4.0.wave_feature_conv1,75,3,1000,0.005,0.0,0.0,post_relu_mean,812.5372924804688,-812.5372924804688,38.10189437866211,0.0,0.0,521.0538177490234,0.19374599553896177,-0.5446596775270943,31.445633788402926,2.0440143728256226,False
51,source_localization_stage4.0.wave_feature_conv1,75,3,1000,0.005,0.0,0.0,post_relu_mean,759.7402954101562,-759.7402954101562,33.77716827392578,0.0,0.0,428.21610260009766,0.1429088897919549,-0.44183981748744156,25.509332742860266,1.7110474181175233,False
51,source_localization_stage4.0.wave_feature_conv1,75,3,1000,0.01,0.0,0.0,post_relu_mean,1769.277587890625,-1769.277587890625,94.1956787109375,0.0,0.0,1638.2491607666016,0.3329317547848202,-1.68560109846252,97.3170239568566,3.2147443866729737,False
51,source_localization_stage4.0.wave_feature_conv1,75,3,1000,0.01,0.0,0.0,post_relu_mean,1760.093505859375,-1760.093505859375,90.1839370727539,0.0,0.0,1504.98095703125,0.3083076744754034,-1.561932472567185,90.17713954783412,2.9799360918998716,False
51,source_localization_stage4.0.wave_feature_conv1,75,3,1000,0.01,0.0,0.0,post_relu_mean,1631.4898681640625,-1631.4898681640625,74.13680267333984,0.0,0.0,1069.744613647461,0.22120223274866282,-1.079164740822012,62.304881450477524,2.1878424000740053,False
51,source_localization_stage4.0.wave_feature_conv1,75,3,1000,0.01,0.0,0.0,post_relu_mean,1551.013916015625,-1551.013916015625,68.18242645263672,0.0,0.0,875.4371109008789,0.15223231729784253,-0.9293261562190911,53.65409968236054,1.8037294679880143,False
51,source_localization_stage4.0.wave_feature_conv1,81,3,1000,0.005,0.0,0.0,post_relu_mean,777.7129516601562,-777.7129516601562,40.64093017578125,0.0,0.0,710.4589710235596,0.4137224827188405,-0.7748174110389137,44.73357892561229,3.238840641975403,False
51,source_localization_stage4.0.wave_feature_conv1,81,3,1000,0.005,0.0,0.0,post_relu_mean,753.7780151367188,-753.7780151367188,37.86333084106445,0.0,0.0,639.7465591430664,0.3180956424605272,-0.6749604591707811,38.96843342270379,2.850969022512436,False
51,source_localization_stage4.0.wave_feature_conv1,81,3,1000,0.005,0.0,0.0,post_relu_mean,710.57861328125,-710.57861328125,31.98575782775879,0.0,0.0,475.4453544616699,0.20170316682146464,-0.5071790574595297,29.281795604975915,2.147047526836395,False
51,source_localization_stage4.0.wave_feature_conv1,81,3,1000,0.005,0.0,0.0,post_relu_mean,668.4338989257812,-668.4338989257812,28.44090461730957,0.0,0.0,400.85130310058594,0.1691119138614195,-0.4060707011373405,23.444430561448133,1.8251499617099762,False
51,source_localization_stage4.0.wave_feature_conv1,81,3,1000,0.01,0.0,0.0,post_relu_mean,1544.98828125,-1544.98828125,78.7525405883789,0.0,0.0,1439.622667312622,0.3635780753913693,-1.5041935026952336,86.84391905595245,3.232621510028839,False
51,source_localization_stage4.0.wave_feature_conv1,81,3,1000,0.01,0.0,0.0,post_relu_mean,1529.191650390625,-1529.191650390625,75.4765396118164,0.0,0.0,1321.1271133422852,0.34776885446241546,-1.372347459260212,79.23165421952575,3.0189333033561705,False
51,source_localization_stage4.0.wave_feature_conv1,81,3,1000,0.01,0.0,0.0,post_relu_mean,1452.08642578125,-1452.08642578125,63.874576568603516,0.0,0.0,977.7870292663574,0.22515491483887537,-1.000652538423446,57.77215497816589,2.3067576098442077,False
51,source_localization_stage4.0.wave_feature_conv1,81,3,1000,0.01,0.0,0.0,post_relu_mean,1360.7723388671875,-1360.7723388671875,58.032188415527344,0.0,0.0,797.2769012451172,0.17209696747312933,-0.8257647805788649,47.6749976039803,1.8834170043468474,False
53,source_localization_stage4.0.wave_feature_conv2,101,3,1000,0.005,0.0,0.0,post_relu_mean,413.1622009277344,-413.1622009277344,30.42413330078125,0.0,0.0,371.2326068878174,0.2668520493596943,-0.38432568139185175,22.188810559885372,1.8925979113578797,False
53,source_localization_stage4.0.wave_feature_conv2,101,3,1000,0.005,0.0,0.0,post_relu_mean,410.79302978515625,-410.79302978515625,29.51154327392578,0.0,0.0,328.48788833618164,0.25019955537384725,-0.3391659671557706,19.581701226147445,1.7327535206079483,False
53,source_localization_stage4.0.wave_feature_conv2,101,3,1000,0.005,0.0,0.0,post_relu_mean,366.0495300292969,-366.0495300292969,24.28168487548828,0.0,0.0,185.34124851226807,0.1276289836581569,-0.2044693508847731,11.804997136191483,1.033787916302681,False
53,source_localization_stage4.0.wave_feature_conv2,101,3,1000,0.005,0.0,0.0,post_relu_mean,331.05029296875,-331.05029296875,21.351938247680664,0.0,0.0,123.90058898925781,0.06797504886848675,-0.13537504185437887,7.815800637349748,0.6867071571946144,False
53,source_localization_stage4.0.wave_feature_conv2,101,3,1000,0.01,0.0,0.0,post_relu_mean,882.77978515625,-882.77978515625,63.788238525390625,0.0,0.0,807.4861164093018,0.330625122620222,-0.8656172817284299,49.976284024385464,2.284119327068329,False
53,source_localization_stage4.0.wave_feature_conv2,101,3,1000,0.01,0.0,0.0,post_relu_mean,870.1101684570312,-870.1101684570312,61.2093620300293,0.0,0.0,708.5605201721191,0.29232640753948563,-0.7644960341385244,44.137734200555975,2.0104386478662493,False
53,source_localization_stage4.0.wave_feature_conv2,101,3,1000,0.01,0.0,0.0,post_relu_mean,781.2598266601562,-781.2598266601562,51.90946960449219,0.0,0.0,393.34317111968994,0.15317096555163978,-0.43723750279883705,25.248082248263994,1.1520971691608428,False
53,source_localization_stage4.0.wave_feature_conv2,101,3,1000,0.01,0.0,0.0,post_relu_mean,703.9102783203125,-703.9102783203125,45.115970611572266,0.0,0.0,259.12025451660156,0.08805900005355759,-0.2785291081480529,16.080716681542565,0.7747138568758964,False
53,source_localization_stage4.0.wave_feature_conv2,254,3,1000,0.005,0.0,0.0,post_relu_mean,419.2138366699219,-419.2138366699219,29.45168685913086,0.0,0.0,378.81381702423096,0.3005704365455445,-0.4124109717809475,23.81028280735662,2.0297501569986345,False
53,source_localization_stage4.0.wave_feature_conv2,254,3,1000,0.005,0.0,0.0,post_relu_mean,414.317626953125,-414.317626953125,28.305971145629883,0.0,0.0,335.5868287086487,0.26964726821972074,-0.35604491017884576,20.556031763561904,1.804970817565918,False
53,source_localization_stage4.0.wave_feature_conv2,254,3,1000,0.005,0.0,0.0,post_relu_mean,381.1358337402344,-381.1358337402344,23.49850845336914,0.0,0.0,206.87265586853027,0.14435452046357664,-0.223076843534095,12.879256770778294,1.1304658663272857,False
53,source_localization_stage4.0.wave_feature_conv2,254,3,1000,0.005,0.0,0.0,post_relu_mean,352.1152648925781,-352.1152648925781,21.027141571044922,0.0,0.0,148.79023456573486,0.08211380041516184,-0.1559980938381492,9.00653824852803,0.8104058617353439,False
53,source_localization_stage4.0.wave_feature_conv2,254,3,1000,0.01,0.0,0.0,post_relu_mean,842.4508666992188,-842.4508666992188,59.1320915222168,0.0,0.0,772.370457649231,0.3132217474673871,-0.8258416181779058,47.679991292210794,2.20426949262619,False
53,source_localization_stage4.0.wave_feature_conv2,254,3,1000,0.01,0.0,0.0,post_relu_mean,857.5228271484375,-857.5228271484375,57.900421142578125,0.0,0.0,704.805914402008,0.30130718152338504,-0.733936214448452,42.37354935227172,2.059966796040535,False
53,source_localization_stage4.0.wave_feature_conv2,254,3,1000,0.01,0.0,0.0,post_relu_mean,776.5447998046875,-776.5447998046875,47.80091094970703,0.0,0.0,420.0136013031006,0.1573266007911436,-0.43069336949183007,24.86582875066098,1.235334298014641,False
53,source_localization_stage4.0.wave_feature_conv2,254,3,1000,0.01,0.0,0.0,post_relu_mean,738.468505859375,-738.468505859375,44.032859802246094,0.0,0.0,305.0862855911255,0.09485488839056153,-0.32168996063738264,18.57262268962288,0.8788428911566735,False
53,source_localization_stage4.0.wave_feature_conv2,153,3,1000,0.005,0.0,0.0,post_relu_mean,590.4186401367188,-590.4186401367188,71.98403930664062,0.0,0.0,508.99831199645996,0.7354728239470482,-0.5426230297404774,31.32808220453648,2.4244657552242277,False
53,source_localization_stage4.0.wave_feature_conv2,153,3,1000,0.005,0.0,0.0,post_relu_mean,572.42919921875,-572.42919921875,67.83880615234375,0.0,0.0,396.38723850250244,0.5127999576995165,-0.4419644404226561,25.517408854672137,1.793025297522545,False
53,source_localization_stage4.0.wave_feature_conv2,153,3,1000,0.005,0.0,0.0,post_relu_mean,200.76248168945312,-200.76248168945312,17.357765197753906,0.0,0.0,74.10533809661865,0.03624357174703022,-0.08046735561127369,4.645755248332829,0.2706706593930721,False
53,source_localization_stage4.0.wave_feature_conv2,153,3,1000,0.005,0.0,0.0,post_relu_mean,110.26476287841797,-110.26476287841797,8.22545051574707,0.0,0.0,36.52188301086426,0.06813797795444895,-0.03060503417263776,1.766978873105054,0.16074219457805156,False
53,source_localization_stage4.0.wave_feature_conv2,153,3,1000,0.01,0.0,0.0,post_relu_mean,1176.38427734375,-1176.38427734375,145.07073974609375,0.0,0.0,1021.87721824646,0.6527967549632834,-1.0290629868438361,59.412464777714895,2.505517836809158,False
53,source_localization_stage4.0.wave_feature_conv2,153,3,1000,0.01,0.0,0.0,post_relu_mean,1146.777099609375,-1146.777099609375,135.9999542236328,0.0,0.0,800.3322763442993,0.4542205237973775,-0.7994459547767993,46.15630529074282,1.8317253547906875,False
53,source_localization_stage4.0.wave_feature_conv2,153,3,1000,0.01,0.0,0.0,post_relu_mean,461.09735107421875,-461.09735107421875,40.3973274230957,0.0,0.0,161.64350032806396,0.031428210895792036,-0.1702407045878662,9.828738668454168,0.30041888609528544,False
53,source_localization_stage4.0.wave_feature_conv2,153,3,1000,0.01,0.0,0.0,post_relu_mean,233.8863525390625,-233.8863525390625,17.199995040893555,0.0,0.0,70.39801979064941,0.0498973496009056,-0.06817701179071226,3.936195462150888,0.17195917755365372,False
53,source_localization_stage4.0.wave_feature_conv2,152,3,1000,0.005,0.0,0.0,post_relu_mean,277.6386413574219,-277.6386413574219,27.1409854888916,0.0,0.0,241.39959812164307,0.16957611711684628,-0.25583986558587296,14.770794968607566,1.2085148012638092,False
53,source_localization_stage4.0.wave_feature_conv2,152,3,1000,0.005,0.0,0.0,post_relu_mean,269.4294128417969,-269.4294128417969,25.10594940185547,0.0,0.0,200.55977821350098,0.14027327769547537,-0.21735801893048423,12.549044794213257,1.0354214230179786,False
53,source_localization_stage4.0.wave_feature_conv2,152,3,1000,0.005,0.0,0.0,post_relu_mean,185.4741668701172,-185.4741668701172,14.915373802185059,0.0,0.0,77.48175716400146,0.027584754982299477,-0.07670495757335644,4.428538879544384,0.36907241120934486,False
53,source_localization_stage4.0.wave_feature_conv2,152,3,1000,0.005,0.0,0.0,post_relu_mean,116.74370574951172,-116.74370574951172,7.971395969390869,0.0,0.0,45.89146423339844,0.04470701150480254,-0.04141243171792032,2.390944504403414,0.23090335421264171,False
53,source_localization_stage4.0.wave_feature_conv2,152,3,1000,0.01,0.0,0.0,post_relu_mean,579.1973876953125,-579.1973876953125,56.11430740356445,0.0,0.0,513.9850168228149,0.21416480938659002,-0.5584486145967126,32.241847342108535,1.405100925564766,False
53,source_localization_stage4.0.wave_feature_conv2,152,3,1000,0.01,0.0,0.0,post_relu_mean,565.8079833984375,-565.8079833984375,53.157081604003906,0.0,0.0,426.81052589416504,0.1623869709092461,-0.46358131199831515,26.7645791574403,1.1443291932344437,False
53,source_localization_stage4.0.wave_feature_conv2,152,3,1000,0.01,0.0,0.0,post_relu_mean,412.81304931640625,-412.81304931640625,33.58727264404297,0.0,0.0,164.7814016342163,0.039242718207284706,-0.17359307440403904,10.02229869687152,0.42143106237053873,False
53,source_localization_stage4.0.wave_feature_conv2,152,3,1000,0.01,0.0,0.0,post_relu_mean,236.74156188964844,-236.74156188964844,16.12261199951172,0.0,0.0,84.37715911865234,0.0334561052880555,-0.08264188116009663,4.771274526405587,0.23593862049281597,False
53,source_localization_stage4.0.wave_feature_conv2,90,3,1000,0.005,0.0,0.0,post_relu_mean,192.06275939941406,-192.06275939941406,28.643117904663086,0.0,0.0,154.76354312896729,0.06240013931323531,-0.15850817682719287,9.151380792225417,0.5739867827296257,False
53,source_localization_stage4.0.wave_feature_conv2,90,3,1000,0.005,0.0,0.0,post_relu_mean,179.30714416503906,-179.30714416503906,24.879587173461914,0.0,0.0,111.44795799255371,0.030578165076910847,-0.11319758470226708,6.5353927165026136,0.3866549813747406,False
53,source_localization_stage4.0.wave_feature_conv2,90,3,1000,0.005,0.0,0.0,post_relu_mean,65.00894927978516,-65.00894927978516,5.67545747756958,0.0,0.0,26.769082069396973,0.03580786524740128,-0.022496823206636686,1.2988388799144301,0.1350935699418187,False
53,source_localization_stage4.0.wave_feature_conv2,90,3,1000,0.005,0.0,0.0,post_relu_mean,29.419193267822266,-29.419193267822266,2.1041066646575928,0.0,0.0,17.697330474853516,0.05879263889119191,-0.008379633276995254,0.4837962987338062,0.12137368235737085,False
53,source_localization_stage4.0.wave_feature_conv2,90,3,1000,0.01,0.0,0.0,post_relu_mean,382.00439453125,-382.00439453125,57.525291442871094,0.0,0.0,315.8229913711548,0.06662090172918057,-0.3221599504068412,18.599686613863362,0.6146277803182602,False
53,source_localization_stage4.0.wave_feature_conv2,90,3,1000,0.01,0.0,0.0,post_relu_mean,355.6332092285156,-355.6332092285156,49.34418487548828,0.0,0.0,226.6125316619873,0.030381872519817676,-0.23583111524885902,13.615550578689309,0.3952388422191143,False
53,source_localization_stage4.0.wave_feature_conv2,90,3,1000,0.01,0.0,0.0,post_relu_mean,127.4527359008789,-127.4527359008789,10.920098304748535,0.0,0.0,49.87806415557861,0.02661526288919348,-0.04718655264011909,2.7242854694211784,0.14435511209070684,False
53,source_localization_stage4.0.wave_feature_conv2,90,3,1000,0.01,0.0,0.0,post_relu_mean,56.51868438720703,-56.51868438720703,3.9922828674316406,0.0,0.0,25.91506004333496,0.04402588458318193,-0.017702729777278402,1.0220909194719376,0.1214447833970189,False
56,source_localization_stage4.0.skip_connection.0,74,3,1000,0.005,0.0,0.0,post_relu_mean,597.7723388671875,-597.7723388671875,56.05222702026367,0.0,0.0,511.39577865600586,0.10597549398335522,-0.5368841694415774,30.99665434741883,1.709451197385788,False
56,source_localization_stage4.0.skip_connection.0,74,3,1000,0.005,0.0,0.0,post_relu_mean,586.5508422851562,-586.5508422851562,52.84183883666992,0.0,0.0,431.8735752105713,0.09741562678100277,-0.46458211016585227,26.822365857835898,1.4998744547367096,False
56,source_localization_stage4.0.skip_connection.0,74,3,1000,0.005,0.0,0.0,post_relu_mean,409.52386474609375,-409.52386474609375,31.358306884765625,0.0,0.0,177.602783203125,0.07391520699683066,-0.18141072265744027,10.473654339873278,0.7705549558997155,False
56,source_localization_stage4.0.skip_connection.0,74,3,1000,0.005,0.0,0.0,post_relu_mean,248.832275390625,-248.832275390625,17.129335403442383,0.0,0.0,93.72457885742188,0.11265635122863005,-0.09110300114299122,5.260859063100521,0.5782193112373352,False
56,source_localization_stage4.0.skip_connection.0,74,3,1000,0.01,0.0,0.0,post_relu_mean,1179.7725830078125,-1179.7725830078125,110.42665100097656,0.0,0.0,1039.0216331481934,0.10770888058494724,-1.0759883101539207,62.121543040801185,1.7637431854009629,False
56,source_localization_stage4.0.skip_connection.0,74,3,1000,0.01,0.0,0.0,post_relu_mean,1153.05322265625,-1153.05322265625,102.5577621459961,0.0,0.0,874.08616065979,0.09986566987563779,-0.9101365228680276,52.5461306036356,1.525498263835907,False
56,source_localization_stage4.0.skip_connection.0,74,3,1000,0.01,0.0,0.0,post_relu_mean,863.4705810546875,-863.4705810546875,65.563720703125,0.0,0.0,375.00889587402344,0.0716146456724265,-0.38764309093384075,22.381149980183775,0.8204586383700371,False
56,source_localization_stage4.0.skip_connection.0,74,3,1000,0.01,0.0,0.0,post_relu_mean,519.2283935546875,-519.2283935546875,35.48966598510742,0.0,0.0,180.5173797607422,0.08537128487629816,-0.18858743748714568,10.888591251345513,0.5884607127308845,False
56,source_localization_stage4.0.skip_connection.0,131,3,1000,0.005,0.0,0.0,post_relu_mean,534.770263671875,-534.770263671875,49.35636901855469,0.0,0.0,461.6906318664551,0.09229067093377279,-0.47602279156099997,27.48309138637114,1.6905913245677948,False
56,source_localization_stage4.0.skip_connection.0,131,3,1000,0.005,0.0,0.0,post_relu_mean,522.5513916015625,-522.5513916015625,45.59865188598633,0.0,0.0,392.62184143066406,0.07663720991956822,-0.4004673740424442,23.12071559455631,1.4629166465997696,False
56,source_localization_stage4.0.skip_connection.0,131,3,1000,0.005,0.0,0.0,post_relu_mean,355.16571044921875,-355.16571044921875,25.807510375976562,0.0,0.0,171.64427185058594,0.12235454520709851,-0.17031481073434301,9.833020943748956,0.797498069703579,False
56,source_localization_stage4.0.skip_connection.0,131,3,1000,0.005,0.0,0.0,post_relu_mean,239.5360107421875,-239.5360107421875,15.623079299926758,0.0,0.0,106.32402038574219,0.17061410340768585,-0.09412349454015283,5.434481495078595,0.6290551874041558,False
56,source_localization_stage4.0.skip_connection.0,131,3,1000,0.01,0.0,0.0,post_relu_mean,1086.294189453125,-1086.294189453125,100.3159408569336,0.0,0.0,962.2550239562988,0.11868211376902295,-0.9918496109680575,57.26381986562097,1.8173635053634642,False
56,source_localization_stage4.0.skip_connection.0,131,3,1000,0.01,0.0,0.0,post_relu_mean,1031.66650390625,-1031.66650390625,89.45355224609375,0.0,0.0,792.0996856689453,0.09218352750765718,-0.8191179229706572,47.29137290157181,1.5288223677873611,False
56,source_localization_stage4.0.skip_connection.0,131,3,1000,0.01,0.0,0.0,post_relu_mean,734.1118774414062,-734.1118774414062,52.791107177734375,0.0,0.0,348.21348571777344,0.09201997715130418,-0.3581966066027872,20.680258211206112,0.8311173492670059,False
56,source_localization_stage4.0.skip_connection.0,131,3,1000,0.01,0.0,0.0,post_relu_mean,495.1703796386719,-495.1703796386719,31.77294921875,0.0,0.0,200.45968627929688,0.12839408183184178,-0.20092900518161144,11.60055292609384,0.6553453576564788,False
56,source_localization_stage4.0.skip_connection.0,252,3,1000,0.005,0.0,0.0,post_relu_mean,460.2232666015625,-460.2232666015625,45.05854797363281,0.0,0.0,391.49987602233887,0.0745883109074801,-0.4086257597190052,23.591956465373535,1.3629276412725448,False
56,source_localization_stage4.0.skip_connection.0,252,3,1000,0.005,0.0,0.0,post_relu_mean,435.3460998535156,-435.3460998535156,38.9815788269043,0.0,0.0,322.01797580718994,0.07516748021772032,-0.33194093261755364,19.16438486735013,1.1892246633768082,False
56,source_localization_stage4.0.skip_connection.0,252,3,1000,0.005,0.0,0.0,post_relu_mean,314.57342529296875,-314.57342529296875,22.393281936645508,0.0,0.0,156.71857833862305,0.09211908899647432,-0.14936142092517157,8.623569135039657,0.7187932261824608,False
56,source_localization_stage4.0.skip_connection.0,252,3,1000,0.005,0.0,0.0,post_relu_mean,240.3837127685547,-240.3837127685547,15.27972412109375,0.0,0.0,110.66571044921875,0.1412651529063692,-0.09237076732658671,5.333106529919255,0.597779647409916,False
56,source_localization_stage4.0.skip_connection.0,252,3,1000,0.01,0.0,0.0,post_relu_mean,910.5403442382812,-910.5403442382812,86.55224609375,0.0,0.0,800.3232402801514,0.08500580179096087,-0.8184803846475556,47.25440400536379,1.4262013083696365,False
56,source_localization_stage4.0.skip_connection.0,252,3,1000,0.01,0.0,0.0,post_relu_mean,883.4327392578125,-883.4327392578125,77.80109405517578,0.0,0.0,673.0558176040649,0.0919241368853017,-0.6992315290670351,40.36965525948343,1.2781015169620513,False
56,source_localization_stage4.0.skip_connection.0,252,3,1000,0.01,0.0,0.0,post_relu_mean,661.4613037109375,-661.4613037109375,46.10812759399414,0.0,0.0,325.7451286315918,0.07223854443365593,-0.32710296807102796,18.885124611060906,0.7990130043029785,False
56,source_localization_stage4.0.skip_connection.0,252,3,1000,0.01,0.0,0.0,post_relu_mean,516.1609497070312,-516.1609497070312,31.78213882446289,0.0,0.0,221.41880798339844,0.10625552951621858,-0.21051995561439935,12.15422513036381,0.6815211114287376,False
56,source_localization_stage4.0.skip_connection.0,37,3,1000,0.005,0.0,0.0,post_relu_mean,476.73809814453125,-476.73809814453125,50.01929473876953,0.0,0.0,404.45655632019043,0.14546611498829834,-0.44703266363244776,25.809154088920533,1.5018863904476165,False
56,source_localization_stage4.0.skip_connection.0,37,3,1000,0.005,0.0,0.0,post_relu_mean,459.81500244140625,-459.81500244140625,45.517662048339844,0.0,0.0,331.5574893951416,0.10867683324046033,-0.37374459040278496,21.57813475692722,1.2428020858764648,False
56,source_localization_stage4.0.skip_connection.0,37,3,1000,0.005,0.0,0.0,post_relu_mean,299.8843994140625,-299.8843994140625,24.552474975585938,0.0,0.0,127.2738265991211,0.08516447036519516,-0.1264804987663144,7.302392798878993,0.5884246757626533,False
56,source_localization_stage4.0.skip_connection.0,37,3,1000,0.005,0.0,0.0,post_relu_mean,189.49168395996094,-189.49168395996094,14.021535873413086,0.0,0.0,73.80746841430664,0.14518743356180608,-0.05807217084609549,3.352760508896681,0.4250954148173332,False
56,source_localization_stage4.0.skip_connection.0,37,3,1000,0.01,0.0,0.0,post_relu_mean,967.7937622070312,-967.7937622070312,99.3880386352539,0.0,0.0,846.1434459686279,0.17539908087281636,-0.904268287218655,52.20739420527431,1.6230170023441315,False
56,source_localization_stage4.0.skip_connection.0,37,3,1000,0.01,0.0,0.0,post_relu_mean,943.6507568359375,-943.6507568359375,93.33053588867188,0.0,0.0,695.861047744751,0.1405942552986621,-0.7340853651803942,42.382080660653656,1.355809473991394,False
56,source_localization_stage4.0.skip_connection.0,37,3,1000,0.01,0.0,0.0,post_relu_mean,653.9118041992188,-653.9118041992188,52.64732360839844,0.0,0.0,270.5898666381836,0.06504913673584788,-0.2829846095731251,16.337960011548937,0.6309008720517159,False
56,source_localization_stage4.0.skip_connection.0,37,3,1000,0.01,0.0,0.0,post_relu_mean,412.98602294921875,-412.98602294921875,30.364105224609375,0.0,0.0,133.87611770629883,0.10947822560604406,-0.12643919291646843,7.29990419293634,0.4321240882575512,False
56,source_localization_stage4.0.skip_connection.0,24,3,1000,0.005,0.0,0.0,post_relu_mean,578.7785034179688,-578.7785034179688,55.17411422729492,0.0,0.0,501.9468364715576,0.13393574320897278,-0.5124270581587538,29.584858968930185,1.848397458791733,False
56,source_localization_stage4.0.skip_connection.0,24,3,1000,0.005,0.0,0.0,post_relu_mean,551.4019775390625,-551.4019775390625,50.72843933105469,0.0,0.0,410.7257823944092,0.10412902196951031,-0.436291105710565,25.189030431987725,1.5478419655561446,False
56,source_localization_stage4.0.skip_connection.0,24,3,1000,0.005,0.0,0.0,post_relu_mean,421.77667236328125,-421.77667236328125,32.432281494140625,0.0,0.0,190.68762016296387,0.07820408027660655,-0.18075133008162242,10.435561356000612,0.8352602246403694,False
56,source_localization_stage4.0.skip_connection.0,24,3,1000,0.005,0.0,0.0,post_relu_mean,260.90106201171875,-260.90106201171875,18.554807662963867,0.0,0.0,100.5101146697998,0.14379671956291545,-0.08281277075109253,4.7811433446015466,0.5384140373766422,False
56,source_localization_stage4.0.skip_connection.0,24,3,1000,0.01,0.0,0.0,post_relu_mean,1180.97802734375,-1180.97802734375,110.06322479248047,0.0,0.0,1049.2572612762451,0.15988725228633324,-1.0873773247834615,62.779031120434695,2.0012931990623475,False
56,source_localization_stage4.0.skip_connection.0,24,3,1000,0.01,0.0,0.0,post_relu_mean,1116.3746337890625,-1116.3746337890625,100.81855773925781,0.0,0.0,850.4731578826904,0.11609243861895685,-0.884263126582437,51.05232157891858,1.6427429956197739,False
56,source_localization_stage4.0.skip_connection.0,24,3,1000,0.01,0.0,0.0,post_relu_mean,851.5631103515625,-851.5631103515625,65.43251037597656,0.0,0.0,372.97233390808105,0.06553560212893386,-0.3725481772603397,21.508821557712224,0.8517118352651596,False
56,source_localization_stage4.0.skip_connection.0,24,3,1000,0.01,0.0,0.0,post_relu_mean,535.6004638671875,-535.6004638671875,37.66862106323242,0.0,0.0,184.07137870788574,0.1076715310792871,-0.1788953625970776,10.32841225246112,0.566083182990551,False
59,source_localization_stage4.1.wave_feature_conv1,152,3,1000,0.005,0.0,0.0,post_relu_mean,866.9246826171875,-866.9246826171875,63.21327590942383,0.0,0.0,769.0678520202637,0.6099678074074858,-0.7960746892970421,45.96087040683161,3.7186049997806547,False
59,source_localization_stage4.1.wave_feature_conv1,152,3,1000,0.005,0.0,0.0,post_relu_mean,876.1813354492188,-876.1813354492188,62.00448989868164,0.0,0.0,693.6709976196289,0.5514264931293531,-0.748948428117441,43.2402743461261,3.456795470714569,False
59,source_localization_stage4.1.wave_feature_conv1,152,3,1000,0.005,0.0,0.0,post_relu_mean,811.622314453125,-811.622314453125,52.17340087890625,0.0,0.0,416.63758850097656,0.33070359394026055,-0.4410833023587431,25.465699011418078,2.198457794189453,False
59,source_localization_stage4.1.wave_feature_conv1,152,3,1000,0.005,0.0,0.0,post_relu_mean,684.210205078125,-684.210205078125,42.07355499267578,0.0,0.0,271.6978950500488,0.1538486416226041,-0.27760639185809965,16.02742262334726,1.4740783381462097,False
59,source_localization_stage4.1.wave_feature_conv1,152,3,1000,0.01,0.0,0.0,post_relu_mean,1779.3240966796875,-1779.3240966796875,126.80520629882812,0.0,0.0,1617.8753471374512,0.5725362857940538,-1.689951113462895,97.56817863669018,3.9690456628799438,False
59,source_localization_stage4.1.wave_feature_conv1,152,3,1000,0.01,0.0,0.0,post_relu_mean,1766.0963134765625,-1766.0963134765625,123.36187744140625,0.0,0.0,1430.1925430297852,0.5218912874005432,-1.4771040289190822,85.2795920313047,3.5972045350074766,False
59,source_localization_stage4.1.wave_feature_conv1,152,3,1000,0.01,0.0,0.0,post_relu_mean,1633.18115234375,-1633.18115234375,104.76005554199219,0.0,0.0,843.7964935302734,0.31434604071395567,-0.8860910448695054,51.15824683116333,2.330018997192383,False
59,source_localization_stage4.1.wave_feature_conv1,152,3,1000,0.01,0.0,0.0,post_relu_mean,1391.923583984375,-1391.923583984375,85.75640106201172,0.0,0.0,542.5827827453613,0.1599348943456396,-0.5532250296308676,31.940102132303974,1.5681030851602555,False
59,source_localization_stage4.1.wave_feature_conv1,232,3,1000,0.005,0.0,0.0,post_relu_mean,634.7308349609375,-634.7308349609375,61.61256408691406,0.0,0.0,545.2111358642578,0.300383087131743,-0.5529426675760888,31.923959295137564,2.2427358126640318,False
59,source_localization_stage4.1.wave_feature_conv1,232,3,1000,0.005,0.0,0.0,post_relu_mean,629.2594604492188,-629.2594604492188,58.724212646484375,0.0,0.0,461.72570037841797,0.2546877388923472,-0.48003666561238006,27.71462887285609,1.9380366402864455,False
59,source_localization_stage4.1.wave_feature_conv1,232,3,1000,0.005,0.0,0.0,post_relu_mean,474.6884765625,-474.6884765625,40.26620101928711,0.0,0.0,175.91520309448242,0.06262165353128128,-0.18359647661159176,10.599848561134216,0.727692212164402,False
59,source_localization_stage4.1.wave_feature_conv1,232,3,1000,0.005,0.0,0.0,post_relu_mean,265.12451171875,-265.12451171875,19.910783767700195,0.0,0.0,81.21315383911133,0.10455984278387538,-0.0720019836357115,4.157096936225504,0.4193543282151222,False
59,source_localization_stage4.1.wave_feature_conv1,232,3,1000,0.01,0.0,0.0,post_relu_mean,1239.6392822265625,-1239.6392822265625,120.00907135009766,0.0,0.0,1091.7230987548828,0.2840066564995848,-1.1010576324588779,63.56921056792595,2.356132824420929,False
59,source_localization_stage4.1.wave_feature_conv1,232,3,1000,0.01,0.0,0.0,post_relu_mean,1256.714111328125,-1256.714111328125,116.3560562133789,0.0,0.0,945.1007614135742,0.2527689954769318,-0.9745631549571699,56.26573575908291,2.0631364607810974,False
59,source_localization_stage4.1.wave_feature_conv1,232,3,1000,0.01,0.0,0.0,post_relu_mean,973.9654541015625,-973.9654541015625,82.16410827636719,0.0,0.0,360.9578666687012,0.06064454564168762,-0.3727187029086738,21.518691453766735,0.7625826269388198,False
59,source_localization_stage4.1.wave_feature_conv1,232,3,1000,0.01,0.0,0.0,post_relu_mean,588.6077270507812,-588.6077270507812,43.64395523071289,0.0,0.0,167.3646583557129,0.07807707102063172,-0.17089601126899512,9.866706730050248,0.46468613237142564,False
59,source_localization_stage4.1.wave_feature_conv1,120,3,1000,0.005,0.0,0.0,post_relu_mean,867.2000732421875,-867.2000732421875,78.7745132446289,0.0,0.0,762.5431804656982,0.7996553017332887,-1.511558781012067,87.30023118329427,3.4621122908592223,False
59,source_localization_stage4.1.wave_feature_conv1,120,3,1000,0.005,0.0,0.0,post_relu_mean,890.5151977539062,-890.5151977539062,79.51057434082031,0.0,0.0,673.0522155761719,0.7074668456334955,-1.2149769141033335,70.14859504321595,2.9868578505516052,False
59,source_localization_stage4.1.wave_feature_conv1,120,3,1000,0.005,0.0,0.0,post_relu_mean,933.6778564453125,-933.6778564453125,80.50338745117188,0.0,0.0,335.2019157409668,0.23837690459330815,-0.398375082065345,23.002336171276184,1.2655298554897307,False
59,source_localization_stage4.1.wave_feature_conv1,120,3,1000,0.005,0.0,0.0,post_relu_mean,410.3260803222656,-410.3260803222656,30.42220687866211,0.0,0.0,123.39645767211914,0.07534958092477688,-0.12424953972543162,7.173562176446002,0.5604264938831329,False
59,source_localization_stage4.1.wave_feature_conv1,120,3,1000,0.01,0.0,0.0,post_relu_mean,2305.3564453125,-2305.3564453125,214.4202880859375,0.0,0.0,2065.0536785125732,1.2874672107245468,-2.3312311412216458,134.59588090429608,4.400827596187591,False
59,source_localization_stage4.1.wave_feature_conv1,120,3,1000,0.01,0.0,0.0,post_relu_mean,2274.424072265625,-2274.424072265625,208.73313903808594,0.0,0.0,1733.9047546386719,1.0200866894470662,-1.8826583019311813,108.70090251605468,3.6278607201576234,False
59,source_localization_stage4.1.wave_feature_conv1,120,3,1000,0.01,0.0,0.0,post_relu_mean,1952.6724853515625,-1952.6724853515625,168.60830688476562,0.0,0.0,693.4096794128418,0.22962079588844855,-0.7394854022198943,42.69445256405046,1.350284957885742,False
59,source_localization_stage4.1.wave_feature_conv1,120,3,1000,0.01,0.0,0.0,post_relu_mean,928.3734741210938,-928.3734741210938,68.64246368408203,0.0,0.0,259.24130630493164,0.06398585925338723,-0.26926650574101263,15.545922968029034,0.6031104841828346,False
59,source_localization_stage4.1.wave_feature_conv1,198,3,1000,0.005,0.0,0.0,post_relu_mean,480.9979248046875,-480.9979248046875,59.33106231689453,0.0,0.0,400.7393569946289,0.20519297590663507,-0.44312846867649974,25.584043649213577,1.6761767053604126,False
59,source_localization_stage4.1.wave_feature_conv1,198,3,1000,0.005,0.0,0.0,post_relu_mean,457.18804931640625,-457.18804931640625,54.83260726928711,0.0,0.0,306.4038562774658,0.1475052030736204,-0.3408714383127522,19.68016774212735,1.3032304525375367,False
59,source_localization_stage4.1.wave_feature_conv1,198,3,1000,0.005,0.0,0.0,post_relu_mean,249.1267852783203,-249.1267852783203,23.994338989257812,0.0,0.0,79.5493335723877,0.050117022806217756,-0.07552206143715604,4.360288829910336,0.4204144513607025,False
59,source_localization_stage4.1.wave_feature_conv1,198,3,1000,0.005,0.0,0.0,post_relu_mean,72.32355499267578,-72.32355499267578,6.0204758644104,0.0,0.0,34.54028511047363,0.11207807065385832,-0.014088936615963006,0.8134308962730882,0.2815705642104149,False
59,source_localization_stage4.1.wave_feature_conv1,198,3,1000,0.01,0.0,0.0,post_relu_mean,956.6637573242188,-956.6637573242188,118.51701354980469,0.0,0.0,817.2192153930664,0.2180865527360194,-0.8515081555475167,49.16131499932259,1.7922203612327576,False
59,source_localization_stage4.1.wave_feature_conv1,198,3,1000,0.01,0.0,0.0,post_relu_mean,963.4699096679688,-963.4699096679688,114.96649169921875,0.0,0.0,662.3510303497314,0.19225477959341591,-0.7081726566784775,40.885906077431315,1.4590660965442657,False
59,source_localization_stage4.1.wave_feature_conv1,198,3,1000,0.01,0.0,0.0,post_relu_mean,485.45550537109375,-485.45550537109375,46.70637512207031,0.0,0.0,145.53778266906738,0.03864397614924409,-0.1422587759289319,8.21321521380589,0.4329395517706871,False
59,source_localization_stage4.1.wave_feature_conv1,198,3,1000,0.01,0.0,0.0,post_relu_mean,149.0504608154297,-149.0504608154297,12.250921249389648,0.0,0.0,48.96273231506348,0.08370112620239406,-0.03161621213343749,1.8254340679475605,0.2973180652409792,False
59,source_localization_stage4.1.wave_feature_conv1,44,3,1000,0.005,0.0,0.0,post_relu_mean,430.91094970703125,-430.91094970703125,57.48036193847656,0.0,0.0,354.67466926574707,0.11254178655361995,-0.3713939426473333,21.442179730508947,1.1967575418949128,False
59,source_localization_stage4.1.wave_feature_conv1,44,3,1000,0.005,0.0,0.0,post_relu_mean,415.1090087890625,-415.1090087890625,51.82832336425781,0.0,0.0,274.019832611084,0.06527378184561523,-0.28568758773488995,16.494015822359987,0.9161819994449616,False
59,source_localization_stage4.1.wave_feature_conv1,44,3,1000,0.005,0.0,0.0,post_relu_mean,190.50758361816406,-190.50758361816406,18.031328201293945,0.0,0.0,67.87944602966309,0.08094881994778129,-0.06284578478864741,3.6287776840158754,0.31584728419780733,False
59,source_localization_stage4.1.wave_feature_conv1,44,3,1000,0.005,0.0,0.0,post_relu_mean,67.278076171875,-67.278076171875,5.467211723327637,0.0,0.0,37.275373458862305,0.13266403823179732,-0.014538788926723898,0.8394502199646958,0.2786873957514763,False
59,source_localization_stage4.1.wave_feature_conv1,44,3,1000,0.01,0.0,0.0,post_relu_mean,867.8051147460938,-867.8051147460938,115.16619110107422,0.0,0.0,733.8829822540283,0.11413446593661515,-0.7552965853565282,43.6067526736595,1.2694076585769654,False
59,source_localization_stage4.1.wave_feature_conv1,44,3,1000,0.01,0.0,0.0,post_relu_mean,816.4954833984375,-816.4954833984375,101.43384552001953,0.0,0.0,551.3925132751465,0.06458524984998536,-0.5684862831485948,32.82118253599056,0.9476391097903252,False
59,source_localization_stage4.1.wave_feature_conv1,44,3,1000,0.01,0.0,0.0,post_relu_mean,412.7117614746094,-412.7117614746094,38.39875411987305,0.0,0.0,137.32791709899902,0.05999118623615421,-0.13714829657393046,7.9181871273395155,0.35398751124739647,False
59,source_localization_stage4.1.wave_feature_conv1,44,3,1000,0.01,0.0,0.0,post_relu_mean,144.39260864257812,-144.39260864257812,11.652263641357422,0.0,0.0,52.53938865661621,0.09904059452942668,-0.033344161599340276,1.925105036384386,0.28652250960469244,False
61,source_localization_stage4.1.wave_feature_conv2,201,3,1000,0.005,0.0,0.0,post_relu_mean,673.5033569335938,-673.5033569335938,98.82062530517578,0.0,0.0,552.5743217468262,0.4668159306535954,-0.5881760477163175,33.95798082303239,2.825404280424118,False
61,source_localization_stage4.1.wave_feature_conv2,201,3,1000,0.005,0.0,0.0,post_relu_mean,626.3680419921875,-626.3680419921875,89.87503814697266,0.0,0.0,388.54121017456055,0.3140379439615207,-0.40819735920796696,23.567037872773714,2.048252637386322,False
61,source_localization_stage4.1.wave_feature_conv2,201,3,1000,0.005,0.0,0.0,post_relu_mean,151.49285888671875,-151.49285888671875,18.945913314819336,0.0,0.0,26.15652847290039,0.11350113226593561,-0.011039409638881718,0.637390353162509,0.1290715428441763,False
61,source_localization_stage4.1.wave_feature_conv2,201,3,1000,0.005,0.0,0.0,post_relu_mean,3.3121371269226074,-3.3121371269226074,0.38542187213897705,0.0,0.0,31.164560556411743,0.194578906563529,-0.000921404444517775,0.053307450368461406,0.10396204739809037,False
61,source_localization_stage4.1.wave_feature_conv2,201,3,1000,0.01,0.0,0.0,post_relu_mean,1295.023681640625,-1295.023681640625,189.76698303222656,0.0,0.0,1083.1482963562012,0.4534403517593042,-1.1049264115971795,63.79218593431302,2.9383976900577546,False
61,source_localization_stage4.1.wave_feature_conv2,201,3,1000,0.01,0.0,0.0,post_relu_mean,1298.1322021484375,-1298.1322021484375,183.70382690429688,0.0,0.0,825.7333793640137,0.3531475533561292,-0.844880656104537,48.77864238666223,2.33382386803627,False
61,source_localization_stage4.1.wave_feature_conv2,201,3,1000,0.01,0.0,0.0,post_relu_mean,334.1949157714844,-334.1949157714844,41.79505920410156,0.0,0.0,37.4899787902832,0.08397212671568076,-0.024342535984969448,1.405401066245824,0.14496467396616936,False
61,source_localization_stage4.1.wave_feature_conv2,201,3,1000,0.01,0.0,0.0,post_relu_mean,3.5942800045013428,-3.5942800045013428,0.37867608666419983,0.0,0.0,31.514161348342896,0.15344669617577733,-0.0004023918364863952,0.023263287203076414,0.09917836144566536,False
61,source_localization_stage4.1.wave_feature_conv2,13,3,1000,0.005,0.0,0.0,post_relu_mean,956.913330078125,-956.913330078125,146.4208526611328,0.0,0.0,789.491491317749,0.8778450356517064,-1.398539993010323,80.74464260743704,3.5482390403747557,False
61,source_localization_stage4.1.wave_feature_conv2,13,3,1000,0.005,0.0,0.0,post_relu_mean,1041.0333251953125,-1041.0333251953125,159.4819793701172,0.0,0.0,630.303032875061,0.7347571707787062,-0.8914194499912548,51.46663338159046,2.6928214168548585,False
61,source_localization_stage4.1.wave_feature_conv2,13,3,1000,0.005,0.0,0.0,post_relu_mean,25.924488067626953,-25.924488067626953,3.2822494506835938,0.0,0.0,19.201162338256836,0.122287435307445,-0.0013994896457494447,0.08080362653662294,0.09250331703573465,False
61,source_localization_stage4.1.wave_feature_conv2,13,3,1000,0.005,0.0,0.0,post_relu_mean,2.549213409423828,-2.549213409423828,0.31621691584587097,0.0,0.0,32.24003338813782,0.2079883954659918,-0.0007942846630891535,0.04599089665373889,0.10112120375037194,False
61,source_localization_stage4.1.wave_feature_conv2,13,3,1000,0.01,0.0,0.0,post_relu_mean,2317.123046875,-2317.123046875,359.3168640136719,0.0,0.0,1936.8051509857178,1.1542800508927138,-2.095958212584465,121.01664631736973,4.10656997680664,False
61,source_localization_stage4.1.wave_feature_conv2,13,3,1000,0.01,0.0,0.0,post_relu_mean,2315.227294921875,-2315.227294921875,357.3218078613281,0.0,0.0,1409.897515296936,0.7998527477785609,-1.5047095073556038,86.87410147406807,2.994981596469879,False
61,source_localization_stage4.1.wave_feature_conv2,13,3,1000,0.01,0.0,0.0,post_relu_mean,40.258548736572266,-40.258548736572266,5.072192192077637,0.0,0.0,20.11065101623535,0.09318592009653455,-0.0016890956026342058,0.09752958052477081,0.09468238867819309,False
61,source_localization_stage4.1.wave_feature_conv2,13,3,1000,0.01,0.0,0.0,post_relu_mean,2.6002237796783447,-2.6002237796783447,0.2865593135356903,0.0,0.0,32.58761978149414,0.1626240809207701,-0.0004977229025433125,0.028764545433848553,0.09926257867366076,False
61,source_localization_stage4.1.wave_feature_conv2,101,3,1000,0.005,0.0,0.0,post_relu_mean,476.677978515625,-476.677978515625,95.84003448486328,0.0,0.0,362.00817680358887,0.22162813874525106,-0.397034540922422,22.922652942580154,1.6069995808601378,False
61,source_localization_stage4.1.wave_feature_conv2,101,3,1000,0.005,0.0,0.0,post_relu_mean,467.4560852050781,-467.4560852050781,90.29459381103516,0.0,0.0,231.87821769714355,0.16662184014611908,-0.2607046540718877,15.051677878808633,1.1381265759468078,False
61,source_localization_stage4.1.wave_feature_conv2,101,3,1000,0.005,0.0,0.0,post_relu_mean,3.316990613937378,-3.316990613937378,0.43441760540008545,0.0,0.0,20.178766012191772,0.12571406489995748,-0.000717900462047932,0.04157958648525961,0.08263265632092953,False
61,source_localization_stage4.1.wave_feature_conv2,101,3,1000,0.005,0.0,0.0,post_relu_mean,1.8918739557266235,-1.8918739557266235,0.2647048532962799,0.0,0.0,34.34537708759308,0.22405442047901716,-0.0007556304326876781,0.0437767939750777,0.09051174640655518,False
61,source_localization_stage4.1.wave_feature_conv2,101,3,1000,0.01,0.0,0.0,post_relu_mean,968.9559326171875,-968.9559326171875,192.34005737304688,0.0,0.0,757.7860698699951,0.2789878405765516,-0.7960469826870182,45.95924411569587,1.8595469975471497,False
61,source_localization_stage4.1.wave_feature_conv2,101,3,1000,0.01,0.0,0.0,post_relu_mean,1015.350341796875,-1015.350341796875,193.96646118164062,0.0,0.0,520.5928173065186,0.21053997162673302,-0.592533526739963,34.20956885829179,1.3363890254497528,False
61,source_localization_stage4.1.wave_feature_conv2,101,3,1000,0.01,0.0,0.0,post_relu_mean,3.4358527660369873,-3.4358527660369873,0.4197603166103363,0.0,0.0,20.407557725906372,0.09692263884493141,-0.0003194821831309714,0.01847435433314201,0.08457103751599788,False
61,source_localization_stage4.1.wave_feature_conv2,101,3,1000,0.01,0.0,0.0,post_relu_mean,1.9656046628952026,-1.9656046628952026,0.24248802661895752,0.0,0.0,34.64127600193024,0.17437662333704784,-0.00031209917881389905,0.018032432399269563,0.10703224126249551,False
61,source_localization_stage4.1.wave_feature_conv2,221,3,1000,0.005,0.0,0.0,post_relu_mean,591.3612060546875,-591.3612060546875,99.1775131225586,0.0,0.0,473.84989738464355,0.37466626520197666,-0.4852528545345592,28.015745206273877,2.3571345722675323,False
61,source_localization_stage4.1.wave_feature_conv2,221,3,1000,0.005,0.0,0.0,post_relu_mean,567.5592651367188,-567.5592651367188,91.7396469116211,0.0,0.0,328.86765003204346,0.25607773825707497,-0.34470495205831075,19.901489662108634,1.7234003055095672,False
61,source_localization_stage4.1.wave_feature_conv2,221,3,1000,0.005,0.0,0.0,post_relu_mean,9.426582336425781,-9.426582336425781,1.246950387954712,0.0,0.0,20.702940940856934,0.13624994827849954,-0.000912505629575325,0.052723661694655206,0.07820354180410505,False
61,source_localization_stage4.1.wave_feature_conv2,221,3,1000,0.005,0.0,0.0,post_relu_mean,1.8073554039001465,-1.8073554039001465,0.28614965081214905,0.0,0.0,34.559834480285645,0.22279680102033175,-0.0008938826626278602,0.05170592551860984,0.10288096003234387,False
61,source_localization_stage4.1.wave_feature_conv2,221,3,1000,0.01,0.0,0.0,post_relu_mean,1186.379638671875,-1186.379638671875,198.99798583984375,0.0,0.0,969.0478649139404,0.38952613878460446,-0.9959031860012807,57.49794355204567,2.593345792293549,False
61,source_localization_stage4.1.wave_feature_conv2,221,3,1000,0.01,0.0,0.0,post_relu_mean,1119.3978271484375,-1119.3978271484375,181.00848388671875,0.0,0.0,657.5340929031372,0.25162701956704003,-0.6799243484962856,39.25496766379266,1.839231286048889,False
61,source_localization_stage4.1.wave_feature_conv2,221,3,1000,0.01,0.0,0.0,post_relu_mean,10.03535270690918,-10.03535270690918,1.2724558115005493,0.0,0.0,21.120420455932617,0.10071098703632457,-0.0005403948305857153,0.03127800744508835,0.09756837233901024,False
61,source_localization_stage4.1.wave_feature_conv2,221,3,1000,0.01,0.0,0.0,post_relu_mean,1.843237042427063,-1.843237042427063,0.2558172345161438,0.0,0.0,34.89904034137726,0.17567040948122992,-0.0005332623894785235,0.030894267216083817,0.09694326780736447,False
61,source_localization_stage4.1.wave_feature_conv2,254,3,1000,0.005,0.0,0.0,post_relu_mean,543.2733764648438,-543.2733764648438,94.3027572631836,0.0,0.0,430.9435119628906,0.3795371708417664,-0.4551770446177657,26.27947100378107,2.3166708195209504,False
61,source_localization_stage4.1.wave_feature_conv2,254,3,1000,0.005,0.0,0.0,post_relu_mean,539.87744140625,-539.87744140625,89.59261322021484,0.0,0.0,306.86189556121826,0.2728756335624216,-0.3195407624639164,18.44849769585164,1.7186430871486664,False
61,source_localization_stage4.1.wave_feature_conv2,254,3,1000,0.005,0.0,0.0,post_relu_mean,7.316417694091797,-7.316417694091797,0.94089674949646,0.0,0.0,21.20265293121338,0.1342872942058918,-0.0008678670742412862,0.05020046621488448,0.08897758040577174,False
61,source_localization_stage4.1.wave_feature_conv2,254,3,1000,0.005,0.0,0.0,post_relu_mean,2.201761245727539,-2.201761245727539,0.29624518752098083,0.0,0.0,35.17075157165527,0.22408468822587524,-0.0008738250579710961,0.05056464614821802,0.10649739384651184,False
61,source_localization_stage4.1.wave_feature_conv2,254,3,1000,0.01,0.0,0.0,post_relu_mean,1123.0546875,-1123.0546875,192.4056396484375,0.0,0.0,912.6219482421875,0.40391373127784463,-0.9356010572627598,54.0164421207875,2.528257368803024,False
61,source_localization_stage4.1.wave_feature_conv2,254,3,1000,0.01,0.0,0.0,post_relu_mean,1062.2760009765625,-1062.2760009765625,175.7036895751953,0.0,0.0,613.9827756881714,0.28139637126211015,-0.6161199053245984,35.57132756301855,1.866966980099678,False
61,source_localization_stage4.1.wave_feature_conv2,254,3,1000,0.01,0.0,0.0,post_relu_mean,7.470336437225342,-7.470336437225342,0.9193021059036255,0.0,0.0,21.518531322479248,0.10298543907060144,-0.0004798745179153085,0.02773542432857133,0.09192151974886656,False
61,source_localization_stage4.1.wave_feature_conv2,254,3,1000,0.01,0.0,0.0,post_relu_mean,2.143383741378784,-2.143383741378784,0.2654258608818054,0.0,0.0,35.42056727409363,0.17799170851467597,-0.0003404795768550108,0.019693825886626933,0.10042760491371155,False
51,source_localization_stage4.0.wave_feature_conv1,7,4,1000,0.005,0.0,0.0,post_relu_mean,865.4144287109375,-865.4144287109375,51.298702239990234,0.0,0.0,764.111385345459,0.17098472026639588,-0.7879789631459536,45.49349572679046,2.240909571647644,False
51,source_localization_stage4.0.wave_feature_conv1,7,4,1000,0.005,0.0,0.0,post_relu_mean,858.7554321289062,-858.7554321289062,47.36974334716797,0.0,0.0,698.1110420227051,0.14880342858001705,-0.7368826083597644,42.54340840103235,2.0371027356386184,False
51,source_localization_stage4.0.wave_feature_conv1,7,4,1000,0.005,0.0,0.0,post_relu_mean,735.1116943359375,-735.1116943359375,31.523910522460938,0.0,0.0,482.4101142883301,0.07430379140774253,-0.4992099237982049,28.821545084105658,1.4304761439561844,False
51,source_localization_stage4.0.wave_feature_conv1,7,4,1000,0.005,0.0,0.0,post_relu_mean,647.7609252929688,-647.7609252929688,24.786283493041992,0.0,0.0,396.5996894836426,0.08256827805361415,-0.40436748063171796,23.34595107257136,1.2220669108629227,False
51,source_localization_stage4.0.wave_feature_conv1,7,4,1000,0.01,0.0,0.0,post_relu_mean,1743.755859375,-1743.755859375,104.3384017944336,0.0,0.0,1589.413143157959,0.1804555448866889,-1.6327569022050257,94.26680606428197,2.34938045501709,False
51,source_localization_stage4.0.wave_feature_conv1,7,4,1000,0.01,0.0,0.0,post_relu_mean,1692.1724853515625,-1692.1724853515625,92.49922943115234,0.0,0.0,1418.7044258117676,0.14972773799710362,-1.4445118398772958,83.39791423840285,2.090717372894287,False
51,source_localization_stage4.0.wave_feature_conv1,7,4,1000,0.01,0.0,0.0,post_relu_mean,1443.2252197265625,-1443.2252197265625,60.101707458496094,0.0,0.0,976.1901435852051,0.07813433150914052,-0.9902429662944944,57.171001808174374,1.4759612947702407,False
51,source_localization_stage4.0.wave_feature_conv1,7,4,1000,0.01,0.0,0.0,post_relu_mean,1323.369384765625,-1323.369384765625,49.10512161254883,0.0,0.0,829.0197944641113,0.08836894098009229,-0.8476740571773572,48.93998732289518,1.3097651207447052,False
51,source_localization_stage4.0.wave_feature_conv1,75,4,1000,0.005,0.0,0.0,post_relu_mean,862.6060180664062,-862.6060180664062,47.45273208618164,0.0,0.0,776.8237419128418,0.2560776177746649,-0.8283611037419487,47.82493172451087,2.9403525710105898,False
51,source_localization_stage4.0.wave_feature_conv1,75,4,1000,0.005,0.0,0.0,post_relu_mean,868.8108520507812,-868.8108520507812,45.71091079711914,0.0,0.0,724.0567855834961,0.2576260715583521,-0.7687275227382392,44.38207583676449,2.806313384771347,False
51,source_localization_stage4.0.wave_feature_conv1,75,4,1000,0.005,0.0,0.0,post_relu_mean,807.3536376953125,-807.3536376953125,36.945533752441406,0.0,0.0,525.9611358642578,0.1623879603537346,-0.5437854098665699,31.395079851651,2.01081272482872,False
51,source_localization_stage4.0.wave_feature_conv1,75,4,1000,0.005,0.0,0.0,post_relu_mean,725.1463623046875,-725.1463623046875,31.321638107299805,0.0,0.0,420.71686935424805,0.12669468042726334,-0.43244031864499,24.96665505996117,1.6233773934841156,False
51,source_localization_stage4.0.wave_feature_conv1,75,4,1000,0.01,0.0,0.0,post_relu_mean,1791.50439453125,-1791.50439453125,96.48155975341797,0.0,0.0,1656.6933097839355,0.32414000818425104,-1.7244288782085277,99.55889186350161,3.2483703005313873,False
51,source_localization_stage4.0.wave_feature_conv1,75,4,1000,0.01,0.0,0.0,post_relu_mean,1741.451416015625,-1741.451416015625,89.48040008544922,0.0,0.0,1487.273582458496,0.27966525792934743,-1.53211051870535,88.45546183084092,2.923149110078812,False
51,source_localization_stage4.0.wave_feature_conv1,75,4,1000,0.01,0.0,0.0,post_relu_mean,1616.719970703125,-1616.719970703125,73.20609283447266,0.0,0.0,1063.373306274414,0.15427903843552243,-1.1094864966686422,64.05544721304135,2.0487869143486024,False
51,source_localization_stage4.0.wave_feature_conv1,75,4,1000,0.01,0.0,0.0,post_relu_mean,1519.1339111328125,-1519.1339111328125,65.80009460449219,0.0,0.0,869.9198112487793,0.13587608429149692,-0.9112129012179163,52.60842728752681,1.708879107236862,False
51,source_localization_stage4.0.wave_feature_conv1,45,4,1000,0.005,0.0,0.0,post_relu_mean,694.0347900390625,-694.0347900390625,59.668121337890625,0.0,0.0,596.6766204833984,0.11882207567568168,-0.6200094133670481,35.79589288761109,1.7869000905752181,False
51,source_localization_stage4.0.wave_feature_conv1,45,4,1000,0.005,0.0,0.0,post_relu_mean,654.5153198242188,-654.5153198242188,45.65117645263672,0.0,0.0,510.5537929534912,0.09105543852010753,-0.5310244207139724,30.658333810353977,1.5423194515705108,False
51,source_localization_stage4.0.wave_feature_conv1,45,4,1000,0.005,0.0,0.0,post_relu_mean,494.23736572265625,-494.23736572265625,22.84014892578125,0.0,0.0,319.2909164428711,0.06343693441142086,-0.32428501038453694,18.722371911491884,1.1044760364294053,False
51,source_localization_stage4.0.wave_feature_conv1,45,4,1000,0.005,0.0,0.0,post_relu_mean,425.7737731933594,-425.7737731933594,17.85719108581543,0.0,0.0,256.65066146850586,0.1035555999437428,-0.25449679490354565,14.693250231064896,0.963216834962368,False
51,source_localization_stage4.0.wave_feature_conv1,45,4,1000,0.01,0.0,0.0,post_relu_mean,1402.719970703125,-1402.719970703125,124.38235473632812,0.0,0.0,1240.6475677490234,0.1317916144475304,-1.2959558551799486,74.82118352993456,1.8778739118576049,False
51,source_localization_stage4.0.wave_feature_conv1,45,4,1000,0.01,0.0,0.0,post_relu_mean,1330.1019287109375,-1330.1019287109375,94.15138244628906,0.0,0.0,1064.88991355896,0.10470478064015809,-1.1070414528917911,63.914480976389754,1.6171735614538192,False
51,source_localization_stage4.0.wave_feature_conv1,45,4,1000,0.01,0.0,0.0,post_relu_mean,1000.0809936523438,-1000.0809936523438,45.676856994628906,0.0,0.0,653.859245300293,0.0613037325162235,-0.6794321768444602,39.226578945939536,1.1539724546670913,False
51,source_localization_stage4.0.wave_feature_conv1,45,4,1000,0.01,0.0,0.0,post_relu_mean,891.7310180664062,-891.7310180664062,36.288063049316406,0.0,0.0,538.2992057800293,0.08209261374697716,-0.5525663779869642,31.90206293595566,1.0196062353253366,False
51,source_localization_stage4.0.wave_feature_conv1,102,4,1000,0.005,0.0,0.0,post_relu_mean,795.8165893554688,-795.8165893554688,40.73427200317383,0.0,0.0,721.234245300293,0.23517253075382225,-0.7499939544387046,43.300430829228716,2.751000300645828,False
51,source_localization_stage4.0.wave_feature_conv1,102,4,1000,0.005,0.0,0.0,post_relu_mean,804.0543212890625,-804.0543212890625,39.72494888305664,0.0,0.0,678.7728462219238,0.23381949038692143,-0.715166145724688,41.28985692469144,2.6334096217155456,False
51,source_localization_stage4.0.wave_feature_conv1,102,4,1000,0.005,0.0,0.0,post_relu_mean,740.0692138671875,-740.0692138671875,32.96709060668945,0.0,0.0,493.11024475097656,0.14513256732602936,-0.5209382509800783,30.076015913065028,1.86378247320652,False
51,source_localization_stage4.0.wave_feature_conv1,102,4,1000,0.005,0.0,0.0,post_relu_mean,672.1119384765625,-672.1119384765625,28.617019653320312,0.0,0.0,399.3675994873047,0.1495242417432622,-0.4016603004949391,23.189583203090518,1.5488868749141693,False
51,source_localization_stage4.0.wave_feature_conv1,102,4,1000,0.01,0.0,0.0,post_relu_mean,1605.38134765625,-1605.38134765625,82.06153869628906,0.0,0.0,1489.4717330932617,0.24939148899722413,-1.5684644463828878,90.55459320344805,2.9262643802165984,False
51,source_localization_stage4.0.wave_feature_conv1,102,4,1000,0.01,0.0,0.0,post_relu_mean,1656.0628662109375,-1656.0628662109375,80.56974792480469,0.0,0.0,1428.6693305969238,0.29104520419506796,-1.4792882099579345,85.40572343873504,2.8962266850471496,False
51,source_localization_stage4.0.wave_feature_conv1,102,4,1000,0.01,0.0,0.0,post_relu_mean,1528.0025634765625,-1528.0025634765625,67.12940216064453,0.0,0.0,1024.826187133789,0.17551608469601104,-1.0464216335327816,60.41445767418274,2.003290708065033,False
51,source_localization_stage4.0.wave_feature_conv1,102,4,1000,0.01,0.0,0.0,post_relu_mean,1415.271240234375,-1415.271240234375,59.29876708984375,0.0,0.0,835.7094268798828,0.12869722227026723,-0.8708848376421812,50.279937189385365,1.6131809860467912,False
51,source_localization_stage4.0.wave_feature_conv1,153,4,1000,0.005,0.0,0.0,post_relu_mean,462.5119934082031,-462.5119934082031,35.39023971557617,0.0,0.0,402.8595333099365,0.11088349871053499,-0.423251285368438,24.436368228401182,1.4335563731193544,False
51,source_localization_stage4.0.wave_feature_conv1,153,4,1000,0.005,0.0,0.0,post_relu_mean,445.67425537109375,-445.67425537109375,30.800601959228516,0.0,0.0,352.34568786621094,0.088743465410527,-0.3676074240494318,21.223693727266586,1.2566956448554993,False
51,source_localization_stage4.0.wave_feature_conv1,153,4,1000,0.005,0.0,0.0,post_relu_mean,339.99169921875,-339.99169921875,17.79939079284668,0.0,0.0,216.6197166442871,0.09614796349860225,-0.20858070734605283,12.042279074073031,0.8545262387394905,False
51,source_localization_stage4.0.wave_feature_conv1,153,4,1000,0.005,0.0,0.0,post_relu_mean,285.42816162109375,-285.42816162109375,13.232412338256836,0.0,0.0,176.45275497436523,0.1479579336787849,-0.16303908663161523,9.412950428060151,0.7466695886850357,False
51,source_localization_stage4.0.wave_feature_conv1,153,4,1000,0.01,0.0,0.0,post_relu_mean,925.9613037109375,-925.9613037109375,67.61580657958984,0.0,0.0,834.083288192749,0.1264340322923487,-0.8717606192107926,50.33056387827736,1.5319261807203293,False
51,source_localization_stage4.0.wave_feature_conv1,153,4,1000,0.01,0.0,0.0,post_relu_mean,882.12109375,-882.12109375,58.431190490722656,0.0,0.0,719.7160186767578,0.10012497703179798,-0.7412332715697043,42.79482312734725,1.3429062849283218,False
51,source_localization_stage4.0.wave_feature_conv1,153,4,1000,0.01,0.0,0.0,post_relu_mean,672.3557739257812,-672.3557739257812,34.77729797363281,0.0,0.0,421.64948654174805,0.076075578749312,-0.4229472246129274,24.418579314628875,0.8740030872821808,False
51,source_localization_stage4.0.wave_feature_conv1,153,4,1000,0.01,0.0,0.0,post_relu_mean,581.9091186523438,-581.9091186523438,26.325984954833984,0.0,0.0,341.9979820251465,0.11012253519599204,-0.33523866420406245,19.354802560982154,0.7808416184782981,False
53,source_localization_stage4.0.wave_feature_conv2,128,4,1000,0.005,0.0,0.0,post_relu_mean,718.1480712890625,-718.1480712890625,70.22228240966797,0.0,0.0,632.9955024719238,0.5707340617267472,-0.6908428885725195,39.88565293624844,3.2110461354255677,False
53,source_localization_stage4.0.wave_feature_conv2,128,4,1000,0.005,0.0,0.0,post_relu_mean,711.6284790039062,-711.6284790039062,68.67704010009766,0.0,0.0,528.9097518920898,0.4719281390193563,-0.5626152222485371,32.48331895170964,2.6703330492973327,False
53,source_localization_stage4.0.wave_feature_conv2,128,4,1000,0.005,0.0,0.0,post_relu_mean,608.4010009765625,-608.4010009765625,55.663028717041016,0.0,0.0,192.91584587097168,0.11181026552010385,-0.20773346620195046,11.993879773393193,0.8870856902003288,False
53,source_localization_stage4.0.wave_feature_conv2,128,4,1000,0.005,0.0,0.0,post_relu_mean,280.9610900878906,-280.9610900878906,22.749372482299805,0.0,0.0,61.9617862701416,0.060566585574258425,-0.05967369373138137,3.4454305932577847,0.2483265172690153,False
53,source_localization_stage4.0.wave_feature_conv2,128,4,1000,0.01,0.0,0.0,post_relu_mean,1439.0899658203125,-1439.0899658203125,140.6503143310547,0.0,0.0,1283.5094184875488,0.5232209195482889,-1.2954747180141903,74.79373034738668,3.351812819242477,False
53,source_localization_stage4.0.wave_feature_conv2,128,4,1000,0.01,0.0,0.0,post_relu_mean,1434.7734375,-1434.7734375,138.41226196289062,0.0,0.0,1077.7166366577148,0.44253088461508344,-1.0721848967702465,61.902045151208206,2.8203961527347565,False
53,source_localization_stage4.0.wave_feature_conv2,128,4,1000,0.01,0.0,0.0,post_relu_mean,1220.6715087890625,-1220.6715087890625,111.6539535522461,0.0,0.0,385.25440788269043,0.10680410578772437,-0.38949422107439885,22.487317401172312,0.9200231745839119,False
53,source_localization_stage4.0.wave_feature_conv2,128,4,1000,0.01,0.0,0.0,post_relu_mean,620.9308471679688,-620.9308471679688,50.44761657714844,0.0,0.0,124.94910621643066,0.045317671226460965,-0.13175771831276983,7.606953326409029,0.270138358771801,False
53,source_localization_stage4.0.wave_feature_conv2,2,4,1000,0.005,0.0,0.0,post_relu_mean,1004.6002197265625,-1004.6002197265625,71.15082550048828,0.0,0.0,918.7850198745728,0.8098317667020344,-0.9760125519556444,56.34990916552424,4.643265895843506,False
53,source_localization_stage4.0.wave_feature_conv2,2,4,1000,0.005,0.0,0.0,post_relu_mean,986.5852661132812,-986.5852661132812,69.36604309082031,0.0,0.0,802.4114589691162,0.7050643320054295,-0.8656081064044422,49.97805230099148,4.10667151927948,False
53,source_localization_stage4.0.wave_feature_conv2,2,4,1000,0.005,0.0,0.0,post_relu_mean,942.5093994140625,-942.5093994140625,64.54022979736328,0.0,0.0,460.71788215637207,0.3580643177578889,-0.47875662000039987,27.640696954484582,2.3091998052597047,False
53,source_localization_stage4.0.wave_feature_conv2,2,4,1000,0.005,0.0,0.0,post_relu_mean,856.6806640625,-856.6806640625,57.32112121582031,0.0,0.0,292.23915100097656,0.17906447552778487,-0.3078725161259525,17.775099712059024,1.4357609832286835,False
53,source_localization_stage4.0.wave_feature_conv2,2,4,1000,0.01,0.0,0.0,post_relu_mean,2103.842529296875,-2103.842529296875,149.3226776123047,0.0,0.0,1939.8555154800415,0.7701571921014329,-1.975234786631384,114.03922574713039,4.929334616661071,False
53,source_localization_stage4.0.wave_feature_conv2,2,4,1000,0.01,0.0,0.0,post_relu_mean,2034.92333984375,-2034.92333984375,143.90843200683594,0.0,0.0,1664.3935146331787,0.6522882290314935,-1.6833388498286674,97.18656552346506,4.292359595298767,False
53,source_localization_stage4.0.wave_feature_conv2,2,4,1000,0.01,0.0,0.0,post_relu_mean,1859.1881103515625,-1859.1881103515625,126.5726547241211,0.0,0.0,912.153398513794,0.3421087505541457,-0.9066077706630166,52.34251743820356,2.4446028590202333,False
53,source_localization_stage4.0.wave_feature_conv2,2,4,1000,0.01,0.0,0.0,post_relu_mean,1779.0374755859375,-1779.0374755859375,119.11691284179688,0.0,0.0,596.6379547119141,0.18173991312206525,-0.6136608049448061,35.429361103131285,1.534154037833214,False
53,source_localization_stage4.0.wave_feature_conv2,254,4,1000,0.005,0.0,0.0,post_relu_mean,416.5419616699219,-416.5419616699219,40.596920013427734,0.0,0.0,362.8847484588623,0.1891795815327569,-0.3914332398715241,22.599153542878565,1.7440905946493148,False
53,source_localization_stage4.0.wave_feature_conv2,254,4,1000,0.005,0.0,0.0,post_relu_mean,383.9798889160156,-383.9798889160156,26.879425048828125,0.0,0.0,307.6360960006714,0.15871146960933386,-0.3301229215109955,19.059541537064607,1.5578279769420624,False
53,source_localization_stage4.0.wave_feature_conv2,254,4,1000,0.005,0.0,0.0,post_relu_mean,366.0738830566406,-366.0738830566406,22.8369140625,0.0,0.0,198.70205974578857,0.08507901295809954,-0.2074236498055701,11.975465522775691,1.036152263879776,False
53,source_localization_stage4.0.wave_feature_conv2,254,4,1000,0.005,0.0,0.0,post_relu_mean,336.0059509277344,-336.0059509277344,20.303356170654297,0.0,0.0,143.40253734588623,0.07363712913233056,-0.14756800456495175,8.519737684235196,0.7391971936821937,False
53,source_localization_stage4.0.wave_feature_conv2,254,4,1000,0.01,0.0,0.0,post_relu_mean,880.4901733398438,-880.4901733398438,86.99404907226562,0.0,0.0,780.4358043670654,0.2451482016612544,-0.8367422920924585,48.308835100149125,2.0038003170490266,False
53,source_localization_stage4.0.wave_feature_conv2,254,4,1000,0.01,0.0,0.0,post_relu_mean,790.1514892578125,-790.1514892578125,54.586612701416016,0.0,0.0,644.5397214889526,0.18897769765572012,-0.6917250640921785,39.93629004677703,1.701359759569168,False
53,source_localization_stage4.0.wave_feature_conv2,254,4,1000,0.01,0.0,0.0,post_relu_mean,778.2557373046875,-778.2557373046875,48.49118423461914,0.0,0.0,418.4769010543823,0.11194652826099802,-0.43188838591661816,24.93478041962123,1.1247545742988587,False
53,source_localization_stage4.0.wave_feature_conv2,254,4,1000,0.01,0.0,0.0,post_relu_mean,746.9067993164062,-746.9067993164062,44.93194580078125,0.0,0.0,308.0174970626831,0.07938483835154952,-0.31677713250967254,18.288916362981904,0.8315159150958061,False
53,source_localization_stage4.0.wave_feature_conv2,153,4,1000,0.005,0.0,0.0,post_relu_mean,546.2048950195312,-546.2048950195312,68.6666259765625,0.0,0.0,464.86488151550293,0.4269913771064063,-0.5050285892233365,29.158332175014472,2.3072726941108703,False
53,source_localization_stage4.0.wave_feature_conv2,153,4,1000,0.005,0.0,0.0,post_relu_mean,531.524658203125,-531.524658203125,65.18855285644531,0.0,0.0,359.79723739624023,0.29768991483720536,-0.39657689281587516,22.897288395116952,1.717950655221939,False
53,source_localization_stage4.0.wave_feature_conv2,153,4,1000,0.005,0.0,0.0,post_relu_mean,235.5672149658203,-235.5672149658203,20.955928802490234,0.0,0.0,82.69950675964355,0.034419358997187614,-0.08362547304306081,4.828468931499469,0.3093142780661583,False
53,source_localization_stage4.0.wave_feature_conv2,153,4,1000,0.005,0.0,0.0,post_relu_mean,111.08797454833984,-111.08797454833984,8.332263946533203,0.0,0.0,38.59599304199219,0.07751991610563053,-0.02877888938648027,1.6615439529956564,0.17146855778992176,False
53,source_localization_stage4.0.wave_feature_conv2,153,4,1000,0.01,0.0,0.0,post_relu_mean,1114.591064453125,-1114.591064453125,140.27175903320312,0.0,0.0,961.6459484100342,0.4017533269285136,-0.9742603999365121,56.24897529897023,2.4153842222690582,False
53,source_localization_stage4.0.wave_feature_conv2,153,4,1000,0.01,0.0,0.0,post_relu_mean,1093.0048828125,-1093.0048828125,135.1726531982422,0.0,0.0,746.317195892334,0.3017235679397312,-0.7566095084689131,43.682775512959495,1.8448898166418075,False
53,source_localization_stage4.0.wave_feature_conv2,153,4,1000,0.01,0.0,0.0,post_relu_mean,491.7861633300781,-491.7861633300781,43.55198287963867,0.0,0.0,169.44805717468262,0.03251941671408115,-0.17827225428407928,10.292426183496207,0.33701924070715905,False
53,source_localization_stage4.0.wave_feature_conv2,153,4,1000,0.01,0.0,0.0,post_relu_mean,229.57122802734375,-229.57122802734375,17.081144332885742,0.0,0.0,69.59043884277344,0.05796363123975579,-0.06613906760785473,3.8184935316395805,0.18220895253121852,False
53,source_localization_stage4.0.wave_feature_conv2,101,4,1000,0.005,0.0,0.0,post_relu_mean,404.7790222167969,-404.7790222167969,31.58403778076172,0.0,0.0,361.27277851104736,0.1970304140608846,-0.38119686409671233,22.008137366777998,1.7315989512205123,False
53,source_localization_stage4.0.wave_feature_conv2,101,4,1000,0.005,0.0,0.0,post_relu_mean,399.67822265625,-399.67822265625,29.171783447265625,0.0,0.0,318.74832344055176,0.18207688216622825,-0.3376417298539762,19.493526223323435,1.5897788995504378,False
53,source_localization_stage4.0.wave_feature_conv2,101,4,1000,0.005,0.0,0.0,post_relu_mean,357.2316589355469,-357.2316589355469,24.076190948486328,0.0,0.0,181.73225212097168,0.10099755779564448,-0.1916702073435625,11.065953226303215,0.9750245982408523,False
53,source_localization_stage4.0.wave_feature_conv2,101,4,1000,0.005,0.0,0.0,post_relu_mean,309.001953125,-309.001953125,20.08673667907715,0.0,0.0,119.74283981323242,0.06614234316065405,-0.1221499814724677,7.052324990578926,0.6155935743451119,False
53,source_localization_stage4.0.wave_feature_conv2,101,4,1000,0.01,0.0,0.0,post_relu_mean,820.94287109375,-820.94287109375,62.899600982666016,0.0,0.0,746.121075630188,0.2176007961403388,-0.7849505998849922,45.31869294811937,1.8723532891273498,False
53,source_localization_stage4.0.wave_feature_conv2,101,4,1000,0.01,0.0,0.0,post_relu_mean,806.4061889648438,-806.4061889648438,58.6246337890625,0.0,0.0,651.8441486358643,0.1975478999490641,-0.6746235222653028,38.948964075207456,1.6986952209472657,False
53,source_localization_stage4.0.wave_feature_conv2,101,4,1000,0.01,0.0,0.0,post_relu_mean,697.459228515625,-697.459228515625,46.98463439941406,0.0,0.0,350.14648246765137,0.08945889933360078,-0.36267416141275105,20.938769076939526,0.9715348652005196,False
53,source_localization_stage4.0.wave_feature_conv2,101,4,1000,0.01,0.0,0.0,post_relu_mean,658.5636596679688,-658.5636596679688,42.880428314208984,0.0,0.0,241.36762619018555,0.061469551364395296,-0.25447740649082634,14.692138048941024,0.6526280242204666,False
56,source_localization_stage4.0.skip_connection.0,74,4,1000,0.005,0.0,0.0,post_relu_mean,613.5787353515625,-613.5787353515625,54.531707763671875,0.0,0.0,534.0105743408203,0.09871951968684073,-0.547507080041503,31.609972422718606,1.9138032257556916,False
56,source_localization_stage4.0.skip_connection.0,74,4,1000,0.005,0.0,0.0,post_relu_mean,604.50341796875,-604.50341796875,50.852630615234375,0.0,0.0,459.7450370788574,0.08042852815637985,-0.46256385875894457,26.70581082598801,1.6966677659749985,False
56,source_localization_stage4.0.skip_connection.0,74,4,1000,0.005,0.0,0.0,post_relu_mean,446.4728088378906,-446.4728088378906,32.09247970581055,0.0,0.0,212.85119247436523,0.10906573295183483,-0.2077810197093611,11.996144280550936,0.9346222618222236,False
56,source_localization_stage4.0.skip_connection.0,74,4,1000,0.005,0.0,0.0,post_relu_mean,308.08203125,-308.08203125,20.136259078979492,0.0,0.0,126.14081192016602,0.17547442290179904,-0.11217645253600823,6.476500043872792,0.6661258241534234,False
56,source_localization_stage4.0.skip_connection.0,74,4,1000,0.01,0.0,0.0,post_relu_mean,1241.468505859375,-1241.468505859375,107.06971740722656,0.0,0.0,1109.3623809814453,0.12271309279943483,-1.1332749622298908,65.42885818581281,2.0675410187244414,False
56,source_localization_stage4.0.skip_connection.0,74,4,1000,0.01,0.0,0.0,post_relu_mean,1203.5811767578125,-1203.5811767578125,100.12942504882812,0.0,0.0,935.6308403015137,0.1010663092675973,-0.9514685933859772,54.93239282050784,1.7820412075519563,False
56,source_localization_stage4.0.skip_connection.0,74,4,1000,0.01,0.0,0.0,post_relu_mean,924.6165771484375,-924.6165771484375,65.13187408447266,0.0,0.0,443.199520111084,0.08623290009649291,-0.45960228429233685,26.534826919357805,1.033878192603588,False
56,source_localization_stage4.0.skip_connection.0,74,4,1000,0.01,0.0,0.0,post_relu_mean,628.4252319335938,-628.4252319335938,40.592689514160156,0.0,0.0,241.91972732543945,0.1272087840488599,-0.23346554575271852,13.478972167244274,0.7255622524023057,False
56,source_localization_stage4.0.skip_connection.0,238,4,1000,0.005,0.0,0.0,post_relu_mean,588.2838134765625,-588.2838134765625,49.98411560058594,0.0,0.0,515.3713626861572,0.16386141603937668,-0.5322606682339299,30.729710925638354,2.0844127631187437,False
56,source_localization_stage4.0.skip_connection.0,238,4,1000,0.005,0.0,0.0,post_relu_mean,549.6395263671875,-549.6395263671875,44.444610595703125,0.0,0.0,423.0216808319092,0.12902917102698258,-0.43863673709762663,25.32440963353998,1.7790962827205659,False
56,source_localization_stage4.0.skip_connection.0,238,4,1000,0.005,0.0,0.0,post_relu_mean,426.1771240234375,-426.1771240234375,28.443485260009766,0.0,0.0,222.0846004486084,0.09335279624904785,-0.22593946941721635,13.044496546266862,1.0453107878565788,False
56,source_localization_stage4.0.skip_connection.0,238,4,1000,0.005,0.0,0.0,post_relu_mean,307.6982727050781,-307.6982727050781,18.71345329284668,0.0,0.0,142.167329788208,0.12783271038854513,-0.13278844311653443,7.666557804339069,0.8259146443009376,False
56,source_localization_stage4.0.skip_connection.0,238,4,1000,0.01,0.0,0.0,post_relu_mean,1172.247802734375,-1172.247802734375,97.8211669921875,0.0,0.0,1051.4983158111572,0.17827159734519044,-1.0607984960823973,61.24472819455587,2.168197296857834,False
56,source_localization_stage4.0.skip_connection.0,238,4,1000,0.01,0.0,0.0,post_relu_mean,1132.725341796875,-1132.725341796875,90.917724609375,0.0,0.0,889.9246959686279,0.14130480328252862,-0.9084678743402912,52.45039284633388,1.8827458453178405,False
56,source_localization_stage4.0.skip_connection.0,238,4,1000,0.01,0.0,0.0,post_relu_mean,868.12109375,-868.12109375,56.45006561279297,0.0,0.0,453.9792232513428,0.08354226040139885,-0.45904003834837087,26.502384470089577,1.1266468554735183,False
56,source_localization_stage4.0.skip_connection.0,238,4,1000,0.01,0.0,0.0,post_relu_mean,624.360595703125,-624.360595703125,37.38315963745117,0.0,0.0,272.1325855255127,0.10078612135489201,-0.26611186100270184,15.363847373370941,0.852084476351738,False
56,source_localization_stage4.0.skip_connection.0,252,4,1000,0.005,0.0,0.0,post_relu_mean,498.43597412109375,-498.43597412109375,44.410728454589844,0.0,0.0,431.34193229675293,0.08553869587982886,-0.4450588847805301,25.695197286265675,1.5662780994176864,False
56,source_localization_stage4.0.skip_connection.0,252,4,1000,0.005,0.0,0.0,post_relu_mean,462.3558349609375,-462.3558349609375,38.999305725097656,0.0,0.0,349.5976905822754,0.05690136072749924,-0.351900586973903,20.31676277614817,1.3315595799684525,False
56,source_localization_stage4.0.skip_connection.0,252,4,1000,0.005,0.0,0.0,post_relu_mean,340.5670166015625,-340.5670166015625,23.340681076049805,0.0,0.0,174.99675941467285,0.10062446245840816,-0.16952655867483113,9.787523843683049,0.8271164399385452,False
56,source_localization_stage4.0.skip_connection.0,252,4,1000,0.005,0.0,0.0,post_relu_mean,245.26792907714844,-245.26792907714844,15.387397766113281,0.0,0.0,113.25117683410645,0.16289188777048494,-0.1016440089022703,5.868548273856814,0.6383936801552772,False
56,source_localization_stage4.0.skip_connection.0,252,4,1000,0.01,0.0,0.0,post_relu_mean,965.511962890625,-965.511962890625,86.21089172363281,0.0,0.0,856.6177806854248,0.08322921593827216,-0.8684347855766708,50.13851951553535,1.5957648795843125,False
56,source_localization_stage4.0.skip_connection.0,252,4,1000,0.01,0.0,0.0,post_relu_mean,919.1671752929688,-919.1671752929688,77.30903625488281,0.0,0.0,710.634708404541,0.07252714655478892,-0.7290100440072037,42.08895244294518,1.4054537200927735,False
56,source_localization_stage4.0.skip_connection.0,252,4,1000,0.01,0.0,0.0,post_relu_mean,681.2232666015625,-681.2232666015625,45.97052764892578,0.0,0.0,345.929162979126,0.08088702138636378,-0.35494330624562,20.492462193016795,0.8637399089336395,False
56,source_localization_stage4.0.skip_connection.0,252,4,1000,0.01,0.0,0.0,post_relu_mean,538.60498046875,-538.60498046875,32.73234558105469,0.0,0.0,233.13875007629395,0.12621686913485208,-0.24537456892690623,14.16656763527316,0.7083343037962914,False
56,source_localization_stage4.0.skip_connection.0,37,4,1000,0.005,0.0,0.0,post_relu_mean,491.95166015625,-491.95166015625,47.51559829711914,0.0,0.0,424.2917366027832,0.09953169923639826,-0.426415681082945,24.618828803583295,1.5016544157266616,False
56,source_localization_stage4.0.skip_connection.0,37,4,1000,0.005,0.0,0.0,post_relu_mean,473.9581604003906,-473.9581604003906,43.686805725097656,0.0,0.0,352.03511810302734,0.06822775716220403,-0.3525779008961918,20.355846670337762,1.2751144826412202,False
56,source_localization_stage4.0.skip_connection.0,37,4,1000,0.005,0.0,0.0,post_relu_mean,328.7578125,-328.7578125,26.00116729736328,0.0,0.0,145.83734893798828,0.1056141026778169,-0.14238045438593241,8.220238767193614,0.6401270332932473,False
56,source_localization_stage4.0.skip_connection.0,37,4,1000,0.005,0.0,0.0,post_relu_mean,217.912109375,-217.912109375,15.876940727233887,0.0,0.0,83.62815856933594,0.17392992996813703,-0.06798105857149296,3.9250630859740565,0.4859403811395168,False
56,source_localization_stage4.0.skip_connection.0,37,4,1000,0.01,0.0,0.0,post_relu_mean,957.2501220703125,-957.2501220703125,91.91947937011719,0.0,0.0,845.1862983703613,0.09449619837266177,-0.8687679579684805,50.15775773298339,1.546433494091034,False
56,source_localization_stage4.0.skip_connection.0,37,4,1000,0.01,0.0,0.0,post_relu_mean,936.7015380859375,-936.7015380859375,85.02484130859375,0.0,0.0,711.4333724975586,0.0870107400987481,-0.7290381933773198,42.090678052523344,1.3620643073320389,False
56,source_localization_stage4.0.skip_connection.0,37,4,1000,0.01,0.0,0.0,post_relu_mean,668.2297973632812,-668.2297973632812,52.6790657043457,0.0,0.0,285.22510528564453,0.08186834964380273,-0.2958504017379487,17.080932200345526,0.6579395055770874,False
56,source_localization_stage4.0.skip_connection.0,37,4,1000,0.01,0.0,0.0,post_relu_mean,441.51116943359375,-441.51116943359375,31.542766571044922,0.0,0.0,150.56895446777344,0.13335615559255315,-0.14485724070134223,8.363255244746684,0.5021064983308315,False
56,source_localization_stage4.0.skip_connection.0,221,4,1000,0.005,0.0,0.0,post_relu_mean,527.6778564453125,-527.6778564453125,46.693763732910156,0.0,0.0,462.14298248291016,0.13386475952901086,-0.48432370137714137,27.9623056996605,1.86350845515728,False
56,source_localization_stage4.0.skip_connection.0,221,4,1000,0.005,0.0,0.0,post_relu_mean,510.2396240234375,-510.2396240234375,42.594818115234375,0.0,0.0,392.35737800598145,0.10591390383031359,-0.40667088952004066,23.478905541135635,1.6126091432571412,False
56,source_localization_stage4.0.skip_connection.0,221,4,1000,0.005,0.0,0.0,post_relu_mean,415.4996337890625,-415.4996337890625,30.5931453704834,0.0,0.0,199.47563362121582,0.09141135317143699,-0.19812340881947343,11.438597488420584,0.8755938708782196,False
56,source_localization_stage4.0.skip_connection.0,221,4,1000,0.005,0.0,0.0,post_relu_mean,305.87860107421875,-305.87860107421875,20.31502914428711,0.0,0.0,128.5627841949463,0.16054709552606342,-0.1117919888800748,6.4548093207314725,0.6396902066469192,False
56,source_localization_stage4.0.skip_connection.0,221,4,1000,0.01,0.0,0.0,post_relu_mean,1065.192138671875,-1065.192138671875,92.13127899169922,0.0,0.0,954.2197341918945,0.1501310282393239,-1.0018942244948945,57.84403810842714,1.9660553848743438,False
56,source_localization_stage4.0.skip_connection.0,221,4,1000,0.01,0.0,0.0,post_relu_mean,1013.47119140625,-1013.47119140625,83.9556655883789,0.0,0.0,792.186845779419,0.11527405204403228,-0.8082512660961052,46.66384684994475,1.6801545423269273,False
56,source_localization_stage4.0.skip_connection.0,221,4,1000,0.01,0.0,0.0,post_relu_mean,867.0646362304688,-867.0646362304688,63.258853912353516,0.0,0.0,406.0478229522705,0.07154946997381585,-0.41581666616097773,24.006910665027718,0.9093001985549927,False
56,source_localization_stage4.0.skip_connection.0,221,4,1000,0.01,0.0,0.0,post_relu_mean,629.7115478515625,-629.7115478515625,41.604347229003906,0.0,0.0,239.50257301330566,0.12292253248934239,-0.2362401720260292,13.639199876563234,0.6515053722262383,False
59,source_localization_stage4.1.wave_feature_conv1,152,4,1000,0.005,0.0,0.0,post_relu_mean,1013.9494018554688,-1013.9494018554688,96.92060089111328,0.0,0.0,875.4277381896973,0.4896981731224732,-0.9370568815154214,54.10050795578848,3.7304825150966643,False
59,source_localization_stage4.1.wave_feature_conv1,152,4,1000,0.005,0.0,0.0,post_relu_mean,996.0426025390625,-996.0426025390625,89.91134643554688,0.0,0.0,737.6900024414062,0.41048188310889294,-0.7992001949554352,46.14189331737834,3.2915958762168884,False
59,source_localization_stage4.1.wave_feature_conv1,152,4,1000,0.005,0.0,0.0,post_relu_mean,762.849853515625,-762.849853515625,49.6413459777832,0.0,0.0,383.72171783447266,0.20923105259647642,-0.4057534008845826,23.4259222294273,2.0345303988456727,False
59,source_localization_stage4.1.wave_feature_conv1,152,4,1000,0.005,0.0,0.0,post_relu_mean,702.4633178710938,-702.4633178710938,42.965641021728516,0.0,0.0,279.3669548034668,0.11417034423107124,-0.29224564911302964,16.872621155607263,1.4535876595973969,False
59,source_localization_stage4.1.wave_feature_conv1,152,4,1000,0.01,0.0,0.0,post_relu_mean,2048.06640625,-2048.06640625,193.95814514160156,0.0,0.0,1812.5072059631348,0.5110664163666746,-1.8467808262284189,106.62323582605337,4.017749066352844,False
59,source_localization_stage4.1.wave_feature_conv1,152,4,1000,0.01,0.0,0.0,post_relu_mean,2044.702392578125,-2044.702392578125,186.91160583496094,0.0,0.0,1543.84912109375,0.4435366081605516,-1.6077348060410497,92.82160510224571,3.5782771718502047,False
59,source_localization_stage4.1.wave_feature_conv1,152,4,1000,0.01,0.0,0.0,post_relu_mean,1603.484375,-1603.484375,102.90807342529297,0.0,0.0,824.8557815551758,0.2742127517627077,-0.8629290536645738,49.8206770266629,2.2638705801963805,False
59,source_localization_stage4.1.wave_feature_conv1,152,4,1000,0.01,0.0,0.0,post_relu_mean,1414.1632080078125,-1414.1632080078125,86.2267074584961,0.0,0.0,558.4561576843262,0.12751172318013493,-0.5797093008990263,33.46931580301786,1.501459810733795,False
59,source_localization_stage4.1.wave_feature_conv1,232,4,1000,0.005,0.0,0.0,post_relu_mean,907.0242309570312,-907.0242309570312,100.01301574707031,0.0,0.0,772.2218399047852,0.47758505087707487,-0.817850894194108,47.21843686810809,3.075773142576218,False
59,source_localization_stage4.1.wave_feature_conv1,232,4,1000,0.005,0.0,0.0,post_relu_mean,897.7413330078125,-897.7413330078125,97.32321166992188,0.0,0.0,627.7106647491455,0.35266414070457147,-0.6840901053501678,39.49606742776507,2.4739036667346954,False
59,source_localization_stage4.1.wave_feature_conv1,232,4,1000,0.005,0.0,0.0,post_relu_mean,579.2162475585938,-579.2162475585938,49.054725646972656,0.0,0.0,211.47240829467773,0.057782050659325415,-0.22237767221188584,12.839123058041512,0.8649252092838288,False
59,source_localization_stage4.1.wave_feature_conv1,232,4,1000,0.005,0.0,0.0,post_relu_mean,325.22406005859375,-325.22406005859375,24.120424270629883,0.0,0.0,97.63102340698242,0.09002957001877604,-0.0932725274613799,5.385384074841445,0.5041611658036709,False
59,source_localization_stage4.1.wave_feature_conv1,232,4,1000,0.01,0.0,0.0,post_relu_mean,1843.0289306640625,-1843.0289306640625,203.25355529785156,0.0,0.0,1604.9860000610352,0.5023925484264811,-1.6363588644159457,94.47437423920904,3.3765431785583497,False
59,source_localization_stage4.1.wave_feature_conv1,232,4,1000,0.01,0.0,0.0,post_relu_mean,1821.8004150390625,-1821.8004150390625,194.74703979492188,0.0,0.0,1308.2102375030518,0.3497082296137328,-1.3340321214024002,77.01954755078938,2.6063369023799896,False
59,source_localization_stage4.1.wave_feature_conv1,232,4,1000,0.01,0.0,0.0,post_relu_mean,1195.2080078125,-1195.2080078125,101.6016845703125,0.0,0.0,433.36196517944336,0.06968614434206942,-0.45515838089738864,26.278312165621006,0.901754435300827,False
59,source_localization_stage4.1.wave_feature_conv1,232,4,1000,0.01,0.0,0.0,post_relu_mean,651.549072265625,-651.549072265625,47.8843879699707,0.0,0.0,186.31640243530273,0.0686331676227733,-0.1796011745767887,10.36915028133125,0.5329479062557221,False
59,source_localization_stage4.1.wave_feature_conv1,120,4,1000,0.005,0.0,0.0,post_relu_mean,1054.3782958984375,-1054.3782958984375,97.74761962890625,0.0,0.0,922.5951881408691,0.694567750432205,-1.0059500213396448,58.07876510903183,4.01611062169075,False
59,source_localization_stage4.1.wave_feature_conv1,120,4,1000,0.005,0.0,0.0,post_relu_mean,1048.6060791015625,-1048.6060791015625,95.86238098144531,0.0,0.0,782.9858303070068,0.54233405908757,-0.8455488481480835,48.81740649619023,3.2958953487873077,False
59,source_localization_stage4.1.wave_feature_conv1,120,4,1000,0.005,0.0,0.0,post_relu_mean,912.53759765625,-912.53759765625,78.74687957763672,0.0,0.0,322.8756103515625,0.11426917810238901,-0.34823316479823624,20.105193409415357,1.2343164759874343,False
59,source_localization_stage4.1.wave_feature_conv1,120,4,1000,0.005,0.0,0.0,post_relu_mean,485.4462890625,-485.4462890625,37.0286750793457,0.0,0.0,129.55115509033203,0.08723861649478624,-0.13500112926254554,7.794434895205672,0.5933965349197388,False
59,source_localization_stage4.1.wave_feature_conv1,120,4,1000,0.01,0.0,0.0,post_relu_mean,2108.804443359375,-2108.804443359375,195.78720092773438,0.0,0.0,1878.9817237854004,0.6237560154028016,-1.9148744675342961,110.55398931638298,4.123791897296906,False
59,source_localization_stage4.1.wave_feature_conv1,120,4,1000,0.01,0.0,0.0,post_relu_mean,2056.322021484375,-2056.322021484375,187.72825622558594,0.0,0.0,1561.0370388031006,0.5175808500509123,-1.59669579440902,92.18417779334958,3.4807113814353943,False
59,source_localization_stage4.1.wave_feature_conv1,120,4,1000,0.01,0.0,0.0,post_relu_mean,1864.52001953125,-1864.52001953125,161.08004760742188,0.0,0.0,657.3593139648438,0.12128865655199147,-0.6879168894810748,39.716451651010075,1.293903558254242,False
59,source_localization_stage4.1.wave_feature_conv1,120,4,1000,0.01,0.0,0.0,post_relu_mean,1026.4207763671875,-1026.4207763671875,77.8429183959961,0.0,0.0,262.38318634033203,0.07127371637098646,-0.26847625569911704,15.50031796431388,0.6394069969654084,False
59,source_localization_stage4.1.wave_feature_conv1,101,4,1000,0.005,0.0,0.0,post_relu_mean,695.1937866210938,-695.1937866210938,96.35928344726562,0.0,0.0,573.787956237793,0.35325560033109543,-0.6207469155616219,35.838425277628396,2.323917773962021,False
59,source_localization_stage4.1.wave_feature_conv1,101,4,1000,0.005,0.0,0.0,post_relu_mean,659.8411865234375,-659.8411865234375,88.40799713134766,0.0,0.0,421.89853286743164,0.21273261886958975,-0.4619445481254219,26.67009611452482,1.6626969289779663,False
59,source_localization_stage4.1.wave_feature_conv1,101,4,1000,0.005,0.0,0.0,post_relu_mean,278.55780029296875,-278.55780029296875,26.18977928161621,0.0,0.0,92.29130172729492,0.05515256756438416,-0.08393599058497582,4.84599146077205,0.4796120285987854,False
59,source_localization_stage4.1.wave_feature_conv1,101,4,1000,0.005,0.0,0.0,post_relu_mean,108.1128158569336,-108.1128158569336,8.878382682800293,0.0,0.0,43.02558135986328,0.1204079167250256,-0.02132617958164408,1.2314359563595647,0.3547731137275696,False
59,source_localization_stage4.1.wave_feature_conv1,101,4,1000,0.01,0.0,0.0,post_relu_mean,1410.663330078125,-1410.663330078125,195.9413604736328,0.0,0.0,1189.675407409668,0.35408186948696563,-1.2327657369901042,71.17303677146514,2.480977149009705,False
59,source_localization_stage4.1.wave_feature_conv1,101,4,1000,0.01,0.0,0.0,post_relu_mean,1356.0830078125,-1356.0830078125,183.49871826171875,0.0,0.0,880.413516998291,0.22845270740836496,-0.9233936241319852,53.311514815848824,1.7988852334022523,False
59,source_localization_stage4.1.wave_feature_conv1,101,4,1000,0.01,0.0,0.0,post_relu_mean,545.8065795898438,-545.8065795898438,51.26102828979492,0.0,0.0,171.50571823120117,0.04429134384816866,-0.16578117551998858,9.571261847707484,0.48800499334931374,False
59,source_localization_stage4.1.wave_feature_conv1,101,4,1000,0.01,0.0,0.0,post_relu_mean,195.25393676757812,-195.25393676757812,16.00313377380371,0.0,0.0,58.919189453125,0.0941873771585435,-0.03859890871928475,2.2285581718776117,0.3519427075982094,False
59,source_localization_stage4.1.wave_feature_conv1,198,4,1000,0.005,0.0,0.0,post_relu_mean,505.31884765625,-505.31884765625,63.42702865600586,0.0,0.0,418.21085929870605,0.16539456766409458,-0.43201566875414565,24.94220596355512,1.6911669093370438,False
59,source_localization_stage4.1.wave_feature_conv1,198,4,1000,0.005,0.0,0.0,post_relu_mean,475.30059814453125,-475.30059814453125,57.56766128540039,0.0,0.0,315.83233642578125,0.11191369209552535,-0.3234492730833285,18.67416197638723,1.3241990917921067,False
59,source_localization_stage4.1.wave_feature_conv1,198,4,1000,0.005,0.0,0.0,post_relu_mean,250.9149932861328,-250.9149932861328,24.235504150390625,0.0,0.0,80.7057876586914,0.076819966783561,-0.07402554444430567,4.273826674357599,0.42979334890842436,False
59,source_localization_stage4.1.wave_feature_conv1,198,4,1000,0.005,0.0,0.0,post_relu_mean,80.37332916259766,-80.37332916259766,6.824360370635986,0.0,0.0,37.23988723754883,0.1687805344413511,-0.014003050253449023,0.8084651784664739,0.27063909932971003,False
59,source_localization_stage4.1.wave_feature_conv1,198,4,1000,0.01,0.0,0.0,post_relu_mean,1015.5056762695312,-1015.5056762695312,129.6644744873047,0.0,0.0,862.1602306365967,0.1714707245888972,-0.9120681285464753,52.657642164641274,1.7982932072877884,False
59,source_localization_stage4.1.wave_feature_conv1,198,4,1000,0.01,0.0,0.0,post_relu_mean,986.265380859375,-986.265380859375,118.41883850097656,0.0,0.0,674.6691589355469,0.14651460587749857,-0.7022694979605937,40.54505133503227,1.4802114897966385,False
59,source_localization_stage4.1.wave_feature_conv1,198,4,1000,0.01,0.0,0.0,post_relu_mean,525.4598388671875,-525.4598388671875,50.39598083496094,0.0,0.0,159.04706573486328,0.05881006331291769,-0.15710087175854934,9.070110559368757,0.45444227442145346,False
59,source_localization_stage4.1.wave_feature_conv1,198,4,1000,0.01,0.0,0.0,post_relu_mean,148.19183349609375,-148.19183349609375,12.412235260009766,0.0,0.0,49.17964553833008,0.13181975520916056,-0.026958823258758955,1.5570146497162496,0.27727591179311273,False
61,source_localization_stage4.1.wave_feature_conv2,13,4,1000,0.005,0.0,0.0,post_relu_mean,1088.022216796875,-1088.022216796875,168.333251953125,0.0,0.0,889.9963340759277,0.6719525757522957,-0.9397754216621529,54.25746024356801,3.8256464207172396,False
61,source_localization_stage4.1.wave_feature_conv2,13,4,1000,0.005,0.0,0.0,post_relu_mean,1077.5633544921875,-1077.5633544921875,165.27963256835938,0.0,0.0,645.0965881347656,0.45050818709205875,-0.6938009419931541,40.05641372850187,2.74990963101387,False
61,source_localization_stage4.1.wave_feature_conv2,13,4,1000,0.005,0.0,0.0,post_relu_mean,33.41941833496094,-33.41941833496094,4.262186050415039,0.0,0.0,16.935222625732422,0.11400343405307758,-0.0018516078846833538,0.10692572632658283,0.0897219942137599,False
61,source_localization_stage4.1.wave_feature_conv2,13,4,1000,0.005,0.0,0.0,post_relu_mean,3.0963644981384277,-3.0963644981384277,0.39326220750808716,0.0,0.0,32.020878314971924,0.22467258566073278,-0.0017574032265149507,0.1016500481268924,0.12634452424943446,False
61,source_localization_stage4.1.wave_feature_conv2,13,4,1000,0.01,0.0,0.0,post_relu_mean,2140.493408203125,-2140.493408203125,331.1292419433594,0.0,0.0,1779.6715049743652,0.6018894600230055,-1.8228072766028134,105.238567699482,3.9436055612564087,False
61,source_localization_stage4.1.wave_feature_conv2,13,4,1000,0.01,0.0,0.0,post_relu_mean,2175.250732421875,-2175.250732421875,333.54913330078125,0.0,0.0,1322.1102600097656,0.4308656144869955,-1.346471933679446,77.73767341009525,2.88398472070694,False
61,source_localization_stage4.1.wave_feature_conv2,13,4,1000,0.01,0.0,0.0,post_relu_mean,51.46989440917969,-51.46989440917969,6.511651039123535,0.0,0.0,18.11471176147461,0.08500309108719208,-0.002897424700021797,0.16735122228080201,0.10782443720847368,False
61,source_localization_stage4.1.wave_feature_conv2,13,4,1000,0.01,0.0,0.0,post_relu_mean,2.724630832672119,-2.724630832672119,0.3104889392852783,0.0,0.0,32.476877212524414,0.18989654945009973,-0.0006164905871685488,0.035668145120147626,0.11357730641961097,False
61,source_localization_stage4.1.wave_feature_conv2,201,4,1000,0.005,0.0,0.0,post_relu_mean,627.0836791992188,-627.0836791992188,92.69538879394531,0.0,0.0,509.11925888061523,0.3052349376089298,-0.5252807689515968,30.326769926615643,2.5389228999614715,False
61,source_localization_stage4.1.wave_feature_conv2,201,4,1000,0.005,0.0,0.0,post_relu_mean,622.7809448242188,-622.7809448242188,89.72315979003906,0.0,0.0,383.65488624572754,0.2275647701193921,-0.39966438384439834,23.074352919603232,1.9753354859352112,False
61,source_localization_stage4.1.wave_feature_conv2,201,4,1000,0.005,0.0,0.0,post_relu_mean,123.95856475830078,-123.95856475830078,15.455639839172363,0.0,0.0,28.059368133544922,0.14047550781583393,-0.010411361177050054,0.6011251525148993,0.1454096604883671,False
61,source_localization_stage4.1.wave_feature_conv2,201,4,1000,0.005,0.0,0.0,post_relu_mean,4.04366397857666,-4.04366397857666,0.48073679208755493,0.0,0.0,36.67253351211548,0.23882494351270103,-0.0022846279925365903,0.13216500474150364,0.13281770646572114,False
61,source_localization_stage4.1.wave_feature_conv2,201,4,1000,0.01,0.0,0.0,post_relu_mean,1255.2550048828125,-1255.2550048828125,184.41490173339844,0.0,0.0,1045.5710411071777,0.3026547700064308,-1.0997407355380417,63.49471444711016,2.7090154659748076,False
61,source_localization_stage4.1.wave_feature_conv2,201,4,1000,0.01,0.0,0.0,post_relu_mean,1212.13671875,-1212.13671875,173.36109924316406,0.0,0.0,763.9158420562744,0.21384725543911495,-0.7883558214748826,45.515971223749986,2.042194514274597,False
61,source_localization_stage4.1.wave_feature_conv2,201,4,1000,0.01,0.0,0.0,post_relu_mean,308.0680236816406,-308.0680236816406,38.39070510864258,0.0,0.0,40.155826568603516,0.10486632698071455,-0.025741683100488157,1.486183061644829,0.16027139037847518,False
61,source_localization_stage4.1.wave_feature_conv2,201,4,1000,0.01,0.0,0.0,post_relu_mean,3.9885125160217285,-3.9885125160217285,0.42504769563674927,0.0,0.0,37.1742730140686,0.20025819381014712,-0.000633183153108548,0.036566141810943864,0.10729542836546897,False
61,source_localization_stage4.1.wave_feature_conv2,101,4,1000,0.005,0.0,0.0,post_relu_mean,786.7852783203125,-786.7852783203125,168.5433807373047,0.0,0.0,594.8570003509521,0.40954989415186444,-0.62332608644043,35.98788869495234,2.4777839624881746,False
61,source_localization_stage4.1.wave_feature_conv2,101,4,1000,0.005,0.0,0.0,post_relu_mean,761.6066284179688,-761.6066284179688,160.5823211669922,0.0,0.0,347.22785568237305,0.20184962806802012,-0.3740689544002516,21.59662219887471,1.4300505191087722,False
61,source_localization_stage4.1.wave_feature_conv2,101,4,1000,0.005,0.0,0.0,post_relu_mean,4.012223243713379,-4.012223243713379,0.5530083179473877,0.0,0.0,21.81476640701294,0.14427093468655683,-0.0016922065640018,0.09818532170012965,0.09885740995407105,False
61,source_localization_stage4.1.wave_feature_conv2,101,4,1000,0.005,0.0,0.0,post_relu_mean,2.0311243534088135,-2.0311243534088135,0.30672165751457214,0.0,0.0,38.3505425453186,0.26577490441048013,-0.001956366635420348,0.11362552401128466,0.1378422024473548,False
61,source_localization_stage4.1.wave_feature_conv2,101,4,1000,0.01,0.0,0.0,post_relu_mean,1584.0323486328125,-1584.0323486328125,337.7253723144531,0.0,0.0,1222.922124862671,0.39576954787278146,-1.252504848433589,72.31252929090695,2.621686507463455,False
61,source_localization_stage4.1.wave_feature_conv2,101,4,1000,0.01,0.0,0.0,post_relu_mean,1531.368896484375,-1531.368896484375,321.47760009765625,0.0,0.0,714.7519645690918,0.1923272419262061,-0.735491590918313,42.463112151608456,1.5229554271697998,False
61,source_localization_stage4.1.wave_feature_conv2,101,4,1000,0.01,0.0,0.0,post_relu_mean,3.6495730876922607,-3.6495730876922607,0.4484412372112274,0.0,0.0,22.236369371414185,0.1186657364819171,-0.0006772924878632487,0.03935156964004788,0.09385790675878525,False
61,source_localization_stage4.1.wave_feature_conv2,101,4,1000,0.01,0.0,0.0,post_relu_mean,1.9297691583633423,-1.9297691583633423,0.2477664053440094,0.0,0.0,38.83873999118805,0.22988802452122012,-0.0005140779436479527,0.029730800869120923,0.10807885494083166,False
61,source_localization_stage4.1.wave_feature_conv2,152,4,1000,0.005,0.0,0.0,post_relu_mean,616.4907836914062,-616.4907836914062,112.73564910888672,0.0,0.0,481.12478828430176,0.2943760074693306,-0.48903024589774896,28.23415866772053,2.473981968164444,False
61,source_localization_stage4.1.wave_feature_conv2,152,4,1000,0.005,0.0,0.0,post_relu_mean,549.30126953125,-549.30126953125,84.26749420166016,0.0,0.0,326.4685401916504,0.19537109139848163,-0.34151442155041917,19.717168052846866,1.8548848617076874,False
61,source_localization_stage4.1.wave_feature_conv2,152,4,1000,0.005,0.0,0.0,post_relu_mean,36.00566482543945,-36.00566482543945,4.656209945678711,0.0,0.0,23.80789566040039,0.16208379529330724,-0.0017766296437074015,0.10260422867069799,0.09412692707031965,False
61,source_localization_stage4.1.wave_feature_conv2,152,4,1000,0.005,0.0,0.0,post_relu_mean,2.6527116298675537,-2.6527116298675537,0.3632946312427521,0.0,0.0,39.18747091293335,0.25064937383839514,-0.0019488499329630693,0.1128436318272832,0.1355459750071168,False
61,source_localization_stage4.1.wave_feature_conv2,152,4,1000,0.01,0.0,0.0,post_relu_mean,1241.28515625,-1241.28515625,229.14703369140625,0.0,0.0,989.5077838897705,0.3145740876068479,-1.0342535057974838,59.7122863754932,2.686626033782959,False
61,source_localization_stage4.1.wave_feature_conv2,152,4,1000,0.01,0.0,0.0,post_relu_mean,1119.1700439453125,-1119.1700439453125,170.8590087890625,0.0,0.0,679.8585243225098,0.20301138323637252,-0.7059364204289431,40.75677421917193,1.9719803881645204,False
61,source_localization_stage4.1.wave_feature_conv2,152,4,1000,0.01,0.0,0.0,post_relu_mean,40.342342376708984,-40.342342376708984,5.165075778961182,0.0,0.0,24.328079223632812,0.12370240676392548,-0.0012404470430135387,0.0716722113909014,0.10198276981711388,False
61,source_localization_stage4.1.wave_feature_conv2,152,4,1000,0.01,0.0,0.0,post_relu_mean,2.3089511394500732,-2.3089511394500732,0.27063843607902527,0.0,0.0,39.77027225494385,0.214005246026876,-0.0005730773159294037,0.03325995641960721,0.11206633698195219,False
61,source_localization_stage4.1.wave_feature_conv2,254,4,1000,0.005,0.0,0.0,post_relu_mean,680.7037963867188,-680.7037963867188,168.84304809570312,0.0,0.0,489.30224990844727,0.24355738318887843,-0.5242036885120127,30.265029860615577,2.1658301758766174,False
61,source_localization_stage4.1.wave_feature_conv2,254,4,1000,0.005,0.0,0.0,post_relu_mean,514.86376953125,-514.86376953125,86.42794799804688,0.0,0.0,286.7021484375,0.16369123575464242,-0.2976611618812199,17.18532987786795,1.6112377494573593,False
61,source_localization_stage4.1.wave_feature_conv2,254,4,1000,0.005,0.0,0.0,post_relu_mean,9.253273963928223,-9.253273963928223,1.220374345779419,0.0,0.0,22.897936820983887,0.15460478620472823,-0.0014242458786975503,0.08250056512206484,0.0887172044441104,False
61,source_localization_stage4.1.wave_feature_conv2,254,4,1000,0.005,0.0,0.0,post_relu_mean,2.4536585807800293,-2.4536585807800293,0.3539991080760956,0.0,0.0,39.15574049949646,0.2512647703017072,-0.0018769741419562788,0.10910525376566359,0.14082512248307466,False
61,source_localization_stage4.1.wave_feature_conv2,254,4,1000,0.01,0.0,0.0,post_relu_mean,1378.165771484375,-1378.165771484375,345.9430847167969,0.0,0.0,1009.6641578674316,0.2546489951632784,-1.0388127638524216,59.97528256981519,2.3571919226646423,False
61,source_localization_stage4.1.wave_feature_conv2,254,4,1000,0.01,0.0,0.0,post_relu_mean,1023.3917846679688,-1023.3917846679688,170.6558380126953,0.0,0.0,584.6604614257812,0.17963782923137303,-0.6180641931590891,35.683801417022345,1.770663555264473,False
61,source_localization_stage4.1.wave_feature_conv2,254,4,1000,0.01,0.0,0.0,post_relu_mean,8.119072914123535,-8.119072914123535,1.0184651613235474,0.0,0.0,23.278054237365723,0.12128439256281659,-0.00046141002126871253,0.026678325963556848,0.09045742161571979,False
61,source_localization_stage4.1.wave_feature_conv2,254,4,1000,0.01,0.0,0.0,post_relu_mean,2.1467862129211426,-2.1467862129211426,0.2707641124725342,0.0,0.0,39.68121814727783,0.21359688978871103,-0.00048353373365088214,0.027991145897615918,0.11619570966809988,False
51,source_localization_stage4.0.wave_feature_conv1,7,5,1000,0.005,0.0,0.0,post_relu_mean,913.2289428710938,-913.2289428710938,53.29074478149414,0.0,0.0,819.5897216796875,0.17180870928780795,-0.838130342281384,48.38906097791787,2.412836563587189,False
51,source_localization_stage4.0.wave_feature_conv1,7,5,1000,0.005,0.0,0.0,post_relu_mean,904.813232421875,-904.813232421875,49.36894607543945,0.0,0.0,747.4700889587402,0.1344892237649556,-0.7675898929333583,44.31628060036326,2.1383820927143096,False
51,source_localization_stage4.0.wave_feature_conv1,7,5,1000,0.005,0.0,0.0,post_relu_mean,787.475830078125,-787.475830078125,34.84486770629883,0.0,0.0,513.6440658569336,0.0678470219010239,-0.5294868133345789,30.569577976585116,1.4836770993471147,False
51,source_localization_stage4.0.wave_feature_conv1,7,5,1000,0.005,0.0,0.0,post_relu_mean,705.95947265625,-705.95947265625,28.280216217041016,0.0,0.0,421.37488174438477,0.05899351249025972,-0.42901462510012456,24.768874540745543,1.2543032598495483,False
51,source_localization_stage4.0.wave_feature_conv1,7,5,1000,0.01,0.0,0.0,post_relu_mean,1815.8104248046875,-1815.8104248046875,103.95514678955078,0.0,0.0,1671.5067749023438,0.15668493968131036,-1.707081900985513,98.55730800300498,2.470949773788452,False
51,source_localization_stage4.0.wave_feature_conv1,7,5,1000,0.01,0.0,0.0,post_relu_mean,1794.7445068359375,-1794.7445068359375,96.74142456054688,0.0,0.0,1518.9702110290527,0.12879097817424104,-1.5402970199682235,88.92798613910031,2.200584782361984,False
51,source_localization_stage4.0.wave_feature_conv1,7,5,1000,0.01,0.0,0.0,post_relu_mean,1589.9127197265625,-1589.9127197265625,69.17887878417969,0.0,0.0,1058.575828552246,0.07199150605935797,-1.0686274288357451,61.696553405039204,1.551452853679657,False
51,source_localization_stage4.0.wave_feature_conv1,7,5,1000,0.01,0.0,0.0,post_relu_mean,1426.5660400390625,-1426.5660400390625,56.668922424316406,0.0,0.0,858.0943946838379,0.06067829742568413,-0.8782339244760416,50.70423676027416,1.3011422652006148,False
51,source_localization_stage4.0.wave_feature_conv1,75,5,1000,0.005,0.0,0.0,post_relu_mean,978.5603637695312,-978.5603637695312,51.249244689941406,0.0,0.0,888.9879760742188,0.33204041793659445,-0.9118310260307779,52.643985961791415,3.4618735337257385,False
51,source_localization_stage4.0.wave_feature_conv1,75,5,1000,0.005,0.0,0.0,post_relu_mean,979.4622802734375,-979.4622802734375,49.72196578979492,0.0,0.0,823.2737636566162,0.29902407038457357,-0.8466288100531371,48.87955044278109,3.2125263690948485,False
51,source_localization_stage4.0.wave_feature_conv1,75,5,1000,0.005,0.0,0.0,post_relu_mean,905.2233276367188,-905.2233276367188,42.21554946899414,0.0,0.0,578.1882209777832,0.17849098450232428,-0.6105827358895033,35.25190795235459,2.3052238881587983,False
51,source_localization_stage4.0.wave_feature_conv1,75,5,1000,0.005,0.0,0.0,post_relu_mean,848.4698486328125,-848.4698486328125,37.875579833984375,0.0,0.0,470.02813720703125,0.1349517277405275,-0.4934435893932626,28.48863195131175,1.9260459816455842,False
51,source_localization_stage4.0.wave_feature_conv1,75,5,1000,0.01,0.0,0.0,post_relu_mean,1957.069580078125,-1957.069580078125,102.31892395019531,0.0,0.0,1816.427490234375,0.3085126956544509,-1.8964518971372726,109.49070478341784,3.5713654088974,False
51,source_localization_stage4.0.wave_feature_conv1,75,5,1000,0.01,0.0,0.0,post_relu_mean,1937.465576171875,-1937.465576171875,98.59871673583984,0.0,0.0,1659.0851650238037,0.29491489885985844,-1.7002325877543911,98.16175555759197,3.326561870574951,False
51,source_localization_stage4.0.wave_feature_conv1,75,5,1000,0.01,0.0,0.0,post_relu_mean,1846.603271484375,-1846.603271484375,86.31501770019531,0.0,0.0,1188.8222541809082,0.2099852016716005,-1.2348885547852808,71.29575313298412,2.441489599943161,False
51,source_localization_stage4.0.wave_feature_conv1,75,5,1000,0.01,0.0,0.0,post_relu_mean,1705.9197998046875,-1705.9197998046875,76.06336975097656,0.0,0.0,945.6002197265625,0.1393265605943223,-0.9838705652394728,56.80326285295849,1.9363796538114548,False
51,source_localization_stage4.0.wave_feature_conv1,102,5,1000,0.005,0.0,0.0,post_relu_mean,939.3021850585938,-939.3021850585938,47.738609313964844,0.0,0.0,853.5448226928711,0.3966194073490762,-0.8850168657170531,51.09591007338131,3.6444629395008086,False
51,source_localization_stage4.0.wave_feature_conv1,102,5,1000,0.005,0.0,0.0,post_relu_mean,930.05078125,-930.05078125,46.12955856323242,0.0,0.0,783.1494102478027,0.33261075341874485,-0.8103128591703563,46.78295353166694,3.2920507752895354,False
51,source_localization_stage4.0.wave_feature_conv1,102,5,1000,0.005,0.0,0.0,post_relu_mean,833.292236328125,-833.292236328125,37.730743408203125,0.0,0.0,540.2052459716797,0.16309064810993532,-0.5603633578311993,32.352270812009095,2.2798760104179383,False
51,source_localization_stage4.0.wave_feature_conv1,102,5,1000,0.005,0.0,0.0,post_relu_mean,775.0415649414062,-775.0415649414062,33.417274475097656,0.0,0.0,441.4979667663574,0.11561577402035923,-0.4641380292319808,26.797039427673806,1.8705663204193115,False
51,source_localization_stage4.0.wave_feature_conv1,102,5,1000,0.01,0.0,0.0,post_relu_mean,1858.7132568359375,-1858.7132568359375,93.8984146118164,0.0,0.0,1726.796043395996,0.35490694920288274,-1.7584814620670695,101.5248312710577,3.6805000257492066,False
51,source_localization_stage4.0.wave_feature_conv1,102,5,1000,0.01,0.0,0.0,post_relu_mean,1853.5460205078125,-1853.5460205078125,91.36322021484375,0.0,0.0,1593.5604820251465,0.3282505483683757,-1.627226585480311,93.94680112460772,3.4220087718963623,False
51,source_localization_stage4.0.wave_feature_conv1,102,5,1000,0.01,0.0,0.0,post_relu_mean,1723.5426025390625,-1723.5426025390625,77.30853271484375,0.0,0.0,1133.6222381591797,0.2183481063514509,-1.174762121097705,67.82408419929293,2.476084448099136,False
51,source_localization_stage4.0.wave_feature_conv1,102,5,1000,0.01,0.0,0.0,post_relu_mean,1638.501220703125,-1638.501220703125,70.00145721435547,0.0,0.0,939.1157646179199,0.1649806333787552,-0.9765569047978641,56.380988321848974,2.0504346543550493,False
51,source_localization_stage4.0.wave_feature_conv1,81,5,1000,0.005,0.0,0.0,post_relu_mean,885.3517456054688,-885.3517456054688,44.130210876464844,0.0,0.0,806.2623443603516,0.40437333022946875,-0.8326824565725229,48.07437039370625,3.7579079771041872,False
51,source_localization_stage4.0.wave_feature_conv1,81,5,1000,0.005,0.0,0.0,post_relu_mean,858.6452026367188,-858.6452026367188,42.12202835083008,0.0,0.0,724.8401794433594,0.330017900220086,-0.7705101108057485,44.484905659150805,3.4072091042995454,False
51,source_localization_stage4.0.wave_feature_conv1,81,5,1000,0.005,0.0,0.0,post_relu_mean,794.0250854492188,-794.0250854492188,35.834442138671875,0.0,0.0,518.2976341247559,0.24073294078563898,-0.5239092668295711,30.247547612553955,2.6177017319202425,False
51,source_localization_stage4.0.wave_feature_conv1,81,5,1000,0.005,0.0,0.0,post_relu_mean,755.2754516601562,-755.2754516601562,32.50724792480469,0.0,0.0,433.99922943115234,0.17225732393638143,-0.44012892522020075,25.41055970186417,2.1399469065666197,False
51,source_localization_stage4.0.wave_feature_conv1,81,5,1000,0.01,0.0,0.0,post_relu_mean,1736.64111328125,-1736.64111328125,86.27190399169922,0.0,0.0,1615.4100494384766,0.3774488002032189,-1.6970870159815514,97.98018845711486,3.8828204357624054,False
51,source_localization_stage4.0.wave_feature_conv1,81,5,1000,0.01,0.0,0.0,post_relu_mean,1697.2249755859375,-1697.2249755859375,82.19873809814453,0.0,0.0,1463.2281799316406,0.35942664381280537,-1.48861497538415,85.94467548563672,3.6256114184856414,False
51,source_localization_stage4.0.wave_feature_conv1,81,5,1000,0.01,0.0,0.0,post_relu_mean,1580.958740234375,-1580.958740234375,70.53929138183594,0.0,0.0,1044.944911956787,0.22077491005429725,-1.0792369298520794,62.30901479276597,2.6853166687488557,False
51,source_localization_stage4.0.wave_feature_conv1,81,5,1000,0.01,0.0,0.0,post_relu_mean,1513.394775390625,-1513.394775390625,64.48298645019531,0.0,0.0,872.361198425293,0.17826380263394667,-0.8915898584262701,51.4753754059881,2.2353647792339326,False
51,source_localization_stage4.0.wave_feature_conv1,45,5,1000,0.005,0.0,0.0,post_relu_mean,650.5422973632812,-650.5422973632812,41.696861267089844,0.0,0.0,576.237190246582,0.09568778741503739,-0.5957294526082633,34.39402913211682,1.7028919446468354,False
51,source_localization_stage4.0.wave_feature_conv1,45,5,1000,0.005,0.0,0.0,post_relu_mean,631.18212890625,-631.18212890625,38.317039489746094,0.0,0.0,509.2542781829834,0.07971854129842565,-0.5272143641664772,30.438369313094242,1.5314864116907119,False
51,source_localization_stage4.0.wave_feature_conv1,45,5,1000,0.005,0.0,0.0,post_relu_mean,533.550537109375,-533.550537109375,25.441944122314453,0.0,0.0,338.1774482727051,0.0565927018900973,-0.35097879939521676,20.263719045081547,1.094501441717148,False
51,source_localization_stage4.0.wave_feature_conv1,45,5,1000,0.005,0.0,0.0,post_relu_mean,458.355224609375,-458.355224609375,19.500049591064453,0.0,0.0,269.58458709716797,0.08319260229345608,-0.2767128927101657,15.975832501967657,0.946052516400814,False
51,source_localization_stage4.0.wave_feature_conv1,45,5,1000,0.01,0.0,0.0,post_relu_mean,1295.5885009765625,-1295.5885009765625,82.5902099609375,0.0,0.0,1180.390022277832,0.09412714184064087,-1.207754982753963,69.72893676260894,1.7550041091442108,False
51,source_localization_stage4.0.wave_feature_conv1,45,5,1000,0.01,0.0,0.0,post_relu_mean,1282.152587890625,-1282.152587890625,76.12283325195312,0.0,0.0,1065.710210800171,0.0923151545845468,-1.105302286899824,63.81386426528347,1.6159787631034852,False
51,source_localization_stage4.0.wave_feature_conv1,45,5,1000,0.01,0.0,0.0,post_relu_mean,1080.549072265625,-1080.549072265625,50.61772918701172,0.0,0.0,696.3576240539551,0.06227346145638202,-0.721936356193939,41.68050250125368,1.1406381028890609,False
51,source_localization_stage4.0.wave_feature_conv1,45,5,1000,0.01,0.0,0.0,post_relu_mean,933.322998046875,-933.322998046875,38.15571212768555,0.0,0.0,557.995719909668,0.0724741773503103,-0.5801436490074849,33.494247205932076,1.012593151628971,False
53,source_localization_stage4.0.wave_feature_conv2,101,5,1000,0.005,0.0,0.0,post_relu_mean,452.9085693359375,-452.9085693359375,33.541587829589844,0.0,0.0,402.33839225769043,0.29396280147353326,-0.429271349619739,24.783975784684607,2.2894125187397005,False
53,source_localization_stage4.0.wave_feature_conv2,101,5,1000,0.005,0.0,0.0,post_relu_mean,458.77581787109375,-458.77581787109375,32.84267044067383,0.0,0.0,363.1678352355957,0.2646059616543311,-0.3760606423989334,21.71172845520748,2.086094444990158,False
53,source_localization_stage4.0.wave_feature_conv2,101,5,1000,0.005,0.0,0.0,post_relu_mean,404.9830322265625,-404.9830322265625,26.85277557373047,0.0,0.0,201.8435573577881,0.1273592780261128,-0.20355738847618526,11.752433761424907,1.2499634999036788,False
53,source_localization_stage4.0.wave_feature_conv2,101,5,1000,0.005,0.0,0.0,post_relu_mean,360.0620422363281,-360.0620422363281,23.12342643737793,0.0,0.0,132.96292686462402,0.07132136696203063,-0.13338032349887116,7.700733851039849,0.8420316943526268,False
53,source_localization_stage4.0.wave_feature_conv2,101,5,1000,0.01,0.0,0.0,post_relu_mean,920.0482788085938,-920.0482788085938,67.83621978759766,0.0,0.0,835.1834545135498,0.2946404900847169,-0.8736154251482021,50.43801601721014,2.39840255856514,False
53,source_localization_stage4.0.wave_feature_conv2,101,5,1000,0.01,0.0,0.0,post_relu_mean,913.2573852539062,-913.2573852539062,64.86650085449219,0.0,0.0,737.5898323059082,0.2453077722599856,-0.7594139022329317,43.84431432012209,2.122975217103958,False
53,source_localization_stage4.0.wave_feature_conv2,101,5,1000,0.01,0.0,0.0,post_relu_mean,823.14453125,-823.14453125,54.434139251708984,0.0,0.0,413.1448268890381,0.14446943363699769,-0.4238628466016826,24.4714733828428,1.315420513153076,False
53,source_localization_stage4.0.wave_feature_conv2,101,5,1000,0.01,0.0,0.0,post_relu_mean,757.7059936523438,-757.7059936523438,48.364803314208984,0.0,0.0,278.19310569763184,0.08368935479829909,-0.28892969634879295,16.68121561600634,0.8923932385444641,False
53,source_localization_stage4.0.wave_feature_conv2,254,5,1000,0.005,0.0,0.0,post_relu_mean,456.82720947265625,-456.82720947265625,32.056617736816406,0.0,0.0,408.7377700805664,0.28119197700127463,-0.42080491921660834,24.295054064620437,2.3620599722862243,False
53,source_localization_stage4.0.wave_feature_conv2,254,5,1000,0.005,0.0,0.0,post_relu_mean,469.7162170410156,-469.7162170410156,31.788339614868164,0.0,0.0,377.74565505981445,0.25921308473096427,-0.397702665489916,22.961194699676255,2.1702658200263976,False
53,source_localization_stage4.0.wave_feature_conv2,254,5,1000,0.005,0.0,0.0,post_relu_mean,430.99932861328125,-430.99932861328125,27.13071632385254,0.0,0.0,226.79632377624512,0.14051062430970282,-0.23360786541559903,13.487214273596019,1.3645035463571549,False
53,source_localization_stage4.0.wave_feature_conv2,254,5,1000,0.005,0.0,0.0,post_relu_mean,378.97796630859375,-378.97796630859375,22.981775283813477,0.0,0.0,154.32612800598145,0.08648130852711053,-0.156131558665401,9.014181331849906,0.9411391827464104,False
53,source_localization_stage4.0.wave_feature_conv2,254,5,1000,0.01,0.0,0.0,post_relu_mean,919.5717163085938,-919.5717163085938,63.79072189331055,0.0,0.0,839.748176574707,0.2876812899541335,-0.8810702248452207,50.8682001927996,2.5180537605285647,False
53,source_localization_stage4.0.wave_feature_conv2,254,5,1000,0.01,0.0,0.0,post_relu_mean,929.638916015625,-929.638916015625,62.816802978515625,0.0,0.0,760.0972175598145,0.24518503994215998,-0.7735435462607755,44.66001824217291,2.2411210572719575,False
53,source_localization_stage4.0.wave_feature_conv2,254,5,1000,0.01,0.0,0.0,post_relu_mean,858.3217163085938,-858.3217163085938,53.6195182800293,0.0,0.0,455.4526958465576,0.14847784098690944,-0.4680323637577022,27.021526968555534,1.4370369666814804,False
53,source_localization_stage4.0.wave_feature_conv2,254,5,1000,0.01,0.0,0.0,post_relu_mean,783.1342163085938,-783.1342163085938,47.391502380371094,0.0,0.0,314.38508796691895,0.09157152258361398,-0.32604798940316526,18.82415543651325,0.98179800927639,False
53,source_localization_stage4.0.wave_feature_conv2,33,5,1000,0.005,0.0,0.0,post_relu_mean,218.296875,-218.296875,30.225114822387695,0.0,0.0,177.1493682861328,0.07409260103874155,-0.1916702517935263,11.065991674504405,0.7572479817271233,False
53,source_localization_stage4.0.wave_feature_conv2,33,5,1000,0.005,0.0,0.0,post_relu_mean,202.409912109375,-202.409912109375,25.443586349487305,0.0,0.0,131.4416217803955,0.040280965009967924,-0.14022077609206465,8.095696665232671,0.5350962653756142,False
53,source_localization_stage4.0.wave_feature_conv2,33,5,1000,0.005,0.0,0.0,post_relu_mean,101.93758392333984,-101.93758392333984,8.817553520202637,0.0,0.0,40.32349491119385,0.03643855807338007,-0.03834691101099397,2.213937525092994,0.1963517018407583,False
53,source_localization_stage4.0.wave_feature_conv2,33,5,1000,0.005,0.0,0.0,post_relu_mean,46.07968521118164,-46.07968521118164,3.381082773208618,0.0,0.0,22.72486400604248,0.0760506015951202,-0.013886277454787932,0.8017566828596188,0.15797293692827225,False
53,source_localization_stage4.0.wave_feature_conv2,33,5,1000,0.01,0.0,0.0,post_relu_mean,430.9549255371094,-430.9549255371094,59.094722747802734,0.0,0.0,360.93780517578125,0.0749914656906303,-0.3791364980428832,21.889443833513553,0.7919454962015152,False
53,source_localization_stage4.0.wave_feature_conv2,33,5,1000,0.01,0.0,0.0,post_relu_mean,395.96990966796875,-395.96990966796875,49.5954475402832,0.0,0.0,264.6219654083252,0.03805458248135848,-0.2758868171876721,15.928153149082316,0.5490837028622627,False
53,source_localization_stage4.0.wave_feature_conv2,33,5,1000,0.01,0.0,0.0,post_relu_mean,208.60562133789062,-208.60562133789062,17.721952438354492,0.0,0.0,80.2085428237915,0.027957392613456977,-0.08173133184034863,4.718708955723151,0.2059202115982771,False
53,source_localization_stage4.0.wave_feature_conv2,33,5,1000,0.01,0.0,0.0,post_relu_mean,95.0757827758789,-95.0757827758789,6.893750190734863,0.0,0.0,36.5942907333374,0.057188190532583325,-0.030337366370064706,1.7515247361633086,0.15789957776665686,False
53,source_localization_stage4.0.wave_feature_conv2,88,5,1000,0.005,0.0,0.0,post_relu_mean,219.7491912841797,-219.7491912841797,30.790573120117188,0.0,0.0,178.32008934020996,0.12036633471633318,-0.1879711846655114,10.852419352849374,0.9767311182618141,False
53,source_localization_stage4.0.wave_feature_conv2,88,5,1000,0.005,0.0,0.0,post_relu_mean,215.82957458496094,-215.82957458496094,29.060808181762695,0.0,0.0,136.10375308990479,0.0933222556716915,-0.13967393652385865,8.063991006496892,0.7631212395429611,False
53,source_localization_stage4.0.wave_feature_conv2,88,5,1000,0.005,0.0,0.0,post_relu_mean,68.085205078125,-68.085205078125,6.850995063781738,0.0,0.0,21.511380195617676,0.03947472204215692,-0.01852719722591301,1.0696581797544955,0.13877838775515555,False
53,source_localization_stage4.0.wave_feature_conv2,88,5,1000,0.005,0.0,0.0,post_relu_mean,18.210052490234375,-18.210052490234375,1.438920021057129,0.0,0.0,14.570706367492676,0.07089683314159029,-0.004677944780603081,0.2700850798248805,0.12592271853238343,False
53,source_localization_stage4.0.wave_feature_conv2,88,5,1000,0.01,0.0,0.0,post_relu_mean,454.8723449707031,-454.8723449707031,64.03792572021484,0.0,0.0,380.1958827972412,0.13101520635732808,-0.40515815482514744,23.391983932024193,1.0879051584005355,False
53,source_localization_stage4.0.wave_feature_conv2,88,5,1000,0.01,0.0,0.0,post_relu_mean,427.3897399902344,-427.3897399902344,57.350765228271484,0.0,0.0,276.93901920318604,0.08643765292130744,-0.28219310995393904,16.292241445550108,0.8021438208222389,False
53,source_localization_stage4.0.wave_feature_conv2,88,5,1000,0.01,0.0,0.0,post_relu_mean,138.3957977294922,-138.3957977294922,13.608742713928223,0.0,0.0,41.13886737823486,0.030261666534359546,-0.041028688076439584,2.368796997311215,0.14601849921047688,False
53,source_localization_stage4.0.wave_feature_conv2,88,5,1000,0.01,0.0,0.0,post_relu_mean,39.27850341796875,-39.27850341796875,3.0075416564941406,0.0,0.0,19.952940940856934,0.05280984957176239,-0.011376487746525174,0.6568413536167662,0.1282152572646737,False
53,source_localization_stage4.0.wave_feature_conv2,69,5,1000,0.005,0.0,0.0,post_relu_mean,252.41143798828125,-252.41143798828125,43.822608947753906,0.0,0.0,198.45182609558105,0.1200478464821799,-0.21105415764819174,12.18510088324709,0.993854518532753,False
53,source_localization_stage4.0.wave_feature_conv2,69,5,1000,0.005,0.0,0.0,post_relu_mean,220.16452026367188,-220.16452026367188,27.906206130981445,0.0,0.0,143.8296604156494,0.08010092466895181,-0.14997995566420533,8.659018546672874,0.7441221457719803,False
53,source_localization_stage4.0.wave_feature_conv2,69,5,1000,0.005,0.0,0.0,post_relu_mean,91.51522064208984,-91.51522064208984,9.061198234558105,0.0,0.0,28.879125595092773,0.04223357911793668,-0.028754199119641687,1.660107538564169,0.1595873437076807,False
53,source_localization_stage4.0.wave_feature_conv2,69,5,1000,0.005,0.0,0.0,post_relu_mean,24.627548217773438,-24.627548217773438,1.9208436012268066,0.0,0.0,16.68811798095703,0.07548580651185673,-0.007302826041176772,0.4216414880374713,0.1320445854216814,False
53,source_localization_stage4.0.wave_feature_conv2,69,5,1000,0.01,0.0,0.0,post_relu_mean,518.8726806640625,-518.8726806640625,99.03987884521484,0.0,0.0,409.6957836151123,0.1185882601756905,-0.4281522635752661,24.719093453415972,1.043294581770897,False
53,source_localization_stage4.0.wave_feature_conv2,69,5,1000,0.01,0.0,0.0,post_relu_mean,447.49334716796875,-447.49334716796875,56.48733139038086,0.0,0.0,299.7056827545166,0.08609830815403521,-0.30774294041875583,17.767334491028112,0.7937426066398621,False
53,source_localization_stage4.0.wave_feature_conv2,69,5,1000,0.01,0.0,0.0,post_relu_mean,194.4706573486328,-194.4706573486328,18.910566329956055,0.0,0.0,57.96429252624512,0.03204780705098091,-0.06180089703506016,3.5680862330005207,0.17089930266141892,False
53,source_localization_stage4.0.wave_feature_conv2,69,5,1000,0.01,0.0,0.0,post_relu_mean,57.34229278564453,-57.34229278564453,4.4253034591674805,0.0,0.0,24.358261108398438,0.055631467388514336,-0.015824810449515385,0.9136936810668834,0.1369033754616976,False
56,source_localization_stage4.0.skip_connection.0,74,5,1000,0.005,0.0,0.0,post_relu_mean,646.936279296875,-646.936279296875,60.976158142089844,0.0,0.0,560.5773391723633,0.20353366324409666,-0.5917366069146235,34.16367781680741,1.9959170240163804,False
56,source_localization_stage4.0.skip_connection.0,74,5,1000,0.005,0.0,0.0,post_relu_mean,623.499755859375,-623.499755859375,56.36972427368164,0.0,0.0,463.9724540710449,0.1640268407290841,-0.4894571679096054,28.258499530032218,1.684388411641121,False
56,source_localization_stage4.0.skip_connection.0,74,5,1000,0.005,0.0,0.0,post_relu_mean,463.79046630859375,-463.79046630859375,36.61104202270508,0.0,0.0,193.20405197143555,0.05426202601590357,-0.200174950571274,11.55697340760465,0.802082659304142,False
56,source_localization_stage4.0.skip_connection.0,74,5,1000,0.005,0.0,0.0,post_relu_mean,288.21942138671875,-288.21942138671875,20.4091854095459,0.0,0.0,99.42367172241211,0.08151501774113952,-0.09298540066574784,5.3684976215140265,0.5815220457315445,False
56,source_localization_stage4.0.skip_connection.0,74,5,1000,0.01,0.0,0.0,post_relu_mean,1265.1578369140625,-1265.1578369140625,118.35437774658203,0.0,0.0,1121.4206619262695,0.1889844563450165,-1.1333972830827117,65.43605063190041,2.046272929906845,False
56,source_localization_stage4.0.skip_connection.0,74,5,1000,0.01,0.0,0.0,post_relu_mean,1228.9163818359375,-1228.9163818359375,111.42652130126953,0.0,0.0,931.7471122741699,0.14727944193024955,-0.952336982298459,54.98257934155922,1.7124256956577302,False
56,source_localization_stage4.0.skip_connection.0,74,5,1000,0.01,0.0,0.0,post_relu_mean,947.6129150390625,-947.6129150390625,74.18638610839844,0.0,0.0,395.2114372253418,0.05237443649138526,-0.40758541049097524,23.53167565437116,0.8440840113162994,False
56,source_localization_stage4.0.skip_connection.0,74,5,1000,0.01,0.0,0.0,post_relu_mean,635.2457885742188,-635.2457885742188,44.426544189453125,0.0,0.0,206.2764549255371,0.06577884688679395,-0.21243205074572663,12.264627591994827,0.6180929210782051,False
56,source_localization_stage4.0.skip_connection.0,131,5,1000,0.005,0.0,0.0,post_relu_mean,556.3193969726562,-556.3193969726562,51.422454833984375,0.0,0.0,482.9313106536865,0.115675355857821,-0.5175240581194583,29.878945007622125,1.6780527609586715,False
56,source_localization_stage4.0.skip_connection.0,131,5,1000,0.005,0.0,0.0,post_relu_mean,537.312744140625,-537.312744140625,47.71388626098633,0.0,0.0,402.8622245788574,0.091291488759404,-0.43331773955207037,25.017313524214785,1.4517783772945405,False
56,source_localization_stage4.0.skip_connection.0,131,5,1000,0.005,0.0,0.0,post_relu_mean,374.5707702636719,-374.5707702636719,27.19064712524414,0.0,0.0,178.14126205444336,0.07702822347415444,-0.18458265577656893,10.656775189080335,0.8132820484042168,False
56,source_localization_stage4.0.skip_connection.0,131,5,1000,0.005,0.0,0.0,post_relu_mean,252.62994384765625,-252.62994384765625,16.53196144104004,0.0,0.0,106.14374923706055,0.12843683624499655,-0.10116329189968028,5.8407835040503135,0.5935806918144226,False
56,source_localization_stage4.0.skip_connection.0,131,5,1000,0.01,0.0,0.0,post_relu_mean,1115.81298828125,-1115.81298828125,102.65180206298828,0.0,0.0,991.1955623626709,0.11856516510410677,-1.028235155570662,59.36445459086445,1.7523844617605209,False
56,source_localization_stage4.0.skip_connection.0,131,5,1000,0.01,0.0,0.0,post_relu_mean,1058.71337890625,-1058.71337890625,92.92952728271484,0.0,0.0,811.2237358093262,0.09222270428368651,-0.8618501166722282,49.758349175630514,1.4989842957258224,False
56,source_localization_stage4.0.skip_connection.0,131,5,1000,0.01,0.0,0.0,post_relu_mean,781.037353515625,-781.037353515625,56.414974212646484,0.0,0.0,365.4253959655762,0.06700070075079408,-0.3875196586488147,22.373179588339713,0.8145256036520004,False
56,source_localization_stage4.0.skip_connection.0,131,5,1000,0.01,0.0,0.0,post_relu_mean,527.0238037109375,-527.0238037109375,34.13846969604492,0.0,0.0,204.47251510620117,0.09977822606434615,-0.2044307160382867,11.802685428259407,0.6326793476939201,False
56,source_localization_stage4.0.skip_connection.0,221,5,1000,0.005,0.0,0.0,post_relu_mean,611.85107421875,-611.85107421875,53.68241500854492,0.0,0.0,538.7054481506348,0.1828782596547117,-0.562898217314747,32.49879334555123,2.073628203868866,False
56,source_localization_stage4.0.skip_connection.0,221,5,1000,0.005,0.0,0.0,post_relu_mean,586.5282592773438,-586.5282592773438,50.19943618774414,0.0,0.0,448.3809747695923,0.15086628538309088,-0.45982336078787717,26.547669119120236,1.7683226931095124,False
56,source_localization_stage4.0.skip_connection.0,221,5,1000,0.005,0.0,0.0,post_relu_mean,431.4599304199219,-431.4599304199219,31.637056350708008,0.0,0.0,204.24833297729492,0.07472386466483409,-0.20129834760990484,11.621822791040277,0.8929824489355087,False
56,source_localization_stage4.0.skip_connection.0,221,5,1000,0.005,0.0,0.0,post_relu_mean,292.0732421875,-292.0732421875,19.638755798339844,0.0,0.0,117.10951614379883,0.12994488151529932,-0.11403379573777675,6.583709854582835,0.6055643743276596,False
56,source_localization_stage4.0.skip_connection.0,221,5,1000,0.01,0.0,0.0,post_relu_mean,1209.62451171875,-1209.62451171875,105.61530303955078,0.0,0.0,1084.5459632873535,0.20467638671855568,-1.1021141135217831,63.629825568579605,2.2264938139915467,False
56,source_localization_stage4.0.skip_connection.0,221,5,1000,0.01,0.0,0.0,post_relu_mean,1188.1212158203125,-1188.1212158203125,99.4167709350586,0.0,0.0,926.9305963516235,0.1750692026781004,-0.95186264579405,54.955250879954406,1.9092190146446228,False
56,source_localization_stage4.0.skip_connection.0,221,5,1000,0.01,0.0,0.0,post_relu_mean,866.2422485351562,-866.2422485351562,63.24895095825195,0.0,0.0,401.9414482116699,0.06496782320766652,-0.4136547707363338,23.882078676913277,0.9274642658233643,False
56,source_localization_stage4.0.skip_connection.0,221,5,1000,0.01,0.0,0.0,post_relu_mean,603.7774658203125,-603.7774658203125,40.55411148071289,0.0,0.0,219.6601905822754,0.09847950830656296,-0.21813107854399244,12.593784695637922,0.6231030407547951,False
56,source_localization_stage4.0.skip_connection.0,37,5,1000,0.005,0.0,0.0,post_relu_mean,525.9083862304688,-525.9083862304688,54.01593017578125,0.0,0.0,452.8335151672363,0.20025247987092323,-0.4772685511443206,27.554834689268546,1.8610046261548996,False
56,source_localization_stage4.0.skip_connection.0,37,5,1000,0.005,0.0,0.0,post_relu_mean,507.8570556640625,-507.8570556640625,49.8910026550293,0.0,0.0,370.8874788284302,0.167502800763538,-0.38647898581955514,22.313159837962353,1.5716516894102097,False
56,source_localization_stage4.0.skip_connection.0,37,5,1000,0.005,0.0,0.0,post_relu_mean,338.94378662109375,-338.94378662109375,27.9071044921875,0.0,0.0,140.12134552001953,0.0840830729151086,-0.13886852002614153,8.017480533134748,0.6496102383732796,False
56,source_localization_stage4.0.skip_connection.0,37,5,1000,0.005,0.0,0.0,post_relu_mean,179.3355255126953,-179.3355255126953,13.608237266540527,0.0,0.0,65.09545516967773,0.16324804918989222,-0.052101337104121556,3.009338324969674,0.406753588616848,False
56,source_localization_stage4.0.skip_connection.0,37,5,1000,0.01,0.0,0.0,post_relu_mean,1070.8006591796875,-1070.8006591796875,108.620361328125,0.0,0.0,943.1213569641113,0.2146087157738397,-0.9787444706259258,56.507281245859026,1.9725646787881852,False
56,source_localization_stage4.0.skip_connection.0,37,5,1000,0.01,0.0,0.0,post_relu_mean,1007.2969970703125,-1007.2969970703125,98.48055267333984,0.0,0.0,748.853512763977,0.15553528306112774,-0.7610137567739732,43.936608973877846,1.5844528931379318,False
56,source_localization_stage4.0.skip_connection.0,37,5,1000,0.01,0.0,0.0,post_relu_mean,705.1121826171875,-705.1121826171875,58.06794357299805,0.0,0.0,280.0834426879883,0.06976786151285315,-0.2934008804397966,16.939302739087797,0.6595363473892212,False
56,source_localization_stage4.0.skip_connection.0,37,5,1000,0.01,0.0,0.0,post_relu_mean,401.4875183105469,-401.4875183105469,29.857513427734375,0.0,0.0,124.75468063354492,0.12053678497691976,-0.11950394275298779,6.8996277557098065,0.4480496320128441,False
56,source_localization_stage4.0.skip_connection.0,176,5,1000,0.005,0.0,0.0,post_relu_mean,567.727294921875,-567.727294921875,50.418941497802734,0.0,0.0,499.97083282470703,0.2487602758320819,-0.5535637994679116,31.960604981946172,2.24752601146698,False
56,source_localization_stage4.0.skip_connection.0,176,5,1000,0.005,0.0,0.0,post_relu_mean,562.75634765625,-562.75634765625,48.04719543457031,0.0,0.0,432.12780952453613,0.2120213328559076,-0.4773333830416072,27.55872503871887,1.9647727298736573,False
56,source_localization_stage4.0.skip_connection.0,176,5,1000,0.005,0.0,0.0,post_relu_mean,426.3349609375,-426.3349609375,32.85663986206055,0.0,0.0,192.15612983703613,0.06904756628362442,-0.1972579456965367,11.388931048958302,0.9904739078879357,False
56,source_localization_stage4.0.skip_connection.0,176,5,1000,0.005,0.0,0.0,post_relu_mean,295.5884094238281,-295.5884094238281,21.120101928710938,0.0,0.0,108.01162910461426,0.13973282292163525,-0.09122137415465414,5.266621275789736,0.6406412437558174,False
56,source_localization_stage4.0.skip_connection.0,176,5,1000,0.01,0.0,0.0,post_relu_mean,1175.6917724609375,-1175.6917724609375,103.83856201171875,0.0,0.0,1054.515754699707,0.285740570854181,-1.1042106689874278,63.750855034978656,2.460106943845749,False
56,source_localization_stage4.0.skip_connection.0,176,5,1000,0.01,0.0,0.0,post_relu_mean,1160.1312255859375,-1160.1312255859375,97.73126983642578,0.0,0.0,905.2924823760986,0.2313296518749494,-0.9502080504130523,54.85991443927309,2.1147141993045806,False
56,source_localization_stage4.0.skip_connection.0,176,5,1000,0.01,0.0,0.0,post_relu_mean,895.1572875976562,-895.1572875976562,68.10750579833984,0.0,0.0,396.59695625305176,0.057592420419675716,-0.4024147229962488,23.233144403501885,1.0097481325268745,False
56,source_localization_stage4.0.skip_connection.0,176,5,1000,0.01,0.0,0.0,post_relu_mean,634.888916015625,-634.888916015625,44.47447967529297,0.0,0.0,213.76834297180176,0.1062948512582213,-0.21364166639718968,12.33447541273078,0.6725859901309014,False
59,source_localization_stage4.1.wave_feature_conv1,152,5,1000,0.005,0.0,0.0,post_relu_mean,1094.3919677734375,-1094.3919677734375,103.32363891601562,0.0,0.0,949.8608283996582,0.7004430043886176,-0.982503991799014,56.724616153593644,4.727941908836365,False
59,source_localization_stage4.1.wave_feature_conv1,152,5,1000,0.005,0.0,0.0,post_relu_mean,1093.4781494140625,-1093.4781494140625,101.71150207519531,0.0,0.0,806.359992980957,0.5980395012154371,-0.8485253228742828,48.989091939223755,4.194543416500092,False
59,source_localization_stage4.1.wave_feature_conv1,152,5,1000,0.005,0.0,0.0,post_relu_mean,903.8175659179688,-903.8175659179688,58.96648406982422,0.0,0.0,456.62326431274414,0.3511644123182644,-0.5010901702214797,28.93011512309467,2.6758025765419005,False
59,source_localization_stage4.1.wave_feature_conv1,152,5,1000,0.005,0.0,0.0,post_relu_mean,788.1990966796875,-788.1990966796875,48.93609619140625,0.0,0.0,307.83932876586914,0.21934185435607026,-0.3198520065693293,18.46651193724208,1.8786856466531754,False
59,source_localization_stage4.1.wave_feature_conv1,152,5,1000,0.01,0.0,0.0,post_relu_mean,2218.6806640625,-2218.6806640625,211.70291137695312,0.0,0.0,1965.7702522277832,0.6923499590321781,-2.0009077805070126,115.52131242679118,5.043518693447113,False
59,source_localization_stage4.1.wave_feature_conv1,152,5,1000,0.01,0.0,0.0,post_relu_mean,2213.527099609375,-2213.527099609375,203.71304321289062,0.0,0.0,1671.4050979614258,0.6055029987867074,-1.7050354014892848,98.43931622101182,4.449749739170074,False
59,source_localization_stage4.1.wave_feature_conv1,152,5,1000,0.01,0.0,0.0,post_relu_mean,1784.816650390625,-1784.816650390625,115.68293762207031,0.0,0.0,912.248966217041,0.3483434511531177,-0.939455543609049,54.238821649672985,2.769808362722397,False
59,source_localization_stage4.1.wave_feature_conv1,152,5,1000,0.01,0.0,0.0,post_relu_mean,1660.867431640625,-1660.867431640625,102.16799926757812,0.0,0.0,648.1886329650879,0.24288933571114177,-0.6852216946292798,39.5609808590588,2.009772450327873,False
59,source_localization_stage4.1.wave_feature_conv1,232,5,1000,0.005,0.0,0.0,post_relu_mean,986.8833618164062,-986.8833618164062,110.12870025634766,0.0,0.0,845.0396327972412,0.8009407624317988,-0.9215605609561626,53.20706314092391,3.659553314447403,False
59,source_localization_stage4.1.wave_feature_conv1,232,5,1000,0.005,0.0,0.0,post_relu_mean,868.5567626953125,-868.5567626953125,92.08065795898438,0.0,0.0,615.0638389587402,0.5129069823857731,-0.8298930227619704,47.917724428545725,2.7234296584129334,False
59,source_localization_stage4.1.wave_feature_conv1,232,5,1000,0.005,0.0,0.0,post_relu_mean,549.6396484375,-549.6396484375,47.929710388183594,0.0,0.0,194.95468139648438,0.07705520962148134,-0.21034073524872796,12.143922497371344,0.8205281856656075,False
59,source_localization_stage4.1.wave_feature_conv1,232,5,1000,0.005,0.0,0.0,post_relu_mean,251.8123016357422,-251.8123016357422,18.524885177612305,0.0,0.0,85.39088821411133,0.1355472253827406,-0.0782109740464764,4.515509606505648,0.441495198905468,False
59,source_localization_stage4.1.wave_feature_conv1,232,5,1000,0.01,0.0,0.0,post_relu_mean,2003.4892578125,-2003.4892578125,224.00811767578125,0.0,0.0,1747.7661952972412,0.7846163246032976,-1.803219337014187,104.10783213607273,3.886727764606476,False
59,source_localization_stage4.1.wave_feature_conv1,232,5,1000,0.01,0.0,0.0,post_relu_mean,1953.1488037109375,-1953.1488037109375,213.44850158691406,0.0,0.0,1396.2363243103027,0.5941663326295467,-1.5978929344754615,92.26065897024012,3.024582145214081,False
59,source_localization_stage4.1.wave_feature_conv1,232,5,1000,0.01,0.0,0.0,post_relu_mean,1119.815185546875,-1119.815185546875,95.85364532470703,0.0,0.0,405.7007141113281,0.08744749035769013,-0.43408584497449343,25.061648247497924,0.8776179945468903,False
59,source_localization_stage4.1.wave_feature_conv1,232,5,1000,0.01,0.0,0.0,post_relu_mean,559.6761474609375,-559.6761474609375,40.76571273803711,0.0,0.0,170.84645462036133,0.10118077260538182,-0.17780664086762082,10.266009244002746,0.466846617013216,False
59,source_localization_stage4.1.wave_feature_conv1,198,5,1000,0.005,0.0,0.0,post_relu_mean,518.0400390625,-518.0400390625,67.297607421875,0.0,0.0,425.6797161102295,0.25732570366855073,-0.45487761519599507,26.262059477159358,2.030168723464012,False
59,source_localization_stage4.1.wave_feature_conv1,198,5,1000,0.005,0.0,0.0,post_relu_mean,502.5513916015625,-502.5513916015625,61.888938903808594,0.0,0.0,331.2290458679199,0.1944594184916683,-0.3421338331691325,19.752985514761914,1.6155600500106813,False
59,source_localization_stage4.1.wave_feature_conv1,198,5,1000,0.005,0.0,0.0,post_relu_mean,274.6739501953125,-274.6739501953125,27.22690773010254,0.0,0.0,82.08120727539062,0.06849386867786136,-0.07762687822154661,4.481767918652069,0.4736133056879044,False
59,source_localization_stage4.1.wave_feature_conv1,198,5,1000,0.005,0.0,0.0,post_relu_mean,62.04822540283203,-62.04822540283203,5.27085018157959,0.0,0.0,35.05332565307617,0.1681941447913446,-0.010659403053145784,0.6156110587531598,0.26941617116332056,False
59,source_localization_stage4.1.wave_feature_conv1,198,5,1000,0.01,0.0,0.0,post_relu_mean,1035.4986572265625,-1035.4986572265625,132.4858856201172,0.0,0.0,877.9500408172607,0.2542891833109855,-0.8910820456516051,51.44603359815074,2.182935115098953,False
59,source_localization_stage4.1.wave_feature_conv1,198,5,1000,0.01,0.0,0.0,post_relu_mean,1001.1322021484375,-1001.1322021484375,122.57476806640625,0.0,0.0,678.0953178405762,0.18446780413301436,-0.7127960743421662,41.152804910097586,1.6903046548366547,False
59,source_localization_stage4.1.wave_feature_conv1,198,5,1000,0.01,0.0,0.0,post_relu_mean,565.2046508789062,-565.2046508789062,55.4121208190918,0.0,0.0,161.22280883789062,0.05787340495753417,-0.16549865065748956,9.555033734773955,0.4965648752450943,False
59,source_localization_stage4.1.wave_feature_conv1,198,5,1000,0.01,0.0,0.0,post_relu_mean,141.26620483398438,-141.26620483398438,11.779196739196777,0.0,0.0,49.18783950805664,0.12380083499958286,-0.027250182620227124,1.573291569482137,0.29392262861132623,False
59,source_localization_stage4.1.wave_feature_conv1,120,5,1000,0.005,0.0,0.0,post_relu_mean,1111.830322265625,-1111.830322265625,106.55026245117188,0.0,0.0,980.5295524597168,0.8036666448467055,-0.9959701641314227,57.501777350783314,4.58537917137146,False
59,source_localization_stage4.1.wave_feature_conv1,120,5,1000,0.005,0.0,0.0,post_relu_mean,1087.3607177734375,-1087.3607177734375,102.9776611328125,0.0,0.0,813.6306381225586,0.6389081473455083,-0.8293501344339026,47.88251297126897,3.7909229576587675,False
59,source_localization_stage4.1.wave_feature_conv1,120,5,1000,0.005,0.0,0.0,post_relu_mean,930.5468139648438,-930.5468139648438,82.97022247314453,0.0,0.0,320.1993751525879,0.08781220696132451,-0.335082891491843,19.345787564899354,1.2853568184375763,False
59,source_localization_stage4.1.wave_feature_conv1,120,5,1000,0.005,0.0,0.0,post_relu_mean,503.18536376953125,-503.18536376953125,39.87449264526367,0.0,0.0,130.47724533081055,0.17002977803915048,-0.1208845653804309,6.979237225512057,0.5552710402011871,False
59,source_localization_stage4.1.wave_feature_conv1,120,5,1000,0.01,0.0,0.0,post_relu_mean,2218.318115234375,-2218.318115234375,211.36724853515625,0.0,0.0,1982.2004508972168,0.7027689929627595,-1.9789511507807225,114.25380072565616,4.765573995113373,False
59,source_localization_stage4.1.wave_feature_conv1,120,5,1000,0.01,0.0,0.0,post_relu_mean,2149.85693359375,-2149.85693359375,203.25315856933594,0.0,0.0,1625.4380722045898,0.520466698971947,-1.6272877528420142,93.95047988190126,3.8702134895324707,False
59,source_localization_stage4.1.wave_feature_conv1,120,5,1000,0.01,0.0,0.0,post_relu_mean,1830.810546875,-1830.810546875,160.21339416503906,0.0,0.0,641.1393165588379,0.10206656718337893,-0.6635315725575024,38.308804590265986,1.318817710876465,False
59,source_localization_stage4.1.wave_feature_conv1,120,5,1000,0.01,0.0,0.0,post_relu_mean,1104.000732421875,-1104.000732421875,86.50203704833984,0.0,0.0,265.01716232299805,0.11917209617394396,-0.27296734907081177,15.759734441853167,0.6083823099732399,False
59,source_localization_stage4.1.wave_feature_conv1,179,5,1000,0.005,0.0,0.0,post_relu_mean,481.3236083984375,-481.3236083984375,61.232688903808594,0.0,0.0,397.6163806915283,0.33231441761543423,-0.41761644059412023,24.110935074772353,2.375385618209839,False
59,source_localization_stage4.1.wave_feature_conv1,179,5,1000,0.005,0.0,0.0,post_relu_mean,471.5560607910156,-471.5560607910156,56.87086868286133,0.0,0.0,315.3822593688965,0.24256893905021096,-0.3304486734482815,19.078302155865806,1.8792701745033265,False
59,source_localization_stage4.1.wave_feature_conv1,179,5,1000,0.005,0.0,0.0,post_relu_mean,244.32374572753906,-244.32374572753906,25.31316566467285,0.0,0.0,68.73797225952148,0.10329383903406474,-0.061678288756687905,3.560972762637752,0.42325586929917336,False
59,source_localization_stage4.1.wave_feature_conv1,179,5,1000,0.005,0.0,0.0,post_relu_mean,38.16582107543945,-38.16582107543945,3.3778114318847656,0.0,0.0,32.780479431152344,0.19763194802660228,-0.005492858757969498,0.31714628309040854,0.25938222840428354,False
59,source_localization_stage4.1.wave_feature_conv1,179,5,1000,0.01,0.0,0.0,post_relu_mean,927.4715576171875,-927.4715576171875,116.3418197631836,0.0,0.0,788.6552295684814,0.3196769791321929,-0.8157106874906979,47.09450071152359,2.4693215072154997,False
59,source_localization_stage4.1.wave_feature_conv1,179,5,1000,0.01,0.0,0.0,post_relu_mean,928.1526489257812,-928.1526489257812,111.10196685791016,0.0,0.0,636.4010581970215,0.2329993335114473,-0.6728996398280318,38.84955443839815,1.9677091705799103,False
59,source_localization_stage4.1.wave_feature_conv1,179,5,1000,0.01,0.0,0.0,post_relu_mean,537.3635864257812,-537.3635864257812,54.64695358276367,0.0,0.0,141.77441024780273,0.08167647365285458,-0.14739294340665401,8.509938290101532,0.46436798706650734,False
59,source_localization_stage4.1.wave_feature_conv1,179,5,1000,0.01,0.0,0.0,post_relu_mean,79.04603576660156,-79.04603576660156,6.794410705566406,0.0,0.0,39.49470138549805,0.1467757737016884,-0.013695630587328407,0.7908522953012866,0.27125846572220325,False
61,source_localization_stage4.1.wave_feature_conv2,201,5,1000,0.005,0.0,0.0,post_relu_mean,677.4034423828125,-677.4034423828125,97.83860778808594,0.0,0.0,551.4151935577393,0.43282889963856813,-0.5865695705426693,33.86520394086817,3.204626795053482,False
61,source_localization_stage4.1.wave_feature_conv2,201,5,1000,0.005,0.0,0.0,post_relu_mean,667.4368896484375,-667.4368896484375,94.52326202392578,0.0,0.0,413.5575828552246,0.3374539360566404,-0.43006104877505974,24.829291923216697,2.519628245830536,False
61,source_localization_stage4.1.wave_feature_conv2,201,5,1000,0.005,0.0,0.0,post_relu_mean,162.85000610351562,-162.85000610351562,20.40929412841797,0.0,0.0,27.470783233642578,0.1774633639913524,-0.011219309514491398,0.6477569439664501,0.1377132362499833,False
61,source_localization_stage4.1.wave_feature_conv2,201,5,1000,0.005,0.0,0.0,post_relu_mean,3.3958728313446045,-3.3958728313446045,0.3943653702735901,0.0,0.0,34.77350831031799,0.3099519009519392,-0.001025467803202324,0.059504663966914284,0.10039200685918331,False
61,source_localization_stage4.1.wave_feature_conv2,201,5,1000,0.01,0.0,0.0,post_relu_mean,1347.411376953125,-1347.411376953125,191.02432250976562,0.0,0.0,1128.2374591827393,0.45654013522491843,-1.1605376182835967,67.00286424101142,3.4796558773517607,False
61,source_localization_stage4.1.wave_feature_conv2,201,5,1000,0.01,0.0,0.0,post_relu_mean,1330.9195556640625,-1330.9195556640625,186.78919982910156,0.0,0.0,846.3753929138184,0.34232122431798023,-0.9019763646404391,52.07536558279732,2.6842074620723726,False
61,source_localization_stage4.1.wave_feature_conv2,201,5,1000,0.01,0.0,0.0,post_relu_mean,368.88336181640625,-368.88336181640625,46.22504425048828,0.0,0.0,39.88600540161133,0.1303605823594547,-0.02761160365068697,1.5941433270408605,0.1552586816996336,False
61,source_localization_stage4.1.wave_feature_conv2,201,5,1000,0.01,0.0,0.0,post_relu_mean,3.7119686603546143,-3.7119686603546143,0.3865400552749634,0.0,0.0,35.16785717010498,0.2441990117225752,-0.000474170242274665,0.027396593523233818,0.09751066092401743,False
61,source_localization_stage4.1.wave_feature_conv2,221,5,1000,0.005,0.0,0.0,post_relu_mean,609.4690551757812,-609.4690551757812,99.58391571044922,0.0,0.0,485.1174774169922,0.37815532845858735,-0.5145356114295314,29.706572696497673,2.7987750589847566,False
61,source_localization_stage4.1.wave_feature_conv2,221,5,1000,0.005,0.0,0.0,post_relu_mean,609.997314453125,-609.997314453125,97.46565246582031,0.0,0.0,352.1638374328613,0.27914136559030805,-0.37504286647388346,21.652982190277143,2.124999862909317,False
61,source_localization_stage4.1.wave_feature_conv2,221,5,1000,0.005,0.0,0.0,post_relu_mean,9.299806594848633,-9.299806594848633,1.2311484813690186,0.0,0.0,21.224506378173828,0.19505023614713315,-0.0008331625901292827,0.048109731941740355,0.08571157038211823,False
61,source_localization_stage4.1.wave_feature_conv2,221,5,1000,0.005,0.0,0.0,post_relu_mean,1.822364091873169,-1.822364091873169,0.281524658203125,0.0,0.0,37.829264879226685,0.3390022615023372,-0.0010204344393745116,0.059194466007278096,0.09854064300656319,False
61,source_localization_stage4.1.wave_feature_conv2,221,5,1000,0.01,0.0,0.0,post_relu_mean,1178.88232421875,-1178.88232421875,193.7723388671875,0.0,0.0,960.3423309326172,0.3588396715749341,-1.0179782584011623,58.77229826538462,2.8846332108974457,False
61,source_localization_stage4.1.wave_feature_conv2,221,5,1000,0.01,0.0,0.0,post_relu_mean,1252.879638671875,-1252.879638671875,199.69613647460938,0.0,0.0,739.4699287414551,0.29414267630158597,-0.7806812026074578,45.07218172339227,2.2972863602638243,False
61,source_localization_stage4.1.wave_feature_conv2,221,5,1000,0.01,0.0,0.0,post_relu_mean,9.774431228637695,-9.774431228637695,1.250687837600708,0.0,0.0,21.552586555480957,0.14766868155286544,-0.000571176838214977,0.032994153745471794,0.09629917062819005,False
61,source_localization_stage4.1.wave_feature_conv2,221,5,1000,0.01,0.0,0.0,post_relu_mean,1.8026819229125977,-1.8026819229125977,0.2463294267654419,0.0,0.0,38.161535024642944,0.26591372682357894,-0.0004384999255358678,0.025392555068434977,0.10034328375011682,False
61,source_localization_stage4.1.wave_feature_conv2,254,5,1000,0.005,0.0,0.0,post_relu_mean,603.7200317382812,-603.7200317382812,101.26052856445312,0.0,0.0,478.0765075683594,0.4081116114001345,-0.5121545903408938,29.56947423050399,2.879978529214859,False
61,source_localization_stage4.1.wave_feature_conv2,254,5,1000,0.005,0.0,0.0,post_relu_mean,577.0156860351562,-577.0156860351562,95.24293518066406,0.0,0.0,325.12591552734375,0.2635148306834912,-0.34679027193727924,20.021781525409992,2.088335099220276,False
61,source_localization_stage4.1.wave_feature_conv2,254,5,1000,0.005,0.0,0.0,post_relu_mean,7.095767021179199,-7.095767021179199,0.9164573550224304,0.0,0.0,21.775078773498535,0.19299416503907552,-0.0007354639036607323,0.04256144947900094,0.09183508060872554,False
61,source_localization_stage4.1.wave_feature_conv2,254,5,1000,0.005,0.0,0.0,post_relu_mean,2.110126256942749,-2.110126256942749,0.29296964406967163,0.0,0.0,38.40076279640198,0.3376808348900243,-0.000795299142637105,0.04605875533498444,0.10632548462599516,False
61,source_localization_stage4.1.wave_feature_conv2,254,5,1000,0.01,0.0,0.0,post_relu_mean,1212.4610595703125,-1212.4610595703125,202.2549285888672,0.0,0.0,985.8231201171875,0.41179848074714,-1.021841916180351,58.995541867948376,3.0650726127624512,False
61,source_localization_stage4.1.wave_feature_conv2,254,5,1000,0.01,0.0,0.0,post_relu_mean,1188.3448486328125,-1188.3448486328125,194.19541931152344,0.0,0.0,689.0738830566406,0.3070682831067649,-0.7125829492172852,41.14050035527877,2.3098795557022096,False
61,source_localization_stage4.1.wave_feature_conv2,254,5,1000,0.01,0.0,0.0,post_relu_mean,7.852551460266113,-7.852551460266113,0.9767389297485352,0.0,0.0,22.07975149154663,0.1476727270868332,-0.0003503474639878844,0.02025119627761795,0.09375536285340785,False
61,source_localization_stage4.1.wave_feature_conv2,254,5,1000,0.01,0.0,0.0,post_relu_mean,2.0412001609802246,-2.0412001609802246,0.256118506193161,0.0,0.0,38.700348138809204,0.26524272352293005,-0.00044387415738793523,0.025632909882878196,0.10801929477602243,False
61,source_localization_stage4.1.wave_feature_conv2,152,5,1000,0.005,0.0,0.0,post_relu_mean,647.39306640625,-647.39306640625,99.4888916015625,0.0,0.0,524.4356269836426,0.4839000328745138,-0.5706547340960135,32.947165671960455,3.2743610072135927,False
61,source_localization_stage4.1.wave_feature_conv2,152,5,1000,0.005,0.0,0.0,post_relu_mean,625.3634643554688,-625.3634643554688,93.01228332519531,0.0,0.0,379.9701290130615,0.35752898509850395,-0.4029087159521516,23.261706377524728,2.5690966236591337,False
61,source_localization_stage4.1.wave_feature_conv2,152,5,1000,0.005,0.0,0.0,post_relu_mean,38.71435546875,-38.71435546875,5.0100321769714355,0.0,0.0,23.62952423095703,0.20991091311776194,-0.001407244599411799,0.08142605822794319,0.08924365818500518,False
61,source_localization_stage4.1.wave_feature_conv2,152,5,1000,0.005,0.0,0.0,post_relu_mean,2.1527652740478516,-2.1527652740478516,0.2841625511646271,0.0,0.0,39.47807478904724,0.3380932293296698,-0.000853577914209723,0.04944007089214205,0.10157581921666861,False
61,source_localization_stage4.1.wave_feature_conv2,152,5,1000,0.01,0.0,0.0,post_relu_mean,1308.9837646484375,-1308.9837646484375,199.31314086914062,0.0,0.0,1086.20210647583,0.486439374714396,-1.1372838903644709,65.66045590154825,3.4928774559497833,False
61,source_localization_stage4.1.wave_feature_conv2,152,5,1000,0.01,0.0,0.0,post_relu_mean,1264.8143310546875,-1264.8143310546875,186.9747314453125,0.0,0.0,784.5148677825928,0.3963171604296173,-0.819964392649245,47.340192115778514,2.781983802318573,False
61,source_localization_stage4.1.wave_feature_conv2,152,5,1000,0.01,0.0,0.0,post_relu_mean,48.94274139404297,-48.94274139404297,6.270841598510742,0.0,0.0,24.401840209960938,0.15982087378972942,-0.0015195163671587518,0.08775936051933177,0.092691751383245,False
61,source_localization_stage4.1.wave_feature_conv2,152,5,1000,0.01,0.0,0.0,post_relu_mean,2.202240467071533,-2.202240467071533,0.2625318467617035,0.0,0.0,39.74385690689087,0.2675494395669679,-0.0003955250003462498,0.022846759524726444,0.09878044869750738,False
61,source_localization_stage4.1.wave_feature_conv2,101,5,1000,0.005,0.0,0.0,post_relu_mean,863.2986450195312,-863.2986450195312,184.9808349609375,0.0,0.0,657.2241249084473,0.6335862650932861,-0.6704728727684744,38.70987746350489,2.9777849781513215,False
61,source_localization_stage4.1.wave_feature_conv2,101,5,1000,0.005,0.0,0.0,post_relu_mean,831.7501220703125,-831.7501220703125,174.76014709472656,0.0,0.0,384.3759059906006,0.3294504599784257,-0.40396656638065115,23.32290332990466,1.812395670413971,False
61,source_localization_stage4.1.wave_feature_conv2,101,5,1000,0.005,0.0,0.0,post_relu_mean,3.2385470867156982,-3.2385470867156982,0.4292546212673187,0.0,0.0,24.944706916809082,0.21701017091893132,-0.0009855081537413076,0.05698076646775936,0.0851594028249383,False
61,source_localization_stage4.1.wave_feature_conv2,101,5,1000,0.005,0.0,0.0,post_relu_mean,1.8667652606964111,-1.8667652606964111,0.26715388894081116,0.0,0.0,41.82051634788513,0.3631929064847267,-0.0009249897469174594,0.05354094659186227,0.10216217868030071,False
61,source_localization_stage4.1.wave_feature_conv2,101,5,1000,0.01,0.0,0.0,post_relu_mean,1726.6749267578125,-1726.6749267578125,365.5919189453125,0.0,0.0,1339.9893226623535,0.5607154606745144,-1.3680292465380481,78.98225116053928,3.1488389277458193,False
61,source_localization_stage4.1.wave_feature_conv2,101,5,1000,0.01,0.0,0.0,post_relu_mean,1666.41748046875,-1666.41748046875,349.9634704589844,0.0,0.0,781.03493309021,0.2897506292432398,-0.813243286251834,46.952115445181406,1.8651197975873948,False
61,source_localization_stage4.1.wave_feature_conv2,101,5,1000,0.01,0.0,0.0,post_relu_mean,3.449981212615967,-3.449981212615967,0.41062939167022705,0.0,0.0,25.295830249786377,0.16793284123814495,-0.000533007072470761,0.030882101819266605,0.09153441954404115,False
61,source_localization_stage4.1.wave_feature_conv2,101,5,1000,0.01,0.0,0.0,post_relu_mean,1.913100242614746,-1.913100242614746,0.24102568626403809,0.0,0.0,42.12813329696655,0.2893004990056841,-0.000607632742920185,0.03514051706735988,0.09793622314929962,False
51,source_localization_stage4.0.wave_feature_conv1,7,6,1000,0.005,0.0,0.0,post_relu_mean,895.2244873046875,-895.2244873046875,53.21011734008789,0.0,0.0,787.0551452636719,0.14356673971312556,-0.8378690828812465,48.373810460333544,2.2582815504074096,False
51,source_localization_stage4.0.wave_feature_conv1,7,6,1000,0.005,0.0,0.0,post_relu_mean,874.7547607421875,-874.7547607421875,49.81456756591797,0.0,0.0,703.5622444152832,0.11704943563845395,-0.7389805911682216,42.66453856813575,1.9873059993982316,False
51,source_localization_stage4.0.wave_feature_conv1,7,6,1000,0.005,0.0,0.0,post_relu_mean,750.451416015625,-750.451416015625,31.64093780517578,0.0,0.0,494.1653938293457,0.06232900558712596,-0.5147667438252729,29.719736836856686,1.4199823260307312,False
51,source_localization_stage4.0.wave_feature_conv1,7,6,1000,0.005,0.0,0.0,post_relu_mean,670.1162719726562,-670.1162719726562,25.663496017456055,0.0,0.0,408.3408393859863,0.07307366715431275,-0.422446220167345,24.38967267484802,1.2150988221168517,False
51,source_localization_stage4.0.wave_feature_conv1,7,6,1000,0.01,0.0,0.0,post_relu_mean,1775.1800537109375,-1775.1800537109375,104.75275421142578,0.0,0.0,1615.4680480957031,0.15196999194047184,-1.6706835045754072,96.45576141112296,2.335837563276291,False
51,source_localization_stage4.0.wave_feature_conv1,7,6,1000,0.01,0.0,0.0,post_relu_mean,1775.675537109375,-1775.675537109375,100.37040710449219,0.0,0.0,1478.093433380127,0.1337018257074975,-1.537852826600206,88.7869002848373,2.092800358533859,False
51,source_localization_stage4.0.wave_feature_conv1,7,6,1000,0.01,0.0,0.0,post_relu_mean,1508.5814208984375,-1508.5814208984375,63.34349060058594,0.0,0.0,1014.5262336730957,0.07214391197581028,-1.057543690469093,61.056555709021694,1.475272585749626,False
51,source_localization_stage4.0.wave_feature_conv1,7,6,1000,0.01,0.0,0.0,post_relu_mean,1343.0936279296875,-1343.0936279296875,50.28225326538086,0.0,0.0,835.1306343078613,0.07213430604505443,-0.9025767128553213,52.109653693299826,1.2845122545957566,False
51,source_localization_stage4.0.wave_feature_conv1,102,6,1000,0.005,0.0,0.0,post_relu_mean,989.3896484375,-989.3896484375,48.67998504638672,0.0,0.0,887.0433387756348,0.3306339888037198,-0.9234084698247828,53.31237678707258,3.9239470088481903,False
51,source_localization_stage4.0.wave_feature_conv1,102,6,1000,0.005,0.0,0.0,post_relu_mean,971.5076293945312,-971.5076293945312,46.55080032348633,0.0,0.0,809.7749938964844,0.25117177755645675,-0.8274660167895798,47.77326709661966,3.498325288295746,False
51,source_localization_stage4.0.wave_feature_conv1,102,6,1000,0.005,0.0,0.0,post_relu_mean,884.3286743164062,-884.3286743164062,39.42330551147461,0.0,0.0,571.000560760498,0.11946516084322278,-0.5791652341891431,33.437710012858844,2.4361805224418642,False
51,source_localization_stage4.0.wave_feature_conv1,102,6,1000,0.005,0.0,0.0,post_relu_mean,837.9276123046875,-837.9276123046875,36.224117279052734,0.0,0.0,471.88428115844727,0.10261008594590483,-0.4792446658166577,27.668864298711817,2.008786060214043,False
51,source_localization_stage4.0.wave_feature_conv1,102,6,1000,0.01,0.0,0.0,post_relu_mean,1968.421875,-1968.421875,96.96284484863281,0.0,0.0,1817.792667388916,0.38221440649794813,-1.8662675017497992,107.74766713184111,4.229116401672363,False
51,source_localization_stage4.0.wave_feature_conv1,102,6,1000,0.01,0.0,0.0,post_relu_mean,1863.17041015625,-1863.17041015625,88.75316619873047,0.0,0.0,1595.9318542480469,0.24948116903801673,-1.6190041297358115,93.47209207084745,3.6245494854450224,False
51,source_localization_stage4.0.wave_feature_conv1,102,6,1000,0.01,0.0,0.0,post_relu_mean,1755.2481689453125,-1755.2481689453125,78.36964416503906,0.0,0.0,1149.8225212097168,0.15717107322847257,-1.1677959092226815,67.42195782209991,2.5826625061035156,False
51,source_localization_stage4.0.wave_feature_conv1,102,6,1000,0.01,0.0,0.0,post_relu_mean,1650.621826171875,-1650.621826171875,70.48601531982422,0.0,0.0,941.9595069885254,0.12022508789924292,-0.9506244459547767,54.88370019265806,2.1016170918941497,False
51,source_localization_stage4.0.wave_feature_conv1,75,6,1000,0.005,0.0,0.0,post_relu_mean,981.8038940429688,-981.8038940429688,50.879634857177734,0.0,0.0,879.7825698852539,0.287513749338228,-0.9145251508332387,52.799484985838085,3.78049550652504,False
51,source_localization_stage4.0.wave_feature_conv1,75,6,1000,0.005,0.0,0.0,post_relu_mean,971.4005126953125,-971.4005126953125,49.482643127441406,0.0,0.0,804.8777122497559,0.2669990583417584,-0.8295681377477552,47.894604476685394,3.5265569496154785,False
51,source_localization_stage4.0.wave_feature_conv1,75,6,1000,0.005,0.0,0.0,post_relu_mean,926.113525390625,-926.113525390625,43.285011291503906,0.0,0.0,586.4113845825195,0.14461698073514673,-0.6050341108152338,34.93128558241998,2.476018304824829,False
51,source_localization_stage4.0.wave_feature_conv1,75,6,1000,0.005,0.0,0.0,post_relu_mean,857.3555297851562,-857.3555297851562,38.859153747558594,0.0,0.0,467.57522201538086,0.077606744200501,-0.48123188929485194,27.7835916585902,1.9531032401323318,False
51,source_localization_stage4.0.wave_feature_conv1,75,6,1000,0.01,0.0,0.0,post_relu_mean,1890.810546875,-1890.810546875,97.2491226196289,0.0,0.0,1742.4197158813477,0.3009763570173814,-1.7975184097009644,103.77903285778808,3.9089793479442596,False
51,source_localization_stage4.0.wave_feature_conv1,75,6,1000,0.01,0.0,0.0,post_relu_mean,1955.495361328125,-1955.495361328125,98.48137664794922,0.0,0.0,1666.475673675537,0.30844550930387604,-1.736246707315144,100.24103202111756,3.7789183604717254,False
51,source_localization_stage4.0.wave_feature_conv1,75,6,1000,0.01,0.0,0.0,post_relu_mean,1844.5384521484375,-1844.5384521484375,85.24408721923828,0.0,0.0,1190.143196105957,0.19077923536980393,-1.2161865189055259,70.21574198648584,2.6269960379600525,False
51,source_localization_stage4.0.wave_feature_conv1,75,6,1000,0.01,0.0,0.0,post_relu_mean,1746.59814453125,-1746.59814453125,78.38495635986328,0.0,0.0,961.5598411560059,0.11353504267649428,-0.9849103609029435,56.86326777810256,2.072132291793823,False
51,source_localization_stage4.0.wave_feature_conv1,81,6,1000,0.005,0.0,0.0,post_relu_mean,927.3871459960938,-927.3871459960938,45.715126037597656,0.0,0.0,837.491268157959,0.38731411237817187,-0.862920087681147,49.820125830673575,4.338576142787933,False
51,source_localization_stage4.0.wave_feature_conv1,81,6,1000,0.005,0.0,0.0,post_relu_mean,933.4420166015625,-933.4420166015625,45.437950134277344,0.0,0.0,784.03271484375,0.3484609981856399,-0.8011640631134187,46.25476812497057,4.009916564226151,False
51,source_localization_stage4.0.wave_feature_conv1,81,6,1000,0.005,0.0,0.0,post_relu_mean,868.7965087890625,-868.7965087890625,39.130409240722656,0.0,0.0,567.3916091918945,0.21457744605357457,-0.5836690092133284,33.6979025738628,2.9194853794574738,False
51,source_localization_stage4.0.wave_feature_conv1,81,6,1000,0.005,0.0,0.0,post_relu_mean,797.281005859375,-797.281005859375,34.799827575683594,0.0,0.0,455.29963302612305,0.13574445401743043,-0.4626014599492184,26.70805329909787,2.3150414419174195,False
51,source_localization_stage4.0.wave_feature_conv1,81,6,1000,0.01,0.0,0.0,post_relu_mean,1867.362060546875,-1867.362060546875,91.05963897705078,0.0,0.0,1732.121639251709,0.4166543992952406,-1.7438786229970686,100.6818526033335,4.614355027675629,False
51,source_localization_stage4.0.wave_feature_conv1,81,6,1000,0.01,0.0,0.0,post_relu_mean,1840.694091796875,-1840.694091796875,89.2855224609375,0.0,0.0,1581.665771484375,0.3670343546434079,-1.596555033413189,92.17600305616195,4.24418048620224,False
51,source_localization_stage4.0.wave_feature_conv1,81,6,1000,0.01,0.0,0.0,post_relu_mean,1662.1136474609375,-1662.1136474609375,73.50358581542969,0.0,0.0,1102.909797668457,0.20705642217691875,-1.1229052038099048,64.83038015873551,2.977367079257965,False
51,source_localization_stage4.0.wave_feature_conv1,81,6,1000,0.01,0.0,0.0,post_relu_mean,1614.82861328125,-1614.82861328125,69.6451416015625,0.0,0.0,924.394115447998,0.1824019774814197,-0.9303691813486743,53.71434004380599,2.490983102321625,False
51,source_localization_stage4.0.wave_feature_conv1,138,6,1000,0.005,0.0,0.0,post_relu_mean,822.9739990234375,-822.9739990234375,46.36686706542969,0.0,0.0,735.658576965332,0.3284047638677621,-0.7423227568909436,42.85757301183616,3.842874882221222,False
51,source_localization_stage4.0.wave_feature_conv1,138,6,1000,0.005,0.0,0.0,post_relu_mean,801.5047607421875,-801.5047607421875,43.710872650146484,0.0,0.0,659.6642761230469,0.27211885541258524,-0.6700714948141039,38.68611774610535,3.4596908926963805,False
51,source_localization_stage4.0.wave_feature_conv1,138,6,1000,0.005,0.0,0.0,post_relu_mean,722.6908569335938,-722.6908569335938,35.83871841430664,0.0,0.0,449.28786849975586,0.12710191364193962,-0.45049392458718934,26.009033609925666,2.310138033628464,False
51,source_localization_stage4.0.wave_feature_conv1,138,6,1000,0.005,0.0,0.0,post_relu_mean,679.0282592773438,-679.0282592773438,32.63600540161133,0.0,0.0,362.0309524536133,0.12307989548096988,-0.3561351000022558,20.561243298828735,1.864635233283043,False
51,source_localization_stage4.0.wave_feature_conv1,138,6,1000,0.01,0.0,0.0,post_relu_mean,1599.21337890625,-1599.21337890625,88.8241958618164,0.0,0.0,1469.4406204223633,0.34604014495124513,-1.490444395265155,86.04978729400152,4.007727080583573,False
51,source_localization_stage4.0.wave_feature_conv1,138,6,1000,0.01,0.0,0.0,post_relu_mean,1585.7718505859375,-1585.7718505859375,85.40676879882812,0.0,0.0,1339.6915588378906,0.31385000180538414,-1.39050292987061,80.2798972268133,3.6877618861198425,False
51,source_localization_stage4.0.wave_feature_conv1,138,6,1000,0.01,0.0,0.0,post_relu_mean,1507.869873046875,-1507.869873046875,73.72594451904297,0.0,0.0,950.3126792907715,0.19738325596003303,-0.9526310967680198,54.99955154009343,2.575396097898483,False
51,source_localization_stage4.0.wave_feature_conv1,138,6,1000,0.01,0.0,0.0,post_relu_mean,1401.6785888671875,-1401.6785888671875,66.52873992919922,0.0,0.0,745.7539138793945,0.140385371471772,-0.7619966098365105,43.99335823540088,2.0006758260726927,False
53,source_localization_stage4.0.wave_feature_conv2,254,6,1000,0.005,0.0,0.0,post_relu_mean,511.1161804199219,-511.1161804199219,35.493995666503906,0.0,0.0,450.06926918029785,0.23144533157214484,-0.4698058395826351,27.123977879732863,2.715847933292389,False
53,source_localization_stage4.0.wave_feature_conv2,254,6,1000,0.005,0.0,0.0,post_relu_mean,514.8685913085938,-514.8685913085938,34.53443908691406,0.0,0.0,407.29150581359863,0.2111776060508237,-0.42178304611729056,24.351462156261636,2.4579785370826723,False
53,source_localization_stage4.0.wave_feature_conv2,254,6,1000,0.005,0.0,0.0,post_relu_mean,472.8206787109375,-472.8206787109375,29.332796096801758,0.0,0.0,245.9568042755127,0.1156715221817729,-0.25090144011565374,14.485625520553505,1.5216085124015808,False
53,source_localization_stage4.0.wave_feature_conv2,254,6,1000,0.005,0.0,0.0,post_relu_mean,432.68707275390625,-432.68707275390625,26.31932258605957,0.0,0.0,169.81247901916504,0.06952641511396614,-0.17171102551413273,9.91380934452249,1.0618034440279007,False
53,source_localization_stage4.0.wave_feature_conv2,254,6,1000,0.01,0.0,0.0,post_relu_mean,1014.4808349609375,-1014.4808349609375,69.822021484375,0.0,0.0,919.1058902740479,0.2428906342523256,-0.9183968011370693,53.02306486897873,2.8569492506980896,False
53,source_localization_stage4.0.wave_feature_conv2,254,6,1000,0.01,0.0,0.0,post_relu_mean,984.9612426757812,-984.9612426757812,66.07862854003906,0.0,0.0,798.5236530303955,0.205741850021765,-0.8001732292910594,46.19747572317398,2.535538021326065,False
53,source_localization_stage4.0.wave_feature_conv2,254,6,1000,0.01,0.0,0.0,post_relu_mean,947.070068359375,-947.070068359375,58.53433609008789,0.0,0.0,501.19465827941895,0.14180521735122634,-0.5039277693902185,29.093943571074277,1.6512513607740402,False
53,source_localization_stage4.0.wave_feature_conv2,254,6,1000,0.01,0.0,0.0,post_relu_mean,870.4697875976562,-870.4697875976562,52.87961196899414,0.0,0.0,341.99228858947754,0.08974989807829882,-0.34991877016316275,20.202413007642225,1.1290870261192323,False
53,source_localization_stage4.0.wave_feature_conv2,101,6,1000,0.005,0.0,0.0,post_relu_mean,485.1329650878906,-485.1329650878906,35.350624084472656,0.0,0.0,424.86569595336914,0.23518128672273964,-0.42764247012211676,24.689662655981696,2.591138128042221,False
53,source_localization_stage4.0.wave_feature_conv2,101,6,1000,0.005,0.0,0.0,post_relu_mean,497.0389404296875,-497.0389404296875,35.32832336425781,0.0,0.0,388.1171417236328,0.21108919403200124,-0.3965386143015392,22.893919059576245,2.3213246881961824,False
53,source_localization_stage4.0.wave_feature_conv2,101,6,1000,0.005,0.0,0.0,post_relu_mean,463.732177734375,-463.732177734375,30.690528869628906,0.0,0.0,227.3377285003662,0.1340942807713075,-0.22824847213434976,13.177939313443622,1.4499531269073487,False
53,source_localization_stage4.0.wave_feature_conv2,101,6,1000,0.005,0.0,0.0,post_relu_mean,435.1016540527344,-435.1016540527344,28.2244873046875,0.0,0.0,153.83406257629395,0.08620352561297312,-0.15102614168518888,8.719470730209135,0.9845057293772698,False
53,source_localization_stage4.0.wave_feature_conv2,101,6,1000,0.01,0.0,0.0,post_relu_mean,984.0494995117188,-984.0494995117188,71.16243743896484,0.0,0.0,887.9704322814941,0.25726391659532105,-0.9033372824524472,52.15383313723068,2.773087683916092,False
53,source_localization_stage4.0.wave_feature_conv2,101,6,1000,0.01,0.0,0.0,post_relu_mean,980.5108032226562,-980.5108032226562,69.26903533935547,0.0,0.0,786.7371978759766,0.23161214704678293,-0.779658364811171,45.01321274188708,2.4979098439216614,False
53,source_localization_stage4.0.wave_feature_conv2,101,6,1000,0.01,0.0,0.0,post_relu_mean,902.806396484375,-902.806396484375,59.81552505493164,0.0,0.0,447.9744930267334,0.12827218885262726,-0.4520683662690932,26.099903048290837,1.4973049288988114,False
53,source_localization_stage4.0.wave_feature_conv2,101,6,1000,0.01,0.0,0.0,post_relu_mean,854.6600341796875,-854.6600341796875,54.96942901611328,0.0,0.0,305.9430408477783,0.08549254066993148,-0.3108772686739653,17.948341376281746,1.0108028972148895,False
53,source_localization_stage4.0.wave_feature_conv2,152,6,1000,0.005,0.0,0.0,post_relu_mean,309.85357666015625,-309.85357666015625,30.996984481811523,0.0,0.0,262.5260696411133,0.16231083872590873,-0.2697930251868052,15.576318453733945,1.6487398087978362,False
53,source_localization_stage4.0.wave_feature_conv2,152,6,1000,0.005,0.0,0.0,post_relu_mean,294.141845703125,-294.141845703125,27.71323585510254,0.0,0.0,212.89420318603516,0.117958879076335,-0.22526991565292057,13.005826582596285,1.3290300518274307,False
53,source_localization_stage4.0.wave_feature_conv2,152,6,1000,0.005,0.0,0.0,post_relu_mean,267.3782958984375,-267.3782958984375,23.339649200439453,0.0,0.0,94.91958808898926,0.04392717545326313,-0.096211874142221,5.55474672851388,0.4891870741546154,False
53,source_localization_stage4.0.wave_feature_conv2,152,6,1000,0.005,0.0,0.0,post_relu_mean,131.6583709716797,-131.6583709716797,8.902267456054688,0.0,0.0,52.50096130371094,0.04952797942342741,-0.05072233696902298,2.928435001557287,0.25883459389209745,False
53,source_localization_stage4.0.wave_feature_conv2,152,6,1000,0.01,0.0,0.0,post_relu_mean,633.5217895507812,-633.5217895507812,61.78160858154297,0.0,0.0,555.4096450805664,0.17287180627415663,-0.580562681059214,33.51873940126038,1.7608137476444243,False
53,source_localization_stage4.0.wave_feature_conv2,152,6,1000,0.01,0.0,0.0,post_relu_mean,605.2333374023438,-605.2333374023438,56.32125473022461,0.0,0.0,452.4656448364258,0.13192610894646659,-0.4814437805784621,27.795871673977402,1.4422507500648498,False
53,source_localization_stage4.0.wave_feature_conv2,152,6,1000,0.01,0.0,0.0,post_relu_mean,517.7926635742188,-517.7926635742188,44.70746994018555,0.0,0.0,185.075288772583,0.04843334236663015,-0.18921506852673758,10.924250191327033,0.5171613024175167,False
53,source_localization_stage4.0.wave_feature_conv2,152,6,1000,0.01,0.0,0.0,post_relu_mean,283.526123046875,-283.526123046875,18.909225463867188,0.0,0.0,104.29913330078125,0.03849511274665288,-0.10317838262118663,5.956934160721783,0.2809030710160732,False
53,source_localization_stage4.0.wave_feature_conv2,69,6,1000,0.005,0.0,0.0,post_relu_mean,250.7475128173828,-250.7475128173828,37.829307556152344,0.0,0.0,199.44941234588623,0.1337906869240223,-0.2055939447192234,11.86991114068919,1.21919313788414,False
53,source_localization_stage4.0.wave_feature_conv2,69,6,1000,0.005,0.0,0.0,post_relu_mean,236.2019500732422,-236.2019500732422,29.723142623901367,0.0,0.0,152.80803680419922,0.10371035309132753,-0.15482107171774137,8.938499683468635,0.9342722591757774,False
53,source_localization_stage4.0.wave_feature_conv2,69,6,1000,0.005,0.0,0.0,post_relu_mean,104.71456909179688,-104.71456909179688,10.625964164733887,0.0,0.0,30.54288101196289,0.03509186267289681,-0.028812565730212288,1.6635427167657988,0.15911085121333599,False
53,source_localization_stage4.0.wave_feature_conv2,69,6,1000,0.005,0.0,0.0,post_relu_mean,26.046470642089844,-26.046470642089844,2.07393217086792,0.0,0.0,18.134748458862305,0.07277147037514785,-0.006159693750072328,0.3556260618991694,0.12222427874803543,False
53,source_localization_stage4.0.wave_feature_conv2,69,6,1000,0.01,0.0,0.0,post_relu_mean,500.724365234375,-500.724365234375,78.9082260131836,0.0,0.0,408.3473310470581,0.12238515123949911,-0.424804871022044,24.525849990801618,1.261154379248619,False
53,source_localization_stage4.0.wave_feature_conv2,69,6,1000,0.01,0.0,0.0,post_relu_mean,475.8776550292969,-475.8776550292969,59.173728942871094,0.0,0.0,318.85726165771484,0.11347983816216518,-0.3215001195342384,18.561592726172066,1.037335275709629,False
53,source_localization_stage4.0.wave_feature_conv2,69,6,1000,0.01,0.0,0.0,post_relu_mean,224.30137634277344,-224.30137634277344,22.39413070678711,0.0,0.0,61.86844253540039,0.02728135886627322,-0.06303600732718512,3.639341047009521,0.17697803862392902,False
53,source_localization_stage4.0.wave_feature_conv2,69,6,1000,0.01,0.0,0.0,post_relu_mean,50.19605255126953,-50.19605255126953,3.867699146270752,0.0,0.0,24.346662521362305,0.05356895118854321,-0.013476066107261046,0.7780532084921412,0.13260645974427462,False
53,source_localization_stage4.0.wave_feature_conv2,149,6,1000,0.005,0.0,0.0,post_relu_mean,226.3834991455078,-226.3834991455078,30.765195846557617,0.0,0.0,183.0342140197754,0.1055400869156862,-0.1941864871885774,11.211479249670306,1.1177482080459595,False
53,source_localization_stage4.0.wave_feature_conv2,149,6,1000,0.005,0.0,0.0,post_relu_mean,225.76475524902344,-225.76475524902344,29.757448196411133,0.0,0.0,143.17495346069336,0.07653907333664216,-0.15030465875286717,8.677749211241776,0.8343988704681397,False
53,source_localization_stage4.0.wave_feature_conv2,149,6,1000,0.005,0.0,0.0,post_relu_mean,76.8727035522461,-76.8727035522461,7.398242950439453,0.0,0.0,27.816100120544434,0.034433134167517226,-0.023402389458273144,1.3517276592948118,0.15345056988298894,False
53,source_localization_stage4.0.wave_feature_conv2,149,6,1000,0.005,0.0,0.0,post_relu_mean,22.651630401611328,-22.651630401611328,1.7826671600341797,0.0,0.0,18.568373680114746,0.07544909598669264,-0.005700139371379411,0.3291177197057232,0.12547232519835233,False
53,source_localization_stage4.0.wave_feature_conv2,149,6,1000,0.01,0.0,0.0,post_relu_mean,450.6860046386719,-450.6860046386719,61.430599212646484,0.0,0.0,376.67131423950195,0.11344085396076001,-0.38183540256688786,22.045011222528395,1.1877178037166596,False
53,source_localization_stage4.0.wave_feature_conv2,149,6,1000,0.01,0.0,0.0,post_relu_mean,445.0851135253906,-445.0851135253906,58.57109451293945,0.0,0.0,290.46120834350586,0.08658019027687568,-0.2973551177349074,17.167651010809497,0.8873398366570473,False
53,source_localization_stage4.0.wave_feature_conv2,149,6,1000,0.01,0.0,0.0,post_relu_mean,152.3841552734375,-152.3841552734375,14.418428421020508,0.0,0.0,50.676161766052246,0.025401960983223407,-0.04873039847579746,2.813485170037257,0.16810981445014478,False
53,source_localization_stage4.0.wave_feature_conv2,149,6,1000,0.01,0.0,0.0,post_relu_mean,46.20466232299805,-46.20466232299805,3.596374988555908,0.0,0.0,23.984328269958496,0.05541479395123915,-0.01103347379626797,0.6370104787423817,0.13866011768579484,False
56,source_localization_stage4.0.skip_connection.0,74,6,1000,0.005,0.0,0.0,post_relu_mean,655.4597778320312,-655.4597778320312,64.23963165283203,0.0,0.0,557.1576614379883,0.16705654344981297,-0.5724441912164746,33.04975391706989,2.0564033353328703,False
56,source_localization_stage4.0.skip_connection.0,74,6,1000,0.005,0.0,0.0,post_relu_mean,651.1327514648438,-651.1327514648438,61.70643615722656,0.0,0.0,471.7547073364258,0.1378108463270217,-0.4935798899428052,28.496560070933757,1.744407640695572,False
56,source_localization_stage4.0.skip_connection.0,74,6,1000,0.005,0.0,0.0,post_relu_mean,436.15618896484375,-436.15618896484375,35.003849029541016,0.0,0.0,178.35046005249023,0.08513863928276277,-0.18278195680935724,10.55332951714255,0.81246531188488,False
56,source_localization_stage4.0.skip_connection.0,74,6,1000,0.005,0.0,0.0,post_relu_mean,270.82269287109375,-270.82269287109375,19.105466842651367,0.0,0.0,99.40871047973633,0.12880516898884445,-0.09387446679956672,5.419962364168788,0.5929734006524086,False
56,source_localization_stage4.0.skip_connection.0,74,6,1000,0.01,0.0,0.0,post_relu_mean,1292.85986328125,-1292.85986328125,126.16584777832031,0.0,0.0,1132.631477355957,0.16475795030030227,-1.159495176496844,66.94269994189612,2.1424945783615112,False
56,source_localization_stage4.0.skip_connection.0,74,6,1000,0.01,0.0,0.0,post_relu_mean,1246.938232421875,-1246.938232421875,117.801025390625,0.0,0.0,927.3237075805664,0.13167902849791688,-0.9486422564464257,54.769379150032236,1.7641151696443558,False
56,source_localization_stage4.0.skip_connection.0,74,6,1000,0.01,0.0,0.0,post_relu_mean,872.2679443359375,-872.2679443359375,69.43685913085938,0.0,0.0,356.214656829834,0.07272397579649865,-0.36906570687491064,21.307755440473777,0.8406646183133125,False
56,source_localization_stage4.0.skip_connection.0,74,6,1000,0.01,0.0,0.0,post_relu_mean,564.0299072265625,-564.0299072265625,39.67878341674805,0.0,0.0,186.88275527954102,0.09918391939861344,-0.1872729609606817,10.812189166652747,0.6317746704816818,False
56,source_localization_stage4.0.skip_connection.0,37,6,1000,0.005,0.0,0.0,post_relu_mean,577.2469482421875,-577.2469482421875,58.14289855957031,0.0,0.0,493.19744873046875,0.17810697866419048,-0.510555205271123,29.476691450040473,2.0846073067188264,False
56,source_localization_stage4.0.skip_connection.0,37,6,1000,0.005,0.0,0.0,post_relu_mean,552.6004638671875,-552.6004638671875,53.82126235961914,0.0,0.0,401.1390037536621,0.13861084018783648,-0.4160889930985457,24.02261483079059,1.7320556825399398,False
56,source_localization_stage4.0.skip_connection.0,37,6,1000,0.005,0.0,0.0,post_relu_mean,353.3245849609375,-353.3245849609375,29.74183464050293,0.0,0.0,143.34691619873047,0.1208808451555401,-0.14886567418702068,8.596744996237536,0.6410397392511368,False
56,source_localization_stage4.0.skip_connection.0,37,6,1000,0.005,0.0,0.0,post_relu_mean,195.95346069335938,-195.95346069335938,14.972843170166016,0.0,0.0,74.30833053588867,0.19132382648937996,-0.05798789496791251,3.347952061210293,0.4270038428902626,False
56,source_localization_stage4.0.skip_connection.0,37,6,1000,0.01,0.0,0.0,post_relu_mean,1170.349365234375,-1170.349365234375,115.21958923339844,0.0,0.0,1029.22314453125,0.19335965150805445,-1.0650276161536607,61.48866767730197,2.182924128770828,False
56,source_localization_stage4.0.skip_connection.0,37,6,1000,0.01,0.0,0.0,post_relu_mean,1080.10498046875,-1080.10498046875,104.90226745605469,0.0,0.0,800.9410057067871,0.1282004778827019,-0.8262443796202328,47.7026557995686,1.7480370491743087,False
56,source_localization_stage4.0.skip_connection.0,37,6,1000,0.01,0.0,0.0,post_relu_mean,754.89404296875,-754.89404296875,62.35826873779297,0.0,0.0,300.29312896728516,0.0928112395562613,-0.31215964953414604,18.02242648865824,0.7195641368627548,False
56,source_localization_stage4.0.skip_connection.0,37,6,1000,0.01,0.0,0.0,post_relu_mean,431.8445129394531,-431.8445129394531,32.23923110961914,0.0,0.0,137.53550338745117,0.14422135416440893,-0.1309233135605917,7.558788513601559,0.44197767451405523,False
56,source_localization_stage4.0.skip_connection.0,221,6,1000,0.005,0.0,0.0,post_relu_mean,581.2984008789062,-581.2984008789062,51.35497283935547,0.0,0.0,504.4926948547363,0.11501639679655962,-0.5227112399153974,30.178503596593476,2.152981563806534,False
56,source_localization_stage4.0.skip_connection.0,221,6,1000,0.005,0.0,0.0,post_relu_mean,561.4552612304688,-561.4552612304688,47.748722076416016,0.0,0.0,425.6337299346924,0.07685391121721283,-0.4350421016003304,25.116952238831516,1.7972889345884324,False
56,source_localization_stage4.0.skip_connection.0,221,6,1000,0.005,0.0,0.0,post_relu_mean,441.3558654785156,-441.3558654785156,33.65663146972656,0.0,0.0,202.48468208312988,0.10613657679768337,-0.1964589206092152,11.342431903316578,0.8559062519669532,False
56,source_localization_stage4.0.skip_connection.0,221,6,1000,0.005,0.0,0.0,post_relu_mean,314.1828308105469,-314.1828308105469,21.04873275756836,0.0,0.0,132.2507038116455,0.152682778348413,-0.10745811036099269,6.204025569309437,0.6505397325754165,False
56,source_localization_stage4.0.skip_connection.0,221,6,1000,0.01,0.0,0.0,post_relu_mean,1153.944091796875,-1153.944091796875,100.5665512084961,0.0,0.0,1027.9268379211426,0.11388999307751839,-1.0695948497955614,61.75235293516569,2.1930815982818603,False
56,source_localization_stage4.0.skip_connection.0,221,6,1000,0.01,0.0,0.0,post_relu_mean,1098.5020751953125,-1098.5020751953125,92.40814971923828,0.0,0.0,851.0319538116455,0.10566959800631436,-0.8689849170515153,50.17049248602665,1.8964319974184036,False
56,source_localization_stage4.0.skip_connection.0,221,6,1000,0.01,0.0,0.0,post_relu_mean,923.676513671875,-923.676513671875,69.07173919677734,0.0,0.0,419.19204902648926,0.08519370211614914,-0.4342720418901586,25.072565010073866,0.930540238916874,False
56,source_localization_stage4.0.skip_connection.0,221,6,1000,0.01,0.0,0.0,post_relu_mean,644.767822265625,-644.767822265625,42.94352722167969,0.0,0.0,243.88775825500488,0.11510487166650772,-0.22853005311033653,13.194071124390284,0.6659081214666367,False
56,source_localization_stage4.0.skip_connection.0,254,6,1000,0.005,0.0,0.0,post_relu_mean,546.2686767578125,-546.2686767578125,52.07722854614258,0.0,0.0,470.9845142364502,0.15301829262495772,-0.47971943235501047,27.696384496536538,2.312583795785904,False
56,source_localization_stage4.0.skip_connection.0,254,6,1000,0.005,0.0,0.0,post_relu_mean,528.2703857421875,-528.2703857421875,48.031654357910156,0.0,0.0,393.99846839904785,0.1087808323530736,-0.3964685235752719,22.889841164525667,1.9236061984300614,False
56,source_localization_stage4.0.skip_connection.0,254,6,1000,0.005,0.0,0.0,post_relu_mean,409.83404541015625,-409.83404541015625,32.24763107299805,0.0,0.0,183.83114624023438,0.09834778857843737,-0.17700391846801788,10.219226212502234,0.9088008800148963,False
56,source_localization_stage4.0.skip_connection.0,254,6,1000,0.005,0.0,0.0,post_relu_mean,255.5054473876953,-255.5054473876953,18.063495635986328,0.0,0.0,105.74839782714844,0.15876298058418234,-0.08461520802775319,4.885231310084604,0.6188293844461441,False
56,source_localization_stage4.0.skip_connection.0,254,6,1000,0.01,0.0,0.0,post_relu_mean,1098.4945068359375,-1098.4945068359375,102.09087371826172,0.0,0.0,973.1967029571533,0.20738228887292,-1.0114966690542992,58.3981738699667,2.5543814194202423,False
56,source_localization_stage4.0.skip_connection.0,254,6,1000,0.01,0.0,0.0,post_relu_mean,1079.8116455078125,-1079.8116455078125,95.76959228515625,0.0,0.0,826.1949100494385,0.1576650036704272,-0.8570463113964323,49.48117589930949,2.103211671113968,False
56,source_localization_stage4.0.skip_connection.0,254,6,1000,0.01,0.0,0.0,post_relu_mean,830.2676391601562,-830.2676391601562,65.12422180175781,0.0,0.0,357.6903076171875,0.07825591805333822,-0.36213697311732096,20.907756950522,0.9703526809811592,False
56,source_localization_stage4.0.skip_connection.0,254,6,1000,0.01,0.0,0.0,post_relu_mean,527.68505859375,-527.68505859375,36.738948822021484,0.0,0.0,191.1734619140625,0.12100728280685666,-0.1748867333438707,10.097081707429085,0.6419534802436828,False
56,source_localization_stage4.0.skip_connection.0,59,6,1000,0.005,0.0,0.0,post_relu_mean,516.3265380859375,-516.3265380859375,51.309547424316406,0.0,0.0,443.0126266479492,0.1468678892673627,-0.4650828349566161,26.851358813626476,2.2241441774368287,False
56,source_localization_stage4.0.skip_connection.0,59,6,1000,0.005,0.0,0.0,post_relu_mean,505.46795654296875,-505.46795654296875,48.02405548095703,0.0,0.0,372.4246482849121,0.12785952528365904,-0.3846071902682577,22.20516220199769,1.8968801498413086,False
56,source_localization_stage4.0.skip_connection.0,59,6,1000,0.005,0.0,0.0,post_relu_mean,347.27923583984375,-347.27923583984375,28.202783584594727,0.0,0.0,152.84578323364258,0.114580857140484,-0.1435089452713918,8.28584097182881,0.8599564859271049,False
56,source_localization_stage4.0.skip_connection.0,59,6,1000,0.005,0.0,0.0,post_relu_mean,206.7127685546875,-206.7127685546875,15.253754615783691,0.0,0.0,86.29794311523438,0.17582957272044195,-0.06050726553312454,3.4937107896453234,0.5926227703690529,False
56,source_localization_stage4.0.skip_connection.0,59,6,1000,0.01,0.0,0.0,post_relu_mean,1043.424072265625,-1043.424072265625,101.38109588623047,0.0,0.0,920.0385971069336,0.17568131344627377,-0.9604982372178932,55.45396290426536,2.341432881355286,False
56,source_localization_stage4.0.skip_connection.0,59,6,1000,0.01,0.0,0.0,post_relu_mean,998.561767578125,-998.561767578125,94.85057830810547,0.0,0.0,748.4521141052246,0.13983847921922662,-0.7740494232875842,44.68941125876581,1.9744966286420822,False
56,source_localization_stage4.0.skip_connection.0,59,6,1000,0.01,0.0,0.0,post_relu_mean,726.525634765625,-726.525634765625,57.57005310058594,0.0,0.0,311.8376655578613,0.09400877869414638,-0.32483922818895666,18.7544043876804,0.9427686765789985,False
56,source_localization_stage4.0.skip_connection.0,59,6,1000,0.01,0.0,0.0,post_relu_mean,411.8680725097656,-411.8680725097656,30.113718032836914,0.0,0.0,142.85362243652344,0.1342434016419899,-0.12084569951773208,6.976964587872016,0.6261950680613517,False
59,source_localization_stage4.1.wave_feature_conv1,152,6,1000,0.005,0.0,0.0,post_relu_mean,1213.8828125,-1213.8828125,101.01927947998047,0.0,0.0,1053.248649597168,0.6638607631706696,-1.1881379305905986,68.59858111548219,5.468786330223083,False
59,source_localization_stage4.1.wave_feature_conv1,152,6,1000,0.005,0.0,0.0,post_relu_mean,1061.64111328125,-1061.64111328125,77.2306900024414,0.0,0.0,818.6498489379883,0.4846946985952852,-0.8768495726522803,50.62444153932902,4.658871855735779,False
59,source_localization_stage4.1.wave_feature_conv1,152,6,1000,0.005,0.0,0.0,post_relu_mean,974.4281616210938,-974.4281616210938,60.848636627197266,0.0,0.0,500.4832534790039,0.26922745148612837,-0.5133652409990059,29.638834444121155,2.971416474580765,False
59,source_localization_stage4.1.wave_feature_conv1,152,6,1000,0.005,0.0,0.0,post_relu_mean,896.626708984375,-896.626708984375,55.080101013183594,0.0,0.0,344.41280364990234,0.1922940127640398,-0.33676641036356714,19.442975362180448,2.0953560197353363,False
59,source_localization_stage4.1.wave_feature_conv1,152,6,1000,0.01,0.0,0.0,post_relu_mean,2340.790283203125,-2340.790283203125,199.91392517089844,0.0,0.0,2081.261589050293,0.6098858009052667,-2.173822667496619,125.50451982042145,5.657712407112122,False
59,source_localization_stage4.1.wave_feature_conv1,152,6,1000,0.01,0.0,0.0,post_relu_mean,2324.99072265625,-2324.99072265625,189.08189392089844,0.0,0.0,1802.371467590332,0.5106956397523664,-1.8793167884922224,108.5017117738836,5.029804351329804,False
59,source_localization_stage4.1.wave_feature_conv1,152,6,1000,0.01,0.0,0.0,post_relu_mean,1912.3797607421875,-1912.3797607421875,119.51142883300781,0.0,0.0,998.4639663696289,0.2986470878377177,-0.9837397017536523,56.79564294062735,3.1585614430904387,False
59,source_localization_stage4.1.wave_feature_conv1,152,6,1000,0.01,0.0,0.0,post_relu_mean,1795.3502197265625,-1795.3502197265625,110.1242904663086,0.0,0.0,692.6944198608398,0.1982992270564836,-0.7035854162955636,40.621108331250944,2.2039576995372774,False
59,source_localization_stage4.1.wave_feature_conv1,232,6,1000,0.005,0.0,0.0,post_relu_mean,995.3775634765625,-995.3775634765625,107.82393646240234,0.0,0.0,841.8067436218262,0.5739346222618286,-0.9044463670948464,52.21787270520097,3.6126788461208346,False
59,source_localization_stage4.1.wave_feature_conv1,232,6,1000,0.005,0.0,0.0,post_relu_mean,980.9203491210938,-980.9203491210938,103.95057678222656,0.0,0.0,685.0786285400391,0.4610835008864459,-0.7512661381292833,43.374044156922956,2.9715677106380465,False
59,source_localization_stage4.1.wave_feature_conv1,232,6,1000,0.005,0.0,0.0,post_relu_mean,558.8923950195312,-558.8923950195312,48.122676849365234,0.0,0.0,194.6123046875,0.05721349120121965,-0.20119763455512166,11.616027672564572,0.8418025749921799,False
59,source_localization_stage4.1.wave_feature_conv1,232,6,1000,0.005,0.0,0.0,post_relu_mean,319.15435791015625,-319.15435791015625,23.773225784301758,0.0,0.0,94.36473846435547,0.07494186970048253,-0.0849251713585015,4.903106214131812,0.49981804817914965,False
59,source_localization_stage4.1.wave_feature_conv1,232,6,1000,0.01,0.0,0.0,post_relu_mean,1955.1368408203125,-1955.1368408203125,211.02798461914062,0.0,0.0,1698.3619804382324,0.5649002725019642,-1.7211280032977387,99.36869348601115,3.861543823480606,False
59,source_localization_stage4.1.wave_feature_conv1,232,6,1000,0.01,0.0,0.0,post_relu_mean,1983.69482421875,-1983.69482421875,210.5560760498047,0.0,0.0,1421.339370727539,0.4693406471546122,-1.4250650108415799,82.27581158408918,3.166351457834244,False
59,source_localization_stage4.1.wave_feature_conv1,232,6,1000,0.01,0.0,0.0,post_relu_mean,1080.6300048828125,-1080.6300048828125,91.4249267578125,0.0,0.0,391.5830383300781,0.06574970420324806,-0.4061132075024288,23.446669529617456,0.8773541319370269,False
59,source_localization_stage4.1.wave_feature_conv1,232,6,1000,0.01,0.0,0.0,post_relu_mean,624.670166015625,-624.670166015625,46.590110778808594,0.0,0.0,171.71167755126953,0.06188406705274848,-0.16940880758499674,9.78087898821337,0.5078051345050335,False
59,source_localization_stage4.1.wave_feature_conv1,179,6,1000,0.005,0.0,0.0,post_relu_mean,516.2106323242188,-516.2106323242188,62.2105598449707,0.0,0.0,419.1285820007324,0.276997544002232,-0.4276231172670796,24.688576750504755,2.7330294501781465,False
59,source_localization_stage4.1.wave_feature_conv1,179,6,1000,0.005,0.0,0.0,post_relu_mean,496.21661376953125,-496.21661376953125,58.9738883972168,0.0,0.0,323.7557258605957,0.18646009838686428,-0.32595831196744274,18.81919001437339,2.151998754739761,False
59,source_localization_stage4.1.wave_feature_conv1,179,6,1000,0.005,0.0,0.0,post_relu_mean,351.810791015625,-351.810791015625,37.06452178955078,0.0,0.0,81.61841583251953,0.059317551590975966,-0.07649649704529968,4.4164972567529315,0.4756124496459961,False
59,source_localization_stage4.1.wave_feature_conv1,179,6,1000,0.005,0.0,0.0,post_relu_mean,50.48393249511719,-50.48393249511719,4.448176860809326,0.0,0.0,30.202564239501953,0.12786968997354586,-0.007446923218368546,0.43022918813700406,0.2561347206681967,False
59,source_localization_stage4.1.wave_feature_conv1,179,6,1000,0.01,0.0,0.0,post_relu_mean,969.23046875,-969.23046875,116.56391906738281,0.0,0.0,817.7950859069824,0.2555227042170011,-0.8236429746040282,47.55249853212875,2.829047576189041,False
59,source_localization_stage4.1.wave_feature_conv1,179,6,1000,0.01,0.0,0.0,post_relu_mean,1006.4584350585938,-1006.4584350585938,117.24580383300781,0.0,0.0,688.3177680969238,0.22761125925385686,-0.6938973006795873,40.06170623351082,2.3496674251556398,False
59,source_localization_stage4.1.wave_feature_conv1,179,6,1000,0.01,0.0,0.0,post_relu_mean,708.320068359375,-708.320068359375,74.0381851196289,0.0,0.0,160.82523345947266,0.051460869670568385,-0.16451038664730044,9.498045518040083,0.505022783279419,False
59,source_localization_stage4.1.wave_feature_conv1,179,6,1000,0.01,0.0,0.0,post_relu_mean,99.9607925415039,-99.9607925415039,8.659048080444336,0.0,0.0,37.570709228515625,0.09353191675450911,-0.01404696418260371,0.8110426062116366,0.28026703670620917,False
59,source_localization_stage4.1.wave_feature_conv1,120,6,1000,0.005,0.0,0.0,post_relu_mean,1145.6552734375,-1145.6552734375,110.04468536376953,0.0,0.0,1000.8652381896973,0.7961268181859404,-1.0232133197433941,59.07485597938669,4.57414897441864,False
59,source_localization_stage4.1.wave_feature_conv1,120,6,1000,0.005,0.0,0.0,post_relu_mean,1162.4251708984375,-1162.4251708984375,110.04029083251953,0.0,0.0,862.4251575469971,0.7211936611152409,-0.8909871604059386,51.441157131113876,3.9825596690177916,False
59,source_localization_stage4.1.wave_feature_conv1,120,6,1000,0.005,0.0,0.0,post_relu_mean,922.475341796875,-922.475341796875,81.59681701660156,0.0,0.0,318.4200744628906,0.10308765001059927,-0.3274043412059422,18.902547689351184,1.3119876956939698,False
59,source_localization_stage4.1.wave_feature_conv1,120,6,1000,0.005,0.0,0.0,post_relu_mean,437.51702880859375,-437.51702880859375,33.32033157348633,0.0,0.0,128.64467239379883,0.13569201709663647,-0.11845099090734103,6.838697449422404,0.5863846844434738,False
59,source_localization_stage4.1.wave_feature_conv1,120,6,1000,0.01,0.0,0.0,post_relu_mean,2246.269775390625,-2246.269775390625,214.61326599121094,0.0,0.0,1996.9111366271973,0.7573627808350524,-1.9583411969332434,113.06348631858306,4.829205052852631,False
59,source_localization_stage4.1.wave_feature_conv1,120,6,1000,0.01,0.0,0.0,post_relu_mean,2227.58447265625,-2227.58447265625,209.804931640625,0.0,0.0,1678.1728382110596,0.6190660097769947,-1.653333528650716,95.45414625375645,4.05608858704567,False
59,source_localization_stage4.1.wave_feature_conv1,120,6,1000,0.01,0.0,0.0,post_relu_mean,1853.2589111328125,-1853.2589111328125,164.52493286132812,0.0,0.0,627.2427673339844,0.08961806276554364,-0.6433975665828412,37.146147378586456,1.3163598388433457,False
59,source_localization_stage4.1.wave_feature_conv1,120,6,1000,0.01,0.0,0.0,post_relu_mean,956.1627197265625,-956.1627197265625,72.60432434082031,0.0,0.0,254.45045852661133,0.09208368650845748,-0.250715229764289,14.474871187872472,0.6448155504465103,False
59,source_localization_stage4.1.wave_feature_conv1,198,6,1000,0.005,0.0,0.0,post_relu_mean,553.0360107421875,-553.0360107421875,67.94866180419922,0.0,0.0,453.05842208862305,0.2551301984900791,-0.46768211921515074,27.001375508643264,2.269975320100784,False
59,source_localization_stage4.1.wave_feature_conv1,198,6,1000,0.005,0.0,0.0,post_relu_mean,535.5613403320312,-535.5613403320312,64.64704132080078,0.0,0.0,351.7767734527588,0.193728102630444,-0.36761775596513924,21.22424623048997,1.7676498538255692,False
59,source_localization_stage4.1.wave_feature_conv1,198,6,1000,0.005,0.0,0.0,post_relu_mean,276.86572265625,-276.86572265625,27.598297119140625,0.0,0.0,80.58476638793945,0.06200204948490122,-0.07150578556562912,4.1283470903362804,0.42668286576867104,False
59,source_localization_stage4.1.wave_feature_conv1,198,6,1000,0.005,0.0,0.0,post_relu_mean,78.97914123535156,-78.97914123535156,6.653547286987305,0.0,0.0,39.586551666259766,0.1524332765652513,-0.014336176544443517,0.8277208160301114,0.28162677235901357,False
59,source_localization_stage4.1.wave_feature_conv1,198,6,1000,0.01,0.0,0.0,post_relu_mean,1066.1121826171875,-1066.1121826171875,129.4117889404297,0.0,0.0,904.671459197998,0.2612006351934294,-0.9273083310237052,53.537613047898304,2.385075135231018,False
59,source_localization_stage4.1.wave_feature_conv1,198,6,1000,0.01,0.0,0.0,post_relu_mean,1016.886962890625,-1016.886962890625,121.0098648071289,0.0,0.0,692.1953525543213,0.1928753582136897,-0.7194174399190302,41.53559262047132,1.8261752605438233,False
59,source_localization_stage4.1.wave_feature_conv1,198,6,1000,0.01,0.0,0.0,post_relu_mean,552.4065551757812,-552.4065551757812,54.63346862792969,0.0,0.0,153.36182022094727,0.0505237777064971,-0.15604942404749084,9.009439978864798,0.4533208878338337,False
59,source_localization_stage4.1.wave_feature_conv1,198,6,1000,0.01,0.0,0.0,post_relu_mean,157.8461456298828,-157.8461456298828,13.16256046295166,0.0,0.0,53.36342239379883,0.11304917306684559,-0.029646757053325746,1.7117058832810772,0.293986919298768,False
61,source_localization_stage4.1.wave_feature_conv2,201,6,1000,0.005,0.0,0.0,post_relu_mean,734.6796264648438,-734.6796264648438,107.33174133300781,0.0,0.0,584.3394317626953,0.47684370273795446,-0.6071667451628916,35.05440376955063,3.9061227333545685,False
61,source_localization_stage4.1.wave_feature_conv2,201,6,1000,0.005,0.0,0.0,post_relu_mean,713.0430297851562,-713.0430297851562,99.06719207763672,0.0,0.0,435.2905445098877,0.33053193338043513,-0.441337079447494,25.480360659432147,2.9468027675151824,False
61,source_localization_stage4.1.wave_feature_conv2,201,6,1000,0.005,0.0,0.0,post_relu_mean,202.59341430664062,-202.59341430664062,25.5045108795166,0.0,0.0,24.304908752441406,0.09168830485712622,-0.01221772990079757,0.7054928663526507,0.1429584837704897,False
61,source_localization_stage4.1.wave_feature_conv2,201,6,1000,0.005,0.0,0.0,post_relu_mean,3.537151575088501,-3.537151575088501,0.41209205985069275,0.0,0.0,33.95147109031677,0.20898607724613363,-0.0010898128096236386,0.06299185451960132,0.10169276144355535,False
61,source_localization_stage4.1.wave_feature_conv2,201,6,1000,0.01,0.0,0.0,post_relu_mean,1395.2474365234375,-1395.2474365234375,198.67735290527344,0.0,0.0,1153.5615997314453,0.37341721060445127,-1.1563318445143747,66.7601558676312,3.8198206102848054,False
61,source_localization_stage4.1.wave_feature_conv2,201,6,1000,0.01,0.0,0.0,post_relu_mean,1459.4549560546875,-1459.4549560546875,201.8760986328125,0.0,0.0,924.6801929473877,0.33793176751208553,-0.960045766479245,55.427674054010865,3.1603664183616638,False
61,source_localization_stage4.1.wave_feature_conv2,201,6,1000,0.01,0.0,0.0,post_relu_mean,455.36602783203125,-455.36602783203125,57.295143127441406,0.0,0.0,38.647789001464844,0.06730721848741751,-0.030528482671600476,1.7626971972483905,0.16255300246179105,False
61,source_localization_stage4.1.wave_feature_conv2,201,6,1000,0.01,0.0,0.0,post_relu_mean,3.7463607788085938,-3.7463607788085938,0.39106860756874084,0.0,0.0,34.370914936065674,0.16363906834898323,-0.0005358285888909921,0.03106243732159085,0.09965410344302654,False
61,source_localization_stage4.1.wave_feature_conv2,152,6,1000,0.005,0.0,0.0,post_relu_mean,670.6691284179688,-670.6691284179688,99.39501953125,0.0,0.0,532.8120651245117,0.43881925842182773,-0.5299466968027959,30.596404728538246,3.7939739191532134,False
61,source_localization_stage4.1.wave_feature_conv2,152,6,1000,0.005,0.0,0.0,post_relu_mean,675.7833251953125,-675.7833251953125,98.2472915649414,0.0,0.0,404.65364837646484,0.33124808931781086,-0.400856372407235,23.143481525505894,2.939045890569687,False
61,source_localization_stage4.1.wave_feature_conv2,152,6,1000,0.005,0.0,0.0,post_relu_mean,35.758934020996094,-35.758934020996094,4.612296104431152,0.0,0.0,18.823902130126953,0.12363779842148737,-0.0015012448084181838,0.0867170342058609,0.08365545012056827,False
61,source_localization_stage4.1.wave_feature_conv2,152,6,1000,0.005,0.0,0.0,post_relu_mean,2.363351583480835,-2.363351583480835,0.3114018142223358,0.0,0.0,38.49084186553955,0.23545719840312476,-0.0010830545128576489,0.06269693831005478,0.10109746214002371,False
61,source_localization_stage4.1.wave_feature_conv2,152,6,1000,0.01,0.0,0.0,post_relu_mean,1376.31787109375,-1376.31787109375,210.33978271484375,0.0,0.0,1127.515983581543,0.45127256647989966,-1.1627421025186273,67.13020274775876,4.036996704339981,False
61,source_localization_stage4.1.wave_feature_conv2,152,6,1000,0.01,0.0,0.0,post_relu_mean,1343.1806640625,-1343.1806640625,195.33590698242188,0.0,0.0,829.3294296264648,0.32648336137164446,-0.8334946984972231,48.121307710221366,3.1154170560836794,False
61,source_localization_stage4.1.wave_feature_conv2,152,6,1000,0.01,0.0,0.0,post_relu_mean,51.824947357177734,-51.824947357177734,6.662189960479736,0.0,0.0,19.51571273803711,0.09157300073748609,-0.0016218478343657198,0.09368496933549789,0.09704434428364038,False
61,source_localization_stage4.1.wave_feature_conv2,152,6,1000,0.01,0.0,0.0,post_relu_mean,2.368410348892212,-2.368410348892212,0.2754474878311157,0.0,0.0,38.85544395446777,0.18843987314120636,-0.0005981657990169734,0.0346939174834243,0.09675285704433918,False
61,source_localization_stage4.1.wave_feature_conv2,221,6,1000,0.005,0.0,0.0,post_relu_mean,672.7000732421875,-672.7000732421875,107.90459442138672,0.0,0.0,528.4275970458984,0.35788182641712585,-0.5466488952110277,31.560413990460585,3.317837567329407,False
61,source_localization_stage4.1.wave_feature_conv2,221,6,1000,0.005,0.0,0.0,post_relu_mean,637.8283081054688,-637.8283081054688,100.24507904052734,0.0,0.0,363.8105945587158,0.24207472096936766,-0.36590488453007225,21.125382265916667,2.407165864706039,False
61,source_localization_stage4.1.wave_feature_conv2,221,6,1000,0.005,0.0,0.0,post_relu_mean,9.8030424118042,-9.8030424118042,1.2837709188461304,0.0,0.0,19.97928810119629,0.12080482031633898,-0.0009107264822943664,0.05275897924432063,0.08921108040958643,False
61,source_localization_stage4.1.wave_feature_conv2,221,6,1000,0.005,0.0,0.0,post_relu_mean,1.9749702215194702,-1.9749702215194702,0.30849385261535645,0.0,0.0,40.299325823783875,0.2537468697297741,-0.001389619074105268,0.08051244015760597,0.10182014152407647,False
61,source_localization_stage4.1.wave_feature_conv2,221,6,1000,0.01,0.0,0.0,post_relu_mean,1290.618896484375,-1290.618896484375,207.2874298095703,0.0,0.0,1046.9635467529297,0.3462821626990155,-1.0673035335862644,61.62010238244031,3.431117161512375,False
61,source_localization_stage4.1.wave_feature_conv2,221,6,1000,0.01,0.0,0.0,post_relu_mean,1224.5887451171875,-1224.5887451171875,192.14071655273438,0.0,0.0,720.8319263458252,0.22774936891594733,-0.7313182230495704,42.22255712958016,2.5056748247146605,False
61,source_localization_stage4.1.wave_feature_conv2,221,6,1000,0.01,0.0,0.0,post_relu_mean,10.053982734680176,-10.053982734680176,1.2750861644744873,0.0,0.0,20.295363426208496,0.09079708178613219,-0.0004710201776135864,0.02722316697251965,0.09821252968162299,False
61,source_localization_stage4.1.wave_feature_conv2,221,6,1000,0.01,0.0,0.0,post_relu_mean,1.9451303482055664,-1.9451303482055664,0.2660142481327057,0.0,0.0,40.69428205490112,0.1993487621318561,-0.0005237140133725476,0.03024696000117826,0.1011222730576992,False
61,source_localization_stage4.1.wave_feature_conv2,254,6,1000,0.005,0.0,0.0,post_relu_mean,776.566162109375,-776.566162109375,170.64544677734375,0.0,0.0,569.8029708862305,0.38902718047922047,-0.597331920061002,34.48657459981526,3.409471009969711,False
61,source_localization_stage4.1.wave_feature_conv2,254,6,1000,0.005,0.0,0.0,post_relu_mean,636.1244506835938,-636.1244506835938,104.560791015625,0.0,0.0,351.5690574645996,0.28472533538891504,-0.35952684336517593,20.757149882601414,2.580206800699234,False
61,source_localization_stage4.1.wave_feature_conv2,254,6,1000,0.005,0.0,0.0,post_relu_mean,7.831229209899902,-7.831229209899902,1.0167292356491089,0.0,0.0,20.266772270202637,0.12749953981148904,-0.0007710744767234445,0.04465834080893685,0.08261334646493196,False
61,source_localization_stage4.1.wave_feature_conv2,254,6,1000,0.005,0.0,0.0,post_relu_mean,2.287853956222534,-2.287853956222534,0.31987184286117554,0.0,0.0,40.75735592842102,0.257536420974268,-0.0009692099975429153,0.05618879284223795,0.10284375689923764,False
61,source_localization_stage4.1.wave_feature_conv2,254,6,1000,0.01,0.0,0.0,post_relu_mean,1537.626220703125,-1537.626220703125,341.82562255859375,0.0,0.0,1159.6827926635742,0.3760784211706323,-1.196404359297215,69.0739021310084,3.581251091957092,False
61,source_localization_stage4.1.wave_feature_conv2,254,6,1000,0.01,0.0,0.0,post_relu_mean,1241.962646484375,-1241.962646484375,204.39247131347656,0.0,0.0,707.8280296325684,0.2748238586328034,-0.7092509686246795,40.948388345510715,2.6663308942317965,False
61,source_localization_stage4.1.wave_feature_conv2,254,6,1000,0.01,0.0,0.0,post_relu_mean,8.041306495666504,-8.041306495666504,0.9991540312767029,0.0,0.0,20.60866355895996,0.09658690626170618,-0.0005067952682579805,0.02927658733411501,0.09303058113902807,False
61,source_localization_stage4.1.wave_feature_conv2,254,6,1000,0.01,0.0,0.0,post_relu_mean,2.116986036300659,-2.116986036300659,0.26660072803497314,0.0,0.0,41.11919927597046,0.20486386859219333,-0.00041783611924473197,0.024191426972586975,0.09835753448307515,False
61,source_localization_stage4.1.wave_feature_conv2,13,6,1000,0.005,0.0,0.0,post_relu_mean,1164.5281982421875,-1164.5281982421875,179.97552490234375,0.0,0.0,951.006233215332,0.7808697026810917,-0.962161280975994,55.54998435848739,4.518826458454132,False
61,source_localization_stage4.1.wave_feature_conv2,13,6,1000,0.005,0.0,0.0,post_relu_mean,1171.1280517578125,-1171.1280517578125,179.04893493652344,0.0,0.0,702.9386901855469,0.5420532932454659,-0.7349793246784292,42.433640956308,3.2331422102451324,False
61,source_localization_stage4.1.wave_feature_conv2,13,6,1000,0.005,0.0,0.0,post_relu_mean,24.702869415283203,-24.702869415283203,3.1688365936279297,0.0,0.0,23.634197235107422,0.17189678950449847,-0.0014735419593032242,0.08514271126999437,0.089442996121943,False
61,source_localization_stage4.1.wave_feature_conv2,13,6,1000,0.005,0.0,0.0,post_relu_mean,2.8278095722198486,-2.8278095722198486,0.3541477620601654,0.0,0.0,43.616257429122925,0.3055486187050007,-0.0014407106691510828,0.0832431259808629,0.09517284043133259,False
61,source_localization_stage4.1.wave_feature_conv2,13,6,1000,0.01,0.0,0.0,post_relu_mean,2287.82177734375,-2287.82177734375,352.4194641113281,0.0,0.0,1901.8559036254883,0.7022555403050548,-1.8996903653975625,109.67740251210665,4.674766488075257,False
61,source_localization_stage4.1.wave_feature_conv2,13,6,1000,0.01,0.0,0.0,post_relu_mean,2271.4921875,-2271.4921875,346.9403381347656,0.0,0.0,1383.5743103027344,0.48950599755430474,-1.4158254387573068,81.74177783776474,3.286322454214096,False
61,source_localization_stage4.1.wave_feature_conv2,13,6,1000,0.01,0.0,0.0,post_relu_mean,39.70552444458008,-39.70552444458008,5.007052898406982,0.0,0.0,24.85022735595703,0.12841781413756692,-0.002164761969505475,0.12500322394885824,0.10184279922395945,False
61,source_localization_stage4.1.wave_feature_conv2,13,6,1000,0.01,0.0,0.0,post_relu_mean,2.8087947368621826,-2.8087947368621826,0.30928218364715576,0.0,0.0,44.0458984375,0.23880798410026524,-0.0005555052375664707,0.03214048821123568,0.09525592926889657,False
51,source_localization_stage4.0.wave_feature_conv1,7,7,1000,0.005,0.0,0.0,post_relu_mean,889.3002319335938,-889.3002319335938,50.73286437988281,0.0,0.0,786.5176391601562,0.15469940970349438,-0.8201469240222218,47.350637978510065,2.17809135556221,False
51,source_localization_stage4.0.wave_feature_conv1,7,7,1000,0.005,0.0,0.0,post_relu_mean,864.5062255859375,-864.5062255859375,45.99117660522461,0.0,0.0,705.8129768371582,0.11833670195648394,-0.7462629080680628,43.084981057094375,1.942039058804512,False
51,source_localization_stage4.0.wave_feature_conv1,7,7,1000,0.005,0.0,0.0,post_relu_mean,747.698974609375,-747.698974609375,32.79320526123047,0.0,0.0,485.8161926269531,0.05140505902214076,-0.5050137407381107,29.1566369888257,1.3702642196416854,False
51,source_localization_stage4.0.wave_feature_conv1,7,7,1000,0.005,0.0,0.0,post_relu_mean,664.674072265625,-664.674072265625,26.380050659179688,0.0,0.0,398.8305854797363,0.06723731687536678,-0.41503737823090353,23.96195808355961,1.1978740805387498,False
51,source_localization_stage4.0.wave_feature_conv1,7,7,1000,0.01,0.0,0.0,post_relu_mean,1739.18603515625,-1739.18603515625,98.57743072509766,0.0,0.0,1588.5588989257812,0.14222897919399088,-1.630955687863144,94.16211506039654,2.2234442377090455,False
51,source_localization_stage4.0.wave_feature_conv1,7,7,1000,0.01,0.0,0.0,post_relu_mean,1710.4256591796875,-1710.4256591796875,89.59969329833984,0.0,0.0,1442.711109161377,0.12628952687108944,-1.487727501964404,85.89303663882012,2.0187860703468323,False
51,source_localization_stage4.0.wave_feature_conv1,7,7,1000,0.01,0.0,0.0,post_relu_mean,1491.520751953125,-1491.520751953125,64.93455505371094,0.0,0.0,988.5778503417969,0.060385881652296254,-1.0258541237243088,59.22704724846445,1.4246939361095428,False
51,source_localization_stage4.0.wave_feature_conv1,7,7,1000,0.01,0.0,0.0,post_relu_mean,1335.6292724609375,-1335.6292724609375,52.12033462524414,0.0,0.0,812.3829231262207,0.06294259737666764,-0.8578702690223503,49.52864247678271,1.230387074947357,False
51,source_localization_stage4.0.wave_feature_conv1,45,7,1000,0.005,0.0,0.0,post_relu_mean,631.7954711914062,-631.7954711914062,41.98187255859375,0.0,0.0,545.7608947753906,0.11910463035051715,-0.5702770004095074,32.924554493694686,1.6455994963645935,False
51,source_localization_stage4.0.wave_feature_conv1,45,7,1000,0.005,0.0,0.0,post_relu_mean,618.9448852539062,-618.9448852539062,38.631954193115234,0.0,0.0,486.693603515625,0.10138622677415894,-0.5109122391222013,29.497168571547828,1.4753079402446747,False
51,source_localization_stage4.0.wave_feature_conv1,45,7,1000,0.005,0.0,0.0,post_relu_mean,512.49755859375,-512.49755859375,24.14192008972168,0.0,0.0,323.6995048522949,0.061266539593953805,-0.33738183395991145,19.478612751824244,1.0450620156526567,False
51,source_localization_stage4.0.wave_feature_conv1,45,7,1000,0.005,0.0,0.0,post_relu_mean,444.69244384765625,-444.69244384765625,18.745193481445312,0.0,0.0,263.47571182250977,0.07327562712335194,-0.2701006565882226,15.594112140169782,0.905333354473114,False
51,source_localization_stage4.0.wave_feature_conv1,45,7,1000,0.01,0.0,0.0,post_relu_mean,1246.2471923828125,-1246.2471923828125,82.8733139038086,0.0,0.0,1119.3211975097656,0.11439003133342338,-1.1527703591454532,66.55440862967686,1.7018276524543763,False
51,source_localization_stage4.0.wave_feature_conv1,45,7,1000,0.01,0.0,0.0,post_relu_mean,1210.651123046875,-1210.651123046875,72.4746322631836,0.0,0.0,993.793212890625,0.10377638209299797,-1.0243235381574234,59.13869870627024,1.5443065112829208,False
51,source_localization_stage4.0.wave_feature_conv1,45,7,1000,0.01,0.0,0.0,post_relu_mean,1038.3963623046875,-1038.3963623046875,47.31352233886719,0.0,0.0,675.8112602233887,0.0836090731243236,-0.70565324312246,40.74041387933278,1.1343551445007325,False
51,source_localization_stage4.0.wave_feature_conv1,45,7,1000,0.01,0.0,0.0,post_relu_mean,908.94287109375,-908.94287109375,37.03453826904297,0.0,0.0,544.8326759338379,0.06423243369213368,-0.565026961489467,32.62148947784134,0.9668940031528472,False
51,source_localization_stage4.0.wave_feature_conv1,102,7,1000,0.005,0.0,0.0,post_relu_mean,925.083251953125,-925.083251953125,47.380428314208984,0.0,0.0,837.42138671875,0.35753509091991315,-0.8721407390043148,50.352504578236406,3.1836966347694395,False
51,source_localization_stage4.0.wave_feature_conv1,102,7,1000,0.005,0.0,0.0,post_relu_mean,935.2627563476562,-935.2627563476562,46.40081787109375,0.0,0.0,787.3827285766602,0.31427316174364217,-0.8104196486748104,46.789030575884006,2.9229667830467223,False
51,source_localization_stage4.0.wave_feature_conv1,102,7,1000,0.005,0.0,0.0,post_relu_mean,863.5116577148438,-863.5116577148438,38.608455657958984,0.0,0.0,570.081615447998,0.20182301120179072,-0.5855643661523056,33.80726377226227,2.156372570991516,False
51,source_localization_stage4.0.wave_feature_conv1,102,7,1000,0.005,0.0,0.0,post_relu_mean,801.3157958984375,-801.3157958984375,33.95703125,0.0,0.0,471.8845520019531,0.16211564377987114,-0.48655284568301954,28.091040084858417,1.8094428193569183,False
51,source_localization_stage4.0.wave_feature_conv1,102,7,1000,0.01,0.0,0.0,post_relu_mean,1809.40966796875,-1809.40966796875,91.3431396484375,0.0,0.0,1677.7850952148438,0.34148842624241166,-1.6809719823684068,97.04982457366704,3.263767340183258,False
51,source_localization_stage4.0.wave_feature_conv1,102,7,1000,0.01,0.0,0.0,post_relu_mean,1800.3892822265625,-1800.3892822265625,87.86785125732422,0.0,0.0,1548.8415908813477,0.31441872456422165,-1.589339497891744,91.75950737941909,3.0555337381362917,False
51,source_localization_stage4.0.wave_feature_conv1,102,7,1000,0.01,0.0,0.0,post_relu_mean,1725.73583984375,-1725.73583984375,76.25102996826172,0.0,0.0,1149.986400604248,0.2114808519242975,-1.165735235498197,67.30296556056875,2.2559442567825316,False
51,source_localization_stage4.0.wave_feature_conv1,102,7,1000,0.01,0.0,0.0,post_relu_mean,1601.6802978515625,-1601.6802978515625,67.32148742675781,0.0,0.0,938.6045227050781,0.17878031514414777,-0.964684580081421,55.695478502110944,1.9019096434116363,False
51,source_localization_stage4.0.wave_feature_conv1,75,7,1000,0.005,0.0,0.0,post_relu_mean,944.1979370117188,-944.1979370117188,50.40299606323242,0.0,0.0,855.4412994384766,0.2677565838840873,-0.8989243413641492,51.89883636874191,3.0343997538089753,False
51,source_localization_stage4.0.wave_feature_conv1,75,7,1000,0.005,0.0,0.0,post_relu_mean,924.2926635742188,-924.2926635742188,47.537864685058594,0.0,0.0,775.509090423584,0.22329884538983097,-0.8076764147649833,46.63067727319961,2.779110528230667,False
51,source_localization_stage4.0.wave_feature_conv1,75,7,1000,0.005,0.0,0.0,post_relu_mean,858.3883056640625,-858.3883056640625,40.07276916503906,0.0,0.0,555.9526596069336,0.13939010761487128,-0.5898539783211987,34.054892624889,2.03108482837677,False
51,source_localization_stage4.0.wave_feature_conv1,75,7,1000,0.005,0.0,0.0,post_relu_mean,792.4598999023438,-792.4598999023438,35.27424240112305,0.0,0.0,451.8521194458008,0.10527808035637597,-0.46561878915899907,26.882227498886042,1.6479138445854187,False
51,source_localization_stage4.0.wave_feature_conv1,75,7,1000,0.01,0.0,0.0,post_relu_mean,1880.397705078125,-1880.397705078125,99.12863159179688,0.0,0.0,1742.9154205322266,0.29512045060794084,-1.7874460003895118,103.19703796554627,3.199962065219879,False
51,source_localization_stage4.0.wave_feature_conv1,75,7,1000,0.01,0.0,0.0,post_relu_mean,1867.6884765625,-1867.6884765625,95.5211181640625,0.0,0.0,1598.946834564209,0.24673543545118576,-1.659524416699285,95.81153957679686,2.940437833070755,False
51,source_localization_stage4.0.wave_feature_conv1,75,7,1000,0.01,0.0,0.0,post_relu_mean,1760.7335205078125,-1760.7335205078125,81.75465393066406,0.0,0.0,1145.683738708496,0.15246614158327526,-1.1929821031628083,68.8760939200727,2.1306144309043886,False
51,source_localization_stage4.0.wave_feature_conv1,75,7,1000,0.01,0.0,0.0,post_relu_mean,1593.1634521484375,-1593.1634521484375,70.37413024902344,0.0,0.0,901.556770324707,0.1066283670311737,-0.9182913287889568,53.01694693150649,1.708306120634079,False
51,source_localization_stage4.0.wave_feature_conv1,81,7,1000,0.005,0.0,0.0,post_relu_mean,876.416015625,-876.416015625,44.682464599609375,0.0,0.0,801.9707412719727,0.4178528680353973,-0.8402944838940797,48.514394814144445,3.4564869034290315,False
51,source_localization_stage4.0.wave_feature_conv1,81,7,1000,0.005,0.0,0.0,post_relu_mean,862.9159545898438,-862.9159545898438,42.20494079589844,0.0,0.0,736.1058940887451,0.3631878816755637,-0.7822184568133492,45.16136492234968,3.186121973991394,False
51,source_localization_stage4.0.wave_feature_conv1,81,7,1000,0.005,0.0,0.0,post_relu_mean,783.071533203125,-783.071533203125,35.29297637939453,0.0,0.0,525.2933006286621,0.22931547683931913,-0.5277530299082063,30.46945890576913,2.38289027094841,False
51,source_localization_stage4.0.wave_feature_conv1,81,7,1000,0.005,0.0,0.0,post_relu_mean,696.5084838867188,-696.5084838867188,30.03660774230957,0.0,0.0,417.1698989868164,0.12825335298449408,-0.4063936099592675,23.462894527764973,1.882462938427925,False
51,source_localization_stage4.0.wave_feature_conv1,81,7,1000,0.01,0.0,0.0,post_relu_mean,1762.0804443359375,-1762.0804443359375,87.35917663574219,0.0,0.0,1644.9585342407227,0.44894777673657743,-1.7006767406733994,98.18768279884323,3.7010082137584686,False
51,source_localization_stage4.0.wave_feature_conv1,81,7,1000,0.01,0.0,0.0,post_relu_mean,1725.8651123046875,-1725.8651123046875,82.9778823852539,0.0,0.0,1497.1226787567139,0.4079864291763272,-1.5260135582369048,88.1036006294902,3.4355309295654295,False
51,source_localization_stage4.0.wave_feature_conv1,81,7,1000,0.01,0.0,0.0,post_relu_mean,1582.2080078125,-1582.2080078125,70.90027618408203,0.0,0.0,1057.3750267028809,0.2566840117069975,-1.0908504791934985,62.97952183142792,2.543190336227417,False
51,source_localization_stage4.0.wave_feature_conv1,81,7,1000,0.01,0.0,0.0,post_relu_mean,1454.2066650390625,-1454.2066650390625,62.2100715637207,0.0,0.0,853.1334609985352,0.1733431836642586,-0.8837814733667901,51.024549892711306,2.050787272453308,False
53,source_localization_stage4.0.wave_feature_conv2,101,7,1000,0.005,0.0,0.0,post_relu_mean,428.0574645996094,-428.0574645996094,31.851177215576172,0.0,0.0,381.1435594558716,0.23951430771126528,-0.3958793704568566,22.85605765247278,1.8975406676530837,False
53,source_localization_stage4.0.wave_feature_conv2,101,7,1000,0.005,0.0,0.0,post_relu_mean,422.9507751464844,-422.9507751464844,30.289222717285156,0.0,0.0,336.7057113647461,0.20280042135688783,-0.35051169411254324,20.23656331042514,1.6911298727989197,False
53,source_localization_stage4.0.wave_feature_conv2,101,7,1000,0.005,0.0,0.0,post_relu_mean,387.7650146484375,-387.7650146484375,25.737716674804688,0.0,0.0,199.34589767456055,0.10960879935359412,-0.19968101972400998,11.528495726190531,1.0700010913610458,False
53,source_localization_stage4.0.wave_feature_conv2,101,7,1000,0.005,0.0,0.0,post_relu_mean,365.3707580566406,-365.3707580566406,23.535350799560547,0.0,0.0,142.19887351989746,0.08652033154845121,-0.14599869723152992,8.429138622950562,0.7659230029582977,False
53,source_localization_stage4.0.wave_feature_conv2,101,7,1000,0.01,0.0,0.0,post_relu_mean,855.8671264648438,-855.8671264648438,64.15691375732422,0.0,0.0,776.6474657058716,0.2371277442898627,-0.7989609225399092,46.1274937959479,1.975858330130577,False
53,source_localization_stage4.0.wave_feature_conv2,101,7,1000,0.01,0.0,0.0,post_relu_mean,853.004638671875,-853.004638671875,61.49458312988281,0.0,0.0,688.7461776733398,0.22047317919121473,-0.7133338368249246,41.18405978514152,1.8377605259418488,False
53,source_localization_stage4.0.wave_feature_conv2,101,7,1000,0.01,0.0,0.0,post_relu_mean,785.9400024414062,-785.9400024414062,52.16880416870117,0.0,0.0,399.2877311706543,0.12057152654878425,-0.41643397347903666,24.042566459446412,1.1490807569026946,False
53,source_localization_stage4.0.wave_feature_conv2,101,7,1000,0.01,0.0,0.0,post_relu_mean,725.580810546875,-725.580810546875,46.70941925048828,0.0,0.0,270.6682643890381,0.0838672837201514,-0.27235098605126257,15.723996168103273,0.7958028092980385,False
53,source_localization_stage4.0.wave_feature_conv2,33,7,1000,0.005,0.0,0.0,post_relu_mean,212.53758239746094,-212.53758239746094,29.720243453979492,0.0,0.0,168.35645294189453,0.047718587763724715,-0.17664300427472232,10.198401818827808,0.6250201147794724,False
53,source_localization_stage4.0.wave_feature_conv2,33,7,1000,0.005,0.0,0.0,post_relu_mean,193.48583984375,-193.48583984375,24.311420440673828,0.0,0.0,122.7906608581543,0.03220288120222533,-0.1343304378984749,7.755541178987561,0.4730935800075531,False
53,source_localization_stage4.0.wave_feature_conv2,33,7,1000,0.005,0.0,0.0,post_relu_mean,87.44873809814453,-87.44873809814453,7.785484790802002,0.0,0.0,34.28848648071289,0.03539348972275961,-0.030991125073193654,1.789276242397446,0.17651185274124145,False
53,source_localization_stage4.0.wave_feature_conv2,33,7,1000,0.005,0.0,0.0,post_relu_mean,43.618934631347656,-43.618934631347656,3.1678216457366943,0.0,0.0,24.745359420776367,0.07588722753416989,-0.013844661253440822,0.7993247345952708,0.15036866292357445,False
53,source_localization_stage4.0.wave_feature_conv2,33,7,1000,0.01,0.0,0.0,post_relu_mean,419.7849426269531,-419.7849426269531,59.05141067504883,0.0,0.0,346.2726364135742,0.05391711841997608,-0.3588833353570045,20.719909936667964,0.6642946204543114,False
53,source_localization_stage4.0.wave_feature_conv2,33,7,1000,0.01,0.0,0.0,post_relu_mean,389.27740478515625,-389.27740478515625,48.426090240478516,0.0,0.0,258.29555892944336,0.03541736072289047,-0.2750719735896535,15.881090063474037,0.49120404362678527,False
53,source_localization_stage4.0.wave_feature_conv2,33,7,1000,0.01,0.0,0.0,post_relu_mean,188.2317657470703,-188.2317657470703,16.122220993041992,0.0,0.0,72.54599380493164,0.027729345463258868,-0.0771736912250626,4.455592621325803,0.1931367340683937,False
53,source_localization_stage4.0.wave_feature_conv2,33,7,1000,0.01,0.0,0.0,post_relu_mean,92.59407806396484,-92.59407806396484,6.583528995513916,0.0,0.0,39.56343078613281,0.05595651966136129,-0.03117479648645879,1.799897655203209,0.16164104640483856,False
53,source_localization_stage4.0.wave_feature_conv2,254,7,1000,0.005,0.0,0.0,post_relu_mean,464.53460693359375,-464.53460693359375,40.136199951171875,0.0,0.0,410.0710725784302,0.2633885824587545,-0.4298920728786042,24.81952293757526,2.006631817817688,False
53,source_localization_stage4.0.wave_feature_conv2,254,7,1000,0.005,0.0,0.0,post_relu_mean,441.8059997558594,-441.8059997558594,30.43575668334961,0.0,0.0,355.93431663513184,0.22633264511386053,-0.37579181503768555,21.696084407601276,1.8114114367961884,False
53,source_localization_stage4.0.wave_feature_conv2,254,7,1000,0.005,0.0,0.0,post_relu_mean,393.5247497558594,-393.5247497558594,24.462865829467773,0.0,0.0,215.42107772827148,0.09552940414445776,-0.22561511216048832,13.025766014322857,1.1048206263780593,False
53,source_localization_stage4.0.wave_feature_conv2,254,7,1000,0.005,0.0,0.0,post_relu_mean,350.5494079589844,-350.5494079589844,21.102296829223633,0.0,0.0,152.46932983398438,0.07063659666427119,-0.1456375134201353,8.40834016891874,0.8050483366847039,False
53,source_localization_stage4.0.wave_feature_conv2,254,7,1000,0.01,0.0,0.0,post_relu_mean,901.4722290039062,-901.4722290039062,74.06423950195312,0.0,0.0,813.0806245803833,0.24907847061534605,-0.8513057808592431,49.149653517859655,2.0863785660266876,False
53,source_localization_stage4.0.wave_feature_conv2,254,7,1000,0.01,0.0,0.0,post_relu_mean,883.2509765625,-883.2509765625,60.33240509033203,0.0,0.0,722.6376857757568,0.22495115642298913,-0.7418737915194705,42.831614708230894,1.9100437885522843,False
53,source_localization_stage4.0.wave_feature_conv2,254,7,1000,0.01,0.0,0.0,post_relu_mean,817.4641723632812,-817.4641723632812,50.85554504394531,0.0,0.0,441.41540145874023,0.12443953797286768,-0.4449883505846191,25.69110208827558,1.2197830700874328,False
53,source_localization_stage4.0.wave_feature_conv2,254,7,1000,0.01,0.0,0.0,post_relu_mean,741.5052490234375,-741.5052490234375,44.52006149291992,0.0,0.0,309.2475128173828,0.07501876803693892,-0.3089836979734918,17.838985018931755,0.8673726779222488,False
53,source_localization_stage4.0.wave_feature_conv2,88,7,1000,0.005,0.0,0.0,post_relu_mean,209.09774780273438,-209.09774780273438,30.14548683166504,0.0,0.0,168.7480297088623,0.10181936576977454,-0.17686549061462128,10.211207701100586,0.8105009144544602,False
53,source_localization_stage4.0.wave_feature_conv2,88,7,1000,0.005,0.0,0.0,post_relu_mean,201.43084716796875,-201.43084716796875,27.69343376159668,0.0,0.0,126.56223678588867,0.06962983298537058,-0.12998334203846124,7.504559302222875,0.6139135959744454,False
53,source_localization_stage4.0.wave_feature_conv2,88,7,1000,0.005,0.0,0.0,post_relu_mean,70.16527557373047,-70.16527557373047,6.870579719543457,0.0,0.0,28.231553077697754,0.06110172454988238,-0.021012397608180865,1.2132058425405834,0.14400932744145392,False
53,source_localization_stage4.0.wave_feature_conv2,88,7,1000,0.005,0.0,0.0,post_relu_mean,20.936058044433594,-20.936058044433594,1.7029112577438354,0.0,0.0,21.11789894104004,0.10791229832940903,-0.005138281981209915,0.296688065930532,0.12375687438994647,False
53,source_localization_stage4.0.wave_feature_conv2,88,7,1000,0.01,0.0,0.0,post_relu_mean,415.1968688964844,-415.1968688964844,59.74482727050781,0.0,0.0,345.24780082702637,0.09873439020942042,-0.3511344047562982,20.272620284248536,0.8459423869848252,False
53,source_localization_stage4.0.wave_feature_conv2,88,7,1000,0.01,0.0,0.0,post_relu_mean,393.5404968261719,-393.5404968261719,53.87791061401367,0.0,0.0,253.21067428588867,0.06518601207325034,-0.2576960607334275,14.877916783401258,0.6401509135961533,False
53,source_localization_stage4.0.wave_feature_conv2,88,7,1000,0.01,0.0,0.0,post_relu_mean,145.3721160888672,-145.3721160888672,14.130167961120605,0.0,0.0,48.991482734680176,0.04431995573448561,-0.044063888351816946,2.544059736593159,0.15418075948953627,False
53,source_localization_stage4.0.wave_feature_conv2,88,7,1000,0.01,0.0,0.0,post_relu_mean,36.89436340332031,-36.89436340332031,2.8931162357330322,0.0,0.0,25.17415428161621,0.08106559718691712,-0.009060228622872554,0.5230933257209602,0.13135795310139656,False
53,source_localization_stage4.0.wave_feature_conv2,188,7,1000,0.005,0.0,0.0,post_relu_mean,157.8931884765625,-157.8931884765625,23.459989547729492,0.0,0.0,124.44781970977783,0.03158283684558784,-0.1292126977609102,7.460008855505424,0.42349921420216563,False
53,source_localization_stage4.0.wave_feature_conv2,188,7,1000,0.005,0.0,0.0,post_relu_mean,148.85293579101562,-148.85293579101562,18.37027359008789,0.0,0.0,97.51235437393188,0.018454525768977773,-0.10100407614064558,5.831408958327558,0.30841557428240773,False
53,source_localization_stage4.0.wave_feature_conv2,188,7,1000,0.005,0.0,0.0,post_relu_mean,70.32868957519531,-70.32868957519531,5.610573768615723,0.0,0.0,38.06941318511963,0.0665476672328999,-0.03090600522077871,1.784356376192104,0.1536160561442375,False
53,source_localization_stage4.0.wave_feature_conv2,188,7,1000,0.005,0.0,0.0,post_relu_mean,41.084415435791016,-41.084415435791016,2.891200542449951,0.0,0.0,29.609901428222656,0.11927122703581783,-0.0141656061085365,0.8178684573956503,0.12508955668658017,False
53,source_localization_stage4.0.wave_feature_conv2,188,7,1000,0.01,0.0,0.0,post_relu_mean,314.257568359375,-314.257568359375,46.612117767333984,0.0,0.0,257.6600694656372,0.03439747857912787,-0.26493710379334795,15.295966832467528,0.4484208981692791,False
53,source_localization_stage4.0.wave_feature_conv2,188,7,1000,0.01,0.0,0.0,post_relu_mean,290.93115234375,-290.93115234375,35.268741607666016,0.0,0.0,197.34440851211548,0.02010813489656603,-0.2006428064563614,11.583981189603795,0.32028704732656477,False
53,source_localization_stage4.0.wave_feature_conv2,188,7,1000,0.01,0.0,0.0,post_relu_mean,149.70518493652344,-149.70518493652344,11.642489433288574,0.0,0.0,72.20654010772705,0.04846449679668362,-0.06910351439587381,3.989646419672832,0.1627319908887148,False
53,source_localization_stage4.0.wave_feature_conv2,188,7,1000,0.01,0.0,0.0,post_relu_mean,84.7642822265625,-84.7642822265625,5.79126501083374,0.0,0.0,44.28912353515625,0.08930581153044227,-0.032301416342018656,1.8649083960385355,0.13331581115722657,False
56,source_localization_stage4.0.skip_connection.0,74,7,1000,0.005,0.0,0.0,post_relu_mean,601.414306640625,-601.414306640625,57.38144302368164,0.0,0.0,516.2652893066406,0.12296326897282639,-0.5371249304044491,31.0105904077138,1.7066039949655534,False
56,source_localization_stage4.0.skip_connection.0,74,7,1000,0.005,0.0,0.0,post_relu_mean,604.1038208007812,-604.1038208007812,55.198490142822266,0.0,0.0,446.44995498657227,0.125804409414274,-0.4639104778049749,26.78356634685535,1.5530931103229522,False
56,source_localization_stage4.0.skip_connection.0,74,7,1000,0.005,0.0,0.0,post_relu_mean,450.1090087890625,-450.1090087890625,35.15431594848633,0.0,0.0,193.82696533203125,0.06915065985977341,-0.193831797374982,11.19074801575883,0.8101712584495544,False
56,source_localization_stage4.0.skip_connection.0,74,7,1000,0.005,0.0,0.0,post_relu_mean,277.21893310546875,-277.21893310546875,19.604875564575195,0.0,0.0,102.06201171875,0.11797056266219753,-0.09107096192037979,5.257998632814719,0.5984413176774979,False
56,source_localization_stage4.0.skip_connection.0,74,7,1000,0.01,0.0,0.0,post_relu_mean,1206.8995361328125,-1206.8995361328125,112.92554473876953,0.0,0.0,1066.2064514160156,0.13872571862534888,-1.0873872269627787,62.779554079435144,1.819226204752922,False
56,source_localization_stage4.0.skip_connection.0,74,7,1000,0.01,0.0,0.0,post_relu_mean,1180.547607421875,-1180.547607421875,107.57276153564453,0.0,0.0,891.9580726623535,0.10348063239452611,-0.918385289008446,53.02233877456809,1.5122829604148864,False
56,source_localization_stage4.0.skip_connection.0,74,7,1000,0.01,0.0,0.0,post_relu_mean,902.958984375,-902.958984375,69.200439453125,0.0,0.0,391.3310241699219,0.06460609426395568,-0.4030487651763437,23.269800141590533,0.8605335792899131,False
56,source_localization_stage4.0.skip_connection.0,74,7,1000,0.01,0.0,0.0,post_relu_mean,575.947509765625,-575.947509765625,40.08551025390625,0.0,0.0,195.98423767089844,0.08657394780967223,-0.20363723877337656,11.756892976948782,0.6361069345474243,False
56,source_localization_stage4.0.skip_connection.0,131,7,1000,0.005,0.0,0.0,post_relu_mean,549.6641235351562,-549.6641235351562,50.89088439941406,0.0,0.0,474.6490478515625,0.09897578863872171,-0.48885714347906306,28.223833050286693,1.6818356376886368,False
56,source_localization_stage4.0.skip_connection.0,131,7,1000,0.005,0.0,0.0,post_relu_mean,523.7431640625,-523.7431640625,46.73196792602539,0.0,0.0,390.92027378082275,0.08045722041109023,-0.4295844620999558,24.802218198535257,1.4456586915254592,False
56,source_localization_stage4.0.skip_connection.0,131,7,1000,0.005,0.0,0.0,post_relu_mean,374.58447265625,-374.58447265625,27.17323875427246,0.0,0.0,181.89636039733887,0.08539462607651235,-0.17520585510670486,10.115463544226154,0.8210412365198135,False
56,source_localization_stage4.0.skip_connection.0,131,7,1000,0.005,0.0,0.0,post_relu_mean,254.0196533203125,-254.0196533203125,16.53878402709961,0.0,0.0,113.2950496673584,0.1422170595153386,-0.09841940426409829,5.6821893308989475,0.6311943766474724,False
56,source_localization_stage4.0.skip_connection.0,131,7,1000,0.01,0.0,0.0,post_relu_mean,1115.1236572265625,-1115.1236572265625,102.05638885498047,0.0,0.0,988.9430541992188,0.12112235996446245,-1.0320333877182377,59.583738717720905,1.8016410446166993,False
56,source_localization_stage4.0.skip_connection.0,131,7,1000,0.01,0.0,0.0,post_relu_mean,1078.3270263671875,-1078.3270263671875,94.22220611572266,0.0,0.0,826.7785196304321,0.10365372959460326,-0.8494011460546523,49.039629420842125,1.5520136266946793,False
56,source_localization_stage4.0.skip_connection.0,131,7,1000,0.01,0.0,0.0,post_relu_mean,723.0185546875,-723.0185546875,51.94784927368164,0.0,0.0,344.52087211608887,0.07303124367743567,-0.35099634621297665,20.266289034012082,0.8342738190293312,False
56,source_localization_stage4.0.skip_connection.0,131,7,1000,0.01,0.0,0.0,post_relu_mean,506.5677795410156,-506.5677795410156,32.679325103759766,0.0,0.0,204.43778038024902,0.10920210775058023,-0.19134661538382947,11.047341578487377,0.6760836070775986,False
56,source_localization_stage4.0.skip_connection.0,221,7,1000,0.005,0.0,0.0,post_relu_mean,574.3496704101562,-574.3496704101562,50.75941467285156,0.0,0.0,501.7845096588135,0.1477034399191555,-0.5196985324031904,30.004470181734476,1.8737780678272247,False
56,source_localization_stage4.0.skip_connection.0,221,7,1000,0.005,0.0,0.0,post_relu_mean,551.89794921875,-551.89794921875,47.126617431640625,0.0,0.0,420.42048740386963,0.10876418487666188,-0.4315379425623335,24.914700040961034,1.5749899655580522,False
56,source_localization_stage4.0.skip_connection.0,221,7,1000,0.005,0.0,0.0,post_relu_mean,397.9359436035156,-397.9359436035156,29.403278350830078,0.0,0.0,190.89985466003418,0.08707413904788928,-0.18764706502840187,10.83375740676388,0.8074313801527023,False
56,source_localization_stage4.0.skip_connection.0,221,7,1000,0.005,0.0,0.0,post_relu_mean,283.04119873046875,-283.04119873046875,19.025697708129883,0.0,0.0,119.84743309020996,0.14590594581846447,-0.10135469118920966,5.851686892686636,0.5792713966965676,False
56,source_localization_stage4.0.skip_connection.0,221,7,1000,0.01,0.0,0.0,post_relu_mean,1158.5838623046875,-1158.5838623046875,99.23612976074219,0.0,0.0,1037.5420169830322,0.1495977354985237,-1.0722362630751558,61.90483268132993,1.957084990143776,False
56,source_localization_stage4.0.skip_connection.0,221,7,1000,0.01,0.0,0.0,post_relu_mean,1094.7119140625,-1094.7119140625,92.6683120727539,0.0,0.0,849.3802042007446,0.11074318257030046,-0.8748904705283648,50.51122112418644,1.640166422724724,False
56,source_localization_stage4.0.skip_connection.0,221,7,1000,0.01,0.0,0.0,post_relu_mean,861.5328369140625,-861.5328369140625,62.751365661621094,0.0,0.0,404.38607597351074,0.07018538333490015,-0.41157636149918636,23.762084898342177,0.8818647116422653,False
56,source_localization_stage4.0.skip_connection.0,221,7,1000,0.01,0.0,0.0,post_relu_mean,571.7363891601562,-571.7363891601562,38.09679412841797,0.0,0.0,217.83164024353027,0.11369741515241939,-0.20964535452192454,12.103730225548492,0.6107559034228325,False
56,source_localization_stage4.0.skip_connection.0,238,7,1000,0.005,0.0,0.0,post_relu_mean,554.52099609375,-554.52099609375,46.82701873779297,0.0,0.0,486.40250396728516,0.11598642846424019,-0.510880214594171,29.495386514799048,1.8534736621379853,False
56,source_localization_stage4.0.skip_connection.0,238,7,1000,0.005,0.0,0.0,post_relu_mean,523.2807006835938,-523.2807006835938,41.73158645629883,0.0,0.0,405.80809688568115,0.11604147465319528,-0.4386232083551722,25.323810170041032,1.6473513692617416,False
56,source_localization_stage4.0.skip_connection.0,238,7,1000,0.005,0.0,0.0,post_relu_mean,435.5321960449219,-435.5321960449219,29.674640655517578,0.0,0.0,226.98824501037598,0.09620192397889472,-0.23347915727235832,13.479803994008172,1.0244537180662154,False
56,source_localization_stage4.0.skip_connection.0,238,7,1000,0.005,0.0,0.0,post_relu_mean,292.0311584472656,-292.0311584472656,18.676448822021484,0.0,0.0,132.86224555969238,0.15610675545315197,-0.11957569809835454,6.904028461563118,0.7256272166967392,False
56,source_localization_stage4.0.skip_connection.0,238,7,1000,0.01,0.0,0.0,post_relu_mean,1115.387939453125,-1115.387939453125,93.88300323486328,0.0,0.0,1000.2134780883789,0.14974022023228098,-1.0543911047116994,60.87493653625154,2.0464504528045655,False
56,source_localization_stage4.0.skip_connection.0,238,7,1000,0.01,0.0,0.0,post_relu_mean,1055.844970703125,-1055.844970703125,83.80097961425781,0.0,0.0,833.1989049911499,0.1331998492164686,-0.8725496828826972,50.37606895418614,1.7207001382112503,False
56,source_localization_stage4.0.skip_connection.0,238,7,1000,0.01,0.0,0.0,post_relu_mean,861.8251342773438,-861.8251342773438,57.574588775634766,0.0,0.0,444.0315647125244,0.08800059623673993,-0.46942052154666897,27.101699783388966,1.0545670574903487,False
56,source_localization_stage4.0.skip_connection.0,238,7,1000,0.01,0.0,0.0,post_relu_mean,634.59033203125,-634.59033203125,39.33787536621094,0.0,0.0,268.80716133117676,0.1132135805540919,-0.277295545204487,16.009502249207657,0.7896323701739312,False
56,source_localization_stage4.0.skip_connection.0,37,7,1000,0.005,0.0,0.0,post_relu_mean,487.6492919921875,-487.6492919921875,49.44826126098633,0.0,0.0,417.05603790283203,0.13385911238805476,-0.4465075199267676,25.7788204440422,1.4732288217544556,False
56,source_localization_stage4.0.skip_connection.0,37,7,1000,0.005,0.0,0.0,post_relu_mean,464.6046142578125,-464.6046142578125,45.49775695800781,0.0,0.0,337.86394691467285,0.10337728617997623,-0.36792193141620533,21.241800386655214,1.234706950187683,False
56,source_localization_stage4.0.skip_connection.0,37,7,1000,0.005,0.0,0.0,post_relu_mean,298.7730712890625,-298.7730712890625,25.037866592407227,0.0,0.0,125.15512275695801,0.0989274085612713,-0.12152774984459447,7.016360067691302,0.5717275989055634,False
56,source_localization_stage4.0.skip_connection.0,37,7,1000,0.005,0.0,0.0,post_relu_mean,173.13046264648438,-173.13046264648438,13.188604354858398,0.0,0.0,68.99162864685059,0.16123558293221238,-0.049049136542973513,2.8319432257426147,0.42020135179162027,False
56,source_localization_stage4.0.skip_connection.0,37,7,1000,0.01,0.0,0.0,post_relu_mean,992.079345703125,-992.079345703125,98.5389633178711,0.0,0.0,872.3954238891602,0.1409292104171407,-0.9082974242935173,52.440011199403465,1.538083611726761,False
56,source_localization_stage4.0.skip_connection.0,37,7,1000,0.01,0.0,0.0,post_relu_mean,936.7193603515625,-936.7193603515625,88.85702514648438,0.0,0.0,701.5804996490479,0.10278616511229186,-0.7335332454051098,42.3503222999406,1.2779834896326066,False
56,source_localization_stage4.0.skip_connection.0,37,7,1000,0.01,0.0,0.0,post_relu_mean,648.0116577148438,-648.0116577148438,53.35389709472656,0.0,0.0,262.02346992492676,0.0735903526698362,-0.26880514603960076,15.519300072194213,0.6279466846585273,False
56,source_localization_stage4.0.skip_connection.0,37,7,1000,0.01,0.0,0.0,post_relu_mean,358.47430419921875,-358.47430419921875,27.316518783569336,0.0,0.0,113.05632591247559,0.12326792606985935,-0.09710400814753645,5.606288949309,0.4342794296145439,False
59,source_localization_stage4.1.wave_feature_conv1,152,7,1000,0.005,0.0,0.0,post_relu_mean,1082.973876953125,-1082.973876953125,103.80827331542969,0.0,0.0,935.6230850219727,0.605646303458468,-0.9679992923437588,55.88715179712388,4.010901401042938,False
59,source_localization_stage4.1.wave_feature_conv1,152,7,1000,0.005,0.0,0.0,post_relu_mean,1060.0091552734375,-1060.0091552734375,98.29285430908203,0.0,0.0,780.8801498413086,0.510167197001052,-0.8287732920099126,47.84901773748893,3.4880374419689177,False
59,source_localization_stage4.1.wave_feature_conv1,152,7,1000,0.005,0.0,0.0,post_relu_mean,823.3680419921875,-823.3680419921875,53.62483596801758,0.0,0.0,421.60358810424805,0.24845769919848912,-0.46071239625076316,26.59910804525742,2.147220404148102,False
59,source_localization_stage4.1.wave_feature_conv1,152,7,1000,0.005,0.0,0.0,post_relu_mean,715.7703247070312,-715.7703247070312,44.207763671875,0.0,0.0,291.02386474609375,0.12325112480709041,-0.30046548560564595,17.347311712569358,1.484523311853409,False
59,source_localization_stage4.1.wave_feature_conv1,152,7,1000,0.01,0.0,0.0,post_relu_mean,2141.072509765625,-2141.072509765625,202.92984008789062,0.0,0.0,1894.600196838379,0.6033730719083282,-1.9119181030062855,110.38370631158872,4.236458752155304,False
59,source_localization_stage4.1.wave_feature_conv1,152,7,1000,0.01,0.0,0.0,post_relu_mean,2110.439453125,-2110.439453125,195.2230682373047,0.0,0.0,1588.9849472045898,0.4951773157512149,-1.624838784238649,93.80896826160648,3.650470324754715,False
59,source_localization_stage4.1.wave_feature_conv1,152,7,1000,0.01,0.0,0.0,post_relu_mean,1651.656005859375,-1651.656005859375,106.97376251220703,0.0,0.0,849.7746086120605,0.26233586806548237,-0.8916182575127122,51.47712924203443,2.248193067312241,False
59,source_localization_stage4.1.wave_feature_conv1,152,7,1000,0.01,0.0,0.0,post_relu_mean,1494.3050537109375,-1494.3050537109375,92.42699432373047,0.0,0.0,587.3662719726562,0.16880103772735397,-0.61803709060622,35.68239889677491,1.6243397122621537,False
59,source_localization_stage4.1.wave_feature_conv1,232,7,1000,0.005,0.0,0.0,post_relu_mean,960.7870483398438,-960.7870483398438,107.0932388305664,0.0,0.0,817.9381332397461,0.6407241525395921,-0.8444353433207167,48.753459860215536,3.2389179396629335,False
59,source_localization_stage4.1.wave_feature_conv1,232,7,1000,0.005,0.0,0.0,post_relu_mean,897.7817993164062,-897.7817993164062,96.92436218261719,0.0,0.0,629.9064712524414,0.41115285546653374,-0.6584747879805395,38.01677682874545,2.4501709604263304,False
59,source_localization_stage4.1.wave_feature_conv1,232,7,1000,0.005,0.0,0.0,post_relu_mean,542.3077392578125,-542.3077392578125,46.053131103515625,0.0,0.0,205.31562042236328,0.07492169153887396,-0.21766172842370368,12.566673098644944,0.8129965287446975,False
59,source_localization_stage4.1.wave_feature_conv1,232,7,1000,0.005,0.0,0.0,post_relu_mean,301.8243713378906,-301.8243713378906,22.214445114135742,0.0,0.0,105.07169342041016,0.16957895871641565,-0.0899922204208975,5.195699446224355,0.4710521183907986,False
59,source_localization_stage4.1.wave_feature_conv1,232,7,1000,0.01,0.0,0.0,post_relu_mean,1932.910888671875,-1932.910888671875,214.44085693359375,0.0,0.0,1682.7143173217773,0.6168238696007591,-1.7304091051067778,99.90431462877818,3.456680324077606,False
59,source_localization_stage4.1.wave_feature_conv1,232,7,1000,0.01,0.0,0.0,post_relu_mean,1865.6226806640625,-1865.6226806640625,203.46875,0.0,0.0,1331.3863906860352,0.4044589732363473,-1.3494158253004174,77.9077601387024,2.675092467069626,False
59,source_localization_stage4.1.wave_feature_conv1,232,7,1000,0.01,0.0,0.0,post_relu_mean,1158.3631591796875,-1158.3631591796875,97.3995590209961,0.0,0.0,436.27283477783203,0.08961644829027496,-0.47687655446696225,27.53214035773807,0.8913606542348862,False
59,source_localization_stage4.1.wave_feature_conv1,232,7,1000,0.01,0.0,0.0,post_relu_mean,608.60400390625,-608.60400390625,43.96772003173828,0.0,0.0,194.31859588623047,0.125555335798723,-0.18945397389817561,10.938001017711379,0.5085505881905555,False
59,source_localization_stage4.1.wave_feature_conv1,120,7,1000,0.005,0.0,0.0,post_relu_mean,1075.7196044921875,-1075.7196044921875,101.80921936035156,0.0,0.0,946.6076774597168,0.7756908903506652,-0.9599262830539271,55.42074313838631,4.313245177268982,False
59,source_localization_stage4.1.wave_feature_conv1,120,7,1000,0.005,0.0,0.0,post_relu_mean,1085.6256103515625,-1085.6256103515625,101.62003326416016,0.0,0.0,814.5136051177979,0.6499314078546463,-0.8280736202822795,47.80833173282856,3.6655952501297,False
59,source_localization_stage4.1.wave_feature_conv1,120,7,1000,0.005,0.0,0.0,post_relu_mean,892.9228515625,-892.9228515625,78.97505187988281,0.0,0.0,317.68392181396484,0.0750634763241382,-0.31774742692389335,18.34493554313428,1.271478882431984,False
59,source_localization_stage4.1.wave_feature_conv1,120,7,1000,0.005,0.0,0.0,post_relu_mean,531.123046875,-531.123046875,42.63902282714844,0.0,0.0,138.87469863891602,0.21629582550451032,-0.12760341336719452,7.367154094320901,0.5830460986495019,False
59,source_localization_stage4.1.wave_feature_conv1,120,7,1000,0.01,0.0,0.0,post_relu_mean,2145.096435546875,-2145.096435546875,202.53121948242188,0.0,0.0,1915.2624626159668,0.6516507457246199,-1.9510799412136184,112.6443751422349,4.3931033372879025,False
59,source_localization_stage4.1.wave_feature_conv1,120,7,1000,0.01,0.0,0.0,post_relu_mean,2163.067138671875,-2163.067138671875,201.73040771484375,0.0,0.0,1641.6791324615479,0.5407084881948322,-1.6701299730674422,96.42417077570106,3.7297223448753356,False
59,source_localization_stage4.1.wave_feature_conv1,120,7,1000,0.01,0.0,0.0,post_relu_mean,1864.4822998046875,-1864.4822998046875,163.83457946777344,0.0,0.0,652.7968368530273,0.0921080597021972,-0.6475145412723452,37.38385302284045,1.3368678140640258,False
59,source_localization_stage4.1.wave_feature_conv1,120,7,1000,0.01,0.0,0.0,post_relu_mean,1047.5072021484375,-1047.5072021484375,83.18109893798828,0.0,0.0,249.83810806274414,0.15903449825671823,-0.25666729566493557,14.818765161699941,0.5675857347249985,False
59,source_localization_stage4.1.wave_feature_conv1,198,7,1000,0.005,0.0,0.0,post_relu_mean,481.8358459472656,-481.8358459472656,63.861568450927734,0.0,0.0,390.7987365722656,0.23869189478470834,-0.43207178168345795,24.945421803551813,1.71050950050354,False
59,source_localization_stage4.1.wave_feature_conv1,198,7,1000,0.005,0.0,0.0,post_relu_mean,457.64239501953125,-457.64239501953125,56.896568298339844,0.0,0.0,298.466947555542,0.18538741517109406,-0.3337605523000929,19.26946734830206,1.3662963455915451,False
59,source_localization_stage4.1.wave_feature_conv1,198,7,1000,0.005,0.0,0.0,post_relu_mean,239.98779296875,-239.98779296875,23.260875701904297,0.0,0.0,82.73557662963867,0.08397262905463322,-0.07544398828018796,4.355717627939065,0.45588854476809504,False
59,source_localization_stage4.1.wave_feature_conv1,198,7,1000,0.005,0.0,0.0,post_relu_mean,70.15889739990234,-70.15889739990234,6.025677680969238,0.0,0.0,44.17566680908203,0.2109781023250564,-0.013245496598955195,0.7647386034501734,0.2771212512254715,False
59,source_localization_stage4.1.wave_feature_conv1,198,7,1000,0.01,0.0,0.0,post_relu_mean,1027.84716796875,-1027.84716796875,130.421142578125,0.0,0.0,870.25048828125,0.2904166919867133,-0.9058624026788412,52.299603912926685,1.9566235476732254,False
59,source_localization_stage4.1.wave_feature_conv1,198,7,1000,0.01,0.0,0.0,post_relu_mean,948.6209716796875,-948.6209716796875,116.95753479003906,0.0,0.0,639.2931499481201,0.21078931751916696,-0.6926322439982384,39.988841184830015,1.5080706673860549,False
59,source_localization_stage4.1.wave_feature_conv1,198,7,1000,0.01,0.0,0.0,post_relu_mean,514.3111572265625,-514.3111572265625,49.86469650268555,0.0,0.0,157.5302848815918,0.06498819022724292,-0.156409095965009,9.030203869908657,0.4612152877449989,False
59,source_localization_stage4.1.wave_feature_conv1,198,7,1000,0.01,0.0,0.0,post_relu_mean,153.44692993164062,-153.44692993164062,12.880891799926758,0.0,0.0,58.91156005859375,0.15399421529271692,-0.030605930084317775,1.7670369317545334,0.30498710826039316,False
59,source_localization_stage4.1.wave_feature_conv1,186,7,1000,0.005,0.0,0.0,post_relu_mean,336.1116638183594,-336.1116638183594,53.7662467956543,0.0,0.0,259.97406005859375,0.06796297900290893,-0.2683763958227069,15.494533845536903,0.988045618236065,False
59,source_localization_stage4.1.wave_feature_conv1,186,7,1000,0.005,0.0,0.0,post_relu_mean,317.3245544433594,-317.3245544433594,46.50202941894531,0.0,0.0,188.96778297424316,0.039591825076958694,-0.19907768543060014,11.493623135636602,0.7052583348751068,False
59,source_localization_stage4.1.wave_feature_conv1,186,7,1000,0.005,0.0,0.0,post_relu_mean,89.50080108642578,-89.50080108642578,8.995986938476562,0.0,0.0,44.16139793395996,0.1414548871579388,-0.022978456014096586,1.3266715374813474,0.2851408338546753,False
59,source_localization_stage4.1.wave_feature_conv1,186,7,1000,0.005,0.0,0.0,post_relu_mean,30.834339141845703,-30.834339141845703,2.64957332611084,0.0,0.0,43.5852108001709,0.24899486321014525,-0.005616881311105196,0.3243167799482785,0.2474062342941761,False
59,source_localization_stage4.1.wave_feature_conv1,186,7,1000,0.01,0.0,0.0,post_relu_mean,670.9278564453125,-670.9278564453125,104.30050659179688,0.0,0.0,544.2559509277344,0.08098146683466671,-0.5617047760483562,32.429644844276226,1.0544255036115646,False
59,source_localization_stage4.1.wave_feature_conv1,186,7,1000,0.01,0.0,0.0,post_relu_mean,635.1732788085938,-635.1732788085938,90.97294616699219,0.0,0.0,395.6392002105713,0.05374424474949541,-0.4122745546589714,23.80241243995109,0.7518889892101288,False
59,source_localization_stage4.1.wave_feature_conv1,186,7,1000,0.01,0.0,0.0,post_relu_mean,179.42247009277344,-179.42247009277344,17.582704544067383,0.0,0.0,69.68268394470215,0.10485824193725139,-0.051047005089388094,2.947179121445396,0.30130029022693633,False
59,source_localization_stage4.1.wave_feature_conv1,186,7,1000,0.01,0.0,0.0,post_relu_mean,54.340362548828125,-54.340362548828125,4.408411026000977,0.0,0.0,49.50285720825195,0.18393564904652665,-0.012075341771926259,0.6972500362498675,0.29235735900700094,False
61,source_localization_stage4.1.wave_feature_conv2,201,7,1000,0.005,0.0,0.0,post_relu_mean,631.40234375,-631.40234375,91.6931381225586,0.0,0.0,512.3714866638184,0.3742165758648864,-0.5563096399721394,32.118587435448546,2.5285056948661806,False
61,source_localization_stage4.1.wave_feature_conv2,201,7,1000,0.005,0.0,0.0,post_relu_mean,613.7879028320312,-613.7879028320312,86.67667388916016,0.0,0.0,382.4681091308594,0.2648473495694996,-0.4190676956789031,24.194828331193843,1.9706320017576218,False
61,source_localization_stage4.1.wave_feature_conv2,201,7,1000,0.005,0.0,0.0,post_relu_mean,163.06942749023438,-163.06942749023438,20.485382080078125,0.0,0.0,37.1663818359375,0.2401777437394378,-0.011741147992277079,0.6778984779183685,0.13461003605276345,False
61,source_localization_stage4.1.wave_feature_conv2,201,7,1000,0.005,0.0,0.0,post_relu_mean,4.096213340759277,-4.096213340759277,0.5177460312843323,0.0,0.0,47.83878946304321,0.35620638396888027,-0.0026891969076952146,0.15657796841973914,0.1493705740943551,False
61,source_localization_stage4.1.wave_feature_conv2,201,7,1000,0.01,0.0,0.0,post_relu_mean,1271.658447265625,-1271.658447265625,182.23570251464844,0.0,0.0,1062.0849876403809,0.39697401736924376,-1.0913731091873486,63.01029617814216,2.7318154227733613,False
61,source_localization_stage4.1.wave_feature_conv2,201,7,1000,0.01,0.0,0.0,post_relu_mean,1230.13671875,-1230.13671875,172.40036010742188,0.0,0.0,784.5076904296875,0.27914778854399913,-0.8217380913648816,47.44258224547348,2.113353644609451,False
61,source_localization_stage4.1.wave_feature_conv2,201,7,1000,0.01,0.0,0.0,post_relu_mean,354.90673828125,-354.90673828125,44.457611083984375,0.0,0.0,49.21199035644531,0.17777997568741044,-0.026101833518890952,1.5069918498564958,0.1549964167177677,False
61,source_localization_stage4.1.wave_feature_conv2,201,7,1000,0.01,0.0,0.0,post_relu_mean,3.339242935180664,-3.339242935180664,0.36969247460365295,0.0,0.0,48.56235456466675,0.2903189724644138,-0.0008516145406977803,0.0491855143052786,0.09740573689341545,False
61,source_localization_stage4.1.wave_feature_conv2,254,7,1000,0.005,0.0,0.0,post_relu_mean,529.2138671875,-529.2138671875,90.79055786132812,0.0,0.0,414.79673767089844,0.30720052252262176,-0.4723552072184983,27.271178169124642,2.1366681814193726,False
61,source_localization_stage4.1.wave_feature_conv2,254,7,1000,0.005,0.0,0.0,post_relu_mean,514.8160400390625,-514.8160400390625,84.97525787353516,0.0,0.0,291.4827003479004,0.21484284499501516,-0.32001808597384734,18.476041159685472,1.595623036623001,False
61,source_localization_stage4.1.wave_feature_conv2,254,7,1000,0.005,0.0,0.0,post_relu_mean,10.113598823547363,-10.113598823547363,1.3842889070510864,0.0,0.0,31.274145126342773,0.2447001665209484,-0.0019342099632298094,0.11176307595062647,0.09715697903186082,False
61,source_localization_stage4.1.wave_feature_conv2,254,7,1000,0.005,0.0,0.0,post_relu_mean,2.2657408714294434,-2.2657408714294434,0.35046684741973877,0.0,0.0,51.5227415561676,0.3699255223421783,-0.0028062849658862204,0.16264363830754308,0.15468288216739892,False
61,source_localization_stage4.1.wave_feature_conv2,254,7,1000,0.01,0.0,0.0,post_relu_mean,1080.231201171875,-1080.231201171875,182.23785400390625,0.0,0.0,874.3667755126953,0.3566974731573124,-0.9253468964440174,53.42430471843642,2.3620529329776763,False
61,source_localization_stage4.1.wave_feature_conv2,254,7,1000,0.01,0.0,0.0,post_relu_mean,1082.7900390625,-1082.7900390625,178.1839141845703,0.0,0.0,626.4350624084473,0.24488798831544217,-0.6642884989742539,38.35235391579347,1.778406434059143,False
61,source_localization_stage4.1.wave_feature_conv2,254,7,1000,0.01,0.0,0.0,post_relu_mean,8.082707405090332,-8.082707405090332,1.0262538194656372,0.0,0.0,31.92851686477661,0.190406305254452,-0.0007942862043249841,0.04598766600036197,0.0912655096873641,False
61,source_localization_stage4.1.wave_feature_conv2,254,7,1000,0.01,0.0,0.0,post_relu_mean,2.084639549255371,-2.084639549255371,0.2749214768409729,0.0,0.0,52.09709405899048,0.3043496336323585,-0.0006723478775107389,0.03885311641174344,0.11115096226334571,False
61,source_localization_stage4.1.wave_feature_conv2,221,7,1000,0.005,0.0,0.0,post_relu_mean,531.3260498046875,-531.3260498046875,89.33600616455078,0.0,0.0,418.6201400756836,0.2933063342836411,-0.436197725812591,25.183724131563533,2.09085151553154,False
61,source_localization_stage4.1.wave_feature_conv2,221,7,1000,0.005,0.0,0.0,post_relu_mean,537.1446533203125,-537.1446533203125,86.37529754638672,0.0,0.0,310.5693874359131,0.21941410846944276,-0.3397379175545368,19.614918559465266,1.6004549592733384,False
61,source_localization_stage4.1.wave_feature_conv2,221,7,1000,0.005,0.0,0.0,post_relu_mean,11.588671684265137,-11.588671684265137,1.601730465888977,0.0,0.0,31.381580352783203,0.255628391753832,-0.001841586232498296,0.10662150042763854,0.09591143097728491,False
61,source_localization_stage4.1.wave_feature_conv2,221,7,1000,0.005,0.0,0.0,post_relu_mean,2.2282323837280273,-2.2282323837280273,0.3780106008052826,0.0,0.0,51.47547769546509,0.38329634832263104,-0.0027277883438680283,0.15872485437076989,0.15123506680130958,False
61,source_localization_stage4.1.wave_feature_conv2,221,7,1000,0.01,0.0,0.0,post_relu_mean,1079.0953369140625,-1079.0953369140625,179.0033721923828,0.0,0.0,876.7220687866211,0.3049622518447563,-0.8988970683129385,51.89730567063341,2.2406842529773714,False
61,source_localization_stage4.1.wave_feature_conv2,221,7,1000,0.01,0.0,0.0,post_relu_mean,1089.58544921875,-1089.58544921875,174.86021423339844,0.0,0.0,641.7979030609131,0.22715105889705967,-0.6542839607519729,37.774648530340045,1.7116879940032959,False
61,source_localization_stage4.1.wave_feature_conv2,221,7,1000,0.01,0.0,0.0,post_relu_mean,9.670299530029297,-9.670299530029297,1.2662553787231445,0.0,0.0,31.979270935058594,0.19836767951152126,-0.0008325857591496704,0.048083239286784867,0.08738614033907652,False
61,source_localization_stage4.1.wave_feature_conv2,221,7,1000,0.01,0.0,0.0,post_relu_mean,1.7836288213729858,-1.7836288213729858,0.26069769263267517,0.0,0.0,52.20400321483612,0.3138956956367742,-0.0008135486570917765,0.04706862233214782,0.1040322345495224,False
61,source_localization_stage4.1.wave_feature_conv2,101,7,1000,0.005,0.0,0.0,post_relu_mean,818.0477294921875,-818.0477294921875,179.27235412597656,0.0,0.0,616.0056076049805,0.6330981902329186,-0.6508658704169019,37.57732265039991,2.732144669294357,False
61,source_localization_stage4.1.wave_feature_conv2,101,7,1000,0.005,0.0,0.0,post_relu_mean,827.911376953125,-827.911376953125,178.50717163085938,0.0,0.0,371.6100444793701,0.28366372534982903,-0.401455285176685,23.177770892265837,1.6182827991247177,False
61,source_localization_stage4.1.wave_feature_conv2,101,7,1000,0.005,0.0,0.0,post_relu_mean,3.86006760597229,-3.86006760597229,0.5432127118110657,0.0,0.0,32.2072331905365,0.23307339115548087,-0.0018763455033507946,0.10893787847760533,0.10092687301337719,False
61,source_localization_stage4.1.wave_feature_conv2,101,7,1000,0.005,0.0,0.0,post_relu_mean,2.0876665115356445,-2.0876665115356445,0.31854864954948425,0.0,0.0,52.55076241493225,0.37134595614889193,-0.0024314903689013744,0.1417959365220108,0.1344410704448819,False
61,source_localization_stage4.1.wave_feature_conv2,101,7,1000,0.01,0.0,0.0,post_relu_mean,1627.7540283203125,-1627.7540283203125,352.7182312011719,0.0,0.0,1252.265983581543,0.5575213384512904,-1.2714367731629814,73.40553777957368,2.8175082814693453,False
61,source_localization_stage4.1.wave_feature_conv2,101,7,1000,0.01,0.0,0.0,post_relu_mean,1622.1435546875,-1622.1435546875,346.74566650390625,0.0,0.0,745.2460308074951,0.2654086632028366,-0.774360481295968,44.7072170855859,1.6595988446474075,False
61,source_localization_stage4.1.wave_feature_conv2,101,7,1000,0.01,0.0,0.0,post_relu_mean,3.4365673065185547,-3.4365673065185547,0.42769697308540344,0.0,0.0,32.65010094642639,0.18592119374702384,-0.0006151784495439032,0.03559039016085302,0.08676458105444908,False
61,source_localization_stage4.1.wave_feature_conv2,101,7,1000,0.01,0.0,0.0,post_relu_mean,1.933748483657837,-1.933748483657837,0.24699090421199799,0.0,0.0,53.11242198944092,0.3060006511950362,-0.0006114665018701235,0.03537536645580145,0.1042907140031457,False
61,source_localization_stage4.1.wave_feature_conv2,13,7,1000,0.005,0.0,0.0,post_relu_mean,1106.28466796875,-1106.28466796875,171.6907196044922,0.0,0.0,912.7675132751465,0.8512952864062718,-0.9375790713584977,54.13053426714064,4.089486322402954,False
61,source_localization_stage4.1.wave_feature_conv2,13,7,1000,0.005,0.0,0.0,post_relu_mean,1060.2020263671875,-1060.2020263671875,163.7379608154297,0.0,0.0,641.7726192474365,0.5127005607986888,-0.6532422203682535,37.714806037033284,2.8407845997810366,False
61,source_localization_stage4.1.wave_feature_conv2,13,7,1000,0.005,0.0,0.0,post_relu_mean,24.903614044189453,-24.903614044189453,3.2519638538360596,0.0,0.0,33.9024658203125,0.26548835712792773,-0.0022484524248421157,0.13000495637954698,0.09498782332986594,False
61,source_localization_stage4.1.wave_feature_conv2,13,7,1000,0.005,0.0,0.0,post_relu_mean,3.0453896522521973,-3.0453896522521973,0.40973836183547974,0.0,0.0,53.57312059402466,0.3784305725609294,-0.002872382398038993,0.16639546155575533,0.16035521164536476,False
61,source_localization_stage4.1.wave_feature_conv2,13,7,1000,0.01,0.0,0.0,post_relu_mean,2171.782470703125,-2171.782470703125,335.87396240234375,0.0,0.0,1814.0820274353027,0.7109662648319365,-1.8487501835678217,106.73732720026284,4.205216944217682,False
61,source_localization_stage4.1.wave_feature_conv2,13,7,1000,0.01,0.0,0.0,post_relu_mean,2235.533935546875,-2235.533935546875,345.55035400390625,0.0,0.0,1362.5735836029053,0.4907961791743889,-1.366175376247199,78.87526029146439,3.0515371441841124,False
61,source_localization_stage4.1.wave_feature_conv2,13,7,1000,0.01,0.0,0.0,post_relu_mean,32.3460807800293,-32.3460807800293,4.108970642089844,0.0,0.0,34.917381286621094,0.20408061099996977,-0.002033411795778445,0.11766860835215825,0.09033819422125816,False
61,source_localization_stage4.1.wave_feature_conv2,13,7,1000,0.01,0.0,0.0,post_relu_mean,2.5636487007141113,-2.5636487007141113,0.3030012547969818,0.0,0.0,54.15875053405762,0.3114265905272486,-0.0006090651811631062,0.03519345475618223,0.10505958378314972,False
51,source_localization_stage4.0.wave_feature_conv1,75,8,1000,0.005,0.0,0.0,post_relu_mean,1128.158447265625,-1128.158447265625,60.29792022705078,0.0,0.0,955.0545883178711,0.24589268192317368,-0.972840315972499,56.16627269574945,4.3448422908782955,False
51,source_localization_stage4.0.wave_feature_conv1,75,8,1000,0.005,0.0,0.0,post_relu_mean,1140.632568359375,-1140.632568359375,59.496463775634766,0.0,0.0,892.4042739868164,0.2686909195783888,-0.9257300225840606,53.446440394182915,4.076147456169128,False
51,source_localization_stage4.0.wave_feature_conv1,75,8,1000,0.005,0.0,0.0,post_relu_mean,1078.08837890625,-1078.08837890625,52.945594787597656,0.0,0.0,625.9051055908203,0.1589937635609742,-0.6376550426181308,36.8146100540061,2.725717191696167,False
51,source_localization_stage4.0.wave_feature_conv1,75,8,1000,0.005,0.0,0.0,post_relu_mean,1025.4112548828125,-1025.4112548828125,49.028282165527344,0.0,0.0,502.2349624633789,0.11399727644601386,-0.5093634481364964,29.40775779002923,2.133022826910019,False
51,source_localization_stage4.0.wave_feature_conv1,75,8,1000,0.01,0.0,0.0,post_relu_mean,2160.251953125,-2160.251953125,114.87066650390625,0.0,0.0,1932.5754623413086,0.28827104323363356,-1.9581175561188344,113.05056442816755,4.573187267780304,False
51,source_localization_stage4.0.wave_feature_conv1,75,8,1000,0.01,0.0,0.0,post_relu_mean,2173.2109375,-2173.2109375,112.14977264404297,0.0,0.0,1793.3494033813477,0.261369278867447,-1.8399987563165643,106.23129818258073,4.141868562698364,False
51,source_localization_stage4.0.wave_feature_conv1,75,8,1000,0.01,0.0,0.0,post_relu_mean,2076.19873046875,-2076.19873046875,100.26300048828125,0.0,0.0,1269.1348419189453,0.18105479270538263,-1.2934636744824868,74.67731481336457,2.8707644546031954,False
51,source_localization_stage4.0.wave_feature_conv1,75,8,1000,0.01,0.0,0.0,post_relu_mean,1967.4696044921875,-1967.4696044921875,92.52388763427734,0.0,0.0,1009.3372573852539,0.12428555876474061,-1.0308922427040168,59.51791596202015,2.1823455405235292,False
51,source_localization_stage4.0.wave_feature_conv1,81,8,1000,0.005,0.0,0.0,post_relu_mean,1125.6754150390625,-1125.6754150390625,56.95817184448242,0.0,0.0,957.634765625,0.430869459041457,-0.9537398291066895,55.06354070353732,5.3418956875801085,False
51,source_localization_stage4.0.wave_feature_conv1,81,8,1000,0.005,0.0,0.0,post_relu_mean,1094.64501953125,-1094.64501953125,54.49843215942383,0.0,0.0,860.6452407836914,0.36534956325367857,-0.8504622044109452,49.10092829333502,4.8675815606117245,False
51,source_localization_stage4.0.wave_feature_conv1,81,8,1000,0.005,0.0,0.0,post_relu_mean,1056.2525634765625,-1056.2525634765625,50.111385345458984,0.0,0.0,627.0929412841797,0.2771752854123973,-0.6497204132068634,37.511235385795366,3.465937415361404,False
51,source_localization_stage4.0.wave_feature_conv1,81,8,1000,0.005,0.0,0.0,post_relu_mean,978.3139038085938,-978.3139038085938,45.31227493286133,0.0,0.0,494.08165740966797,0.20096639014251058,-0.5028897862873207,29.034127584100556,2.7398044753074644,False
51,source_localization_stage4.0.wave_feature_conv1,81,8,1000,0.01,0.0,0.0,post_relu_mean,2126.24560546875,-2126.24560546875,106.61528015136719,0.0,0.0,1908.5478515625,0.44243428078176533,-1.8929274939331977,109.28689559927575,5.470187723636627,False
51,source_localization_stage4.0.wave_feature_conv1,81,8,1000,0.01,0.0,0.0,post_relu_mean,2078.4052734375,-2078.4052734375,102.03553009033203,0.0,0.0,1725.5627212524414,0.3639058455035868,-1.7401932202846087,100.46915600913002,4.932158162593842,False
51,source_localization_stage4.0.wave_feature_conv1,81,8,1000,0.01,0.0,0.0,post_relu_mean,1978.164794921875,-1978.164794921875,92.42106628417969,0.0,0.0,1231.682601928711,0.2782488699964075,-1.275050860005631,73.61441263836115,3.597271029949188,False
51,source_localization_stage4.0.wave_feature_conv1,81,8,1000,0.01,0.0,0.0,post_relu_mean,1928.685302734375,-1928.685302734375,87.21532440185547,0.0,0.0,1025.422477722168,0.21650802095619018,-1.040370038212137,60.06511906769015,2.9016208565235138,False
51,source_localization_stage4.0.wave_feature_conv1,102,8,1000,0.005,0.0,0.0,post_relu_mean,1079.942626953125,-1079.942626953125,57.76179504394531,0.0,0.0,914.4741897583008,0.24951240089504934,-0.9237269631997146,53.330752181308796,4.376357803344726,False
51,source_localization_stage4.0.wave_feature_conv1,102,8,1000,0.005,0.0,0.0,post_relu_mean,1071.81787109375,-1071.81787109375,56.339630126953125,0.0,0.0,836.6107711791992,0.23693736406637542,-0.8507344251446863,49.11659421420193,4.000223495960236,False
51,source_localization_stage4.0.wave_feature_conv1,102,8,1000,0.005,0.0,0.0,post_relu_mean,1021.4437866210938,-1021.4437866210938,50.30599594116211,0.0,0.0,594.2861480712891,0.185007300087956,-0.6087310965427944,35.14505635164554,2.8315031909942627,False
51,source_localization_stage4.0.wave_feature_conv1,102,8,1000,0.005,0.0,0.0,post_relu_mean,989.65625,-989.65625,46.98331069946289,0.0,0.0,492.2081604003906,0.1629524447518638,-0.5123649118220753,29.581046085198647,2.3019987463951113,False
51,source_localization_stage4.0.wave_feature_conv1,102,8,1000,0.01,0.0,0.0,post_relu_mean,2126.767578125,-2126.767578125,111.5685806274414,0.0,0.0,1907.492317199707,0.3759416744526156,-1.9490970496613484,112.5298988188843,4.872875964641571,False
51,source_localization_stage4.0.wave_feature_conv1,102,8,1000,0.01,0.0,0.0,post_relu_mean,2131.57373046875,-2131.57373046875,109.43740844726562,0.0,0.0,1763.622184753418,0.3556568425364438,-1.8513001974219279,106.88355355448472,4.49948504447937,False
51,source_localization_stage4.0.wave_feature_conv1,102,8,1000,0.01,0.0,0.0,post_relu_mean,1989.058349609375,-1989.058349609375,95.21946716308594,0.0,0.0,1225.0496978759766,0.2265230163338233,-1.3001374844704372,75.06343516094843,3.047809761762619,False
51,source_localization_stage4.0.wave_feature_conv1,102,8,1000,0.01,0.0,0.0,post_relu_mean,1924.2725830078125,-1924.2725830078125,89.41079711914062,0.0,0.0,1002.5495910644531,0.187130200274336,-1.0698015664808123,61.7643359438389,2.413200162649155,False
51,source_localization_stage4.0.wave_feature_conv1,138,8,1000,0.005,0.0,0.0,post_relu_mean,980.79931640625,-980.79931640625,56.90269470214844,0.0,0.0,821.6813278198242,0.3286791836507,-0.8448643885622287,48.77766863750948,4.593562407493591,False
51,source_localization_stage4.0.wave_feature_conv1,138,8,1000,0.005,0.0,0.0,post_relu_mean,986.6068115234375,-986.6068115234375,55.133056640625,0.0,0.0,759.9396820068359,0.3313969665942876,-0.7728632595239929,44.62082619690542,4.257420494556427,False
51,source_localization_stage4.0.wave_feature_conv1,138,8,1000,0.005,0.0,0.0,post_relu_mean,917.8234252929688,-917.8234252929688,47.517364501953125,0.0,0.0,517.2113265991211,0.229642421089576,-0.5266965594885722,30.4086901133479,2.9329526126384735,False
51,source_localization_stage4.0.wave_feature_conv1,138,8,1000,0.005,0.0,0.0,post_relu_mean,870.68798828125,-870.68798828125,44.13827133178711,0.0,0.0,407.37474060058594,0.14763386632971343,-0.40013369768600904,23.101495960954388,2.26025918841362,False
51,source_localization_stage4.0.wave_feature_conv1,138,8,1000,0.01,0.0,0.0,post_relu_mean,1824.746826171875,-1824.746826171875,103.7723617553711,0.0,0.0,1618.7592086791992,0.3216220864805283,-1.6665046136956645,96.21450846294134,4.658099157810211,False
51,source_localization_stage4.0.wave_feature_conv1,138,8,1000,0.01,0.0,0.0,post_relu_mean,1831.7689208984375,-1831.7689208984375,101.87708282470703,0.0,0.0,1488.241683959961,0.3087986620271616,-1.5014099452522933,86.68288310595473,4.348360762596131,False
51,source_localization_stage4.0.wave_feature_conv1,138,8,1000,0.01,0.0,0.0,post_relu_mean,1728.682373046875,-1728.682373046875,88.12873840332031,0.0,0.0,1023.4849472045898,0.24539130972152148,-1.0482593600179357,60.52093496312997,3.063954955339432,False
51,source_localization_stage4.0.wave_feature_conv1,138,8,1000,0.01,0.0,0.0,post_relu_mean,1650.5689697265625,-1650.5689697265625,82.05918884277344,0.0,0.0,808.0465240478516,0.16240219028368835,-0.8297137013081087,47.90299034419192,2.382280768156052,False
51,source_localization_stage4.0.wave_feature_conv1,74,8,1000,0.005,0.0,0.0,post_relu_mean,859.638671875,-859.638671875,54.884212493896484,0.0,0.0,720.6659240722656,0.36433918506615315,-0.7406637740101216,42.76174596522648,4.382065353393554,False
51,source_localization_stage4.0.wave_feature_conv1,74,8,1000,0.005,0.0,0.0,post_relu_mean,853.8926391601562,-853.8926391601562,52.683189392089844,0.0,0.0,651.5831604003906,0.3279285355553688,-0.6719487568182858,38.79453931438504,3.9631547212600706,False
51,source_localization_stage4.0.wave_feature_conv1,74,8,1000,0.005,0.0,0.0,post_relu_mean,754.2086181640625,-754.2086181640625,44.54594421386719,0.0,0.0,394.46920013427734,0.18682977995928557,-0.4217703360369653,24.350775965427985,2.550885171890259,False
51,source_localization_stage4.0.wave_feature_conv1,74,8,1000,0.005,0.0,0.0,post_relu_mean,658.2437133789062,-658.2437133789062,38.45250701904297,0.0,0.0,270.5521240234375,0.10450218106877722,-0.2721760604973986,15.713914897589577,1.744437182545662,False
51,source_localization_stage4.0.wave_feature_conv1,74,8,1000,0.01,0.0,0.0,post_relu_mean,1624.3231201171875,-1624.3231201171875,102.04915618896484,0.0,0.0,1438.1853942871094,0.37183749394953786,-1.4619569878895409,84.40521938983075,4.5199476957321165,False
51,source_localization_stage4.0.wave_feature_conv1,74,8,1000,0.01,0.0,0.0,post_relu_mean,1600.9189453125,-1600.9189453125,97.78573608398438,0.0,0.0,1285.8530578613281,0.3290790730320892,-1.3118403651009245,75.73827247005417,4.047436817884445,False
51,source_localization_stage4.0.wave_feature_conv1,74,8,1000,0.01,0.0,0.0,post_relu_mean,1487.5960693359375,-1487.5960693359375,86.49461364746094,0.0,0.0,813.2416305541992,0.2214598557082393,-0.8260346726105897,47.69066487786592,2.670369678735733,False
51,source_localization_stage4.0.wave_feature_conv1,74,8,1000,0.01,0.0,0.0,post_relu_mean,1241.9302978515625,-1241.9302978515625,70.29009246826172,0.0,0.0,535.8628540039062,0.11305832824014737,-0.5383799759331142,31.08304936646805,1.815481036901474,False
53,source_localization_stage4.0.wave_feature_conv2,101,8,1000,0.005,0.0,0.0,post_relu_mean,572.6159057617188,-572.6159057617188,42.28010177612305,0.0,0.0,468.44861221313477,0.21760406290597933,-0.4757621299464981,27.467813536262938,3.0229970908164976,False
53,source_localization_stage4.0.wave_feature_conv2,101,8,1000,0.005,0.0,0.0,post_relu_mean,563.3216552734375,-563.3216552734375,40.33769989013672,0.0,0.0,409.0792427062988,0.19997860343210136,-0.4207451745741885,24.29150013660143,2.6892568600177764,False
53,source_localization_stage4.0.wave_feature_conv2,101,8,1000,0.005,0.0,0.0,post_relu_mean,547.0440063476562,-547.0440063476562,36.40911102294922,0.0,0.0,248.87426376342773,0.16621827778506007,-0.2566540706791596,14.817797196639038,1.6851781451702117,False
53,source_localization_stage4.0.wave_feature_conv2,101,8,1000,0.005,0.0,0.0,post_relu_mean,521.2919921875,-521.2919921875,34.00770568847656,0.0,0.0,170.26190185546875,0.13087927346244582,-0.171327122792938,9.891479500285216,1.1312243151664734,False
53,source_localization_stage4.0.wave_feature_conv2,101,8,1000,0.01,0.0,0.0,post_relu_mean,1160.714111328125,-1160.714111328125,83.79843139648438,0.0,0.0,1015.0284461975098,0.2697566412865331,-1.0398884136989899,60.037459764059385,3.286973639726639,False
53,source_localization_stage4.0.wave_feature_conv2,101,8,1000,0.01,0.0,0.0,post_relu_mean,1095.6207275390625,-1095.6207275390625,78.69930267333984,0.0,0.0,845.4742622375488,0.22475361630337343,-0.8762431389123349,50.58969496689735,2.8412174904346466,False
53,source_localization_stage4.0.wave_feature_conv2,101,8,1000,0.01,0.0,0.0,post_relu_mean,1029.0533447265625,-1029.0533447265625,67.98139190673828,0.0,0.0,494.09145736694336,0.14969996951728334,-0.5094346635246692,29.412279238408534,1.6961653870344162,False
53,source_localization_stage4.0.wave_feature_conv2,101,8,1000,0.01,0.0,0.0,post_relu_mean,961.023681640625,-961.023681640625,62.402618408203125,0.0,0.0,326.0444641113281,0.11862185914753533,-0.33470382240665636,19.323932793546298,1.1613878208398818,False
53,source_localization_stage4.0.wave_feature_conv2,254,8,1000,0.005,0.0,0.0,post_relu_mean,622.5269165039062,-622.5269165039062,43.0152587890625,0.0,0.0,517.9810256958008,0.2952653091506464,-0.514949181033908,29.73031413683852,3.3280480134487154,False
53,source_localization_stage4.0.wave_feature_conv2,254,8,1000,0.005,0.0,0.0,post_relu_mean,603.583251953125,-603.583251953125,41.046104431152344,0.0,0.0,447.92847442626953,0.24978499256842243,-0.4722868730211297,27.267287444348344,2.9473009121418,False
53,source_localization_stage4.0.wave_feature_conv2,254,8,1000,0.005,0.0,0.0,post_relu_mean,564.5203857421875,-564.5203857421875,36.039005279541016,0.0,0.0,269.49206161499023,0.16462540946948043,-0.27869888620384453,16.090492414244874,1.7887482368946075,False
53,source_localization_stage4.0.wave_feature_conv2,254,8,1000,0.005,0.0,0.0,post_relu_mean,539.5131225585938,-539.5131225585938,33.93545913696289,0.0,0.0,189.5746192932129,0.12075050099636407,-0.1888389346955964,10.902491456014333,1.2297962039709092,False
53,source_localization_stage4.0.wave_feature_conv2,254,8,1000,0.01,0.0,0.0,post_relu_mean,1108.263671875,-1108.263671875,77.62599182128906,0.0,0.0,969.107063293457,0.25111326926550814,-0.9980211236848302,57.62011224379486,3.2977548229694365,False
53,source_localization_stage4.0.wave_feature_conv2,254,8,1000,0.01,0.0,0.0,post_relu_mean,1104.948486328125,-1104.948486328125,75.52962493896484,0.0,0.0,863.0848770141602,0.22974466820784417,-0.9026886605240082,52.11742181340752,2.975218300819397,False
53,source_localization_stage4.0.wave_feature_conv2,254,8,1000,0.01,0.0,0.0,post_relu_mean,1025.8636474609375,-1025.8636474609375,65.3556900024414,0.0,0.0,510.96020126342773,0.1388614787432645,-0.519382484783372,29.986190448398677,1.7759583872556686,False
53,source_localization_stage4.0.wave_feature_conv2,254,8,1000,0.01,0.0,0.0,post_relu_mean,1005.8602905273438,-1005.8602905273438,62.93146514892578,0.0,0.0,365.9617347717285,0.11240718305135008,-0.36058396677812454,20.818072270829436,1.280005448460579,False
53,source_localization_stage4.0.wave_feature_conv2,152,8,1000,0.005,0.0,0.0,post_relu_mean,345.36419677734375,-345.36419677734375,37.04225540161133,0.0,0.0,271.5618133544922,0.11739261968079544,-0.27454896967364373,15.850960604649002,1.841340767145157,False
53,source_localization_stage4.0.wave_feature_conv2,152,8,1000,0.005,0.0,0.0,post_relu_mean,347.61328125,-347.61328125,35.83466720581055,0.0,0.0,229.9027557373047,0.1196652778698219,-0.24049692030188324,13.884956445976043,1.5652270996570588,False
53,source_localization_stage4.0.wave_feature_conv2,152,8,1000,0.005,0.0,0.0,post_relu_mean,301.5910339355469,-301.5910339355469,28.23076057434082,0.0,0.0,90.52400588989258,0.046029898758506875,-0.09087100608148749,5.246411108985343,0.4851651245355606,False
53,source_localization_stage4.0.wave_feature_conv2,152,8,1000,0.005,0.0,0.0,post_relu_mean,111.7860336303711,-111.7860336303711,8.276742935180664,0.0,0.0,44.07604217529297,0.06360313845794896,-0.035082029907574475,2.0254970554860443,0.21159893319010734,False
53,source_localization_stage4.0.wave_feature_conv2,152,8,1000,0.01,0.0,0.0,post_relu_mean,649.7952880859375,-649.7952880859375,68.86048126220703,0.0,0.0,544.1746978759766,0.13512384133502797,-0.5632979305699073,32.521720916028734,1.9333865767717362,False
53,source_localization_stage4.0.wave_feature_conv2,152,8,1000,0.01,0.0,0.0,post_relu_mean,682.810791015625,-682.810791015625,69.70791625976562,0.0,0.0,480.4171600341797,0.14267584473949974,-0.4996889552670945,28.849426184231117,1.6831098484992981,False
53,source_localization_stage4.0.wave_feature_conv2,152,8,1000,0.01,0.0,0.0,post_relu_mean,607.2575073242188,-607.2575073242188,56.07365798950195,0.0,0.0,187.36874771118164,0.05343130445719375,-0.19138622192666632,11.04960145347604,0.5072683225572109,False
53,source_localization_stage4.0.wave_feature_conv2,152,8,1000,0.01,0.0,0.0,post_relu_mean,249.64002990722656,-249.64002990722656,17.96583366394043,0.0,0.0,85.03912353515625,0.046640819497052205,-0.08716455778749815,5.032463594580804,0.24137099027633668,False
53,source_localization_stage4.0.wave_feature_conv2,69,8,1000,0.005,0.0,0.0,post_relu_mean,316.22467041015625,-316.22467041015625,45.07532501220703,0.0,0.0,238.3766326904297,0.09660806688914322,-0.24900748764217764,14.376287411168196,1.453706493973732,False
53,source_localization_stage4.0.wave_feature_conv2,69,8,1000,0.005,0.0,0.0,post_relu_mean,286.3500671386719,-286.3500671386719,35.84366989135742,0.0,0.0,172.62779235839844,0.07054210060909376,-0.17635652682164832,10.182103818339826,1.1069694006443023,False
53,source_localization_stage4.0.wave_feature_conv2,69,8,1000,0.005,0.0,0.0,post_relu_mean,135.0430450439453,-135.0430450439453,14.115201950073242,0.0,0.0,33.93134307861328,0.027289372979273266,-0.030415958675486666,1.7560696367876938,0.17207685574889184,False
53,source_localization_stage4.0.wave_feature_conv2,69,8,1000,0.005,0.0,0.0,post_relu_mean,32.21580123901367,-32.21580123901367,2.6729836463928223,0.0,0.0,24.670982360839844,0.13543655833202628,-0.0068330902303319315,0.3945638287805986,0.13019197359681128,False
53,source_localization_stage4.0.wave_feature_conv2,69,8,1000,0.01,0.0,0.0,post_relu_mean,609.7796630859375,-609.7796630859375,90.92198944091797,0.0,0.0,486.08494567871094,0.10798800495532287,-0.5080637315157733,29.33271090929838,1.5256149917840958,False
53,source_localization_stage4.0.wave_feature_conv2,69,8,1000,0.01,0.0,0.0,post_relu_mean,546.1336669921875,-546.1336669921875,67.82193756103516,0.0,0.0,352.4657287597656,0.08249815657340831,-0.3590297959505873,20.728350482291845,1.160698002576828,False
53,source_localization_stage4.0.wave_feature_conv2,69,8,1000,0.01,0.0,0.0,post_relu_mean,261.4604187011719,-261.4604187011719,26.723142623901367,0.0,0.0,65.7891616821289,0.021791811410774336,-0.06579017512699781,3.7983554246124758,0.1892563649266958,False
53,source_localization_stage4.0.wave_feature_conv2,69,8,1000,0.01,0.0,0.0,post_relu_mean,57.76164627075195,-57.76164627075195,4.6772565841674805,0.0,0.0,30.174095153808594,0.10349457306001358,-0.011672584263604088,0.6739094369053462,0.13839446637779473,False
53,source_localization_stage4.0.wave_feature_conv2,88,8,1000,0.005,0.0,0.0,post_relu_mean,270.1285705566406,-270.1285705566406,39.80870056152344,0.0,0.0,203.08972549438477,0.10167495572601454,-0.20405976719699975,11.781256946749593,1.2912577444314957,False
53,source_localization_stage4.0.wave_feature_conv2,88,8,1000,0.005,0.0,0.0,post_relu_mean,265.7232666015625,-265.7232666015625,37.825531005859375,0.0,0.0,152.62139129638672,0.0769290127325655,-0.15511884865145317,8.955696143904404,0.9413894802331925,False
53,source_localization_stage4.0.wave_feature_conv2,88,8,1000,0.005,0.0,0.0,post_relu_mean,64.5423355102539,-64.5423355102539,6.784370422363281,0.0,0.0,24.095165252685547,0.06665292744461992,-0.01562677373265966,0.9022053397857083,0.1310302272811532,False
53,source_localization_stage4.0.wave_feature_conv2,88,8,1000,0.005,0.0,0.0,post_relu_mean,20.768508911132812,-20.768508911132812,1.7680697441101074,0.0,0.0,28.01024627685547,0.19414342470082885,-0.005505519202597222,0.31792812509342183,0.11872778374701738,False
53,source_localization_stage4.0.wave_feature_conv2,88,8,1000,0.01,0.0,0.0,post_relu_mean,510.489990234375,-510.489990234375,75.14935302734375,0.0,0.0,408.1104927062988,0.10859592730718369,-0.41201040610274287,23.78718815055787,1.3435989832878112,False
53,source_localization_stage4.0.wave_feature_conv2,88,8,1000,0.01,0.0,0.0,post_relu_mean,512.0431518554688,-512.0431518554688,72.17694854736328,0.0,0.0,313.0627212524414,0.09351106328655112,-0.31590724813744114,18.23869659350519,1.008471042215824,False
53,source_localization_stage4.0.wave_feature_conv2,88,8,1000,0.01,0.0,0.0,post_relu_mean,131.97508239746094,-131.97508239746094,13.42115592956543,0.0,0.0,41.75202178955078,0.0493318676653456,-0.03621385908945819,2.090808010565205,0.13815421029925345,False
53,source_localization_stage4.0.wave_feature_conv2,88,8,1000,0.01,0.0,0.0,post_relu_mean,40.03281021118164,-40.03281021118164,3.204293727874756,0.0,0.0,32.91230773925781,0.15105840344010443,-0.00972362401148728,0.5613878085136669,0.13069447334855794,False
56,source_localization_stage4.0.skip_connection.0,152,8,1000,0.005,0.0,0.0,post_relu_mean,712.770751953125,-712.770751953125,58.786556243896484,0.0,0.0,581.7162704467773,0.18993100982027902,-0.6147467209019092,35.49231303653515,3.213608326911926,False
56,source_localization_stage4.0.skip_connection.0,152,8,1000,0.005,0.0,0.0,post_relu_mean,709.1798706054688,-709.1798706054688,56.96583557128906,0.0,0.0,508.4416084289551,0.16552721543741736,-0.5240756020044911,30.25718429049645,2.7862887609004976,False
56,source_localization_stage4.0.skip_connection.0,152,8,1000,0.005,0.0,0.0,post_relu_mean,612.2939453125,-612.2939453125,46.329837799072266,0.0,0.0,252.9774169921875,0.09876374552036747,-0.25020368600798265,14.445443220660609,1.4260349452495575,False
56,source_localization_stage4.0.skip_connection.0,152,8,1000,0.005,0.0,0.0,post_relu_mean,502.9949035644531,-502.9949035644531,36.782814025878906,0.0,0.0,146.56448364257812,0.11755011669623149,-0.13150762475726935,7.592522329435565,0.8709961259365082,False
56,source_localization_stage4.0.skip_connection.0,152,8,1000,0.01,0.0,0.0,post_relu_mean,1388.096923828125,-1388.096923828125,113.74227905273438,0.0,0.0,1202.0866928100586,0.24065435101455857,-1.2329119316850108,71.1818082847005,3.4280181205272675,False
56,source_localization_stage4.0.skip_connection.0,152,8,1000,0.01,0.0,0.0,post_relu_mean,1363.3006591796875,-1363.3006591796875,109.16898345947266,0.0,0.0,1032.0545234680176,0.2162372315368357,-1.061154977788019,61.26589623305694,3.0220306599140168,False
56,source_localization_stage4.0.skip_connection.0,152,8,1000,0.01,0.0,0.0,post_relu_mean,1173.05908203125,-1173.05908203125,88.50299835205078,0.0,0.0,497.4438781738281,0.08891961117141302,-0.5096611845227772,29.425059023619433,1.4905012571811675,False
56,source_localization_stage4.0.skip_connection.0,152,8,1000,0.01,0.0,0.0,post_relu_mean,951.9042358398438,-951.9042358398438,69.03923797607422,0.0,0.0,272.9095458984375,0.09519986460465987,-0.26438511165721035,15.26409951133245,0.9184421247243881,False
56,source_localization_stage4.0.skip_connection.0,176,8,1000,0.005,0.0,0.0,post_relu_mean,665.0946044921875,-665.0946044921875,57.8914909362793,0.0,0.0,538.7062225341797,0.1594061277269427,-0.5384703829708171,31.088304079450506,2.8263941287994383,False
56,source_localization_stage4.0.skip_connection.0,176,8,1000,0.005,0.0,0.0,post_relu_mean,646.870849609375,-646.870849609375,54.15669250488281,0.0,0.0,456.9485855102539,0.1403175769963549,-0.45387423032438606,26.204120790429695,2.4649401116371155,False
56,source_localization_stage4.0.skip_connection.0,176,8,1000,0.005,0.0,0.0,post_relu_mean,551.3729858398438,-551.3729858398438,43.418052673339844,0.0,0.0,217.76158905029297,0.07846864930127409,-0.21213032629129938,12.247208351418577,1.217966057062149,False
56,source_localization_stage4.0.skip_connection.0,176,8,1000,0.005,0.0,0.0,post_relu_mean,430.5013427734375,-430.5013427734375,32.44181442260742,0.0,0.0,121.38447570800781,0.12918633236382537,-0.10928620847357119,6.309671272262376,0.711194297671318,False
56,source_localization_stage4.0.skip_connection.0,176,8,1000,0.01,0.0,0.0,post_relu_mean,1266.1995849609375,-1266.1995849609375,108.57992553710938,0.0,0.0,1089.1227264404297,0.170814253622965,-1.113898714746921,64.31098442050627,2.9345224499702454,False
56,source_localization_stage4.0.skip_connection.0,176,8,1000,0.01,0.0,0.0,post_relu_mean,1247.17138671875,-1247.17138671875,103.58583068847656,0.0,0.0,933.6762466430664,0.1622309187832511,-0.9381696683682961,54.164654844055626,2.590679247379303,False
56,source_localization_stage4.0.skip_connection.0,176,8,1000,0.01,0.0,0.0,post_relu_mean,1100.821533203125,-1100.821533203125,85.40123748779297,0.0,0.0,452.33626556396484,0.08990714621667013,-0.4522187230095792,26.1085643851307,1.343095262646675,False
56,source_localization_stage4.0.skip_connection.0,176,8,1000,0.01,0.0,0.0,post_relu_mean,848.1396484375,-848.1396484375,63.94401168823242,0.0,0.0,224.0008087158203,0.09975999877462767,-0.21782054722876862,12.576614750053094,0.7672175341844558,False
56,source_localization_stage4.0.skip_connection.0,221,8,1000,0.005,0.0,0.0,post_relu_mean,666.53466796875,-666.53466796875,60.21758270263672,0.0,0.0,543.6611404418945,0.1377066673587548,-0.5485130016052523,31.668069402322544,2.563727331161499,False
56,source_localization_stage4.0.skip_connection.0,221,8,1000,0.005,0.0,0.0,post_relu_mean,669.9825439453125,-669.9825439453125,59.01801681518555,0.0,0.0,473.78215408325195,0.12926504371635383,-0.4799451133586691,27.709302239212217,2.2134309434890747,False
56,source_localization_stage4.0.skip_connection.0,221,8,1000,0.005,0.0,0.0,post_relu_mean,562.6568603515625,-562.6568603515625,45.401851654052734,0.0,0.0,220.15626525878906,0.06075179390941819,-0.21554475108368187,12.444337071488349,0.9954934048652649,False
56,source_localization_stage4.0.skip_connection.0,221,8,1000,0.005,0.0,0.0,post_relu_mean,352.6988830566406,-352.6988830566406,24.674049377441406,0.0,0.0,127.30599212646484,0.09958209708988548,-0.11667059300765356,6.7359465879404725,0.6262609705328941,False
56,source_localization_stage4.0.skip_connection.0,221,8,1000,0.01,0.0,0.0,post_relu_mean,1287.061279296875,-1287.061279296875,114.29425048828125,0.0,0.0,1110.1111526489258,0.1495560488247852,-1.122553004819383,64.80989861313147,2.664984496831894,False
56,source_localization_stage4.0.skip_connection.0,221,8,1000,0.01,0.0,0.0,post_relu_mean,1269.154541015625,-1269.154541015625,109.55329895019531,0.0,0.0,946.6159553527832,0.11956993505192653,-0.953905240743201,55.073071016426276,2.242363506555557,False
56,source_localization_stage4.0.skip_connection.0,221,8,1000,0.01,0.0,0.0,post_relu_mean,1063.7005615234375,-1063.7005615234375,84.09164428710938,0.0,0.0,431.0265350341797,0.061249157489741,-0.43854419886498136,25.319046377750055,1.034151192009449,False
56,source_localization_stage4.0.skip_connection.0,221,8,1000,0.01,0.0,0.0,post_relu_mean,719.3765869140625,-719.3765869140625,49.704444885253906,0.0,0.0,243.67975616455078,0.07800066117559351,-0.24267070541662228,14.010443669232934,0.6455712363123893,False
56,source_localization_stage4.0.skip_connection.0,37,8,1000,0.005,0.0,0.0,post_relu_mean,607.827392578125,-607.827392578125,62.4387092590332,0.0,0.0,485.63619232177734,0.14755437134944946,-0.5010959587191584,28.930431519270233,2.260005931854248,False
56,source_localization_stage4.0.skip_connection.0,37,8,1000,0.005,0.0,0.0,post_relu_mean,587.207763671875,-587.207763671875,58.82643127441406,0.0,0.0,394.4068145751953,0.11719352106074435,-0.4164906643036559,24.045806674428878,1.8391264498233795,False
56,source_localization_stage4.0.skip_connection.0,37,8,1000,0.005,0.0,0.0,post_relu_mean,403.9522399902344,-403.9522399902344,36.1907958984375,0.0,0.0,133.5117416381836,0.07994633697605476,-0.13403206759093536,7.738310100664251,0.6481876075267792,False
56,source_localization_stage4.0.skip_connection.0,37,8,1000,0.005,0.0,0.0,post_relu_mean,206.49282836914062,-206.49282836914062,16.59303092956543,0.0,0.0,64.91565704345703,0.1497820702483723,-0.04496103271722419,2.5957992894215804,0.39955546393990515,False
56,source_localization_stage4.0.skip_connection.0,37,8,1000,0.01,0.0,0.0,post_relu_mean,1147.568115234375,-1147.568115234375,116.5593032836914,0.0,0.0,971.2563095092773,0.15222797720218006,-1.0044225392133825,57.98964262409058,2.3025171983242037,False
56,source_localization_stage4.0.skip_connection.0,37,8,1000,0.01,0.0,0.0,post_relu_mean,1124.375,-1124.375,110.38555145263672,0.0,0.0,802.6762542724609,0.13522920693258314,-0.8340693652991958,48.15450068952599,1.9323367834091187,False
56,source_localization_stage4.0.skip_connection.0,37,8,1000,0.01,0.0,0.0,post_relu_mean,797.366455078125,-797.366455078125,70.57279205322266,0.0,0.0,269.0609664916992,0.06515036712722655,-0.2813474233111321,16.24340177853635,0.6892545786499977,False
56,source_localization_stage4.0.skip_connection.0,37,8,1000,0.01,0.0,0.0,post_relu_mean,414.24578857421875,-414.24578857421875,32.786563873291016,0.0,0.0,110.7332992553711,0.11528709750108872,-0.09937393581018725,5.737372570948307,0.4205547596514225,False
56,source_localization_stage4.0.skip_connection.0,254,8,1000,0.005,0.0,0.0,post_relu_mean,636.0150146484375,-636.0150146484375,61.174625396728516,0.0,0.0,515.1676483154297,0.1658134858320119,-0.5232669313208049,30.210476126658218,2.6479001128673554,False
56,source_localization_stage4.0.skip_connection.0,254,8,1000,0.005,0.0,0.0,post_relu_mean,593.083984375,-593.083984375,55.4140625,0.0,0.0,408.8941535949707,0.13636174063634646,-0.40969927821040986,23.653740730458576,2.2374812710285186,False
56,source_localization_stage4.0.skip_connection.0,254,8,1000,0.005,0.0,0.0,post_relu_mean,472.5283508300781,-472.5283508300781,38.66924285888672,0.0,0.0,183.58126068115234,0.07367935566600647,-0.18234011123715588,10.52733910705184,1.0442738029360772,False
56,source_localization_stage4.0.skip_connection.0,254,8,1000,0.005,0.0,0.0,post_relu_mean,304.8398742675781,-304.8398742675781,22.744985580444336,0.0,0.0,101.82569885253906,0.11901975161403985,-0.08495635060477952,4.904980469583418,0.6708618086576462,False
56,source_localization_stage4.0.skip_connection.0,254,8,1000,0.01,0.0,0.0,post_relu_mean,1195.372314453125,-1195.372314453125,113.51049041748047,0.0,0.0,1022.1890716552734,0.18203822486997215,-1.0212706826917497,58.96272695463504,2.786355879306793,False
56,source_localization_stage4.0.skip_connection.0,254,8,1000,0.01,0.0,0.0,post_relu_mean,1155.9173583984375,-1155.9173583984375,105.9808349609375,0.0,0.0,845.3105964660645,0.14416665856052266,-0.8638249961070805,49.87245886734346,2.343720256090164,False
56,source_localization_stage4.0.skip_connection.0,254,8,1000,0.01,0.0,0.0,post_relu_mean,889.4151611328125,-889.4151611328125,71.94020080566406,0.0,0.0,350.93587493896484,0.07061002800753689,-0.3532037114328127,20.391978020438927,1.0891386431455612,False
56,source_localization_stage4.0.skip_connection.0,254,8,1000,0.01,0.0,0.0,post_relu_mean,554.0369262695312,-554.0369262695312,40.40774154663086,0.0,0.0,174.3951873779297,0.09424403461761506,-0.16323421882544134,9.424281211677318,0.6922398760914803,False
59,source_localization_stage4.1.wave_feature_conv1,152,8,1000,0.005,0.0,0.0,post_relu_mean,1310.95947265625,-1310.95947265625,113.8876724243164,0.0,0.0,1065.6271057128906,0.4706736340627804,-1.0801797715841335,62.36346883684752,6.088849124908447,False
59,source_localization_stage4.1.wave_feature_conv1,152,8,1000,0.005,0.0,0.0,post_relu_mean,1298.833740234375,-1298.833740234375,107.66432189941406,0.0,0.0,915.9286193847656,0.4101356336504138,-0.9379741230896492,54.15357759257506,5.378591260910034,False
59,source_localization_stage4.1.wave_feature_conv1,152,8,1000,0.005,0.0,0.0,post_relu_mean,1075.7752685546875,-1075.7752685546875,70.13209533691406,0.0,0.0,495.04124450683594,0.25590564785346887,-0.48482955354676094,27.991314111087323,3.208627374172211,False
59,source_localization_stage4.1.wave_feature_conv1,152,8,1000,0.005,0.0,0.0,post_relu_mean,1040.10986328125,-1040.10986328125,66.02909851074219,0.0,0.0,354.5760803222656,0.18968116400443943,-0.3549796066221235,20.4946726173227,2.219131443500519,False
59,source_localization_stage4.1.wave_feature_conv1,152,8,1000,0.01,0.0,0.0,post_relu_mean,2488.78125,-2488.78125,222.71099853515625,0.0,0.0,2134.6256408691406,0.4679538324552064,-2.1702409994637066,125.29851128338136,6.336188306808472,False
59,source_localization_stage4.1.wave_feature_conv1,152,8,1000,0.01,0.0,0.0,post_relu_mean,2521.01171875,-2521.01171875,218.90478515625,0.0,0.0,1860.0054016113281,0.43012431059358514,-1.9010069088702315,109.75344329041138,5.610147330760956,False
59,source_localization_stage4.1.wave_feature_conv1,152,8,1000,0.01,0.0,0.0,post_relu_mean,2078.058349609375,-2078.058349609375,134.63475036621094,0.0,0.0,1013.5544281005859,0.28955139116615053,-1.0340129664893234,59.69828542184263,3.424457137584686,False
59,source_localization_stage4.1.wave_feature_conv1,152,8,1000,0.01,0.0,0.0,post_relu_mean,1926.51123046875,-1926.51123046875,120.2319107055664,0.0,0.0,698.9493713378906,0.20813429082507598,-0.729950894509057,42.143278347502466,2.352025320529938,False
59,source_localization_stage4.1.wave_feature_conv1,232,8,1000,0.005,0.0,0.0,post_relu_mean,1079.9820556640625,-1079.9820556640625,119.37608337402344,0.0,0.0,877.9706115722656,0.5161746536457179,-0.9431835408311967,54.45524271811758,4.227866804599762,False
59,source_localization_stage4.1.wave_feature_conv1,232,8,1000,0.005,0.0,0.0,post_relu_mean,1017.7295532226562,-1017.7295532226562,108.72582244873047,0.0,0.0,681.2660064697266,0.3721310509695845,-0.7335215417433774,42.34994123972507,3.310368449687958,False
59,source_localization_stage4.1.wave_feature_conv1,232,8,1000,0.005,0.0,0.0,post_relu_mean,720.7166137695312,-720.7166137695312,65.33198547363281,0.0,0.0,226.03204345703125,0.08394518423218028,-0.2406450796417005,13.893643606633294,0.9469347202777862,False
59,source_localization_stage4.1.wave_feature_conv1,232,8,1000,0.005,0.0,0.0,post_relu_mean,274.56427001953125,-274.56427001953125,20.711536407470703,0.0,0.0,92.73143005371094,0.15055083138897535,-0.07164848396875205,4.136611558434452,0.43933297201991084,False
59,source_localization_stage4.1.wave_feature_conv1,232,8,1000,0.01,0.0,0.0,post_relu_mean,2122.732421875,-2122.732421875,234.4711151123047,0.0,0.0,1805.6260070800781,0.5153999103016391,-1.8610845502765987,107.44858978988799,4.472780501842498,False
59,source_localization_stage4.1.wave_feature_conv1,232,8,1000,0.01,0.0,0.0,post_relu_mean,2140.336669921875,-2140.336669921875,234.10557556152344,0.0,0.0,1490.4237213134766,0.4409996508282865,-1.5127709960021944,87.33927931989481,3.637755597829819,False
59,source_localization_stage4.1.wave_feature_conv1,232,8,1000,0.01,0.0,0.0,post_relu_mean,1294.2298583984375,-1294.2298583984375,114.90753936767578,0.0,0.0,427.7286682128906,0.08204922618060378,-0.4573694649678253,26.405958476404795,0.962822394669056,False
59,source_localization_stage4.1.wave_feature_conv1,232,8,1000,0.01,0.0,0.0,post_relu_mean,594.7330322265625,-594.7330322265625,44.24899673461914,0.0,0.0,177.5255889892578,0.10728917045995091,-0.1679221423360901,9.694871046514894,0.49503421247005464,False
59,source_localization_stage4.1.wave_feature_conv1,120,8,1000,0.005,0.0,0.0,post_relu_mean,1212.184326171875,-1212.184326171875,116.99351501464844,0.0,0.0,1028.5215148925781,0.8753820454405579,-1.0776369468135627,62.21698319569425,4.839866716861724,False
59,source_localization_stage4.1.wave_feature_conv1,120,8,1000,0.005,0.0,0.0,post_relu_mean,1217.9970703125,-1217.9970703125,116.46195220947266,0.0,0.0,878.252742767334,0.7329136962274928,-0.9581975735153876,55.32254143191654,3.954721262454987,False
59,source_localization_stage4.1.wave_feature_conv1,120,8,1000,0.005,0.0,0.0,post_relu_mean,1039.3076171875,-1039.3076171875,93.40396881103516,0.0,0.0,350.4546127319336,0.226055776749633,-0.36022226899971815,20.797239186593742,1.3998647117614746,False
59,source_localization_stage4.1.wave_feature_conv1,120,8,1000,0.005,0.0,0.0,post_relu_mean,510.97039794921875,-510.97039794921875,40.49259567260742,0.0,0.0,147.85430908203125,0.2404953376097864,-0.12324951366429426,7.115968834906909,0.5529687198996543,False
59,source_localization_stage4.1.wave_feature_conv1,120,8,1000,0.01,0.0,0.0,post_relu_mean,2344.179931640625,-2344.179931640625,225.01373291015625,0.0,0.0,2052.4969787597656,0.7648558806903141,-2.0759639323014323,119.8547923936706,4.925746102333068,False
59,source_localization_stage4.1.wave_feature_conv1,120,8,1000,0.01,0.0,0.0,post_relu_mean,2424.44384765625,-2424.44384765625,228.88645935058594,0.0,0.0,1803.6383628845215,0.7182293743028494,-1.806685346149767,104.30785274473875,4.248975398540497,False
59,source_localization_stage4.1.wave_feature_conv1,120,8,1000,0.01,0.0,0.0,post_relu_mean,2143.96044921875,-2143.96044921875,192.19476318359375,0.0,0.0,714.1765365600586,0.20079125207710152,-0.715181014809794,41.29048922579747,1.4847238624095918,False
59,source_localization_stage4.1.wave_feature_conv1,120,8,1000,0.01,0.0,0.0,post_relu_mean,1074.454345703125,-1074.454345703125,85.11498260498047,0.0,0.0,265.1143798828125,0.18272452824700927,-0.25962685972056526,14.989689191583315,0.5848238995671272,False
59,source_localization_stage4.1.wave_feature_conv1,179,8,1000,0.005,0.0,0.0,post_relu_mean,588.1002807617188,-588.1002807617188,72.07984161376953,0.0,0.0,450.62660217285156,0.22295340272291508,-0.47208867978810065,27.255856975887458,3.14631272315979,False
59,source_localization_stage4.1.wave_feature_conv1,179,8,1000,0.005,0.0,0.0,post_relu_mean,576.0853881835938,-576.0853881835938,69.85540008544922,0.0,0.0,354.14038848876953,0.17847194287301654,-0.3656620115759241,21.11213443070525,2.482258471250534,False
59,source_localization_stage4.1.wave_feature_conv1,179,8,1000,0.005,0.0,0.0,post_relu_mean,364.1400451660156,-364.1400451660156,38.75339889526367,0.0,0.0,86.47415924072266,0.0576140089876865,-0.08209561918964357,4.739774822795628,0.4725572161376476,False
59,source_localization_stage4.1.wave_feature_conv1,179,8,1000,0.005,0.0,0.0,post_relu_mean,56.92627716064453,-56.92627716064453,5.220118045806885,0.0,0.0,47.855247497558594,0.2554047709743755,-0.007872242061712553,0.45455008005490877,0.27053415417671206,False
59,source_localization_stage4.1.wave_feature_conv1,179,8,1000,0.01,0.0,0.0,post_relu_mean,1090.7171630859375,-1090.7171630859375,132.84335327148438,0.0,0.0,892.4799346923828,0.23586141733671975,-0.8950918103702106,51.67790607848244,3.2639564418792726,False
59,source_localization_stage4.1.wave_feature_conv1,179,8,1000,0.01,0.0,0.0,post_relu_mean,1133.7130126953125,-1133.7130126953125,134.5546112060547,0.0,0.0,750.0199661254883,0.22906579504758243,-0.7715533950360478,44.54524677278672,2.7229172265529633,False
59,source_localization_stage4.1.wave_feature_conv1,179,8,1000,0.01,0.0,0.0,post_relu_mean,724.685791015625,-724.685791015625,76.21114349365234,0.0,0.0,166.08683013916016,0.045874279252405,-0.16200763791372613,9.353398704182878,0.49035854637622833,False
59,source_localization_stage4.1.wave_feature_conv1,179,8,1000,0.01,0.0,0.0,post_relu_mean,108.2245864868164,-108.2245864868164,9.551933288574219,0.0,0.0,55.83540344238281,0.20284593176587173,-0.015502303531251612,0.8953140753809852,0.2748734190315008,False
59,source_localization_stage4.1.wave_feature_conv1,198,8,1000,0.005,0.0,0.0,post_relu_mean,599.171142578125,-599.171142578125,78.25043487548828,0.0,0.0,458.5983123779297,0.19906339342523088,-0.4770227548840576,27.540903530520577,2.6879991054534913,False
59,source_localization_stage4.1.wave_feature_conv1,198,8,1000,0.005,0.0,0.0,post_relu_mean,610.5469970703125,-610.5469970703125,77.4998779296875,0.0,0.0,372.5802307128906,0.17531184954058013,-0.40078424462747797,23.139010919119617,2.08180078625679,False
59,source_localization_stage4.1.wave_feature_conv1,198,8,1000,0.005,0.0,0.0,post_relu_mean,255.78369140625,-255.78369140625,25.810182571411133,0.0,0.0,78.34135437011719,0.07324808615093378,-0.06973938546766892,4.026394714221057,0.4189748965203762,False
59,source_localization_stage4.1.wave_feature_conv1,198,8,1000,0.005,0.0,0.0,post_relu_mean,77.56846618652344,-77.56846618652344,6.75032377243042,0.0,0.0,56.37481689453125,0.32612915104744106,-0.0120686864141208,0.6967875260260481,0.27385388895869256,False
59,source_localization_stage4.1.wave_feature_conv1,198,8,1000,0.01,0.0,0.0,post_relu_mean,1151.856689453125,-1151.856689453125,148.57040405273438,0.0,0.0,940.9638519287109,0.23346249503613942,-0.953012039274981,55.021527874344756,2.8671761190891267,False
59,source_localization_stage4.1.wave_feature_conv1,198,8,1000,0.01,0.0,0.0,post_relu_mean,1172.485595703125,-1172.485595703125,146.76792907714844,0.0,0.0,761.3487243652344,0.2118278660131714,-0.8168422838195465,47.16044646024936,2.2542323410511016,False
59,source_localization_stage4.1.wave_feature_conv1,198,8,1000,0.01,0.0,0.0,post_relu_mean,536.6782836914062,-536.6782836914062,53.69029235839844,0.0,0.0,150.1351318359375,0.05764772650857985,-0.1485849108889465,8.578501023967155,0.42824850291013716,False
59,source_localization_stage4.1.wave_feature_conv1,198,8,1000,0.01,0.0,0.0,post_relu_mean,147.1421356201172,-147.1421356201172,12.357793807983398,0.0,0.0,69.873779296875,0.2503201185876296,-0.025993157654792803,1.5007081431752594,0.29794189721345904,False
61,source_localization_stage4.1.wave_feature_conv2,201,8,1000,0.005,0.0,0.0,post_relu_mean,818.7388305664062,-818.7388305664062,115.26746368408203,0.0,0.0,609.006103515625,0.278715797997679,-0.6101241942059294,35.22527756966425,4.314919526576996,False
61,source_localization_stage4.1.wave_feature_conv2,201,8,1000,0.005,0.0,0.0,post_relu_mean,821.0633544921875,-821.0633544921875,114.5479507446289,0.0,0.0,466.33497619628906,0.23696497597736207,-0.46509592020653784,26.852023688758347,3.357838063240051,False
61,source_localization_stage4.1.wave_feature_conv2,201,8,1000,0.005,0.0,0.0,post_relu_mean,195.8864288330078,-195.8864288330078,24.68742561340332,0.0,0.0,29.394790649414062,0.12978001985550647,-0.012025555700995796,0.6942936894552785,0.1421744190901518,False
61,source_localization_stage4.1.wave_feature_conv2,201,8,1000,0.005,0.0,0.0,post_relu_mean,6.402760028839111,-6.402760028839111,0.7923621535301208,0.0,0.0,60.65446186065674,0.48583232285236105,-0.004319015758425423,0.2502738084578505,0.17580067820847034,False
61,source_localization_stage4.1.wave_feature_conv2,201,8,1000,0.01,0.0,0.0,post_relu_mean,1551.1536865234375,-1551.1536865234375,218.77980041503906,0.0,0.0,1237.9086303710938,0.3261640506431535,-1.2561636338576918,72.52376784895456,4.5730572605133055,False
61,source_localization_stage4.1.wave_feature_conv2,201,8,1000,0.01,0.0,0.0,post_relu_mean,1511.210205078125,-1511.210205078125,210.61526489257812,0.0,0.0,916.3135528564453,0.2502359847310436,-0.9250928844479657,53.40960608515608,3.491822073459625,False
61,source_localization_stage4.1.wave_feature_conv2,201,8,1000,0.01,0.0,0.0,post_relu_mean,425.13385009765625,-425.13385009765625,53.485557556152344,0.0,0.0,42.65620422363281,0.1003738610018338,-0.027984968697703762,1.6157002031925718,0.14459219947457314,False
61,source_localization_stage4.1.wave_feature_conv2,201,8,1000,0.01,0.0,0.0,post_relu_mean,4.16910982131958,-4.16910982131958,0.45014241337776184,0.0,0.0,61.84300899505615,0.4260021612757552,-0.001181809815464236,0.0684401487795644,0.09985692996531725,False
61,source_localization_stage4.1.wave_feature_conv2,152,8,1000,0.005,0.0,0.0,post_relu_mean,796.97900390625,-796.97900390625,119.42461395263672,0.0,0.0,588.8809814453125,0.32123133711476803,-0.5965407729858773,34.44111438579855,4.348451433181762,False
61,source_localization_stage4.1.wave_feature_conv2,152,8,1000,0.005,0.0,0.0,post_relu_mean,776.78662109375,-776.78662109375,114.3376235961914,0.0,0.0,428.40987396240234,0.23138751749080747,-0.427567804093784,24.68542614496183,3.2541901552677155,False
61,source_localization_stage4.1.wave_feature_conv2,152,8,1000,0.005,0.0,0.0,post_relu_mean,52.23063659667969,-52.23063659667969,6.7991251945495605,0.0,0.0,25.840187072753906,0.1621565965608239,-0.0026222419381132724,0.15193977561823743,0.09947059482336044,False
61,source_localization_stage4.1.wave_feature_conv2,152,8,1000,0.005,0.0,0.0,post_relu_mean,4.216448783874512,-4.216448783874512,0.6038001179695129,0.0,0.0,66.34927749633789,0.5137779877764903,-0.00520546260280977,0.3012250584252753,0.20467473313212395,False
61,source_localization_stage4.1.wave_feature_conv2,152,8,1000,0.01,0.0,0.0,post_relu_mean,1518.3251953125,-1518.3251953125,236.75650024414062,0.0,0.0,1192.8953247070312,0.3454074547323439,-1.2527123155495878,72.32450520187189,4.5714045119285585,False
61,source_localization_stage4.1.wave_feature_conv2,152,8,1000,0.01,0.0,0.0,post_relu_mean,1461.84521484375,-1461.84521484375,215.5162811279297,0.0,0.0,860.5218124389648,0.28155601486574183,-0.8548365524018472,49.35341798677539,3.490364396572113,False
61,source_localization_stage4.1.wave_feature_conv2,152,8,1000,0.01,0.0,0.0,post_relu_mean,74.8338394165039,-74.8338394165039,9.636922836303711,0.0,0.0,27.15990447998047,0.13279883387234434,-0.002451571421121466,0.14158405833637636,0.10147018682211638,False
61,source_localization_stage4.1.wave_feature_conv2,152,8,1000,0.01,0.0,0.0,post_relu_mean,2.5184617042541504,-2.5184617042541504,0.3072036802768707,0.0,0.0,67.6172547340393,0.45595108778203,-0.0011416647617165847,0.06608356797081692,0.11113435983657836,False
61,source_localization_stage4.1.wave_feature_conv2,254,8,1000,0.005,0.0,0.0,post_relu_mean,719.2504272460938,-719.2504272460938,115.79558563232422,0.0,0.0,518.2727737426758,0.24369110113723308,-0.5090939814007434,29.392257395161888,3.840635540485382,False
61,source_localization_stage4.1.wave_feature_conv2,254,8,1000,0.005,0.0,0.0,post_relu_mean,711.6065673828125,-711.6065673828125,112.81256866455078,0.0,0.0,370.5542335510254,0.18341198521779353,-0.366444161447359,21.1564034313676,2.812159985303879,False
61,source_localization_stage4.1.wave_feature_conv2,254,8,1000,0.005,0.0,0.0,post_relu_mean,12.080636024475098,-12.080636024475098,1.6227854490280151,0.0,0.0,28.092713356018066,0.20185493719678385,-0.002302980875741834,0.13353744977694174,0.10269925355911255,False
61,source_localization_stage4.1.wave_feature_conv2,254,8,1000,0.005,0.0,0.0,post_relu_mean,3.951688289642334,-3.951688289642334,0.585761308670044,0.0,0.0,69.87897205352783,0.5722288735873073,-0.004662029815437217,0.2698052981084955,0.20117900803685188,False
61,source_localization_stage4.1.wave_feature_conv2,254,8,1000,0.01,0.0,0.0,post_relu_mean,1334.385498046875,-1334.385498046875,216.71725463867188,0.0,0.0,1032.4861526489258,0.26878560743957586,-1.035992420013137,59.81240050640441,4.005456216335297,False
61,source_localization_stage4.1.wave_feature_conv2,254,8,1000,0.01,0.0,0.0,post_relu_mean,1322.6456298828125,-1322.6456298828125,210.71652221679688,0.0,0.0,736.8334083557129,0.18240583118884654,-0.7374950051699292,42.57890027469795,2.8988667821884153,False
61,source_localization_stage4.1.wave_feature_conv2,254,8,1000,0.01,0.0,0.0,post_relu_mean,9.783772468566895,-9.783772468566895,1.242611050605774,0.0,0.0,28.647157669067383,0.1689874986611714,-0.0006941250639649169,0.04009315661498094,0.08779102463275194,False
61,source_localization_stage4.1.wave_feature_conv2,254,8,1000,0.01,0.0,0.0,post_relu_mean,2.32405161857605,-2.32405161857605,0.30006441473960876,0.0,0.0,71.10830426216125,0.496679346750984,-0.001065861571356369,0.06189579423857198,0.11572929240763187,False
61,source_localization_stage4.1.wave_feature_conv2,221,8,1000,0.005,0.0,0.0,post_relu_mean,732.908447265625,-732.908447265625,116.61251831054688,0.0,0.0,532.4150772094727,0.23988614140353356,-0.5230886986621688,30.200237235385277,3.735685042142868,False
61,source_localization_stage4.1.wave_feature_conv2,221,8,1000,0.005,0.0,0.0,post_relu_mean,729.9735717773438,-729.9735717773438,114.68878936767578,0.0,0.0,385.53955078125,0.18157084924494263,-0.39010627588077396,22.52283263083881,2.734028331041336,False
61,source_localization_stage4.1.wave_feature_conv2,221,8,1000,0.005,0.0,0.0,post_relu_mean,15.996106147766113,-15.996106147766113,2.166811466217041,0.0,0.0,29.262263298034668,0.22310934996367512,-0.002026548897756028,0.11763828903976925,0.10258965950459242,False
61,source_localization_stage4.1.wave_feature_conv2,221,8,1000,0.005,0.0,0.0,post_relu_mean,4.184535026550293,-4.184535026550293,0.6589015126228333,0.0,0.0,70.72740173339844,0.594431055552513,-0.005013850134919145,0.2905047003191777,0.21880685314536094,False
61,source_localization_stage4.1.wave_feature_conv2,221,8,1000,0.01,0.0,0.0,post_relu_mean,1393.068603515625,-1393.068603515625,222.0780792236328,0.0,0.0,1087.1096572875977,0.2860433924632089,-1.108373687201677,63.991239134419686,4.0096143531799315,False
61,source_localization_stage4.1.wave_feature_conv2,221,8,1000,0.01,0.0,0.0,post_relu_mean,1378.560791015625,-1378.560791015625,216.62510681152344,0.0,0.0,779.2860107421875,0.1960575728565216,-0.7978437450743397,46.06304894020435,2.861550233364105,False
61,source_localization_stage4.1.wave_feature_conv2,221,8,1000,0.01,0.0,0.0,post_relu_mean,13.003034591674805,-13.003034591674805,1.6708375215530396,0.0,0.0,29.98899555206299,0.18253922120632565,-0.0008900740044174016,0.05145166586278705,0.10198647562414408,False
61,source_localization_stage4.1.wave_feature_conv2,221,8,1000,0.01,0.0,0.0,post_relu_mean,2.106982707977295,-2.106982707977295,0.29578548669815063,0.0,0.0,72.28100967407227,0.5160035683049431,-0.0011434636709347298,0.06663136881724549,0.11905737161636352,False
61,source_localization_stage4.1.wave_feature_conv2,165,8,1000,0.005,0.0,0.0,post_relu_mean,703.56201171875,-703.56201171875,115.62765502929688,0.0,0.0,507.92144775390625,0.2582027877061869,-0.5090222885073469,29.38824284607712,3.8153885161876677,False
61,source_localization_stage4.1.wave_feature_conv2,165,8,1000,0.005,0.0,0.0,post_relu_mean,691.3916625976562,-691.3916625976562,112.3995590209961,0.0,0.0,356.5713310241699,0.19089166708815009,-0.3499371278837635,20.203531564138892,2.761960461139679,False
61,source_localization_stage4.1.wave_feature_conv2,165,8,1000,0.005,0.0,0.0,post_relu_mean,9.167525291442871,-9.167525291442871,1.3219935894012451,0.0,0.0,32.735971450805664,0.2335073367563233,-0.0029077168343564813,0.16858316000877369,0.11919487681239843,False
61,source_localization_stage4.1.wave_feature_conv2,165,8,1000,0.005,0.0,0.0,post_relu_mean,2.920731544494629,-2.920731544494629,0.5198018550872803,0.0,0.0,74.85853147506714,0.6065914292567052,-0.00536676163935549,0.3110046327634652,0.21818599373102188,False
61,source_localization_stage4.1.wave_feature_conv2,165,8,1000,0.01,0.0,0.0,post_relu_mean,1326.8577880859375,-1326.8577880859375,218.5901641845703,0.0,0.0,1028.2546997070312,0.2923965602989752,-1.0473374310554053,60.4674694713048,4.0303275167942045,False
61,source_localization_stage4.1.wave_feature_conv2,165,8,1000,0.01,0.0,0.0,post_relu_mean,1297.772216796875,-1297.772216796875,210.81063842773438,0.0,0.0,716.9241752624512,0.1995752716914643,-0.7176155485277512,41.431074764670555,2.8708991026878357,False
61,source_localization_stage4.1.wave_feature_conv2,165,8,1000,0.01,0.0,0.0,post_relu_mean,6.435375213623047,-6.435375213623047,0.8746262788772583,0.0,0.0,33.359076499938965,0.20070337548537998,-0.0006166273893280361,0.03576351409576227,0.09024028334766626,False
61,source_localization_stage4.1.wave_feature_conv2,165,8,1000,0.01,0.0,0.0,post_relu_mean,1.6214425563812256,-1.6214425563812256,0.27436989545822144,0.0,0.0,76.01356196403503,0.533325963611827,-0.0011719523346684284,0.06798688464169365,0.12006227806210518,False
51,source_localization_stage4.0.wave_feature_conv1,7,9,1000,0.005,0.0,0.0,post_relu_mean,991.51416015625,-991.51416015625,79.61380004882812,0.0,0.0,849.8420372009277,0.16104672821453725,-0.8728953795439126,50.396034770344095,2.5346254408359528,False
51,source_localization_stage4.0.wave_feature_conv1,7,9,1000,0.005,0.0,0.0,post_relu_mean,974.42138671875,-974.42138671875,71.01522827148438,0.0,0.0,745.3946762084961,0.1455154510000627,-0.7670949608518044,44.28771128519183,2.1226711404323577,False
51,source_localization_stage4.0.wave_feature_conv1,7,9,1000,0.005,0.0,0.0,post_relu_mean,753.9669189453125,-753.9669189453125,33.76389694213867,0.0,0.0,484.48146057128906,0.09184954066042182,-0.5079423451879632,29.325699593217998,1.410053215622902,False
51,source_localization_stage4.0.wave_feature_conv1,7,9,1000,0.005,0.0,0.0,post_relu_mean,672.5269775390625,-672.5269775390625,26.966894149780273,0.0,0.0,404.21803283691406,0.20588174559317501,-0.4202347242824136,24.26205726696308,1.2111474305391312,False
51,source_localization_stage4.0.wave_feature_conv1,7,9,1000,0.01,0.0,0.0,post_relu_mean,1936.95849609375,-1936.95849609375,154.14346313476562,0.0,0.0,1720.7567100524902,0.1593924725216728,-1.743943590350013,100.68538769802244,2.621352508068085,False
51,source_localization_stage4.0.wave_feature_conv1,7,9,1000,0.01,0.0,0.0,post_relu_mean,1912.517333984375,-1912.517333984375,137.08168029785156,0.0,0.0,1518.3244857788086,0.1481758487303548,-1.5503163405501152,89.50647189626757,2.21503054022789,False
51,source_localization_stage4.0.wave_feature_conv1,7,9,1000,0.01,0.0,0.0,post_relu_mean,1491.873779296875,-1491.873779296875,66.76317596435547,0.0,0.0,974.8937530517578,0.0808496519097608,-1.007325503999416,58.15729184467101,1.4438895761966706,False
51,source_localization_stage4.0.wave_feature_conv1,7,9,1000,0.01,0.0,0.0,post_relu_mean,1354.988525390625,-1354.988525390625,53.901615142822266,0.0,0.0,817.3323516845703,0.15271161758919916,-0.8543021911424251,49.322573727599426,1.2526150745153428,False
51,source_localization_stage4.0.wave_feature_conv1,191,9,1000,0.005,0.0,0.0,post_relu_mean,1178.0899658203125,-1178.0899658203125,94.2729263305664,0.0,0.0,1029.4527587890625,0.1724387011396416,-1.044133498631655,60.282384541488426,4.906873941421509,False
51,source_localization_stage4.0.wave_feature_conv1,191,9,1000,0.005,0.0,0.0,post_relu_mean,1123.6785888671875,-1123.6785888671875,87.39429473876953,0.0,0.0,861.4434204101562,0.11475882307696073,-0.8813573882743065,50.88508481650966,4.1430908298492435,False
51,source_localization_stage4.0.wave_feature_conv1,191,9,1000,0.005,0.0,0.0,post_relu_mean,994.6331176757812,-994.6331176757812,69.86043548583984,0.0,0.0,462.3131103515625,0.09492431518605868,-0.47909761528828254,27.66038153030651,2.0116407650709154,False
51,source_localization_stage4.0.wave_feature_conv1,191,9,1000,0.005,0.0,0.0,post_relu_mean,818.345947265625,-818.345947265625,52.114681243896484,0.0,0.0,306.52374267578125,0.10171343293444828,-0.3001501062230535,17.32896146938185,1.2221224296092987,False
51,source_localization_stage4.0.wave_feature_conv1,191,9,1000,0.01,0.0,0.0,post_relu_mean,2390.46826171875,-2390.46826171875,190.37290954589844,0.0,0.0,2145.731201171875,0.23859396827715199,-2.2747464547514564,131.33118172500428,5.144967150688172,False
51,source_localization_stage4.0.wave_feature_conv1,191,9,1000,0.01,0.0,0.0,post_relu_mean,2277.53662109375,-2277.53662109375,177.55157470703125,0.0,0.0,1789.9082641601562,0.17570716281166493,-1.8427402353454834,106.38935649330344,4.320740230083466,False
51,source_localization_stage4.0.wave_feature_conv1,191,9,1000,0.01,0.0,0.0,post_relu_mean,1976.61474609375,-1976.61474609375,137.935791015625,0.0,0.0,933.7295532226562,0.09610770540207413,-0.9520034721143907,54.96326788979602,2.102142642736435,False
51,source_localization_stage4.0.wave_feature_conv1,191,9,1000,0.01,0.0,0.0,post_relu_mean,1609.86474609375,-1609.86474609375,101.40165710449219,0.0,0.0,605.1727294921875,0.08592907306082732,-0.618437465209091,35.705137572782014,1.262979137301445,False
51,source_localization_stage4.0.wave_feature_conv1,144,9,1000,0.005,0.0,0.0,post_relu_mean,1269.196044921875,-1269.196044921875,96.4051742553711,0.0,0.0,1122.8352355957031,0.1784792507573236,-1.1462331920541666,66.17708851030577,5.657117478847503,False
51,source_localization_stage4.0.wave_feature_conv1,144,9,1000,0.005,0.0,0.0,post_relu_mean,1203.03955078125,-1203.03955078125,90.92335510253906,0.0,0.0,936.4161834716797,0.14713424867810898,-0.9902660719441571,57.201915181872174,4.936929817199707,False
51,source_localization_stage4.0.wave_feature_conv1,144,9,1000,0.005,0.0,0.0,post_relu_mean,1033.7467041015625,-1033.7467041015625,72.05012512207031,0.0,0.0,489.5245666503906,0.12164313046225839,-0.522923682589135,30.22124501511976,2.704746915102005,False
51,source_localization_stage4.0.wave_feature_conv1,144,9,1000,0.005,0.0,0.0,post_relu_mean,903.4107666015625,-903.4107666015625,59.237892150878906,0.0,0.0,324.92003631591797,0.1318815890625032,-0.3115589244558995,17.987640130255887,1.722614399790764,False
51,source_localization_stage4.0.wave_feature_conv1,144,9,1000,0.01,0.0,0.0,post_relu_mean,2585.27392578125,-2585.27392578125,196.70895385742188,0.0,0.0,2338.6092834472656,0.2739543616171453,-2.4463645325874355,141.2392237265349,5.947141690254211,False
51,source_localization_stage4.0.wave_feature_conv1,144,9,1000,0.01,0.0,0.0,post_relu_mean,2465.18896484375,-2465.18896484375,184.45835876464844,0.0,0.0,1964.7280731201172,0.20958307989315794,-2.0389636124264925,117.71820940978004,5.183166472911835,False
51,source_localization_stage4.0.wave_feature_conv1,144,9,1000,0.01,0.0,0.0,post_relu_mean,2081.778564453125,-2081.778564453125,143.5660400390625,0.0,0.0,1001.1869812011719,0.1254575984163144,-1.041600590460318,60.13618726618113,2.8264352083206177,False
51,source_localization_stage4.0.wave_feature_conv1,144,9,1000,0.01,0.0,0.0,post_relu_mean,1797.0521240234375,-1797.0521240234375,115.87574768066406,0.0,0.0,652.1828536987305,0.10882472026246734,-0.6515590550133625,37.617348272612446,1.7970195853710174,False
51,source_localization_stage4.0.wave_feature_conv1,116,9,1000,0.005,0.0,0.0,post_relu_mean,1127.7679443359375,-1127.7679443359375,91.92967224121094,0.0,0.0,986.1216583251953,0.14441114752401843,-1.006206686371383,58.093093689482274,4.808068826198578,False
51,source_localization_stage4.0.wave_feature_conv1,116,9,1000,0.005,0.0,0.0,post_relu_mean,1096.0556640625,-1096.0556640625,86.45079803466797,0.0,0.0,840.8540916442871,0.11865467507458768,-0.8599276792680314,49.647332576499934,4.122638168334961,False
51,source_localization_stage4.0.wave_feature_conv1,116,9,1000,0.005,0.0,0.0,post_relu_mean,923.0360107421875,-923.0360107421875,65.65681457519531,0.0,0.0,427.0088005065918,0.0692145228603675,-0.4337061367436896,25.040369303712133,2.004836292266846,False
51,source_localization_stage4.0.wave_feature_conv1,116,9,1000,0.005,0.0,0.0,post_relu_mean,769.275390625,-769.275390625,50.312896728515625,0.0,0.0,280.2820625305176,0.0871654671005116,-0.2783130759451848,16.0682733621988,1.1956859797239303,False
51,source_localization_stage4.0.wave_feature_conv1,116,9,1000,0.01,0.0,0.0,post_relu_mean,2298.9736328125,-2298.9736328125,187.47540283203125,0.0,0.0,2061.781692504883,0.20594537124522183,-2.156712610045476,124.51666050633371,5.0096812391281125,False
51,source_localization_stage4.0.wave_feature_conv1,116,9,1000,0.01,0.0,0.0,post_relu_mean,2211.3173828125,-2211.3173828125,173.9413604736328,0.0,0.0,1737.3894309997559,0.17092972950705235,-1.7930657270948374,103.5216880599493,4.326107964515686,False
51,source_localization_stage4.0.wave_feature_conv1,116,9,1000,0.01,0.0,0.0,post_relu_mean,1862.6865234375,-1862.6865234375,130.3584442138672,0.0,0.0,881.3970756530762,0.08995823179340087,-0.9209576395415743,53.170887648817654,2.120466684103012,False
51,source_localization_stage4.0.wave_feature_conv1,116,9,1000,0.01,0.0,0.0,post_relu_mean,1539.489990234375,-1539.489990234375,99.49235534667969,0.0,0.0,558.7020454406738,0.07911223602994165,-0.578337990813662,33.389968918868405,1.2651074481010438,False
51,source_localization_stage4.0.wave_feature_conv1,45,9,1000,0.005,0.0,0.0,post_relu_mean,777.3342895507812,-777.3342895507812,81.59290313720703,0.0,0.0,648.934871673584,0.11523322181998259,-0.6622089657160862,38.23218408559826,1.9991059356927872,False
51,source_localization_stage4.0.wave_feature_conv1,45,9,1000,0.005,0.0,0.0,post_relu_mean,743.614990234375,-743.614990234375,65.95318603515625,0.0,0.0,542.5846252441406,0.0974167738120253,-0.5572988441379735,32.17547973898703,1.58595998108387,False
51,source_localization_stage4.0.wave_feature_conv1,45,9,1000,0.005,0.0,0.0,post_relu_mean,530.6311645507812,-530.6311645507812,26.095949172973633,0.0,0.0,334.29442977905273,0.11829121581338141,-0.3260076479252678,18.821827641641068,1.0855170702934265,False
51,source_localization_stage4.0.wave_feature_conv1,45,9,1000,0.005,0.0,0.0,post_relu_mean,445.259765625,-445.259765625,19.524627685546875,0.0,0.0,267.16151428222656,0.256437108978356,-0.2544049018133717,14.687897366166112,0.9169636881351471,False
51,source_localization_stage4.0.wave_feature_conv1,45,9,1000,0.01,0.0,0.0,post_relu_mean,1517.276611328125,-1517.276611328125,156.76100158691406,0.0,0.0,1313.7091026306152,0.11335533490317128,-1.3377574004474626,77.23451154885282,2.0496530151367187,False
51,source_localization_stage4.0.wave_feature_conv1,45,9,1000,0.01,0.0,0.0,post_relu_mean,1454.1212158203125,-1454.1212158203125,126.64356231689453,0.0,0.0,1101.3648986816406,0.10275743738457624,-1.1332298299065144,65.42624049867487,1.6495980823040008,False
51,source_localization_stage4.0.wave_feature_conv1,45,9,1000,0.01,0.0,0.0,post_relu_mean,1056.9794921875,-1056.9794921875,50.57145690917969,0.0,0.0,677.076473236084,0.09216044599789108,-0.6879897922283262,39.72068902900513,1.124012885093689,False
51,source_localization_stage4.0.wave_feature_conv1,45,9,1000,0.01,0.0,0.0,post_relu_mean,921.0966796875,-921.0966796875,38.90557098388672,0.0,0.0,549.1889801025391,0.18536008807458917,-0.5648455803680248,32.611005223293105,0.9895513361692428,False
53,source_localization_stage4.0.wave_feature_conv2,2,9,1000,0.005,0.0,0.0,post_relu_mean,963.8490600585938,-963.8490600585938,67.8030014038086,0.0,0.0,853.354320526123,0.12404513686210594,-0.8760405804731299,50.57959801896264,5.010167193412781,False
53,source_localization_stage4.0.wave_feature_conv2,2,9,1000,0.005,0.0,0.0,post_relu_mean,970.05322265625,-970.05322265625,67.78771209716797,0.0,0.0,764.4520072937012,0.11567566984206007,-0.8029799885164365,46.36061690031155,4.443409478664398,False
53,source_localization_stage4.0.wave_feature_conv2,2,9,1000,0.005,0.0,0.0,post_relu_mean,931.1040649414062,-931.1040649414062,63.92356872558594,0.0,0.0,437.4115447998047,0.06432806845639355,-0.44412258369355956,25.641350382058057,2.519707757234573,False
53,source_localization_stage4.0.wave_feature_conv2,2,9,1000,0.005,0.0,0.0,post_relu_mean,888.9664916992188,-888.9664916992188,60.4420051574707,0.0,0.0,281.21376037597656,0.04804621446316371,-0.28092714620264186,16.219142980298017,1.5699087381362915,False
53,source_localization_stage4.0.wave_feature_conv2,2,9,1000,0.01,0.0,0.0,post_relu_mean,1953.8433837890625,-1953.8433837890625,136.66455078125,0.0,0.0,1774.4870719909668,0.19406277611921502,-1.863864643369014,107.6090528281371,5.198968770503998,False
53,source_localization_stage4.0.wave_feature_conv2,2,9,1000,0.01,0.0,0.0,post_relu_mean,1943.1708984375,-1943.1708984375,135.1500244140625,0.0,0.0,1569.1639823913574,0.17469683714218767,-1.6171386982428468,93.36439912386939,4.597845296859742,False
53,source_localization_stage4.0.wave_feature_conv2,2,9,1000,0.01,0.0,0.0,post_relu_mean,1834.525146484375,-1834.525146484375,125.5221939086914,0.0,0.0,878.8429412841797,0.07798187847342289,-0.9067153621894746,52.34891926507512,2.5643177580833436,False
53,source_localization_stage4.0.wave_feature_conv2,2,9,1000,0.01,0.0,0.0,post_relu_mean,1817.52685546875,-1817.52685546875,123.18318176269531,0.0,0.0,582.3623809814453,0.06783487718243376,-0.6117214121911886,35.3173221908256,1.6542709308862686,False
53,source_localization_stage4.0.wave_feature_conv2,128,9,1000,0.005,0.0,0.0,post_relu_mean,723.69677734375,-723.69677734375,72.18582916259766,0.0,0.0,617.8971099853516,0.09730534080881326,-0.6334324397996424,36.57201204172945,3.502354997396469,False
53,source_localization_stage4.0.wave_feature_conv2,128,9,1000,0.005,0.0,0.0,post_relu_mean,718.6463012695312,-718.6463012695312,70.45254516601562,0.0,0.0,515.5141754150391,0.08011149528954754,-0.5265291170243123,30.39881767120051,2.9078582072257997,False
53,source_localization_stage4.0.wave_feature_conv2,128,9,1000,0.005,0.0,0.0,post_relu_mean,654.8748779296875,-654.8748779296875,61.359004974365234,0.0,0.0,189.72501754760742,0.04131072811994175,-0.19405025762851102,11.203383208809127,0.9963180321455002,False
53,source_localization_stage4.0.wave_feature_conv2,128,9,1000,0.005,0.0,0.0,post_relu_mean,361.5046081542969,-361.5046081542969,30.11989974975586,0.0,0.0,66.3700065612793,0.041350796614072316,-0.06682741524943764,3.858390734835087,0.2617534330487251,False
53,source_localization_stage4.0.wave_feature_conv2,128,9,1000,0.01,0.0,0.0,post_relu_mean,1428.0274658203125,-1428.0274658203125,141.81117248535156,0.0,0.0,1252.6024932861328,0.12467644300674935,-1.2783803431145349,73.8064560085014,3.5813488960266113,False
53,source_localization_stage4.0.wave_feature_conv2,128,9,1000,0.01,0.0,0.0,post_relu_mean,1407.429931640625,-1407.429931640625,137.5756378173828,0.0,0.0,1036.4900665283203,0.11174061786369831,-1.0524731910869793,60.763861672814365,3.009587856531143,False
53,source_localization_stage4.0.wave_feature_conv2,128,9,1000,0.01,0.0,0.0,post_relu_mean,1311.135498046875,-1311.135498046875,121.85791778564453,0.0,0.0,392.2437858581543,0.05701152104987981,-0.40863909729457093,23.592498736353352,1.0494160223007203,False
53,source_localization_stage4.0.wave_feature_conv2,128,9,1000,0.01,0.0,0.0,post_relu_mean,758.765869140625,-758.765869140625,62.706764221191406,0.0,0.0,137.76264572143555,0.03337060134698024,-0.14476989514917316,8.358192632485343,0.2865716825425625,False
53,source_localization_stage4.0.wave_feature_conv2,178,9,1000,0.005,0.0,0.0,post_relu_mean,661.616455078125,-661.616455078125,71.94037628173828,0.0,0.0,561.3464698791504,0.0600105136963248,-0.5753375324937933,33.216777080700055,3.4086528861522676,False
53,source_localization_stage4.0.wave_feature_conv2,178,9,1000,0.005,0.0,0.0,post_relu_mean,662.1400146484375,-662.1400146484375,70.04457092285156,0.0,0.0,465.3429756164551,0.06541217694831497,-0.4739772045250228,27.3647640007661,2.8731860017776487,False
53,source_localization_stage4.0.wave_feature_conv2,178,9,1000,0.005,0.0,0.0,post_relu_mean,550.9780883789062,-550.9780883789062,54.12287521362305,0.0,0.0,145.51756286621094,0.036481991667313855,-0.13921156750842598,8.037725064878954,0.9303933697938919,False
53,source_localization_stage4.0.wave_feature_conv2,178,9,1000,0.005,0.0,0.0,post_relu_mean,273.98553466796875,-273.98553466796875,25.581663131713867,0.0,0.0,29.70327377319336,0.06998949894822908,-0.01998077972808085,1.153589639417443,0.15194610334932804,False
53,source_localization_stage4.0.wave_feature_conv2,178,9,1000,0.01,0.0,0.0,post_relu_mean,1341.730712890625,-1341.730712890625,149.62554931640625,0.0,0.0,1163.7756080627441,0.10154670395437199,-1.222576925766528,70.5848538920041,3.510003752708435,False
53,source_localization_stage4.0.wave_feature_conv2,178,9,1000,0.01,0.0,0.0,post_relu_mean,1307.98828125,-1307.98828125,140.22540283203125,0.0,0.0,935.739185333252,0.09013014956672433,-0.9805353480852402,56.61058276853776,2.9436161875724793,False
53,source_localization_stage4.0.wave_feature_conv2,178,9,1000,0.01,0.0,0.0,post_relu_mean,1078.2847900390625,-1078.2847900390625,105.83716583251953,0.0,0.0,284.9670867919922,0.03389407666673559,-0.2847251241248072,16.438417121352195,0.9628691381216049,False
53,source_localization_stage4.0.wave_feature_conv2,178,9,1000,0.01,0.0,0.0,post_relu_mean,548.7813720703125,-548.7813720703125,51.028282165527344,0.0,0.0,50.03290939331055,0.05243633147612176,-0.0419113029400442,2.4197227185179,0.16293570011854172,False
53,source_localization_stage4.0.wave_feature_conv2,225,9,1000,0.005,0.0,0.0,post_relu_mean,563.70263671875,-563.70263671875,69.231689453125,0.0,0.0,468.32799339294434,0.07432421251732481,-0.4794898920553458,27.683061956972292,2.526466336250305,False
53,source_localization_stage4.0.wave_feature_conv2,225,9,1000,0.005,0.0,0.0,post_relu_mean,558.7386474609375,-558.7386474609375,67.75753021240234,0.0,0.0,369.85867500305176,0.05686515196809524,-0.3779247582004371,21.81924414966439,1.9436645215749742,False
53,source_localization_stage4.0.wave_feature_conv2,225,9,1000,0.005,0.0,0.0,post_relu_mean,308.25982666015625,-308.25982666015625,29.775100708007812,0.0,0.0,87.64978981018066,0.02376443580060787,-0.09132467116685852,5.27257143200421,0.3149720597267151,False
53,source_localization_stage4.0.wave_feature_conv2,225,9,1000,0.005,0.0,0.0,post_relu_mean,98.75308227539062,-98.75308227539062,7.142159938812256,0.0,0.0,41.12939262390137,0.12622039940754956,-0.031738089499448174,1.8324681469438855,0.17704573810100555,False
53,source_localization_stage4.0.wave_feature_conv2,225,9,1000,0.01,0.0,0.0,post_relu_mean,1119.004150390625,-1119.004150390625,136.77194213867188,0.0,0.0,956.0892238616943,0.09163657099080852,-1.0065658739399395,58.11373390017832,2.5878145039081573,False
53,source_localization_stage4.0.wave_feature_conv2,225,9,1000,0.01,0.0,0.0,post_relu_mean,1093.6397705078125,-1093.6397705078125,132.60121154785156,0.0,0.0,742.6505756378174,0.06976427777036044,-0.7702601705820232,44.47086688659522,1.9782980453968049,False
53,source_localization_stage4.0.wave_feature_conv2,225,9,1000,0.01,0.0,0.0,post_relu_mean,649.4713134765625,-649.4713134765625,62.69890594482422,0.0,0.0,181.93274879455566,0.02423724596399199,-0.1973974120471176,11.396609960673,0.34145347118377684,False
53,source_localization_stage4.0.wave_feature_conv2,225,9,1000,0.01,0.0,0.0,post_relu_mean,211.69113159179688,-211.69113159179688,15.059562683105469,0.0,0.0,74.8934154510498,0.09201544858296655,-0.07098611975721145,4.098369660110922,0.18680441595613956,False
53,source_localization_stage4.0.wave_feature_conv2,153,9,1000,0.005,0.0,0.0,post_relu_mean,536.8599243164062,-536.8599243164062,66.95143127441406,0.0,0.0,444.10559463500977,0.06298455940244346,-0.45341178734393894,26.177434324884434,2.479044208526611,False
53,source_localization_stage4.0.wave_feature_conv2,153,9,1000,0.005,0.0,0.0,post_relu_mean,537.0927734375,-537.0927734375,66.22505187988281,0.0,0.0,352.3860397338867,0.05726503031040728,-0.35779173037675555,20.657397937429195,1.9128060394525528,False
53,source_localization_stage4.0.wave_feature_conv2,153,9,1000,0.005,0.0,0.0,post_relu_mean,284.5080261230469,-284.5080261230469,27.574190139770508,0.0,0.0,80.75349998474121,0.031668038943153676,-0.0832220810097889,4.804798416325536,0.3001826258003712,False
53,source_localization_stage4.0.wave_feature_conv2,153,9,1000,0.005,0.0,0.0,post_relu_mean,88.45700073242188,-88.45700073242188,6.847229957580566,0.0,0.0,34.13460731506348,0.1404246777594007,-0.024415501318662425,1.4096260627016821,0.14885104686021805,False
53,source_localization_stage4.0.wave_feature_conv2,153,9,1000,0.01,0.0,0.0,post_relu_mean,1067.13671875,-1067.13671875,132.56893920898438,0.0,0.0,908.764835357666,0.0909818408549154,-0.9296738337647893,53.67431733801462,2.5667283928394315,False
53,source_localization_stage4.0.wave_feature_conv2,153,9,1000,0.01,0.0,0.0,post_relu_mean,1074.472412109375,-1074.472412109375,132.08958435058594,0.0,0.0,725.1043014526367,0.06842394819979386,-0.7587310602412277,43.805927810645116,1.9546111768484116,False
53,source_localization_stage4.0.wave_feature_conv2,153,9,1000,0.01,0.0,0.0,post_relu_mean,595.783935546875,-595.783935546875,57.13599395751953,0.0,0.0,170.3158779144287,0.028304699240576707,-0.17909069031810024,10.339684252976989,0.3195589649677277,False
53,source_localization_stage4.0.wave_feature_conv2,153,9,1000,0.01,0.0,0.0,post_relu_mean,205.53602600097656,-205.53602600097656,15.38403034210205,0.0,0.0,65.84562873840332,0.10188259419505609,-0.06387962293242207,3.6881292978482674,0.17044996336102486,False
56,source_localization_stage4.0.skip_connection.0,226,9,1000,0.005,0.0,0.0,post_relu_mean,678.1934814453125,-678.1934814453125,57.327552795410156,0.0,0.0,593.5332298278809,0.09112771224874767,-0.6034520844863163,34.83999784851464,1.9405867367982865,False
56,source_localization_stage4.0.skip_connection.0,226,9,1000,0.005,0.0,0.0,post_relu_mean,668.362548828125,-668.362548828125,54.38793182373047,0.0,0.0,512.4119453430176,0.08001829218046039,-0.5259450542278571,30.36523741725804,1.7032471305131913,False
56,source_localization_stage4.0.skip_connection.0,226,9,1000,0.005,0.0,0.0,post_relu_mean,527.4605712890625,-527.4605712890625,36.32521057128906,0.0,0.0,259.54712677001953,0.07729647427824124,-0.25949007922814643,14.981504351211719,0.9696660324931144,False
56,source_localization_stage4.0.skip_connection.0,226,9,1000,0.005,0.0,0.0,post_relu_mean,417.0181579589844,-417.0181579589844,26.968530654907227,0.0,0.0,164.11169815063477,0.12440928985810065,-0.15348852340845873,8.861565650107227,0.7200513485074044,False
56,source_localization_stage4.0.skip_connection.0,226,9,1000,0.01,0.0,0.0,post_relu_mean,1330.36962890625,-1330.36962890625,110.8184585571289,0.0,0.0,1192.2184715270996,0.09356727259049132,-1.1998579685866657,69.2729787384809,1.9894995832443236,False
56,source_localization_stage4.0.skip_connection.0,226,9,1000,0.01,0.0,0.0,post_relu_mean,1321.538330078125,-1321.538330078125,106.45882415771484,0.0,0.0,1035.4104804992676,0.08244220238049745,-1.0542119530008511,60.86420425438566,1.7661407846212387,False
56,source_localization_stage4.0.skip_connection.0,226,9,1000,0.01,0.0,0.0,post_relu_mean,1065.1524658203125,-1065.1524658203125,72.9216079711914,0.0,0.0,522.7660598754883,0.06777190230491183,-0.5294423928286194,30.567023511026285,1.037463745176792,False
56,source_localization_stage4.0.skip_connection.0,226,9,1000,0.01,0.0,0.0,post_relu_mean,871.450927734375,-871.450927734375,55.78534698486328,0.0,0.0,330.37631607055664,0.09529368378137947,-0.3427754461714326,19.790048948303657,0.7692680123448372,False
56,source_localization_stage4.0.skip_connection.0,178,9,1000,0.005,0.0,0.0,post_relu_mean,908.54443359375,-908.54443359375,59.74888229370117,0.0,0.0,822.0143966674805,0.1776531270224756,-0.8371865386264784,48.33449229765023,3.2070752918720244,False
56,source_localization_stage4.0.skip_connection.0,178,9,1000,0.005,0.0,0.0,post_relu_mean,893.4212036132812,-893.4212036132812,57.380367279052734,0.0,0.0,730.5442924499512,0.1617370630398106,-0.7391114865609679,42.67219657895634,2.9087162148952483,False
56,source_localization_stage4.0.skip_connection.0,178,9,1000,0.005,0.0,0.0,post_relu_mean,763.6419677734375,-763.6419677734375,43.03731155395508,0.0,0.0,445.953311920166,0.0743421743937206,-0.4412829133670846,25.47716686500766,1.8769646608829498,False
56,source_localization_stage4.0.skip_connection.0,178,9,1000,0.005,0.0,0.0,post_relu_mean,645.23095703125,-645.23095703125,34.755374908447266,0.0,0.0,315.02699279785156,0.09702705884173184,-0.29754355748542155,17.178739504044046,1.4418292444944383,False
56,source_localization_stage4.0.skip_connection.0,178,9,1000,0.01,0.0,0.0,post_relu_mean,1803.335693359375,-1803.335693359375,117.75562286376953,0.0,0.0,1658.798942565918,0.1952468552491293,-1.6593878896655037,95.80391762015404,3.342791632413864,False
56,source_localization_stage4.0.skip_connection.0,178,9,1000,0.01,0.0,0.0,post_relu_mean,1763.41748046875,-1763.41748046875,111.7008056640625,0.0,0.0,1464.739543914795,0.1582767481191922,-1.4837681520651296,85.6647088488099,2.979331077337265,False
56,source_localization_stage4.0.skip_connection.0,178,9,1000,0.01,0.0,0.0,post_relu_mean,1527.179443359375,-1527.179443359375,85.67389678955078,0.0,0.0,889.7164344787598,0.08640244030199182,-0.8926660789352985,51.53746387317522,1.951787039041519,False
56,source_localization_stage4.0.skip_connection.0,178,9,1000,0.01,0.0,0.0,post_relu_mean,1298.781005859375,-1298.781005859375,69.19322967529297,0.0,0.0,624.1984710693359,0.08224960410474377,-0.6244960617881413,36.0549105639807,1.4947405767440796,False
56,source_localization_stage4.0.skip_connection.0,252,9,1000,0.005,0.0,0.0,post_relu_mean,499.9814147949219,-499.9814147949219,46.498573303222656,0.0,0.0,431.3035774230957,0.10263538406575688,-0.4507544285210523,26.024212030475997,1.4438540029525757,False
56,source_localization_stage4.0.skip_connection.0,252,9,1000,0.005,0.0,0.0,post_relu_mean,482.13189697265625,-482.13189697265625,41.92574691772461,0.0,0.0,362.52037811279297,0.09923863407908842,-0.3706516111770593,21.399324022332472,1.2692804169654845,False
56,source_localization_stage4.0.skip_connection.0,252,9,1000,0.005,0.0,0.0,post_relu_mean,341.39898681640625,-341.39898681640625,23.47395133972168,0.0,0.0,175.15423583984375,0.08443807228261002,-0.17364515205714615,10.025913005817726,0.7857021996378899,False
56,source_localization_stage4.0.skip_connection.0,252,9,1000,0.005,0.0,0.0,post_relu_mean,242.87442016601562,-242.87442016601562,15.468916893005371,0.0,0.0,110.29867172241211,0.13374304582447596,-0.09737351013769548,5.622077528532126,0.6193908590078354,False
56,source_localization_stage4.0.skip_connection.0,252,9,1000,0.01,0.0,0.0,post_relu_mean,991.5040283203125,-991.5040283203125,90.21940612792969,0.0,0.0,879.1053352355957,0.11180577193513103,-0.9043359803477509,52.211247260621576,1.508219802379608,False
56,source_localization_stage4.0.skip_connection.0,252,9,1000,0.01,0.0,0.0,post_relu_mean,965.0142211914062,-965.0142211914062,81.34010314941406,0.0,0.0,746.8667831420898,0.09837237353035232,-0.7648603459959544,44.158701775127476,1.3270235240459443,False
56,source_localization_stage4.0.skip_connection.0,252,9,1000,0.01,0.0,0.0,post_relu_mean,695.7801513671875,-695.7801513671875,47.70769119262695,0.0,0.0,347.78236389160156,0.06923179394196011,-0.3567773898479542,20.598634889331947,0.8217307978868484,False
56,source_localization_stage4.0.skip_connection.0,252,9,1000,0.01,0.0,0.0,post_relu_mean,534.0620727539062,-534.0620727539062,33.32737350463867,0.0,0.0,222.9017448425293,0.10317741124413948,-0.2273077431260122,13.123527304894496,0.6489548352360726,False
56,source_localization_stage4.0.skip_connection.0,74,9,1000,0.005,0.0,0.0,post_relu_mean,595.9498291015625,-595.9498291015625,56.68410110473633,0.0,0.0,517.301872253418,0.12655729681892378,-0.5479198829412263,31.634144607698502,1.710228306055069,False
56,source_localization_stage4.0.skip_connection.0,74,9,1000,0.005,0.0,0.0,post_relu_mean,576.415283203125,-576.415283203125,52.631595611572266,0.0,0.0,430.2558078765869,0.09527694808663119,-0.44499704046098465,25.691606966681128,1.4478697991371154,False
56,source_localization_stage4.0.skip_connection.0,74,9,1000,0.005,0.0,0.0,post_relu_mean,419.3364562988281,-419.3364562988281,32.21787643432617,0.0,0.0,187.73314094543457,0.11791577159720434,-0.19024916292157792,10.98391051534533,0.7993807709217071,False
56,source_localization_stage4.0.skip_connection.0,74,9,1000,0.005,0.0,0.0,post_relu_mean,250.2089080810547,-250.2089080810547,17.32672119140625,0.0,0.0,99.27808952331543,0.1827204640474065,-0.08823275558161538,5.094137365026845,0.5622577986121178,False
56,source_localization_stage4.0.skip_connection.0,74,9,1000,0.01,0.0,0.0,post_relu_mean,1182.3016357421875,-1182.3016357421875,110.41218566894531,0.0,0.0,1049.9255294799805,0.11580516628432765,-1.0829049841236265,62.5207793039175,1.7330869615077973,False
56,source_localization_stage4.0.skip_connection.0,74,9,1000,0.01,0.0,0.0,post_relu_mean,1169.961669921875,-1169.961669921875,104.93634033203125,0.0,0.0,893.0403537750244,0.1195432750324218,-0.9300752219733227,53.69729102630895,1.5556877797842026,False
56,source_localization_stage4.0.skip_connection.0,74,9,1000,0.01,0.0,0.0,post_relu_mean,856.4215698242188,-856.4215698242188,65.30755615234375,0.0,0.0,376.64566230773926,0.0941167935944669,-0.39165993562528273,22.61221647770187,0.8412857717275619,False
56,source_localization_stage4.0.skip_connection.0,74,9,1000,0.01,0.0,0.0,post_relu_mean,535.66650390625,-535.66650390625,36.57919692993164,0.0,0.0,192.21093559265137,0.1336460581214391,-0.19123349173664642,11.040821671627782,0.6000464230775833,False
56,source_localization_stage4.0.skip_connection.0,238,9,1000,0.005,0.0,0.0,post_relu_mean,559.7115478515625,-559.7115478515625,50.06737518310547,0.0,0.0,487.8119411468506,0.14306478099586323,-0.5029748347468451,29.038907887342027,1.7854110890626906,False
56,source_localization_stage4.0.skip_connection.0,238,9,1000,0.005,0.0,0.0,post_relu_mean,546.5910034179688,-546.5910034179688,45.76573181152344,0.0,0.0,417.728590965271,0.11722968643725261,-0.44577144292346316,25.73717842966144,1.589268491268158,False
56,source_localization_stage4.0.skip_connection.0,238,9,1000,0.005,0.0,0.0,post_relu_mean,399.601318359375,-399.601318359375,27.139766693115234,0.0,0.0,206.21882247924805,0.08588005077424675,-0.20745423871650254,11.977240036724394,0.9588790336251258,False
56,source_localization_stage4.0.skip_connection.0,238,9,1000,0.005,0.0,0.0,post_relu_mean,283.2131042480469,-283.2131042480469,17.763736724853516,0.0,0.0,128.04841232299805,0.1354330686851788,-0.11373658821908779,6.566517583498793,0.7207181414961815,False
56,source_localization_stage4.0.skip_connection.0,238,9,1000,0.01,0.0,0.0,post_relu_mean,1110.14892578125,-1110.14892578125,98.40036010742188,0.0,0.0,989.9163112640381,0.14999763362399643,-1.03191666284577,59.57712529163424,1.8802756774425506,False
56,source_localization_stage4.0.skip_connection.0,238,9,1000,0.01,0.0,0.0,post_relu_mean,1080.9188232421875,-1080.9188232421875,90.57826232910156,0.0,0.0,840.0250692367554,0.13363439187632617,-0.8816822471953399,50.90337159889895,1.636382572054863,False
56,source_localization_stage4.0.skip_connection.0,238,9,1000,0.01,0.0,0.0,post_relu_mean,823.9337158203125,-823.9337158203125,54.848506927490234,0.0,0.0,422.73566818237305,0.07458423186135552,-0.440461799028191,25.429782481667964,1.0044299584627152,False
56,source_localization_stage4.0.skip_connection.0,238,9,1000,0.01,0.0,0.0,post_relu_mean,607.2525024414062,-607.2525024414062,37.603580474853516,0.0,0.0,253.68937301635742,0.10390081685896631,-0.2546708305082505,14.703265402963142,0.735934439599514,False
59,source_localization_stage4.1.wave_feature_conv1,120,9,1000,0.005,0.0,0.0,post_relu_mean,1015.345458984375,-1015.345458984375,95.41553497314453,0.0,0.0,870.9405326843262,0.10669803774967848,-0.8959724721877812,51.72836940817948,4.231189889907837,False
59,source_localization_stage4.1.wave_feature_conv1,120,9,1000,0.005,0.0,0.0,post_relu_mean,992.5281372070312,-992.5281372070312,91.92208099365234,0.0,0.0,722.7024688720703,0.08596509116292937,-0.7429791537635118,42.89541924960262,3.518557149171829,False
59,source_localization_stage4.1.wave_feature_conv1,120,9,1000,0.005,0.0,0.0,post_relu_mean,921.4830932617188,-921.4830932617188,81.15341186523438,0.0,0.0,302.7086372375488,0.08725847113934705,-0.31062244586662763,17.933578310167142,1.2726915055513381,False
59,source_localization_stage4.1.wave_feature_conv1,120,9,1000,0.005,0.0,0.0,post_relu_mean,568.6106567382812,-568.6106567382812,45.42748260498047,0.0,0.0,119.16020584106445,0.06435761587861466,-0.12264140080522275,7.080659788370085,0.5436981973052025,False
59,source_localization_stage4.1.wave_feature_conv1,120,9,1000,0.01,0.0,0.0,post_relu_mean,2002.5263671875,-2002.5263671875,187.1665496826172,0.0,0.0,1766.3704643249512,0.17053053921084813,-1.8313161550962602,105.72982247206701,4.404174349308014,False
59,source_localization_stage4.1.wave_feature_conv1,120,9,1000,0.01,0.0,0.0,post_relu_mean,1991.369140625,-1991.369140625,183.79104614257812,0.0,0.0,1491.8711700439453,0.1425901641008274,-1.5698462207954123,90.63460733258908,3.6786495852470398,False
59,source_localization_stage4.1.wave_feature_conv1,120,9,1000,0.01,0.0,0.0,post_relu_mean,1799.189453125,-1799.189453125,158.56068420410156,0.0,0.0,599.8604927062988,0.07737922028616921,-0.62393397157927,36.022496923417584,1.2938262790441513,False
59,source_localization_stage4.1.wave_feature_conv1,120,9,1000,0.01,0.0,0.0,post_relu_mean,1138.6041259765625,-1138.6041259765625,90.7726058959961,0.0,0.0,235.70244216918945,0.05267597556924292,-0.24186283874626163,13.96381155187267,0.5754454520344734,False
59,source_localization_stage4.1.wave_feature_conv1,152,9,1000,0.005,0.0,0.0,post_relu_mean,974.634765625,-974.634765625,94.52255249023438,0.0,0.0,833.4217948913574,0.2704335370681214,-0.8826359486806995,50.958436621619256,3.5595869886875153,False
59,source_localization_stage4.1.wave_feature_conv1,152,9,1000,0.005,0.0,0.0,post_relu_mean,973.04736328125,-973.04736328125,90.98786926269531,0.0,0.0,707.869743347168,0.2580963378785261,-0.763109103667533,44.05791870509969,3.0250923585891725,False
59,source_localization_stage4.1.wave_feature_conv1,152,9,1000,0.005,0.0,0.0,post_relu_mean,779.126953125,-779.126953125,53.43293380737305,0.0,0.0,370.61344146728516,0.22682320267058992,-0.3986996222833426,23.01871144478546,1.8855552279949188,False
59,source_localization_stage4.1.wave_feature_conv1,152,9,1000,0.005,0.0,0.0,post_relu_mean,662.2293701171875,-662.2293701171875,40.60014724731445,0.0,0.0,263.43212509155273,0.13976871331933083,-0.2920481876335238,16.862084762464043,1.3279784017801284,False
59,source_localization_stage4.1.wave_feature_conv1,152,9,1000,0.01,0.0,0.0,post_relu_mean,1958.168212890625,-1958.168212890625,185.73167419433594,0.0,0.0,1725.74613571167,0.3071051601231942,-1.7949862249974213,103.63260941863047,3.7613520228862765,False
59,source_localization_stage4.1.wave_feature_conv1,152,9,1000,0.01,0.0,0.0,post_relu_mean,1959.81494140625,-1959.81494140625,179.36033630371094,0.0,0.0,1473.7061080932617,0.3148937492854384,-1.5529404463138923,89.65795187388979,3.2695889699459078,False
59,source_localization_stage4.1.wave_feature_conv1,152,9,1000,0.01,0.0,0.0,post_relu_mean,1580.86376953125,-1580.86376953125,105.7203140258789,0.0,0.0,780.1949234008789,0.24108466490683134,-0.8730775230898107,50.40784202723925,2.0497107237577437,False
59,source_localization_stage4.1.wave_feature_conv1,152,9,1000,0.01,0.0,0.0,post_relu_mean,1372.15625,-1372.15625,83.25344848632812,0.0,0.0,546.825984954834,0.1447794978103379,-0.5705666587587541,32.94141551060081,1.4149280858039857,False
59,source_localization_stage4.1.wave_feature_conv1,232,9,1000,0.005,0.0,0.0,post_relu_mean,864.4931640625,-864.4931640625,97.99710083007812,0.0,0.0,724.8795585632324,0.13015361202090686,-0.7465654565405884,43.102455138532655,3.109946676492691,False
59,source_localization_stage4.1.wave_feature_conv1,232,9,1000,0.005,0.0,0.0,post_relu_mean,860.1176147460938,-860.1176147460938,95.97340393066406,0.0,0.0,587.5797119140625,0.11367704309040078,-0.6123478336744795,35.353516806105155,2.4423508322238923,False
59,source_localization_stage4.1.wave_feature_conv1,232,9,1000,0.005,0.0,0.0,post_relu_mean,580.1917114257812,-580.1917114257812,52.5718879699707,0.0,0.0,183.33873748779297,0.055234204293340625,-0.19782962113267918,11.421711042307916,0.7250521555542946,False
59,source_localization_stage4.1.wave_feature_conv1,232,9,1000,0.005,0.0,0.0,post_relu_mean,280.08099365234375,-280.08099365234375,21.1240177154541,0.0,0.0,81.29727554321289,0.10217060164430807,-0.07737058965261973,4.467482153477371,0.4132942499220371,False
59,source_localization_stage4.1.wave_feature_conv1,232,9,1000,0.01,0.0,0.0,post_relu_mean,1733.07568359375,-1733.07568359375,192.72509765625,0.0,0.0,1498.7340507507324,0.1606667283041656,-1.5639625136746584,90.29436967757424,3.242020848989487,False
59,source_localization_stage4.1.wave_feature_conv1,232,9,1000,0.01,0.0,0.0,post_relu_mean,1725.6241455078125,-1725.6241455078125,189.80282592773438,0.0,0.0,1218.5126953125,0.1625763922607295,-1.2682071824897427,73.21916567938368,2.619621512889862,False
59,source_localization_stage4.1.wave_feature_conv1,232,9,1000,0.01,0.0,0.0,post_relu_mean,1199.271728515625,-1199.271728515625,107.27318572998047,0.0,0.0,392.15901947021484,0.07295140126117428,-0.4194703951613683,24.217841733328648,0.785332144498825,False
59,source_localization_stage4.1.wave_feature_conv1,232,9,1000,0.01,0.0,0.0,post_relu_mean,553.2562866210938,-553.2562866210938,41.67782974243164,0.0,0.0,148.93445205688477,0.0774905502185543,-0.1562526068919545,9.021181733033504,0.4268398113548756,False
59,source_localization_stage4.1.wave_feature_conv1,113,9,1000,0.005,0.0,0.0,post_relu_mean,848.4844970703125,-848.4844970703125,84.6808090209961,0.0,0.0,733.4644432067871,0.10829696753286623,-0.71979489280628,41.556868175513735,4.434188978672028,False
59,source_localization_stage4.1.wave_feature_conv1,113,9,1000,0.005,0.0,0.0,post_relu_mean,838.2900390625,-838.2900390625,82.93485260009766,0.0,0.0,609.6918563842773,0.09613851411445605,-0.5969812426463003,34.46633264333223,3.660186996459961,False
59,source_localization_stage4.1.wave_feature_conv1,113,9,1000,0.005,0.0,0.0,post_relu_mean,768.9949951171875,-768.9949951171875,73.5008544921875,0.0,0.0,226.7383689880371,0.14896364573080473,-0.2231856525020303,12.885476943302285,1.238848510980606,False
59,source_localization_stage4.1.wave_feature_conv1,113,9,1000,0.005,0.0,0.0,post_relu_mean,337.2459411621094,-337.2459411621094,30.42574119567871,0.0,0.0,57.11871337890625,0.17436518159569814,-0.03870499309556103,2.234675745194816,0.36800590068101885,False
59,source_localization_stage4.1.wave_feature_conv1,113,9,1000,0.01,0.0,0.0,post_relu_mean,1669.23974609375,-1669.23974609375,165.17591857910156,0.0,0.0,1473.7245750427246,0.13418189469948416,-1.5271157326723694,88.16699790965428,4.53212342262268,False
59,source_localization_stage4.1.wave_feature_conv1,113,9,1000,0.01,0.0,0.0,post_relu_mean,1661.4259033203125,-1661.4259033203125,163.5321044921875,0.0,0.0,1231.3346786499023,0.12399517765105232,-1.2615201351103114,72.83305932498713,3.7958872759342195,False
59,source_localization_stage4.1.wave_feature_conv1,113,9,1000,0.01,0.0,0.0,post_relu_mean,1506.779541015625,-1506.779541015625,143.81222534179688,0.0,0.0,437.18764877319336,0.11225769772143819,-0.43323224064183136,25.012402858842613,1.2817052179574966,False
59,source_localization_stage4.1.wave_feature_conv1,113,9,1000,0.01,0.0,0.0,post_relu_mean,748.5028076171875,-748.5028076171875,67.30281829833984,0.0,0.0,99.60479736328125,0.13042647351559358,-0.09163623301397963,5.2905774729368575,0.3870014581084251,False
59,source_localization_stage4.1.wave_feature_conv1,101,9,1000,0.005,0.0,0.0,post_relu_mean,655.3509521484375,-655.3509521484375,94.8245849609375,0.0,0.0,532.3340740203857,0.08434577250499231,-0.5429601465744652,31.347480783865695,2.383801909685135,False
59,source_localization_stage4.1.wave_feature_conv1,101,9,1000,0.005,0.0,0.0,post_relu_mean,659.1148681640625,-659.1148681640625,93.15087890625,0.0,0.0,407.1361999511719,0.07743340656217952,-0.43217961660894544,24.951624256268055,1.7219588208198546,False
59,source_localization_stage4.1.wave_feature_conv1,101,9,1000,0.005,0.0,0.0,post_relu_mean,212.9892120361328,-212.9892120361328,21.682220458984375,0.0,0.0,61.57383346557617,0.0750025598368984,-0.05916063742886906,3.4158849669421967,0.34303589925169947,False
59,source_localization_stage4.1.wave_feature_conv1,101,9,1000,0.005,0.0,0.0,post_relu_mean,54.17449188232422,-54.17449188232422,4.682085037231445,0.0,0.0,33.7062873840332,0.17150403415079707,-0.010251362997369918,0.5920549858428424,0.2686561921983957,False
59,source_localization_stage4.1.wave_feature_conv1,101,9,1000,0.01,0.0,0.0,post_relu_mean,1338.0994873046875,-1338.0994873046875,191.6324462890625,0.0,0.0,1118.2747478485107,0.1281673061457997,-1.2103389648492433,69.87813438749238,2.520610853433609,False
59,source_localization_stage4.1.wave_feature_conv1,101,9,1000,0.01,0.0,0.0,post_relu_mean,1310.344970703125,-1310.344970703125,183.7445068359375,0.0,0.0,831.8822326660156,0.09895513329398871,-0.8647573573067355,49.926596397527184,1.8070059150457383,False
59,source_localization_stage4.1.wave_feature_conv1,101,9,1000,0.01,0.0,0.0,post_relu_mean,468.3271484375,-468.3271484375,46.92921829223633,0.0,0.0,127.55927658081055,0.05751088435588307,-0.1384800143990416,7.995172163902408,0.37432301133871076,False
59,source_localization_stage4.1.wave_feature_conv1,101,9,1000,0.01,0.0,0.0,post_relu_mean,111.97513580322266,-111.97513580322266,9.409046173095703,0.0,0.0,44.23731994628906,0.12665968654099558,-0.02327039535660938,1.3435748226883577,0.2745872188359499,False
61,source_localization_stage4.1.wave_feature_conv2,13,9,1000,0.005,0.0,0.0,post_relu_mean,1021.7994384765625,-1021.7994384765625,159.1328125,0.0,0.0,820.2682762145996,0.10111730289584205,-0.8419439496760125,48.609657121139165,4.076205954551697,False
61,source_localization_stage4.1.wave_feature_conv2,13,9,1000,0.005,0.0,0.0,post_relu_mean,1013.782958984375,-1013.782958984375,157.49874877929688,0.0,0.0,589.9853839874268,0.08530672958109148,-0.5974305218226158,34.492276643872735,2.884584970474243,False
61,source_localization_stage4.1.wave_feature_conv2,13,9,1000,0.005,0.0,0.0,post_relu_mean,25.193275451660156,-25.193275451660156,3.202554702758789,0.0,0.0,12.282299041748047,0.07713118644041152,-0.001333741996523088,0.07701609413038962,0.09514350038021803,False
61,source_localization_stage4.1.wave_feature_conv2,13,9,1000,0.005,0.0,0.0,post_relu_mean,2.64396071434021,-2.64396071434021,0.33978334069252014,0.0,0.0,30.933745622634888,0.27324094572328794,-0.0011561056711592735,0.06680971686889017,0.1043688603118062,False
61,source_localization_stage4.1.wave_feature_conv2,13,9,1000,0.01,0.0,0.0,post_relu_mean,2027.083251953125,-2027.083251953125,314.62921142578125,0.0,0.0,1670.055751800537,0.1667523478704698,-1.7288465160237403,99.81387999718241,4.262029936313629,False
61,source_localization_stage4.1.wave_feature_conv2,13,9,1000,0.01,0.0,0.0,post_relu_mean,2052.000244140625,-2052.000244140625,318.4813537597656,0.0,0.0,1225.746187210083,0.12755873747241694,-1.274301434073938,73.57100475961619,3.0131342673301695,False
61,source_localization_stage4.1.wave_feature_conv2,13,9,1000,0.01,0.0,0.0,post_relu_mean,39.80008316040039,-39.80008316040039,5.016072750091553,0.0,0.0,13.287723541259766,0.05876002518986384,-0.0020776973138699195,0.11998498483991614,0.09965256318449973,False
61,source_localization_stage4.1.wave_feature_conv2,13,9,1000,0.01,0.0,0.0,post_relu_mean,2.603684425354004,-2.603684425354004,0.29412180185317993,0.0,0.0,31.35008478164673,0.2104383197366728,-0.0005929504989066681,0.034356297925880366,0.10299303390085697,False
61,source_localization_stage4.1.wave_feature_conv2,59,9,1000,0.005,0.0,0.0,post_relu_mean,797.8915405273438,-797.8915405273438,159.5401611328125,0.0,0.0,607.7464027404785,0.08676911955009822,-0.6217851995829925,35.898354913751945,3.271547701358795,False
61,source_localization_stage4.1.wave_feature_conv2,59,9,1000,0.005,0.0,0.0,post_relu_mean,801.160888671875,-801.160888671875,159.48094177246094,0.0,0.0,384.27031326293945,0.05939255399058847,-0.3978007868165453,22.966801924223795,2.04299280166626,False
61,source_localization_stage4.1.wave_feature_conv2,59,9,1000,0.005,0.0,0.0,post_relu_mean,2.458941698074341,-2.458941698074341,0.3091380000114441,0.0,0.0,23.34140682220459,0.18854758767619229,-0.0014931389066486877,0.08649550240257795,0.0961872262135148,False
61,source_localization_stage4.1.wave_feature_conv2,59,9,1000,0.005,0.0,0.0,post_relu_mean,1.8880163431167603,-1.8880163431167603,0.2539130449295044,0.0,0.0,43.24449288845062,0.40913929976518515,-0.0017377353986831523,0.10071880635741617,0.11889365151524543,False
61,source_localization_stage4.1.wave_feature_conv2,59,9,1000,0.01,0.0,0.0,post_relu_mean,1591.36279296875,-1591.36279296875,318.4483642578125,0.0,0.0,1242.3094520568848,0.13111349050405077,-1.276434980424071,73.69410366374898,3.3965607857704163,False
61,source_localization_stage4.1.wave_feature_conv2,59,9,1000,0.01,0.0,0.0,post_relu_mean,1562.291748046875,-1562.291748046875,311.0542907714844,0.0,0.0,766.4677925109863,0.07648954307781468,-0.793015685270672,45.78450810753097,2.102049570083618,False
61,source_localization_stage4.1.wave_feature_conv2,59,9,1000,0.01,0.0,0.0,post_relu_mean,2.562321186065674,-2.562321186065674,0.270761638879776,0.0,0.0,23.732609033584595,0.14422691521534445,-0.0005905519266385321,0.034246965488600956,0.10044285774230957,False
61,source_localization_stage4.1.wave_feature_conv2,59,9,1000,0.01,0.0,0.0,post_relu_mean,2.0714025497436523,-2.0714025497436523,0.2209862470626831,0.0,0.0,43.75714707374573,0.31513315840850054,-0.0005097840696535259,0.029491062639091466,0.10629820365458727,False
61,source_localization_stage4.1.wave_feature_conv2,58,9,1000,0.005,0.0,0.0,post_relu_mean,977.7122192382812,-977.7122192382812,141.74974060058594,0.0,0.0,806.1668548583984,0.1145774279006999,-0.8020802507062187,46.30774918638276,5.045834028720856,False
61,source_localization_stage4.1.wave_feature_conv2,58,9,1000,0.005,0.0,0.0,post_relu_mean,980.4118041992188,-980.4118041992188,140.6882781982422,0.0,0.0,611.3169994354248,0.13248606599693727,-0.6084775010763208,35.13009257023061,3.8063624024391176,False
61,source_localization_stage4.1.wave_feature_conv2,58,9,1000,0.005,0.0,0.0,post_relu_mean,78.38407135009766,-78.38407135009766,10.022077560424805,0.0,0.0,27.249412536621094,0.17876260974272257,-0.0027691975639845103,0.16001407458308184,0.1637203723937273,False
61,source_localization_stage4.1.wave_feature_conv2,58,9,1000,0.005,0.0,0.0,post_relu_mean,4.085400581359863,-4.085400581359863,0.5209597945213318,0.0,0.0,43.60923910140991,0.30056912730931634,-0.0016946523856358512,0.09846330205949394,0.1477353972569108,False
61,source_localization_stage4.1.wave_feature_conv2,58,9,1000,0.01,0.0,0.0,post_relu_mean,1934.3570556640625,-1934.3570556640625,281.1983337402344,0.0,0.0,1623.3630828857422,0.1486999330733841,-1.6608247339667375,95.88671802573045,5.195568840503693,False
61,source_localization_stage4.1.wave_feature_conv2,58,9,1000,0.01,0.0,0.0,post_relu_mean,1937.931884765625,-1937.931884765625,278.021728515625,0.0,0.0,1225.5034618377686,0.13707374236429998,-1.2276622632423717,70.87825056362655,3.910253381729126,False
61,source_localization_stage4.1.wave_feature_conv2,58,9,1000,0.01,0.0,0.0,post_relu_mean,117.52841186523438,-117.52841186523438,15.012055397033691,0.0,0.0,28.968917846679688,0.1374407964811139,-0.0034507823621646463,0.1992851597424509,0.17090745344758035,False
61,source_localization_stage4.1.wave_feature_conv2,58,9,1000,0.01,0.0,0.0,post_relu_mean,4.27216911315918,-4.27216911315918,0.49507904052734375,0.0,0.0,44.0548152923584,0.2525271579540841,-0.0005919496093786627,0.034286194260889614,0.1356697290018201,False
61,source_localization_stage4.1.wave_feature_conv2,101,9,1000,0.005,0.0,0.0,post_relu_mean,754.8916015625,-754.8916015625,162.86770629882812,0.0,0.0,563.1523628234863,0.09099125133094323,-0.5839797300932279,33.71576062596486,2.5840963351726534,False
61,source_localization_stage4.1.wave_feature_conv2,101,9,1000,0.005,0.0,0.0,post_relu_mean,748.362548828125,-748.362548828125,160.148193359375,0.0,0.0,331.54742431640625,0.09094649078046303,-0.34784370932210323,20.082550046336817,1.4760315561294555,False
61,source_localization_stage4.1.wave_feature_conv2,101,9,1000,0.005,0.0,0.0,post_relu_mean,3.3734307289123535,-3.3734307289123535,0.46323391795158386,0.0,0.0,24.877608060836792,0.28309675577456467,-0.0011905961064220163,0.06886691752674408,0.08984626159071922,False
61,source_localization_stage4.1.wave_feature_conv2,101,9,1000,0.005,0.0,0.0,post_relu_mean,1.8837100267410278,-1.8837100267410278,0.29368993639945984,0.0,0.0,44.636778712272644,0.5103102047615138,-0.0012708447487903445,0.0736873088354998,0.1014028624817729,False
61,source_localization_stage4.1.wave_feature_conv2,101,9,1000,0.01,0.0,0.0,post_relu_mean,1472.46142578125,-1472.46142578125,317.337158203125,0.0,0.0,1126.2527046203613,0.11621701227894364,-1.162757456433359,67.13100185379491,2.657251490354538,False
61,source_localization_stage4.1.wave_feature_conv2,101,9,1000,0.01,0.0,0.0,post_relu_mean,1481.599853515625,-1481.599853515625,316.043701171875,0.0,0.0,675.0459594726562,0.09964534571071064,-0.7099889270150453,40.990726919222205,1.5224895149469375,False
61,source_localization_stage4.1.wave_feature_conv2,101,9,1000,0.01,0.0,0.0,post_relu_mean,3.3690950870513916,-3.3690950870513916,0.41615426540374756,0.0,0.0,25.226369857788086,0.2117362718969563,-0.00048283283059401917,0.027925179166523095,0.08914633754640817,False
61,source_localization_stage4.1.wave_feature_conv2,101,9,1000,0.01,0.0,0.0,post_relu_mean,1.9848350286483765,-1.9848350286483765,0.2538461983203888,0.0,0.0,45.13634121417999,0.3843997379689753,-0.0005431484746922255,0.03138131849136038,0.10506176050752401,False
61,source_localization_stage4.1.wave_feature_conv2,95,9,1000,0.005,0.0,0.0,post_relu_mean,798.26904296875,-798.26904296875,142.26026916503906,0.0,0.0,629.6253242492676,0.09330085638426151,-0.6365803073604673,36.75254599591468,3.9812861287593844,False
61,source_localization_stage4.1.wave_feature_conv2,95,9,1000,0.005,0.0,0.0,post_relu_mean,799.4036865234375,-799.4036865234375,140.76869201660156,0.0,0.0,433.54000091552734,0.09211288521415249,-0.42463509834510993,24.51609313178845,2.7050380837917327,False
61,source_localization_stage4.1.wave_feature_conv2,95,9,1000,0.005,0.0,0.0,post_relu_mean,4.209681510925293,-4.209681510925293,0.6637516617774963,0.0,0.0,26.761252880096436,0.1885965968033138,-0.0011621829119231473,0.06723841084349685,0.1150014865770936,False
61,source_localization_stage4.1.wave_feature_conv2,95,9,1000,0.005,0.0,0.0,post_relu_mean,1.2045599222183228,-1.2045599222183228,0.3003794252872467,0.0,0.0,46.46631062030792,0.34420600718351424,-0.0016296770286910553,0.09441332674953623,0.13798933707177638,False
61,source_localization_stage4.1.wave_feature_conv2,95,9,1000,0.01,0.0,0.0,post_relu_mean,1626.3157958984375,-1626.3157958984375,289.6682434082031,0.0,0.0,1310.26411819458,0.1274442502736641,-1.391007532451495,80.30898586129896,4.08592964887619,False
61,source_localization_stage4.1.wave_feature_conv2,95,9,1000,0.01,0.0,0.0,post_relu_mean,1564.1878662109375,-1564.1878662109375,275.4148864746094,0.0,0.0,861.7086715698242,0.09817806125018497,-0.8693356516652176,50.19051012443926,2.778800684213638,False
61,source_localization_stage4.1.wave_feature_conv2,95,9,1000,0.01,0.0,0.0,post_relu_mean,4.334352493286133,-4.334352493286133,0.6220738291740417,0.0,0.0,27.19850778579712,0.15559834860958113,-0.0005895336647236828,0.034050083732504545,0.11233217950910329,False
61,source_localization_stage4.1.wave_feature_conv2,95,9,1000,0.01,0.0,0.0,post_relu_mean,1.244570255279541,-1.244570255279541,0.2513652741909027,0.0,0.0,46.99646234512329,0.28263968786448684,-0.0009174229819231196,0.05307358844578934,0.13830862902104854,False
51,source_localization_stage4.0.wave_feature_conv1,7,10,1000,0.005,0.0,0.0,post_relu_mean,975.8937377929688,-975.8937377929688,69.5211181640625,0.0,0.0,856.2851638793945,0.14934377840706398,-0.8897380592473795,51.368444264050616,2.459027681350708,False
51,source_localization_stage4.0.wave_feature_conv1,7,10,1000,0.005,0.0,0.0,post_relu_mean,952.070556640625,-952.070556640625,58.84669876098633,0.0,0.0,761.7527618408203,0.12173831135032323,-0.7900014781558505,45.61021925060639,2.1471825993061064,False
51,source_localization_stage4.0.wave_feature_conv1,7,10,1000,0.005,0.0,0.0,post_relu_mean,804.3156127929688,-804.3156127929688,34.9578971862793,0.0,0.0,521.8850517272949,0.06104618468243457,-0.5371072343748902,31.009539725911168,1.5217980736494063,False
51,source_localization_stage4.0.wave_feature_conv1,7,10,1000,0.005,0.0,0.0,post_relu_mean,712.6371459960938,-712.6371459960938,28.803037643432617,0.0,0.0,415.8378562927246,0.06662516596930693,-0.4238271452696962,24.469397714330366,1.245088826417923,False
51,source_localization_stage4.0.wave_feature_conv1,7,10,1000,0.01,0.0,0.0,post_relu_mean,1950.5213623046875,-1950.5213623046875,136.42520141601562,0.0,0.0,1764.0087356567383,0.14846533322792682,-1.8026714974820168,104.07609308796874,2.5516201519966124,False
51,source_localization_stage4.0.wave_feature_conv1,7,10,1000,0.01,0.0,0.0,post_relu_mean,1872.12890625,-1872.12890625,114.01309967041016,0.0,0.0,1543.8951568603516,0.11730125197128789,-1.5777735535002144,91.09172089475904,2.1882582759857176,False
