layer_idx,layer_name,filter_idx,sample_idx,iterations,learning_rate,tv_reg,l2_reg,activation_mode,final_activation,final_target_loss,final_suppression_loss,final_tv_loss,final_l2_loss,loss_reduction,grad_variation,loss_slope_lastk,loss_std_lastk,grad_mean_lastk,converged
8,wave_feature_stage1.0.wave_feature_conv1,19,0,1000,0.005,0.0,0.0,post_relu_mean,2956.81982421875,-2956.81982421875,365.5564270019531,0.0,0.0,2456.2460021972656,0.324084302215025,-2.524460601749418,145.74799703919953,4.8103880167007445,False
8,wave_feature_stage1.0.wave_feature_conv1,19,0,1000,0.01,0.0,0.0,post_relu_mean,5826.6318359375,-5826.6318359375,706.9972534179688,0.0,0.0,4984.617340087891,0.2783510940794982,-5.068131447304738,292.6050549559293,4.881151151657105,False
8,wave_feature_stage1.0.wave_feature_conv1,24,0,1000,0.005,0.0,0.0,post_relu_mean,1876.1575927734375,-1876.1575927734375,344.8780517578125,0.0,0.0,1463.962501525879,0.18643385210577326,-1.4958144182791586,86.35980968189702,3.1774241769313813,False
8,wave_feature_stage1.0.wave_feature_conv1,24,0,1000,0.01,0.0,0.0,post_relu_mean,3685.760498046875,-3685.760498046875,668.9194946289062,0.0,0.0,2949.524024963379,0.16009222414671603,-3.004294045583562,173.450833493357,3.2096095907688142,False
8,wave_feature_stage1.0.wave_feature_conv1,2,0,1000,0.005,0.0,0.0,post_relu_mean,1886.6356201171875,-1886.6356201171875,343.8489685058594,0.0,0.0,1481.0207786560059,0.2339228364337874,-1.4967354875400203,86.41304535447073,3.2058422684669496,False
8,wave_feature_stage1.0.wave_feature_conv1,2,0,1000,0.01,0.0,0.0,post_relu_mean,3687.81640625,-3687.81640625,665.7775268554688,0.0,0.0,2960.272975921631,0.1891118214793955,-2.971804229065687,171.57507712612505,3.243785262107849,False
8,wave_feature_stage1.0.wave_feature_conv1,29,0,1000,0.005,0.0,0.0,post_relu_mean,2000.461669921875,-2000.461669921875,336.35540771484375,0.0,0.0,1602.6185111999512,0.2248943134329039,-1.6165728872836076,93.33173245238766,3.1841048848629,False
8,wave_feature_stage1.0.wave_feature_conv1,29,0,1000,0.01,0.0,0.0,post_relu_mean,3927.35595703125,-3927.35595703125,649.5131225585938,0.0,0.0,3216.355083465576,0.18265141831742163,-3.2334365009515866,186.6803036574393,3.225523955821991,False
8,wave_feature_stage1.0.wave_feature_conv1,30,0,1000,0.005,0.0,0.0,post_relu_mean,2007.137939453125,-2007.137939453125,345.8331604003906,0.0,0.0,1603.413417816162,0.16495273055057066,-1.6507034734584185,95.30228782496265,3.2364662671089173,False
8,wave_feature_stage1.0.wave_feature_conv1,30,0,1000,0.01,0.0,0.0,post_relu_mean,3973.02685546875,-3973.02685546875,675.6188354492188,0.0,0.0,3239.5165672302246,0.14476550012010989,-3.2994953531064835,190.49411414471925,3.276861847639084,False
10,wave_feature_stage1.0.wave_feature_conv2,25,0,1000,0.005,0.0,0.0,post_relu_mean,1475.4261474609375,-1475.4261474609375,143.3386993408203,0.0,0.0,1240.7437362670898,0.14656672300586884,-1.28241921962966,74.03958526260031,2.3106243586540223,False
10,wave_feature_stage1.0.wave_feature_conv2,25,0,1000,0.01,0.0,0.0,post_relu_mean,2903.545654296875,-2903.545654296875,281.1211242675781,0.0,0.0,2531.080894470215,0.12999002405807436,-2.5964950613023134,149.9068727126044,2.3482998418807983,False
10,wave_feature_stage1.0.wave_feature_conv2,4,0,1000,0.005,0.0,0.0,post_relu_mean,1326.5284423828125,-1326.5284423828125,142.0434112548828,0.0,0.0,1114.5353164672852,0.13209938309335006,-1.1511888375822676,66.46308945169842,2.1656213223934175,False
10,wave_feature_stage1.0.wave_feature_conv2,4,0,1000,0.01,0.0,0.0,post_relu_mean,2627.451171875,-2627.451171875,280.47918701171875,0.0,0.0,2277.0222549438477,0.11810782186921374,-2.3224471236780913,134.0849091350363,2.205164531469345,False
10,wave_feature_stage1.0.wave_feature_conv2,23,0,1000,0.005,0.0,0.0,post_relu_mean,798.7762451171875,-798.7762451171875,107.03437805175781,0.0,0.0,655.1895980834961,0.07022583232603231,-0.6765019679386027,39.05737706691351,1.4499252814054489,False
10,wave_feature_stage1.0.wave_feature_conv2,23,0,1000,0.01,0.0,0.0,post_relu_mean,1582.727783203125,-1582.727783203125,208.4585418701172,0.0,0.0,1337.7170028686523,0.06412082421984365,-1.3670491958832172,78.92565794896278,1.4774329429864883,False
10,wave_feature_stage1.0.wave_feature_conv2,9,0,1000,0.005,0.0,0.0,post_relu_mean,1480.0721435546875,-1480.0721435546875,119.55937957763672,0.0,0.0,1326.1385345458984,0.14595634852874242,-1.3504596712207841,77.96788064079017,2.653580139875412,False
10,wave_feature_stage1.0.wave_feature_conv2,9,0,1000,0.01,0.0,0.0,post_relu_mean,2932.39306640625,-2932.39306640625,234.9552764892578,0.0,0.0,2663.063461303711,0.12573670454910316,-2.6941016751126785,155.5421729947575,2.6828566539287566,False
10,wave_feature_stage1.0.wave_feature_conv2,13,0,1000,0.005,0.0,0.0,post_relu_mean,936.0574951171875,-936.0574951171875,86.76126861572266,0.0,0.0,816.9676170349121,0.21312075933322203,-0.8120349522104752,46.882359200260495,2.1759719920158385,False
10,wave_feature_stage1.0.wave_feature_conv2,13,0,1000,0.01,0.0,0.0,post_relu_mean,1820.2598876953125,-1820.2598876953125,165.04747009277344,0.0,0.0,1622.8838157653809,0.18616373177406342,-1.6093224100622048,92.91317358505938,2.2318134009838104,False
14,wave_feature_stage1.1.wave_feature_conv1,2,0,1000,0.005,0.0,0.0,post_relu_mean,2297.01025390625,-2297.01025390625,364.34014892578125,0.0,0.0,1767.4174346923828,0.20428200314542655,-1.845190158318411,106.53077341765156,3.3729129934310915,False
14,wave_feature_stage1.1.wave_feature_conv1,2,0,1000,0.01,0.0,0.0,post_relu_mean,4487.34814453125,-4487.34814453125,705.8184204101562,0.0,0.0,3616.277053833008,0.18615065116565724,-3.726373998278179,215.1396511201213,3.425435029268265,False
14,wave_feature_stage1.1.wave_feature_conv1,8,0,1000,0.005,0.0,0.0,post_relu_mean,2195.47216796875,-2195.47216796875,393.7033386230469,0.0,0.0,1674.1982421875,0.20242229535782455,-1.7266560429574707,99.68728832539253,3.2091097581386565,False
14,wave_feature_stage1.1.wave_feature_conv1,8,0,1000,0.01,0.0,0.0,post_relu_mean,4290.1640625,-4290.1640625,763.9884033203125,0.0,0.0,3398.605224609375,0.17578637622173557,-3.480006671431435,200.9157904689082,3.256495084762573,False
14,wave_feature_stage1.1.wave_feature_conv1,29,0,1000,0.005,0.0,0.0,post_relu_mean,2136.747314453125,-2136.747314453125,381.6332702636719,0.0,0.0,1630.947898864746,0.14320001278722783,-1.6896619917634172,97.55147384966303,3.190753022432327,False
14,wave_feature_stage1.1.wave_feature_conv1,29,0,1000,0.01,0.0,0.0,post_relu_mean,4194.09375,-4194.09375,751.6251220703125,0.0,0.0,3318.302635192871,0.13469133552212043,-3.395574112070087,196.0411479462589,3.2396251940727234,False
14,wave_feature_stage1.1.wave_feature_conv1,9,0,1000,0.005,0.0,0.0,post_relu_mean,1839.4158935546875,-1839.4158935546875,401.61090087890625,0.0,0.0,1358.767593383789,0.1872230111626335,-1.4157662833172395,81.73828856639527,2.6589570200443267,False
14,wave_feature_stage1.1.wave_feature_conv1,9,0,1000,0.01,0.0,0.0,post_relu_mean,3650.905517578125,-3650.905517578125,785.6260986328125,0.0,0.0,2786.241958618164,0.17199454555165647,-2.8614267477048254,165.20251392843056,2.7266834378242493,False
14,wave_feature_stage1.1.wave_feature_conv1,30,0,1000,0.005,0.0,0.0,post_relu_mean,2457.29150390625,-2457.29150390625,411.9316711425781,0.0,0.0,1969.335319519043,0.31275919656442,-2.032851588135406,117.36531076445019,3.895992920398712,False
14,wave_feature_stage1.1.wave_feature_conv1,30,0,1000,0.01,0.0,0.0,post_relu_mean,4864.8310546875,-4864.8310546875,804.7406616210938,0.0,0.0,3984.065788269043,0.26540443870054176,-4.047573725048692,233.68394148496452,3.9444419920444487,False
16,wave_feature_stage1.1.wave_feature_conv2,11,0,1000,0.005,0.0,0.0,post_relu_mean,1246.018310546875,-1246.018310546875,143.06719970703125,0.0,0.0,1054.5461654663086,0.1594893665717623,-1.092252952960787,63.06046691496139,2.127117872238159,False
16,wave_feature_stage1.1.wave_feature_conv2,11,0,1000,0.01,0.0,0.0,post_relu_mean,2492.6796875,-2492.6796875,282.90826416015625,0.0,0.0,2161.3664779663086,0.1497232672412323,-2.2026697431962163,127.16964551578057,2.1952271914482115,False
16,wave_feature_stage1.1.wave_feature_conv2,29,0,1000,0.005,0.0,0.0,post_relu_mean,699.0077514648438,-699.0077514648438,114.04248046875,0.0,0.0,540.770378112793,0.040023666708173034,-0.555363988118868,32.063555873998595,1.1330492824316025,False
16,wave_feature_stage1.1.wave_feature_conv2,29,0,1000,0.01,0.0,0.0,post_relu_mean,1367.4898681640625,-1367.4898681640625,222.98675537109375,0.0,0.0,1100.3082809448242,0.0425703699516493,-1.1219001427947075,64.77213112882735,1.157941125035286,False
16,wave_feature_stage1.1.wave_feature_conv2,13,0,1000,0.005,0.0,0.0,post_relu_mean,870.9393310546875,-870.9393310546875,89.41126251220703,0.0,0.0,737.3459701538086,0.08077463937659793,-0.7583214554729102,43.78117068098276,1.4251494640111924,False
16,wave_feature_stage1.1.wave_feature_conv2,13,0,1000,0.01,0.0,0.0,post_relu_mean,1716.5711669921875,-1716.5711669921875,176.69017028808594,0.0,0.0,1495.698875427246,0.06874778493666521,-1.5325516455477306,88.48081492006592,1.4497207635641098,False
16,wave_feature_stage1.1.wave_feature_conv2,9,0,1000,0.005,0.0,0.0,post_relu_mean,1161.01025390625,-1161.01025390625,138.2486572265625,0.0,0.0,979.4622764587402,0.165133739550132,-1.0420685676443668,60.16320776268761,1.9745333504676819,False
16,wave_feature_stage1.1.wave_feature_conv2,9,0,1000,0.01,0.0,0.0,post_relu_mean,2347.13623046875,-2347.13623046875,277.0889892578125,0.0,0.0,2026.7480430603027,0.15665262325980087,-2.092845441955141,120.82899877742905,2.0305203413963318,False
16,wave_feature_stage1.1.wave_feature_conv2,22,0,1000,0.005,0.0,0.0,post_relu_mean,821.8541259765625,-821.8541259765625,140.2646484375,0.0,0.0,641.4902191162109,0.06313855440081373,-0.6686446346797098,38.6037459329347,1.2961803537607193,False
16,wave_feature_stage1.1.wave_feature_conv2,22,0,1000,0.01,0.0,0.0,post_relu_mean,1637.732177734375,-1637.732177734375,279.0317077636719,0.0,0.0,1318.6011810302734,0.06379134637625249,-1.3561322827626359,78.29535637929645,1.3263664209842683,False
21,wave_pattern_stage2.0.wave_feature_conv1,50,0,1000,0.005,0.0,0.0,post_relu_mean,2056.88671875,-2056.88671875,103.2099609375,0.0,0.0,1851.8051147460938,0.1929643644289728,-1.9257831706412778,111.18379029858681,3.789158494472504,False
21,wave_pattern_stage2.0.wave_feature_conv1,50,0,1000,0.01,0.0,0.0,post_relu_mean,4099.74560546875,-4099.74560546875,203.73495483398438,0.0,0.0,3794.1390991210938,0.19366993675981348,-3.879022863633115,223.95271018617805,3.8830007767677306,False
21,wave_pattern_stage2.0.wave_feature_conv1,3,0,1000,0.005,0.0,0.0,post_relu_mean,1250.92333984375,-1250.92333984375,92.45191955566406,0.0,0.0,1075.4716720581055,0.11934460005585999,-1.1271238987395582,65.07371806857199,2.413440878391266,False
21,wave_pattern_stage2.0.wave_feature_conv1,3,0,1000,0.01,0.0,0.0,post_relu_mean,2471.132080078125,-2471.132080078125,179.47348022460938,0.0,0.0,2208.6589279174805,0.12026006085144197,-2.293662262546554,132.4230024545495,2.4731753814220427,False
21,wave_pattern_stage2.0.wave_feature_conv1,27,0,1000,0.005,0.0,0.0,post_relu_mean,1668.8931884765625,-1668.8931884765625,117.83578491210938,0.0,0.0,1477.1308898925781,0.19014825072231548,-1.5476592004521796,89.35309931421256,3.1535991287231444,False
21,wave_pattern_stage2.0.wave_feature_conv1,27,0,1000,0.01,0.0,0.0,post_relu_mean,3345.440673828125,-3345.440673828125,234.44146728515625,0.0,0.0,3037.072784423828,0.1859808495320647,-3.1294684137733317,180.67802105520218,3.238597888946533,False
21,wave_pattern_stage2.0.wave_feature_conv1,49,0,1000,0.005,0.0,0.0,post_relu_mean,721.2911376953125,-721.2911376953125,79.67449951171875,0.0,0.0,610.0384788513184,0.06920905164049816,-0.6270453307963558,36.202088199562496,1.8452121031284332,False
21,wave_pattern_stage2.0.wave_feature_conv1,49,0,1000,0.01,0.0,0.0,post_relu_mean,1456.4056396484375,-1456.4056396484375,153.65390014648438,0.0,0.0,1271.1735496520996,0.0913869910955439,-1.349534096537228,77.91450385275493,1.923528715968132,False
21,wave_pattern_stage2.0.wave_feature_conv1,23,0,1000,0.005,0.0,0.0,post_relu_mean,889.4093017578125,-889.4093017578125,92.5855941772461,0.0,0.0,765.7771072387695,0.04507438857113175,-0.7822730952490123,45.16409247676678,1.833660056591034,False
21,wave_pattern_stage2.0.wave_feature_conv1,23,0,1000,0.01,0.0,0.0,post_relu_mean,1762.1512451171875,-1762.1512451171875,180.8071746826172,0.0,0.0,1550.297492980957,0.05900041999092851,-1.5901075376005491,91.80376931184145,1.8788633155822754,False
23,wave_pattern_stage2.0.wave_feature_conv2,45,0,1000,0.005,0.0,0.0,post_relu_mean,603.2589111328125,-603.2589111328125,70.54187774658203,0.0,0.0,490.84736251831055,0.057540388552789985,-0.5070846465833276,29.27619508817765,1.1934961932897568,False
23,wave_pattern_stage2.0.wave_feature_conv2,45,0,1000,0.01,0.0,0.0,post_relu_mean,1181.57470703125,-1181.57470703125,135.10264587402344,0.0,0.0,1004.602367401123,0.06172404143038668,-1.0297344842526093,59.45102757390027,1.2333756256103516,False
23,wave_pattern_stage2.0.wave_feature_conv2,63,0,1000,0.005,0.0,0.0,post_relu_mean,465.5548095703125,-465.5548095703125,67.56170654296875,0.0,0.0,371.26209259033203,0.05172704330490307,-0.3869663754380724,22.34124738485722,0.9685850590467453,False
23,wave_pattern_stage2.0.wave_feature_conv2,63,0,1000,0.01,0.0,0.0,post_relu_mean,921.8853149414062,-921.8853149414062,130.7977752685547,0.0,0.0,764.3565139770508,0.05568459416400907,-0.7887725351703129,45.53923773221473,1.0061885598301887,False
23,wave_pattern_stage2.0.wave_feature_conv2,59,0,1000,0.005,0.0,0.0,post_relu_mean,422.71807861328125,-422.71807861328125,69.18968200683594,0.0,0.0,326.82879638671875,0.04176751115685073,-0.35054805068094225,20.23866872132294,0.8656742548942566,False
23,wave_pattern_stage2.0.wave_feature_conv2,59,0,1000,0.01,0.0,0.0,post_relu_mean,830.1676635742188,-830.1676635742188,134.94326782226562,0.0,0.0,668.5247802734375,0.04579072120891998,-0.6945235259604635,40.0978455320729,0.8930455175042152,False
23,wave_pattern_stage2.0.wave_feature_conv2,25,0,1000,0.005,0.0,0.0,post_relu_mean,447.3459167480469,-447.3459167480469,62.74210739135742,0.0,0.0,358.4185733795166,0.0295900192087124,-0.3720603631927347,21.480648108730446,0.8957591032981873,False
23,wave_pattern_stage2.0.wave_feature_conv2,25,0,1000,0.01,0.0,0.0,post_relu_mean,880.1920166015625,-880.1920166015625,121.02001190185547,0.0,0.0,732.9867496490479,0.03620479432450542,-0.7522227272600759,43.42906545882529,0.9238357797265053,False
23,wave_pattern_stage2.0.wave_feature_conv2,47,0,1000,0.005,0.0,0.0,post_relu_mean,495.056884765625,-495.056884765625,66.03971862792969,0.0,0.0,405.7384796142578,0.03410247799445009,-0.4261268993501571,24.602154275955264,0.9422384008765221,False
23,wave_pattern_stage2.0.wave_feature_conv2,47,0,1000,0.01,0.0,0.0,post_relu_mean,981.4389038085938,-981.4389038085938,129.6332550048828,0.0,0.0,828.5269927978516,0.03660119137849558,-0.8619102522088198,49.761806136704806,0.9637505483627319,False
26,wave_pattern_stage2.0.skip_connection.0,29,0,1000,0.005,0.0,0.0,post_relu_mean,1885.9520263671875,-1885.9520263671875,196.983642578125,0.0,0.0,1591.5029067993164,0.16245127368086196,-1.663676967473503,96.05125921039327,3.2194565534591675,False
26,wave_pattern_stage2.0.skip_connection.0,29,0,1000,0.01,0.0,0.0,post_relu_mean,3781.113525390625,-3781.113525390625,394.5106506347656,0.0,0.0,3289.137306213379,0.15999893680943358,-3.3867778275267426,195.5333211614878,3.2987751495838165,False
26,wave_pattern_stage2.0.skip_connection.0,23,0,1000,0.005,0.0,0.0,post_relu_mean,1894.640625,-1894.640625,177.17770385742188,0.0,0.0,1647.0532684326172,0.18994903968543952,-1.7291250641251386,99.82986390019313,3.6421200287342073,False
26,wave_pattern_stage2.0.skip_connection.0,23,0,1000,0.01,0.0,0.0,post_relu_mean,3823.12548828125,-3823.12548828125,351.51824951171875,0.0,0.0,3401.197555541992,0.19464832250767275,-3.5293267245011206,203.76326129449166,3.742681019306183,False
26,wave_pattern_stage2.0.skip_connection.0,61,0,1000,0.005,0.0,0.0,post_relu_mean,1200.313232421875,-1200.313232421875,175.33560180664062,0.0,0.0,969.5537452697754,0.10811391493766757,-1.0253423838800315,59.1974891961908,2.113848099708557,False
26,wave_pattern_stage2.0.skip_connection.0,61,0,1000,0.01,0.0,0.0,post_relu_mean,2418.4697265625,-2418.4697265625,350.6848449707031,0.0,0.0,2012.360996246338,0.11567156944087909,-2.0802979704009203,120.10456849222442,2.188489373922348,False
26,wave_pattern_stage2.0.skip_connection.0,45,0,1000,0.005,0.0,0.0,post_relu_mean,1002.5223388671875,-1002.5223388671875,106.87786102294922,0.0,0.0,845.2599906921387,0.10341490452293033,-0.8745293107730525,50.49034666268368,2.161434210538864,False
26,wave_pattern_stage2.0.skip_connection.0,45,0,1000,0.01,0.0,0.0,post_relu_mean,1984.4661865234375,-1984.4661865234375,207.3555908203125,0.0,0.0,1726.72611618042,0.10785716363279295,-1.7771855415464972,102.60458017529471,2.2221136331558227,False
26,wave_pattern_stage2.0.skip_connection.0,26,0,1000,0.005,0.0,0.0,post_relu_mean,918.19580078125,-918.19580078125,138.63754272460938,0.0,0.0,730.4769821166992,0.06745169412587686,-0.7654438298213314,44.192500471835466,1.8523978632688523,False
26,wave_pattern_stage2.0.skip_connection.0,26,0,1000,0.01,0.0,0.0,post_relu_mean,1828.45556640625,-1828.45556640625,270.8714904785156,0.0,0.0,1508.5028610229492,0.08202397289635023,-1.5758170696210765,90.97882824539045,1.914608758687973,False
29,wave_pattern_stage2.1.wave_feature_conv1,39,0,1000,0.005,0.0,0.0,post_relu_mean,1375.4112548828125,-1375.4112548828125,151.33665466308594,0.0,0.0,1122.2946166992188,0.12724637994809165,-1.170722317130194,67.59084967956785,2.5472994875907897,False
29,wave_pattern_stage2.1.wave_feature_conv1,39,0,1000,0.01,0.0,0.0,post_relu_mean,2682.590087890625,-2682.590087890625,293.7584228515625,0.0,0.0,2287.0515747070312,0.12643445870198683,-2.341215341021953,135.16847732737327,2.6016188061237333,False
29,wave_pattern_stage2.1.wave_feature_conv1,53,0,1000,0.005,0.0,0.0,post_relu_mean,1095.9398193359375,-1095.9398193359375,117.86386108398438,0.0,0.0,914.1352691650391,0.13492483424583904,-0.9618150193287304,55.52972919883112,2.2567094218730928,False
29,wave_pattern_stage2.1.wave_feature_conv1,53,0,1000,0.01,0.0,0.0,post_relu_mean,2189.47265625,-2189.47265625,225.48065185546875,0.0,0.0,1900.051284790039,0.1459492893994479,-2.002774813388889,115.62887571257951,2.359599293470383,False
29,wave_pattern_stage2.1.wave_feature_conv1,35,0,1000,0.005,0.0,0.0,post_relu_mean,966.78466796875,-966.78466796875,137.7955322265625,0.0,0.0,780.3856925964355,0.09121545814471652,-0.8074405046619088,46.617033209208934,1.8281976461410523,False
29,wave_pattern_stage2.1.wave_feature_conv1,35,0,1000,0.01,0.0,0.0,post_relu_mean,1896.946533203125,-1896.946533203125,266.0810852050781,0.0,0.0,1582.262035369873,0.09597996308205026,-1.617227809021641,93.36952537821803,1.8746712905168534,False
29,wave_pattern_stage2.1.wave_feature_conv1,56,0,1000,0.005,0.0,0.0,post_relu_mean,720.7998046875,-720.7998046875,108.75308227539062,0.0,0.0,569.2318496704102,0.09238567615480221,-0.5994200874843038,34.60724750447681,1.5338778185844422,False
29,wave_pattern_stage2.1.wave_feature_conv1,56,0,1000,0.01,0.0,0.0,post_relu_mean,1425.2490234375,-1425.2490234375,208.37112426757812,0.0,0.0,1174.0630264282227,0.09755403128203345,-1.2259916681175085,70.78181154347514,1.5903105401992799,False
29,wave_pattern_stage2.1.wave_feature_conv1,4,0,1000,0.005,0.0,0.0,post_relu_mean,1243.559326171875,-1243.559326171875,183.5124053955078,0.0,0.0,1023.9640731811523,0.06096787864533239,-1.0562236285826578,60.980342448594875,2.13509348988533,False
29,wave_pattern_stage2.1.wave_feature_conv1,4,0,1000,0.01,0.0,0.0,post_relu_mean,2477.255859375,-2477.255859375,364.75146484375,0.0,0.0,2076.4215927124023,0.06648020055586673,-2.1308231868699554,123.0216135009286,2.1818258285522463,False
31,wave_pattern_stage2.1.wave_feature_conv2,46,0,1000,0.005,0.0,0.0,post_relu_mean,641.4275512695312,-641.4275512695312,68.11578369140625,0.0,0.0,528.8843879699707,0.05321394590604592,-0.5561823094802223,32.11084284744314,1.224415180683136,False
31,wave_pattern_stage2.1.wave_feature_conv2,46,0,1000,0.01,0.0,0.0,post_relu_mean,1266.9716796875,-1266.9716796875,132.91250610351562,0.0,0.0,1089.6318244934082,0.056165496891051964,-1.1522434871784877,66.52399076338664,1.25802809715271,False
31,wave_pattern_stage2.1.wave_feature_conv2,32,0,1000,0.005,0.0,0.0,post_relu_mean,522.24658203125,-522.24658203125,48.28974151611328,0.0,0.0,437.716121673584,0.07714171314036274,-0.463409568462173,26.75465538383155,1.1600951117277145,False
31,wave_pattern_stage2.1.wave_feature_conv2,32,0,1000,0.01,0.0,0.0,post_relu_mean,1024.40185546875,-1024.40185546875,92.03897094726562,0.0,0.0,896.1221885681152,0.07969802328098745,-0.9294322984753086,53.660135395233056,1.1952215182781218,False
31,wave_pattern_stage2.1.wave_feature_conv2,10,0,1000,0.005,0.0,0.0,post_relu_mean,523.0169677734375,-523.0169677734375,59.954078674316406,0.0,0.0,429.93311309814453,0.049364227280850784,-0.438135964492252,25.2954829625274,1.1339972144365311,False
31,wave_pattern_stage2.1.wave_feature_conv2,10,0,1000,0.01,0.0,0.0,post_relu_mean,1018.9601440429688,-1018.9601440429688,115.3624267578125,0.0,0.0,870.4679336547852,0.052182293187102394,-0.8883281996905878,51.287020522004305,1.1687392950057984,False
31,wave_pattern_stage2.1.wave_feature_conv2,61,0,1000,0.005,0.0,0.0,post_relu_mean,939.9234619140625,-939.9234619140625,75.56204986572266,0.0,0.0,836.6888294219971,0.045734032618667375,-0.8611593707811446,49.718440025176015,1.7717696273326873,False
31,wave_pattern_stage2.1.wave_feature_conv2,61,0,1000,0.01,0.0,0.0,post_relu_mean,1869.273193359375,-1869.273193359375,149.77627563476562,0.0,0.0,1691.8243885040283,0.049127810820038774,-1.7277656846206313,99.751354154583,1.8008246964216232,False
31,wave_pattern_stage2.1.wave_feature_conv2,33,0,1000,0.005,0.0,0.0,post_relu_mean,471.7629089355469,-471.7629089355469,63.45658874511719,0.0,0.0,385.4586486816406,0.03869256648316,-0.39736641133313483,22.94168541529715,0.8878353551030159,False
31,wave_pattern_stage2.1.wave_feature_conv2,33,0,1000,0.01,0.0,0.0,post_relu_mean,931.286376953125,-931.286376953125,124.29216003417969,0.0,0.0,784.1465148925781,0.04049257129501971,-0.8104799951999531,46.79250119130166,0.9115263450145722,False
36,interference_stage3.0.wave_feature_conv1,31,0,1000,0.005,0.0,0.0,post_relu_mean,1413.9346923828125,-1413.9346923828125,135.99642944335938,0.0,0.0,1184.3375244140625,0.13072168491132188,-1.232143338251425,71.13694071876199,2.757277133464813,False
36,interference_stage3.0.wave_feature_conv1,31,0,1000,0.01,0.0,0.0,post_relu_mean,2802.724365234375,-2802.724365234375,266.48187255859375,0.0,0.0,2442.6417236328125,0.13723418415516586,-2.5146645325068673,145.1824879904946,2.8311683213710785,False
36,interference_stage3.0.wave_feature_conv1,97,0,1000,0.005,0.0,0.0,post_relu_mean,1006.601806640625,-1006.601806640625,117.66631317138672,0.0,0.0,828.6178588867188,0.10478603759576147,-0.8655813064638139,49.973757548633294,2.15658749461174,False
36,interference_stage3.0.wave_feature_conv1,97,0,1000,0.01,0.0,0.0,post_relu_mean,1987.2481689453125,-1987.2481689453125,229.43289184570312,0.0,0.0,1697.4976806640625,0.11402897627317081,-1.7626491953192382,101.76533770516987,2.2253179037570954,False
36,interference_stage3.0.wave_feature_conv1,45,0,1000,0.005,0.0,0.0,post_relu_mean,923.3975830078125,-923.3975830078125,114.71430206298828,0.0,0.0,753.4159240722656,0.1010388678777423,-0.7885019883370619,45.523616474041134,2.2197946131229402,False
36,interference_stage3.0.wave_feature_conv1,45,0,1000,0.01,0.0,0.0,post_relu_mean,1818.531005859375,-1818.531005859375,222.28128051757812,0.0,0.0,1540.9823913574219,0.11807690029634342,-1.6172716960135918,93.37206333880819,2.304740679264069,False
36,interference_stage3.0.wave_feature_conv1,67,0,1000,0.005,0.0,0.0,post_relu_mean,793.9384155273438,-793.9384155273438,100.51242065429688,0.0,0.0,646.2230072021484,0.08227238820731503,-0.6691502251392955,38.63293650336775,1.9064145255088807,False
36,interference_stage3.0.wave_feature_conv1,67,0,1000,0.01,0.0,0.0,post_relu_mean,1577.21435546875,-1577.21435546875,194.48904418945312,0.0,0.0,1335.5223236083984,0.10208102719879679,-1.3702406396524656,79.10989908984983,1.990424553155899,False
36,interference_stage3.0.wave_feature_conv1,19,0,1000,0.005,0.0,0.0,post_relu_mean,790.3687744140625,-790.3687744140625,106.2497787475586,0.0,0.0,638.8919830322266,0.07321147574348255,-0.6626289759416837,38.25645417311325,1.7234536135196685,False
36,interference_stage3.0.wave_feature_conv1,19,0,1000,0.01,0.0,0.0,post_relu_mean,1573.529541015625,-1573.529541015625,207.25534057617188,0.0,0.0,1321.047134399414,0.08426602253095024,-1.3783151847778123,79.57607605061908,1.7888456338644028,False
38,interference_stage3.0.wave_feature_conv2,120,0,1000,0.005,0.0,0.0,post_relu_mean,796.7186279296875,-796.7186279296875,58.88524627685547,0.0,0.0,679.8790626525879,0.0829749239596463,-0.7138257840753878,41.21224059982356,1.6670122003555299,False
38,interference_stage3.0.wave_feature_conv2,120,0,1000,0.01,0.0,0.0,post_relu_mean,1584.877197265625,-1584.877197265625,115.27249145507812,0.0,0.0,1411.6504249572754,0.09460457643435329,-1.4630156472295597,84.46620978421392,1.7344469541311265,False
38,interference_stage3.0.wave_feature_conv2,84,0,1000,0.005,0.0,0.0,post_relu_mean,693.281494140625,-693.281494140625,58.70138168334961,0.0,0.0,583.1401290893555,0.10050905633975422,-0.6097105392264932,35.20123499215674,1.6267441272735597,False
38,interference_stage3.0.wave_feature_conv2,84,0,1000,0.01,0.0,0.0,post_relu_mean,1352.569580078125,-1352.569580078125,111.99861907958984,0.0,0.0,1189.1309127807617,0.10707465138732351,-1.218530739773011,70.35102983695351,1.6866131544113159,False
38,interference_stage3.0.wave_feature_conv2,109,0,1000,0.005,0.0,0.0,post_relu_mean,600.1648559570312,-600.1648559570312,59.55729293823242,0.0,0.0,497.073917388916,0.06298602164292091,-0.5212899739760338,30.096328192036196,1.2254817283153534,False
38,interference_stage3.0.wave_feature_conv2,109,0,1000,0.01,0.0,0.0,post_relu_mean,1184.3760986328125,-1184.3760986328125,116.8704605102539,0.0,0.0,1023.9719886779785,0.06977324872843348,-1.0624880984420848,61.342026784775044,1.2736239749193192,False
38,interference_stage3.0.wave_feature_conv2,69,0,1000,0.005,0.0,0.0,post_relu_mean,599.3250122070312,-599.3250122070312,54.710731506347656,0.0,0.0,503.9328804016113,0.12204471245802795,-0.5417685076373735,31.278784511696134,1.5550366729497909,False
38,interference_stage3.0.wave_feature_conv2,69,0,1000,0.01,0.0,0.0,post_relu_mean,1186.9512939453125,-1186.9512939453125,106.81045532226562,0.0,0.0,1039.4594917297363,0.13143861427830084,-1.0980794120988278,63.39700080958217,1.6341392481327057,False
38,interference_stage3.0.wave_feature_conv2,104,0,1000,0.005,0.0,0.0,post_relu_mean,641.7620239257812,-641.7620239257812,61.9977912902832,0.0,0.0,541.0630722045898,0.08688071542925951,-0.5810797411887811,33.54836197076677,1.3074548083543778,False
38,interference_stage3.0.wave_feature_conv2,104,0,1000,0.01,0.0,0.0,post_relu_mean,1291.4071044921875,-1291.4071044921875,123.08036804199219,0.0,0.0,1129.625633239746,0.09050183682320892,-1.1862453075303934,68.48705108105372,1.3581021958589554,False
41,interference_stage3.0.skip_connection.0,30,0,1000,0.005,0.0,0.0,post_relu_mean,860.1471557617188,-860.1471557617188,88.49506378173828,0.0,0.0,727.3688278198242,0.1173547530954816,-0.753668936449974,43.51260114659624,2.129921939373016,False
41,interference_stage3.0.skip_connection.0,30,0,1000,0.01,0.0,0.0,post_relu_mean,1708.672119140625,-1708.672119140625,173.30686950683594,0.0,0.0,1491.0819625854492,0.12280335827525393,-1.5494682489742908,89.45748466525329,2.202148621082306,False
41,interference_stage3.0.skip_connection.0,32,0,1000,0.005,0.0,0.0,post_relu_mean,1047.48828125,-1047.48828125,94.0617904663086,0.0,0.0,909.427604675293,0.10996162687366164,-0.9581064649144305,55.315970829717195,2.41565771818161,False
41,interference_stage3.0.skip_connection.0,32,0,1000,0.01,0.0,0.0,post_relu_mean,2115.464599609375,-2115.464599609375,189.14112854003906,0.0,0.0,1882.324577331543,0.12972922436935636,-1.9742354421287291,113.98113600409722,2.517823139429092,False
41,interference_stage3.0.skip_connection.0,123,0,1000,0.005,0.0,0.0,post_relu_mean,832.0508422851562,-832.0508422851562,96.20796203613281,0.0,0.0,694.9265785217285,0.0897828899005297,-0.7249367031600107,41.8537242907263,1.891059084534645,False
41,interference_stage3.0.skip_connection.0,123,0,1000,0.01,0.0,0.0,post_relu_mean,1644.5716552734375,-1644.5716552734375,188.60037231445312,0.0,0.0,1415.0549964904785,0.1019917458140273,-1.4640465593549017,84.52572004304214,1.9600424695014953,False
41,interference_stage3.0.skip_connection.0,80,0,1000,0.005,0.0,0.0,post_relu_mean,737.3224487304688,-737.3224487304688,71.89961242675781,0.0,0.0,624.9598159790039,0.10702139135721324,-0.6546053755103644,37.793230104388144,1.7924757373332978,False
41,interference_stage3.0.skip_connection.0,80,0,1000,0.01,0.0,0.0,post_relu_mean,1491.1650390625,-1491.1650390625,144.13223266601562,0.0,0.0,1306.5698013305664,0.12412214757288521,-1.3501734747042993,77.95139620552337,1.881546183824539,False
41,interference_stage3.0.skip_connection.0,60,0,1000,0.005,0.0,0.0,post_relu_mean,832.3529663085938,-832.3529663085938,89.54084777832031,0.0,0.0,703.4427185058594,0.0941885852219926,-0.7331085887163048,42.325590761961756,1.9851792907714845,False
41,interference_stage3.0.skip_connection.0,60,0,1000,0.01,0.0,0.0,post_relu_mean,1650.515869140625,-1650.515869140625,176.3859100341797,0.0,0.0,1434.7605895996094,0.10477842545534523,-1.4892671973476581,85.98182104053905,2.050995008945465,False
44,interference_stage3.1.wave_feature_conv1,81,0,1000,0.005,0.0,0.0,post_relu_mean,953.824462890625,-953.824462890625,104.123291015625,0.0,0.0,774.9314575195312,0.13953570239644011,-0.8017383822351907,46.28786073679274,2.147408465147018,False
44,interference_stage3.1.wave_feature_conv1,81,0,1000,0.01,0.0,0.0,post_relu_mean,1865.864990234375,-1865.864990234375,204.22422790527344,0.0,0.0,1586.8710327148438,0.1455727117552127,-1.6432862739903458,94.87405355682239,2.239364312887192,False
44,interference_stage3.1.wave_feature_conv1,42,0,1000,0.005,0.0,0.0,post_relu_mean,995.1157836914062,-995.1157836914062,111.71224212646484,0.0,0.0,811.6455307006836,0.13725758303117508,-0.8502591590821265,49.08926276537395,2.1577133893966676,False
44,interference_stage3.1.wave_feature_conv1,42,0,1000,0.01,0.0,0.0,post_relu_mean,1970.3619384765625,-1970.3619384765625,220.2596435546875,0.0,0.0,1678.3442611694336,0.14408709785725385,-1.7441409590842798,100.69685194041512,2.230027582645416,False
44,interference_stage3.1.wave_feature_conv1,127,0,1000,0.005,0.0,0.0,post_relu_mean,991.1023559570312,-991.1023559570312,112.20381164550781,0.0,0.0,812.2074813842773,0.1317275164989595,-0.8455280354024232,48.816018308209536,2.136458151340485,False
44,interference_stage3.1.wave_feature_conv1,127,0,1000,0.01,0.0,0.0,post_relu_mean,1938.98583984375,-1938.98583984375,219.7196044921875,0.0,0.0,1652.5751571655273,0.12892020956867453,-1.7048323912260401,98.42732515063936,2.200469205379486,False
44,interference_stage3.1.wave_feature_conv1,12,0,1000,0.005,0.0,0.0,post_relu_mean,1137.6365966796875,-1137.6365966796875,117.2388687133789,0.0,0.0,959.7120590209961,0.15714140509575145,-1.0178268713462222,58.76354440265631,2.3655198550224306,False
44,interference_stage3.1.wave_feature_conv1,12,0,1000,0.01,0.0,0.0,post_relu_mean,2250.65869140625,-2250.65869140625,231.7211151123047,0.0,0.0,1958.2519760131836,0.15393993730631966,-2.01652438509449,116.42277144264486,2.4194190216064455,False
44,interference_stage3.1.wave_feature_conv1,31,0,1000,0.005,0.0,0.0,post_relu_mean,942.3137817382812,-942.3137817382812,113.35275268554688,0.0,0.0,773.6821517944336,0.14569376533946388,-0.8132328413343389,46.95149704893237,2.0784542953968046,False
44,interference_stage3.1.wave_feature_conv1,31,0,1000,0.01,0.0,0.0,post_relu_mean,1864.373779296875,-1864.373779296875,223.73056030273438,0.0,0.0,1585.3642807006836,0.15518543909136617,-1.6442359155597546,94.92895152302117,2.1832297217845915,False
46,interference_stage3.1.wave_feature_conv2,38,0,1000,0.005,0.0,0.0,post_relu_mean,827.954345703125,-827.954345703125,54.030548095703125,0.0,0.0,719.9015045166016,0.11306854676119832,-0.7565693824199851,43.68005279747449,1.8495886433124542,False
46,interference_stage3.1.wave_feature_conv2,38,0,1000,0.01,0.0,0.0,post_relu_mean,1660.3392333984375,-1660.3392333984375,109.34761810302734,0.0,0.0,1496.969253540039,0.11950312233211782,-1.5498734863391117,89.48093823887649,1.921293749809265,False
46,interference_stage3.1.wave_feature_conv2,75,0,1000,0.005,0.0,0.0,post_relu_mean,665.8193359375,-665.8193359375,52.63777542114258,0.0,0.0,569.3979110717773,0.14120593321771754,-0.609445676586861,35.1859962735446,1.5701492524147034,False
46,interference_stage3.1.wave_feature_conv2,75,0,1000,0.01,0.0,0.0,post_relu_mean,1342.26318359375,-1342.26318359375,105.9708023071289,0.0,0.0,1192.508689880371,0.14624755687795182,-1.250790300900711,72.21353998493578,1.645284663438797,False
46,interference_stage3.1.wave_feature_conv2,104,0,1000,0.005,0.0,0.0,post_relu_mean,575.9667358398438,-575.9667358398438,56.224952697753906,0.0,0.0,490.2017993927002,0.09563899655032593,-0.5130892659599814,29.62291448361507,1.3095084452629089,False
46,interference_stage3.1.wave_feature_conv2,104,0,1000,0.01,0.0,0.0,post_relu_mean,1149.4464111328125,-1149.4464111328125,112.3880844116211,0.0,0.0,1007.518388748169,0.09638972950586339,-1.0422129313303632,60.17156059713906,1.3619766968488694,False
46,interference_stage3.1.wave_feature_conv2,125,0,1000,0.005,0.0,0.0,post_relu_mean,479.1481628417969,-479.1481628417969,56.87095642089844,0.0,0.0,394.2495059967041,0.07273799345120702,-0.41227029233775275,23.80223371482605,1.0449876230955124,False
46,interference_stage3.1.wave_feature_conv2,125,0,1000,0.01,0.0,0.0,post_relu_mean,960.06787109375,-960.06787109375,114.07012939453125,0.0,0.0,817.9700260162354,0.07532587861027949,-0.8478713418183355,48.95126978368921,1.0883031302690507,False
46,interference_stage3.1.wave_feature_conv2,103,0,1000,0.005,0.0,0.0,post_relu_mean,455.50653076171875,-455.50653076171875,53.86402130126953,0.0,0.0,374.997766494751,0.07700014633015714,-0.3982981110935244,22.995536386213523,0.9810330739617348,False
46,interference_stage3.1.wave_feature_conv2,103,0,1000,0.01,0.0,0.0,post_relu_mean,912.9222412109375,-912.9222412109375,108.02024841308594,0.0,0.0,778.2572269439697,0.077053696955923,-0.8127915991784072,46.926013421278725,1.0203349715471268,False
51,source_localization_stage4.0.wave_feature_conv1,7,0,1000,0.005,0.0,0.0,post_relu_mean,899.6256713867188,-899.6256713867188,50.852027893066406,0.0,0.0,797.1005477905273,0.22909952262380137,-0.821480582516272,47.427635348906115,2.4011504995822905,False
51,source_localization_stage4.0.wave_feature_conv1,7,0,1000,0.01,0.0,0.0,post_relu_mean,1797.726318359375,-1797.726318359375,101.64651489257812,0.0,0.0,1644.4067611694336,0.23049338863547408,-1.7077077994149559,98.59349267367709,2.5457328116893767,False
51,source_localization_stage4.0.wave_feature_conv1,45,0,1000,0.005,0.0,0.0,post_relu_mean,599.5774536132812,-599.5774536132812,38.48676681518555,0.0,0.0,518.3542327880859,0.09634971587637503,-0.551318882680624,31.830103980575846,1.5989099359512329,False
51,source_localization_stage4.0.wave_feature_conv1,45,0,1000,0.01,0.0,0.0,post_relu_mean,1194.918212890625,-1194.918212890625,75.76651000976562,0.0,0.0,1076.415267944336,0.1015380047915134,-1.1223363325782365,64.79732879613822,1.6595088744163513,False
51,source_localization_stage4.0.wave_feature_conv1,102,0,1000,0.005,0.0,0.0,post_relu_mean,879.3514404296875,-879.3514404296875,46.64950180053711,0.0,0.0,794.1170654296875,0.34338015694377916,-0.8281007116883246,47.80990677121708,2.919751055240631,False
51,source_localization_stage4.0.wave_feature_conv1,102,0,1000,0.01,0.0,0.0,post_relu_mean,1824.1031494140625,-1824.1031494140625,96.72522735595703,0.0,0.0,1688.7930297851562,0.44839724181948604,-1.7449230620108767,100.74217632665996,3.396685138940811,False
51,source_localization_stage4.0.wave_feature_conv1,75,0,1000,0.005,0.0,0.0,post_relu_mean,907.1900634765625,-907.1900634765625,47.91366958618164,0.0,0.0,825.7633895874023,0.3091887908661971,-0.858062430885113,49.5396702902142,2.99091423869133,False
51,source_localization_stage4.0.wave_feature_conv1,75,0,1000,0.01,0.0,0.0,post_relu_mean,1795.701904296875,-1795.701904296875,94.63948822021484,0.0,0.0,1667.5494003295898,0.3034191676651613,-1.721868851347748,99.41091233960191,3.1234158492088318,False
51,source_localization_stage4.0.wave_feature_conv1,81,0,1000,0.005,0.0,0.0,post_relu_mean,850.8543090820312,-850.8543090820312,44.37551498413086,0.0,0.0,778.3073024749756,0.4614188480671694,-0.8284525832323053,47.83023340211422,3.3926587665081023,False
51,source_localization_stage4.0.wave_feature_conv1,81,0,1000,0.01,0.0,0.0,post_relu_mean,1705.7471923828125,-1705.7471923828125,89.00797271728516,0.0,0.0,1588.5677394866943,0.5013038384432313,-1.6740421837572306,96.65056189077531,3.6340664625167847,False
53,source_localization_stage4.0.wave_feature_conv2,101,0,1000,0.005,0.0,0.0,post_relu_mean,450.8849182128906,-450.8849182128906,33.77706527709961,0.0,0.0,406.0184202194214,0.28061659457688076,-0.4148806323002312,23.952860577917587,1.907422343492508,False
53,source_localization_stage4.0.wave_feature_conv2,101,0,1000,0.01,0.0,0.0,post_relu_mean,944.3236083984375,-944.3236083984375,69.65828704833984,0.0,0.0,863.5759153366089,0.31923660643283125,-0.887462882586469,51.23739007519932,2.136191544532776,False
53,source_localization_stage4.0.wave_feature_conv2,254,0,1000,0.005,0.0,0.0,post_relu_mean,469.578369140625,-469.578369140625,33.67764663696289,0.0,0.0,424.8927640914917,0.3055759234096837,-0.451513731866429,26.06842647533478,2.0596885859966276,False
53,source_localization_stage4.0.wave_feature_conv2,254,0,1000,0.01,0.0,0.0,post_relu_mean,966.5253295898438,-966.5253295898438,69.21215057373047,0.0,0.0,886.3052091598511,0.3449721650750444,-0.95747484804979,55.2792120458284,2.283651362657547,False
53,source_localization_stage4.0.wave_feature_conv2,33,0,1000,0.005,0.0,0.0,post_relu_mean,230.46658325195312,-230.46658325195312,31.5151309967041,0.0,0.0,189.58159255981445,0.0963347762379436,-0.1974920687371127,11.402266305793875,0.6843722021579742,False
53,source_localization_stage4.0.wave_feature_conv2,33,0,1000,0.01,0.0,0.0,post_relu_mean,470.950439453125,-470.950439453125,65.00701904296875,0.0,0.0,396.5735664367676,0.10100241109863944,-0.4089596326669642,23.611012145544397,0.7421668952703476,False
53,source_localization_stage4.0.wave_feature_conv2,90,0,1000,0.005,0.0,0.0,post_relu_mean,189.2808837890625,-189.2808837890625,31.67630958557129,0.0,0.0,148.95705604553223,0.0770283734311843,-0.1558073899605211,8.995471988148253,0.5708665865659713,False
53,source_localization_stage4.0.wave_feature_conv2,90,0,1000,0.01,0.0,0.0,post_relu_mean,373.15838623046875,-373.15838623046875,62.585479736328125,0.0,0.0,301.92539405822754,0.0758789278611131,-0.311655604592019,17.99325109595875,0.6030562171339988,False
53,source_localization_stage4.0.wave_feature_conv2,153,0,1000,0.005,0.0,0.0,post_relu_mean,642.4764404296875,-642.4764404296875,80.1291275024414,0.0,0.0,553.9175395965576,0.7287225882788952,-0.6345791127688349,36.63885687505031,2.4891014349460603,False
53,source_localization_stage4.0.wave_feature_conv2,153,0,1000,0.01,0.0,0.0,post_relu_mean,1299.3369140625,-1299.3369140625,161.53150939941406,0.0,0.0,1129.3756694793701,0.673020240775858,-1.154975322625253,66.68223752959797,2.5534374749660493,False
56,source_localization_stage4.0.skip_connection.0,74,0,1000,0.005,0.0,0.0,post_relu_mean,579.4852294921875,-579.4852294921875,54.40156555175781,0.0,0.0,494.71471405029297,0.1355967392031827,-0.5188397226867929,29.955001584349287,1.7096211153268814,False
56,source_localization_stage4.0.skip_connection.0,74,0,1000,0.01,0.0,0.0,post_relu_mean,1150.947021484375,-1150.947021484375,107.29922485351562,0.0,0.0,1013.2788619995117,0.13241664180202256,-1.0789016775590285,62.289966630719675,1.7663809943199158,False
56,source_localization_stage4.0.skip_connection.0,252,0,1000,0.005,0.0,0.0,post_relu_mean,460.110595703125,-460.110595703125,43.308448791503906,0.0,0.0,390.57836532592773,0.0919563907095502,-0.41669434605433,24.057612756968098,1.4338170397281647,False
56,source_localization_stage4.0.skip_connection.0,252,0,1000,0.01,0.0,0.0,post_relu_mean,919.377197265625,-919.377197265625,85.3193130493164,0.0,0.0,807.8340721130371,0.10599089930009538,-0.8409144031396196,48.549786971956124,1.4975628739595412,False
56,source_localization_stage4.0.skip_connection.0,24,0,1000,0.005,0.0,0.0,post_relu_mean,597.4569702148438,-597.4569702148438,55.565555572509766,0.0,0.0,518.2778053283691,0.1954634421277929,-0.5518207384277014,31.859375127142957,1.9175836616754531,False
56,source_localization_stage4.0.skip_connection.0,24,0,1000,0.01,0.0,0.0,post_relu_mean,1170.05322265625,-1170.05322265625,108.11549377441406,0.0,0.0,1038.324131011963,0.18257553097494406,-1.0787563307551922,62.281466413421356,1.9943511593341827,False
56,source_localization_stage4.0.skip_connection.0,30,0,1000,0.005,0.0,0.0,post_relu_mean,406.5870056152344,-406.5870056152344,40.964107513427734,0.0,0.0,342.1410903930664,0.0825025871241917,-0.3576956612559723,20.651337564327534,1.2219718557596206,False
56,source_localization_stage4.0.skip_connection.0,30,0,1000,0.01,0.0,0.0,post_relu_mean,804.741943359375,-804.741943359375,80.33876037597656,0.0,0.0,700.9213943481445,0.07994880714023858,-0.7517116209765594,43.39965996296714,1.253713828921318,False
56,source_localization_stage4.0.skip_connection.0,211,0,1000,0.005,0.0,0.0,post_relu_mean,441.8228454589844,-441.8228454589844,47.05186462402344,0.0,0.0,371.5117874145508,0.0999008948941636,-0.3920329696551129,22.633832566113277,1.326184719800949,False
56,source_localization_stage4.0.skip_connection.0,211,0,1000,0.01,0.0,0.0,post_relu_mean,892.137451171875,-892.137451171875,94.61024475097656,0.0,0.0,774.2680130004883,0.11511243817805487,-0.8327965721268275,48.08095479704985,1.406651012301445,False
59,source_localization_stage4.1.wave_feature_conv1,152,0,1000,0.005,0.0,0.0,post_relu_mean,861.671142578125,-861.671142578125,62.35304260253906,0.0,0.0,761.2614212036133,0.608269852151372,-0.8441442698054753,48.739602712344656,3.5363738322257996,False
59,source_localization_stage4.1.wave_feature_conv1,152,0,1000,0.01,0.0,0.0,post_relu_mean,2121.658203125,-2121.658203125,179.61509704589844,0.0,0.0,1903.9863967895508,0.7840015264359953,-2.3867922780222828,137.8092653703862,4.45734354019165,False
59,source_localization_stage4.1.wave_feature_conv1,232,0,1000,0.005,0.0,0.0,post_relu_mean,594.9651489257812,-594.9651489257812,56.98276901245117,0.0,0.0,505.9220275878906,0.2136787688114587,-0.5488663246854608,31.688485879157653,1.9808919548988342,False
59,source_localization_stage4.1.wave_feature_conv1,232,0,1000,0.01,0.0,0.0,post_relu_mean,1535.17529296875,-1535.17529296875,156.44198608398438,0.0,0.0,1346.6729431152344,0.3811453282270023,-1.856036725731986,107.17769452491193,2.6285757768154143,False
59,source_localization_stage4.1.wave_feature_conv1,120,0,1000,0.005,0.0,0.0,post_relu_mean,1149.1304931640625,-1149.1304931640625,103.5656509399414,0.0,0.0,1017.9824180603027,1.0363302965594179,-1.0987772936968687,63.438810640424,4.2281306672096255,False
59,source_localization_stage4.1.wave_feature_conv1,120,0,1000,0.01,0.0,0.0,post_relu_mean,2320.1337890625,-2320.1337890625,208.61343383789062,0.0,0.0,2083.9378623962402,0.9298861715449264,-2.101753547592352,121.34455083503941,4.383321640491485,False
59,source_localization_stage4.1.wave_feature_conv1,44,0,1000,0.005,0.0,0.0,post_relu_mean,399.6820068359375,-399.6820068359375,52.740055084228516,0.0,0.0,323.73129081726074,0.08920325162333266,-0.377166975995994,21.775974426302458,1.1634921085834504,False
59,source_localization_stage4.1.wave_feature_conv1,44,0,1000,0.01,0.0,0.0,post_relu_mean,824.2755737304688,-824.2755737304688,104.91826629638672,0.0,0.0,696.146635055542,0.11908833167387914,-0.7483395388717725,43.20531661998469,1.2675676637887954,False
59,source_localization_stage4.1.wave_feature_conv1,198,0,1000,0.005,0.0,0.0,post_relu_mean,437.10552978515625,-437.10552978515625,53.72893142700195,0.0,0.0,360.7065849304199,0.17542198123730643,-0.38404878384441304,22.17280922144823,1.4771028238534927,False
59,source_localization_stage4.1.wave_feature_conv1,198,0,1000,0.01,0.0,0.0,post_relu_mean,925.0848388671875,-925.0848388671875,110.39725494384766,0.0,0.0,792.0175590515137,0.2165328340112482,-0.8605677338893921,49.68446348162646,1.6721661829948424,False
61,source_localization_stage4.1.wave_feature_conv2,201,0,1000,0.005,0.0,0.0,post_relu_mean,602.33935546875,-602.33935546875,91.26342010498047,0.0,0.0,485.5916519165039,0.349224339524671,-0.51337668118827,29.639494235428792,2.27153293967247,False
61,source_localization_stage4.1.wave_feature_conv2,201,0,1000,0.01,0.0,0.0,post_relu_mean,1247.54541015625,-1247.54541015625,184.3446807861328,0.0,0.0,1037.716407775879,0.38615805885294574,-1.0707179006532046,61.81718035724583,2.536240038871765,False
61,source_localization_stage4.1.wave_feature_conv2,13,0,1000,0.005,0.0,0.0,post_relu_mean,1036.473388671875,-1036.473388671875,159.16099548339844,0.0,0.0,855.5109786987305,0.8721896962076198,-1.140948933253971,65.87959957978401,3.5999488377571107,False
61,source_localization_stage4.1.wave_feature_conv2,13,0,1000,0.01,0.0,0.0,post_relu_mean,2226.69677734375,-2226.69677734375,345.1123046875,0.0,0.0,1859.783073425293,0.9016690909192678,-1.9135035725136291,110.47713956083362,3.939333279132843,False
61,source_localization_stage4.1.wave_feature_conv2,221,0,1000,0.005,0.0,0.0,post_relu_mean,532.7153930664062,-532.7153930664062,89.11375427246094,0.0,0.0,422.77444076538086,0.3620481113348029,-0.4447641734179951,25.678410622091267,2.1353053963184356,False
61,source_localization_stage4.1.wave_feature_conv2,221,0,1000,0.01,0.0,0.0,post_relu_mean,1089.277099609375,-1089.277099609375,179.8809356689453,0.0,0.0,888.5689964294434,0.37483524902295945,-0.9137869615868814,52.756862906423734,2.318087878227234,False
61,source_localization_stage4.1.wave_feature_conv2,254,0,1000,0.005,0.0,0.0,post_relu_mean,514.2139892578125,-514.2139892578125,88.57854461669922,0.0,0.0,405.0986862182617,0.3918949780773095,-0.43797767965897144,25.286421812294268,2.1815437495708467,False
61,source_localization_stage4.1.wave_feature_conv2,254,0,1000,0.01,0.0,0.0,post_relu_mean,1050.5482177734375,-1050.5482177734375,179.2464599609375,0.0,0.0,850.765007019043,0.3812378251951311,-0.8794765549833325,50.77606396046274,2.2739830267429353,False
61,source_localization_stage4.1.wave_feature_conv2,101,0,1000,0.005,0.0,0.0,post_relu_mean,813.4287109375,-813.4287109375,177.392333984375,0.0,0.0,615.8405723571777,0.590282305292471,-0.6637738131182161,38.32453815809656,2.4690807342529295,False
61,source_localization_stage4.1.wave_feature_conv2,101,0,1000,0.01,0.0,0.0,post_relu_mean,1671.187744140625,-1671.187744140625,362.6065368652344,0.0,0.0,1288.3853721618652,0.5635272362045533,-1.285782486725254,74.23382395754803,2.64475834608078,False
8,wave_feature_stage1.0.wave_feature_conv1,19,1,1000,0.005,0.0,0.0,post_relu_mean,2944.27587890625,-2944.27587890625,366.62237548828125,0.0,0.0,2440.690399169922,0.3269132297658631,-2.5108592144124895,144.96272417417222,4.768741946220398,False
8,wave_feature_stage1.0.wave_feature_conv1,19,1,1000,0.01,0.0,0.0,post_relu_mean,5825.865234375,-5825.865234375,708.0363159179688,0.0,0.0,4980.865936279297,0.2889871575190337,-5.055619893793243,291.88283501497847,4.880292761325836,False
8,wave_feature_stage1.0.wave_feature_conv1,24,1,1000,0.005,0.0,0.0,post_relu_mean,1887.5975341796875,-1887.5975341796875,347.6156921386719,0.0,0.0,1472.3789672851562,0.18239250828226145,-1.5000560682046833,86.60470713372872,3.175843436717987,False
8,wave_feature_stage1.0.wave_feature_conv1,24,1,1000,0.01,0.0,0.0,post_relu_mean,3712.322021484375,-3712.322021484375,671.8693237304688,0.0,0.0,2972.8497924804688,0.16262335239283532,-3.010781079524546,173.8253997139482,3.2292165780067443,False
8,wave_feature_stage1.0.wave_feature_conv1,2,1,1000,0.005,0.0,0.0,post_relu_mean,1881.316162109375,-1881.316162109375,341.6112976074219,0.0,0.0,1476.2498207092285,0.23259952194034075,-1.5011838750253426,86.66982443273429,3.189247728586197,False
8,wave_feature_stage1.0.wave_feature_conv1,2,1,1000,0.01,0.0,0.0,post_relu_mean,3698.087890625,-3698.087890625,662.3616333007812,0.0,0.0,2972.2713050842285,0.1963776537852892,-3.011957162576525,173.89331681282985,3.2473966419696807,False
8,wave_feature_stage1.0.wave_feature_conv1,29,1,1000,0.005,0.0,0.0,post_relu_mean,2000.6771240234375,-2000.6771240234375,337.2135925292969,0.0,0.0,1603.4842643737793,0.2125941335359073,-1.6194669570413578,93.49880024943104,3.181126754283905,False
8,wave_feature_stage1.0.wave_feature_conv1,29,1,1000,0.01,0.0,0.0,post_relu_mean,3918.30859375,-3918.30859375,655.2003784179688,0.0,0.0,3203.128917694092,0.167718356153414,-3.224441212775925,186.16088954761724,3.1998184609413145,False
8,wave_feature_stage1.0.wave_feature_conv1,30,1,1000,0.005,0.0,0.0,post_relu_mean,2006.192626953125,-2006.192626953125,345.18035888671875,0.0,0.0,1601.1874160766602,0.15990456782802842,-1.6424563136966603,94.8260926908932,3.2331953501701354,False
8,wave_feature_stage1.0.wave_feature_conv1,30,1,1000,0.01,0.0,0.0,post_relu_mean,3987.6806640625,-3987.6806640625,674.591796875,0.0,0.0,3253.26407623291,0.14494653268090657,-3.3103167924657093,191.1189248836731,3.2810950863361357,False
10,wave_feature_stage1.0.wave_feature_conv2,25,1,1000,0.005,0.0,0.0,post_relu_mean,1481.2864990234375,-1481.2864990234375,143.45245361328125,0.0,0.0,1244.3116455078125,0.15005872510216858,-1.2893174241587484,74.43785043268839,2.30845760345459,False
10,wave_feature_stage1.0.wave_feature_conv2,25,1,1000,0.01,0.0,0.0,post_relu_mean,2913.712890625,-2913.712890625,281.6471862792969,0.0,0.0,2538.5433349609375,0.13364622931062872,-2.5959122170803295,149.87333323118082,2.349022911787033,False
10,wave_feature_stage1.0.wave_feature_conv2,4,1,1000,0.005,0.0,0.0,post_relu_mean,1333.6673583984375,-1333.6673583984375,143.25177001953125,0.0,0.0,1119.834846496582,0.1448360881752518,-1.1583093414615637,66.87418638895537,2.170127613544464,False
10,wave_feature_stage1.0.wave_feature_conv2,4,1,1000,0.01,0.0,0.0,post_relu_mean,2628.11181640625,-2628.11181640625,281.0876770019531,0.0,0.0,2276.443489074707,0.1238267881002516,-2.317176322321877,133.7805710326467,2.1965762794017794,False
10,wave_feature_stage1.0.wave_feature_conv2,23,1,1000,0.005,0.0,0.0,post_relu_mean,797.12646484375,-797.12646484375,107.24207305908203,0.0,0.0,651.673957824707,0.0724136422626998,-0.6742188059401193,38.92555582362563,1.4377104234695435,False
10,wave_feature_stage1.0.wave_feature_conv2,23,1,1000,0.01,0.0,0.0,post_relu_mean,1584.76416015625,-1584.76416015625,209.18792724609375,0.0,0.0,1337.3657302856445,0.0692834312286016,-1.377570709958667,79.53311938672911,1.4739118456840514,False
10,wave_feature_stage1.0.wave_feature_conv2,9,1,1000,0.005,0.0,0.0,post_relu_mean,1485.021728515625,-1485.021728515625,120.47113037109375,0.0,0.0,1331.0104370117188,0.14363415466643048,-1.349938035560264,77.93774158802243,2.66170378446579,False
10,wave_feature_stage1.0.wave_feature_conv2,9,1,1000,0.01,0.0,0.0,post_relu_mean,2944.81201171875,-2944.81201171875,236.6021270751953,0.0,0.0,2674.6698608398438,0.12426471434102226,-2.7029239307032475,156.05145794736086,2.695247896909714,False
10,wave_feature_stage1.0.wave_feature_conv2,13,1,1000,0.005,0.0,0.0,post_relu_mean,951.1597290039062,-951.1597290039062,87.35431671142578,0.0,0.0,831.8506298065186,0.23004380539109698,-0.8241284067990371,47.580524100735396,2.2116678237915037,False
10,wave_feature_stage1.0.wave_feature_conv2,13,1,1000,0.01,0.0,0.0,post_relu_mean,1851.3299560546875,-1851.3299560546875,166.0591278076172,0.0,0.0,1653.316083908081,0.19409137055407466,-1.6419999196879338,94.79979288115207,2.2559501564502717,False
14,wave_feature_stage1.1.wave_feature_conv1,2,1,1000,0.005,0.0,0.0,post_relu_mean,2283.54345703125,-2283.54345703125,360.1317138671875,0.0,0.0,1753.5310668945312,0.20277952486727102,-1.8323171020864875,105.78757240336832,3.357741093635559,False
14,wave_feature_stage1.1.wave_feature_conv1,2,1,1000,0.01,0.0,0.0,post_relu_mean,4468.39990234375,-4468.39990234375,700.3804321289062,0.0,0.0,3598.1388549804688,0.19128174816917848,-3.73588134985357,215.6887212134566,3.427440289258957,False
14,wave_feature_stage1.1.wave_feature_conv1,29,1,1000,0.005,0.0,0.0,post_relu_mean,2153.865478515625,-2153.865478515625,386.7588806152344,0.0,0.0,1637.9406433105469,0.1472405518652007,-1.6940885734057414,97.8070293629907,3.1911094999313354,False
14,wave_feature_stage1.1.wave_feature_conv1,29,1,1000,0.01,0.0,0.0,post_relu_mean,4238.6591796875,-4238.6591796875,760.4100341796875,0.0,0.0,3349.0830993652344,0.14127465994790986,-3.431618253530068,198.1221059995923,3.261368147134781,False
14,wave_feature_stage1.1.wave_feature_conv1,8,1,1000,0.005,0.0,0.0,post_relu_mean,2174.91259765625,-2174.91259765625,390.1508483886719,0.0,0.0,1655.9398498535156,0.20234807105963026,-1.704051152945083,98.38221635175172,3.1772019493579866,False
14,wave_feature_stage1.1.wave_feature_conv1,8,1,1000,0.01,0.0,0.0,post_relu_mean,4260.3369140625,-4260.3369140625,762.5115356445312,0.0,0.0,3369.0035705566406,0.17914120464519503,-3.4623116361600452,199.8941699722616,3.2407500553131103,False
14,wave_feature_stage1.1.wave_feature_conv1,9,1,1000,0.005,0.0,0.0,post_relu_mean,1854.8135986328125,-1854.8135986328125,400.9820556640625,0.0,0.0,1369.7620239257812,0.19742292636945066,-1.4330107347532322,82.7338807805367,2.6782507133483886,False
14,wave_feature_stage1.1.wave_feature_conv1,9,1,1000,0.01,0.0,0.0,post_relu_mean,3674.6787109375,-3674.6787109375,784.8463134765625,0.0,0.0,2805.7630004882812,0.17956131311442936,-2.8839325755482754,166.50196290826602,2.7409258031845094,False
14,wave_feature_stage1.1.wave_feature_conv1,30,1,1000,0.005,0.0,0.0,post_relu_mean,2464.62841796875,-2464.62841796875,416.2679748535156,0.0,0.0,1966.8120956420898,0.2991816387568035,-2.0359485677205402,117.5441801040703,3.8627494621276854,False
14,wave_feature_stage1.1.wave_feature_conv1,30,1,1000,0.01,0.0,0.0,post_relu_mean,4877.79052734375,-4877.79052734375,811.8601684570312,0.0,0.0,3984.382164001465,0.2579036670487912,-4.046091322693223,233.59831351549414,3.9112459802627564,False
16,wave_feature_stage1.1.wave_feature_conv2,11,1,1000,0.005,0.0,0.0,post_relu_mean,1256.991455078125,-1256.991455078125,143.45321655273438,0.0,0.0,1062.005111694336,0.16362912004443692,-1.096892570324512,63.32834423699278,2.1460923743247986,False
16,wave_feature_stage1.1.wave_feature_conv2,11,1,1000,0.01,0.0,0.0,post_relu_mean,2482.120849609375,-2482.120849609375,279.2652893066406,0.0,0.0,2151.3223724365234,0.1464597746132985,-2.196799892012681,126.83073562908497,2.18610209941864,False
16,wave_feature_stage1.1.wave_feature_conv2,9,1,1000,0.005,0.0,0.0,post_relu_mean,1159.6265869140625,-1159.6265869140625,139.97215270996094,0.0,0.0,973.0304260253906,0.16389372612236766,-1.0314254109557082,59.548684064985395,1.9540178346633912,False
16,wave_feature_stage1.1.wave_feature_conv2,9,1,1000,0.01,0.0,0.0,post_relu_mean,2335.968505859375,-2335.968505859375,277.5736083984375,0.0,0.0,2011.7710266113281,0.15511391794581914,-2.0795263372490074,120.06001678439695,2.012032516002655,False
16,wave_feature_stage1.1.wave_feature_conv2,13,1,1000,0.005,0.0,0.0,post_relu_mean,871.9635009765625,-871.9635009765625,89.57331848144531,0.0,0.0,736.6058349609375,0.08222973791809493,-0.7610744608214813,43.94010793807015,1.4231572502851486,False
16,wave_feature_stage1.1.wave_feature_conv2,13,1,1000,0.01,0.0,0.0,post_relu_mean,1722.1776123046875,-1722.1776123046875,177.48373413085938,0.0,0.0,1498.9094848632812,0.07323176125455663,-1.5362545559610672,88.69459327946325,1.4491856867074966,False
16,wave_feature_stage1.1.wave_feature_conv2,29,1,1000,0.005,0.0,0.0,post_relu_mean,694.5805053710938,-694.5805053710938,111.08120727539062,0.0,0.0,538.5715637207031,0.04464360014182824,-0.5577509728499438,32.20136563102119,1.1344240891933441,False
16,wave_feature_stage1.1.wave_feature_conv2,29,1,1000,0.01,0.0,0.0,post_relu_mean,1361.3892822265625,-1361.3892822265625,219.04234313964844,0.0,0.0,1097.4192199707031,0.04806372792930706,-1.1295191440454955,65.2120129197144,1.1636679840087891,False
16,wave_feature_stage1.1.wave_feature_conv2,22,1,1000,0.005,0.0,0.0,post_relu_mean,824.702880859375,-824.702880859375,140.2679443359375,0.0,0.0,644.6516036987305,0.06261127778652541,-0.672810698334475,38.84425865630863,1.3035182636976241,False
16,wave_feature_stage1.1.wave_feature_conv2,22,1,1000,0.01,0.0,0.0,post_relu_mean,1636.961669921875,-1636.961669921875,280.16705322265625,0.0,0.0,1317.011344909668,0.06206217451017233,-1.3543257777306248,78.19111820746603,1.3261864495277405,False
21,wave_pattern_stage2.0.wave_feature_conv1,50,1,1000,0.005,0.0,0.0,post_relu_mean,2037.9801025390625,-2037.9801025390625,102.47016906738281,0.0,0.0,1827.1909637451172,0.19960761106924116,-1.900978110237668,109.75165911812745,3.7412664115428926,False
21,wave_pattern_stage2.0.wave_feature_conv1,50,1,1000,0.01,0.0,0.0,post_relu_mean,4039.203125,-4039.203125,201.419921875,0.0,0.0,3729.4642791748047,0.18882361629706634,-3.823106723603149,220.7244619783795,3.822198987007141,False
21,wave_pattern_stage2.0.wave_feature_conv1,3,1,1000,0.005,0.0,0.0,post_relu_mean,1251.77685546875,-1251.77685546875,92.3650894165039,0.0,0.0,1074.8755111694336,0.12124989991986256,-1.1183046006509048,64.56455202267558,2.422991086244583,False
21,wave_pattern_stage2.0.wave_feature_conv1,3,1,1000,0.01,0.0,0.0,post_relu_mean,2475.962646484375,-2475.962646484375,179.0703125,0.0,0.0,2212.356101989746,0.12637647048629613,-2.2935017047911552,132.413732346338,2.4918854367733,False
21,wave_pattern_stage2.0.wave_feature_conv1,27,1,1000,0.005,0.0,0.0,post_relu_mean,1664.4678955078125,-1664.4678955078125,117.47211456298828,0.0,0.0,1467.9200820922852,0.1800258670889074,-1.5322257007841207,88.46199572983942,3.1133264613151552,False
21,wave_pattern_stage2.0.wave_feature_conv1,27,1,1000,0.01,0.0,0.0,post_relu_mean,3295.328857421875,-3295.328857421875,229.80470275878906,0.0,0.0,2986.4485244750977,0.17155189056245473,-3.0705250261261408,177.27463931897682,3.1860683238506318,False
21,wave_pattern_stage2.0.wave_feature_conv1,28,1,1000,0.005,0.0,0.0,post_relu_mean,970.64111328125,-970.64111328125,87.13968658447266,0.0,0.0,852.322099685669,0.12376013028824796,-0.881677372256572,50.90305976716237,2.1632070887088775,False
21,wave_pattern_stage2.0.wave_feature_conv1,28,1,1000,0.01,0.0,0.0,post_relu_mean,1939.327392578125,-1939.327392578125,168.03590393066406,0.0,0.0,1740.1121997833252,0.11581340160941742,-1.7909508543988018,103.39932062512781,2.2259808802604675,False
21,wave_pattern_stage2.0.wave_feature_conv1,23,1,1000,0.005,0.0,0.0,post_relu_mean,886.233642578125,-886.233642578125,92.12806701660156,0.0,0.0,764.4513530731201,0.04925782356891018,-0.7851035621898846,45.327440749064294,1.8145039224624633,False
21,wave_pattern_stage2.0.wave_feature_conv1,23,1,1000,0.01,0.0,0.0,post_relu_mean,1768.7960205078125,-1768.7960205078125,178.34127807617188,0.0,0.0,1560.8004741668701,0.06391737017588274,-1.6258590454019164,93.86785384550028,1.8747754436731339,False
23,wave_pattern_stage2.0.wave_feature_conv2,45,1,1000,0.005,0.0,0.0,post_relu_mean,616.1610717773438,-616.1610717773438,71.94621276855469,0.0,0.0,499.9976806640625,0.05289114865765339,-0.5177279239415067,29.89066375566409,1.2036604404449462,False
23,wave_pattern_stage2.0.wave_feature_conv2,45,1,1000,0.01,0.0,0.0,post_relu_mean,1203.086669921875,-1203.086669921875,137.69786071777344,0.0,0.0,1021.171630859375,0.060275171586048254,-1.0580209846585276,61.084111833043444,1.2444130653142929,False
23,wave_pattern_stage2.0.wave_feature_conv2,63,1,1000,0.005,0.0,0.0,post_relu_mean,467.7259826660156,-467.7259826660156,66.85557556152344,0.0,0.0,372.37279891967773,0.05121615656302618,-0.38605590177138455,22.288672911646305,0.9831132343411446,False
23,wave_pattern_stage2.0.wave_feature_conv2,63,1,1000,0.01,0.0,0.0,post_relu_mean,916.3947143554688,-916.3947143554688,128.00845336914062,0.0,0.0,759.8886070251465,0.05126147033089707,-0.7943343182120813,45.86038929049839,1.0084842768311502,False
23,wave_pattern_stage2.0.wave_feature_conv2,59,1,1000,0.005,0.0,0.0,post_relu_mean,431.2394104003906,-431.2394104003906,70.07965087890625,0.0,0.0,333.76534271240234,0.04366890846200562,-0.3526856527354956,20.362083303646678,0.8776921832561493,False
23,wave_pattern_stage2.0.wave_feature_conv2,59,1,1000,0.01,0.0,0.0,post_relu_mean,867.8564453125,-867.8564453125,137.9685516357422,0.0,0.0,702.4934616088867,0.04973859263343414,-0.7431976710214874,42.908014072735725,0.9198946544528007,False
23,wave_pattern_stage2.0.wave_feature_conv2,25,1,1000,0.005,0.0,0.0,post_relu_mean,444.6224670410156,-444.6224670410156,62.56718063354492,0.0,0.0,355.16038513183594,0.033371699214447534,-0.3724163114072358,21.501198575312614,0.8815527233481407,False
23,wave_pattern_stage2.0.wave_feature_conv2,25,1,1000,0.01,0.0,0.0,post_relu_mean,875.1488037109375,-875.1488037109375,121.17621612548828,0.0,0.0,727.0776824951172,0.03705374983466313,-0.7513437776129951,43.378327335964315,0.9050443401932716,False
23,wave_pattern_stage2.0.wave_feature_conv2,47,1,1000,0.005,0.0,0.0,post_relu_mean,493.3934020996094,-493.3934020996094,66.86595916748047,0.0,0.0,401.24663734436035,0.0328552638463575,-0.42181050134010917,24.352943182707428,0.9379548683762551,False
23,wave_pattern_stage2.0.wave_feature_conv2,47,1,1000,0.01,0.0,0.0,post_relu_mean,980.4811401367188,-980.4811401367188,131.20187377929688,0.0,0.0,823.998498916626,0.0360781382930522,-0.8578995345397553,49.530237177998394,0.9570074471831321,False
26,wave_pattern_stage2.0.skip_connection.0,29,1,1000,0.005,0.0,0.0,post_relu_mean,1896.2545166015625,-1896.2545166015625,199.6967010498047,0.0,0.0,1597.9283981323242,0.14885764404583038,-1.6749893799835225,96.70438654879958,3.2098757076263427,False
26,wave_pattern_stage2.0.skip_connection.0,29,1,1000,0.01,0.0,0.0,post_relu_mean,3777.9716796875,-3777.9716796875,396.3509216308594,0.0,0.0,3282.991386413574,0.1487316854196626,-3.3803143243253935,195.16010293943523,3.2885970199108123,False
26,wave_pattern_stage2.0.skip_connection.0,23,1,1000,0.005,0.0,0.0,post_relu_mean,1911.3914794921875,-1911.3914794921875,179.99215698242188,0.0,0.0,1658.9549713134766,0.2185622008386726,-1.7505155709642255,101.06481219372978,3.64153124332428,False
26,wave_pattern_stage2.0.skip_connection.0,23,1,1000,0.01,0.0,0.0,post_relu_mean,3857.811767578125,-3857.811767578125,355.7115478515625,0.0,0.0,3429.655776977539,0.22038101787093106,-3.5287041583998584,203.72752897825976,3.7454950940608978,False
26,wave_pattern_stage2.0.skip_connection.0,61,1,1000,0.005,0.0,0.0,post_relu_mean,1196.6937255859375,-1196.6937255859375,174.31936645507812,0.0,0.0,964.7788238525391,0.10689337642398981,-1.0153057050608394,58.61807630047374,2.125044239759445,False
26,wave_pattern_stage2.0.skip_connection.0,61,1,1000,0.01,0.0,0.0,post_relu_mean,2408.661865234375,-2408.661865234375,348.1204528808594,0.0,0.0,2002.9459381103516,0.11474309043913353,-2.09917911592199,121.19467923474554,2.1977732861042023,False
26,wave_pattern_stage2.0.skip_connection.0,45,1,1000,0.005,0.0,0.0,post_relu_mean,1008.1717529296875,-1008.1717529296875,108.22293090820312,0.0,0.0,850.8222732543945,0.09650258614498447,-0.8746791100350019,50.49899405540189,2.1524837625026705,False
26,wave_pattern_stage2.0.skip_connection.0,45,1,1000,0.01,0.0,0.0,post_relu_mean,1999.8203125,-1999.8203125,209.9519500732422,0.0,0.0,1740.741828918457,0.10085777690231212,-1.7986685862520095,103.84494013550311,2.2161612200736998,False
26,wave_pattern_stage2.0.skip_connection.0,26,1,1000,0.005,0.0,0.0,post_relu_mean,943.1115112304688,-943.1115112304688,140.51560974121094,0.0,0.0,753.5810852050781,0.08252463726727607,-0.7909012360166182,45.66224188331628,1.891590803861618,False
26,wave_pattern_stage2.0.skip_connection.0,26,1,1000,0.01,0.0,0.0,post_relu_mean,1852.142333984375,-1852.142333984375,272.2410888671875,0.0,0.0,1530.8864440917969,0.08534275746106146,-1.5633804109568068,90.26077036881743,1.9272698700428008,False
29,wave_pattern_stage2.1.wave_feature_conv1,39,1,1000,0.005,0.0,0.0,post_relu_mean,1359.5234375,-1359.5234375,147.61019897460938,0.0,0.0,1108.921775817871,0.1227589904616601,-1.1535053642912116,66.5968850290137,2.490555908679962,False
29,wave_pattern_stage2.1.wave_feature_conv1,39,1,1000,0.01,0.0,0.0,post_relu_mean,2672.134765625,-2672.134765625,288.1355895996094,0.0,0.0,2281.0078353881836,0.1262972833760054,-2.3517610513505023,135.777333735489,2.561788376569748,False
29,wave_pattern_stage2.1.wave_feature_conv1,53,1,1000,0.005,0.0,0.0,post_relu_mean,1109.8521728515625,-1109.8521728515625,118.99790954589844,0.0,0.0,925.3225021362305,0.15118798060738092,-0.9749322562409765,56.28703752482116,2.2643547368049624,False
29,wave_pattern_stage2.1.wave_feature_conv1,53,1,1000,0.01,0.0,0.0,post_relu_mean,2210.430908203125,-2210.430908203125,230.3109588623047,0.0,0.0,1914.588249206543,0.15539889456049602,-1.9829008181869583,114.48141760290784,2.354318825006485,False
29,wave_pattern_stage2.1.wave_feature_conv1,35,1,1000,0.005,0.0,0.0,post_relu_mean,954.42333984375,-954.42333984375,131.82911682128906,0.0,0.0,772.8978118896484,0.089958839567432,-0.8091941704517955,46.71827368426566,1.8267534965276717,False
29,wave_pattern_stage2.1.wave_feature_conv1,35,1,1000,0.01,0.0,0.0,post_relu_mean,1893.504150390625,-1893.504150390625,256.6683349609375,0.0,0.0,1587.139389038086,0.09753464180424913,-1.6355927113815052,94.42981818671466,1.8852886486053466,False
29,wave_pattern_stage2.1.wave_feature_conv1,56,1,1000,0.005,0.0,0.0,post_relu_mean,723.3975830078125,-723.3975830078125,108.6123046875,0.0,0.0,576.2239151000977,0.08619591421661621,-0.5995366802657615,34.61384387577856,1.5288449651002884,False
29,wave_pattern_stage2.1.wave_feature_conv1,56,1,1000,0.01,0.0,0.0,post_relu_mean,1444.330322265625,-1444.330322265625,206.58389282226562,0.0,0.0,1199.1850967407227,0.10125825921592363,-1.2609921373827802,72.80254878154375,1.5999023914337158,False
29,wave_pattern_stage2.1.wave_feature_conv1,21,1,1000,0.005,0.0,0.0,post_relu_mean,1069.900634765625,-1069.900634765625,157.51466369628906,0.0,0.0,879.0685005187988,0.05819447949251471,-0.9200175019329095,53.116729680637356,1.9977743607759475,False
29,wave_pattern_stage2.1.wave_feature_conv1,21,1,1000,0.01,0.0,0.0,post_relu_mean,2174.9208984375,-2174.9208984375,320.46600341796875,0.0,0.0,1821.1373481750488,0.07131610486221811,-1.8976582461741718,109.55999053243026,2.0641562271118166,False
31,wave_pattern_stage2.1.wave_feature_conv2,46,1,1000,0.005,0.0,0.0,post_relu_mean,658.155029296875,-658.155029296875,69.12979125976562,0.0,0.0,547.0633163452148,0.05386024323534936,-0.5803638215116145,33.50690697223937,1.237464507818222,False
31,wave_pattern_stage2.1.wave_feature_conv2,46,1,1000,0.01,0.0,0.0,post_relu_mean,1328.4449462890625,-1328.4449462890625,138.5598602294922,0.0,0.0,1147.9231796264648,0.06578374345971809,-1.2229538743687096,70.60643656141828,1.299855883717537,False
31,wave_pattern_stage2.1.wave_feature_conv2,32,1,1000,0.005,0.0,0.0,post_relu_mean,502.25213623046875,-502.25213623046875,47.02650833129883,0.0,0.0,420.01317977905273,0.06984839851684849,-0.44492085532881714,25.6872247032259,1.1170961886644364,False
31,wave_pattern_stage2.1.wave_feature_conv2,32,1,1000,0.01,0.0,0.0,post_relu_mean,980.8587646484375,-980.8587646484375,90.02605438232422,0.0,0.0,855.6202659606934,0.07114915990928988,-0.8890916361501565,51.33111080246122,1.1568864130973815,False
31,wave_pattern_stage2.1.wave_feature_conv2,10,1,1000,0.005,0.0,0.0,post_relu_mean,517.96533203125,-517.96533203125,59.18136978149414,0.0,0.0,426.7713851928711,0.04606726410924619,-0.44317284775381105,25.586287470208614,1.1260398107767104,False
31,wave_pattern_stage2.1.wave_feature_conv2,10,1,1000,0.01,0.0,0.0,post_relu_mean,1013.46875,-1013.46875,114.92632293701172,0.0,0.0,866.5298385620117,0.05041269561271839,-0.8875761327169165,51.24362276000191,1.154341316819191,False
31,wave_pattern_stage2.1.wave_feature_conv2,61,1,1000,0.005,0.0,0.0,post_relu_mean,928.9285888671875,-928.9285888671875,74.85126495361328,0.0,0.0,829.9364318847656,0.03532107512025778,-0.8553678240912321,49.38416127502713,1.7582263112068177,False
31,wave_pattern_stage2.1.wave_feature_conv2,61,1,1000,0.01,0.0,0.0,post_relu_mean,1854.544921875,-1854.544921875,149.14169311523438,0.0,0.0,1681.2622985839844,0.04385426491200845,-1.7241543944177218,99.54286286754872,1.7939559954404831,False
31,wave_pattern_stage2.1.wave_feature_conv2,33,1,1000,0.005,0.0,0.0,post_relu_mean,469.0517272949219,-469.0517272949219,61.109352111816406,0.0,0.0,384.1576557159424,0.03929190481572487,-0.40446316547317984,23.351463940926564,0.8898115235567093,False
31,wave_pattern_stage2.1.wave_feature_conv2,33,1,1000,0.01,0.0,0.0,post_relu_mean,940.787109375,-940.787109375,121.72374725341797,0.0,0.0,795.2786273956299,0.04441981861300562,-0.833574338458193,48.1258441293909,0.9199951937794686,False
36,interference_stage3.0.wave_feature_conv1,31,1,1000,0.005,0.0,0.0,post_relu_mean,1401.429443359375,-1401.429443359375,135.2803497314453,0.0,0.0,1176.693359375,0.1274547014718887,-1.2251013005061453,70.73040944749849,2.7342736744880676,False
36,interference_stage3.0.wave_feature_conv1,31,1,1000,0.01,0.0,0.0,post_relu_mean,2778.743408203125,-2778.743408203125,264.4741516113281,0.0,0.0,2424.8135986328125,0.13705199642953256,-2.5114593854226235,144.99736807077412,2.8185628390312196,False
36,interference_stage3.0.wave_feature_conv1,97,1,1000,0.005,0.0,0.0,post_relu_mean,1004.0739135742188,-1004.0739135742188,115.60330963134766,0.0,0.0,830.6424407958984,0.09469572902060056,-0.8717347595860306,50.32906161063052,2.139601567983627,False
36,interference_stage3.0.wave_feature_conv1,97,1,1000,0.01,0.0,0.0,post_relu_mean,2008.062255859375,-2008.062255859375,226.97328186035156,0.0,0.0,1723.2608489990234,0.12357708514783872,-1.7849686502782687,103.05394008418605,2.2550813162326815,False
36,interference_stage3.0.wave_feature_conv1,45,1,1000,0.005,0.0,0.0,post_relu_mean,935.9326171875,-935.9326171875,112.94290924072266,0.0,0.0,768.3130874633789,0.1050765368357426,-0.7717363373537464,44.555690420834665,2.313895832300186,False
36,interference_stage3.0.wave_feature_conv1,45,1,1000,0.01,0.0,0.0,post_relu_mean,1858.3203125,-1858.3203125,219.04348754882812,0.0,0.0,1584.6002578735352,0.1346561585800397,-1.614831913949704,93.23127442577405,2.4456963753700256,False
36,interference_stage3.0.wave_feature_conv1,67,1,1000,0.005,0.0,0.0,post_relu_mean,785.8059692382812,-785.8059692382812,101.81463623046875,0.0,0.0,637.8847770690918,0.08774546326587301,-0.6650690501118731,38.39735891794888,1.868298921585083,False
36,interference_stage3.0.wave_feature_conv1,67,1,1000,0.01,0.0,0.0,post_relu_mean,1548.6241455078125,-1548.6241455078125,196.03765869140625,0.0,0.0,1306.4798698425293,0.10129552915018099,-1.3627002790853464,78.67457845414248,1.945262308716774,False
36,interference_stage3.0.wave_feature_conv1,19,1,1000,0.005,0.0,0.0,post_relu_mean,787.13818359375,-787.13818359375,106.00841522216797,0.0,0.0,635.6851081848145,0.07006942204253688,-0.6606000572530184,38.13930113775199,1.7247946500778197,False
36,interference_stage3.0.wave_feature_conv1,19,1,1000,0.01,0.0,0.0,post_relu_mean,1567.1900634765625,-1567.1900634765625,207.2936248779297,0.0,0.0,1314.451831817627,0.0880562993517984,-1.3579921226241105,78.40273305993517,1.806704928278923,False
38,interference_stage3.0.wave_feature_conv2,120,1,1000,0.005,0.0,0.0,post_relu_mean,815.5410766601562,-815.5410766601562,59.28261184692383,0.0,0.0,702.1877975463867,0.1012618549272398,-0.735438593285999,42.460133620743065,1.7207160538434982,False
38,interference_stage3.0.wave_feature_conv2,120,1,1000,0.01,0.0,0.0,post_relu_mean,1599.439453125,-1599.439453125,116.03717803955078,0.0,0.0,1429.3315353393555,0.10229020616546373,-1.4733331124415807,85.06189973138088,1.773833373785019,False
38,interference_stage3.0.wave_feature_conv2,84,1,1000,0.005,0.0,0.0,post_relu_mean,682.74169921875,-682.74169921875,56.652732849121094,0.0,0.0,575.6635322570801,0.09418288956539161,-0.5944322138784671,34.31913824931048,1.6635379600524902,False
38,interference_stage3.0.wave_feature_conv2,84,1,1000,0.01,0.0,0.0,post_relu_mean,1334.181884765625,-1334.181884765625,109.22830963134766,0.0,0.0,1174.5281562805176,0.09749216837264697,-1.1904908302334023,68.73217098367039,1.718520582318306,False
38,interference_stage3.0.wave_feature_conv2,109,1,1000,0.005,0.0,0.0,post_relu_mean,616.4801025390625,-616.4801025390625,60.39096450805664,0.0,0.0,513.2029418945312,0.07180856098114245,-0.5368322721175329,30.99365380662726,1.2606482744216918,False
38,interference_stage3.0.wave_feature_conv2,109,1,1000,0.01,0.0,0.0,post_relu_mean,1202.5445556640625,-1202.5445556640625,116.76187896728516,0.0,0.0,1042.8965454101562,0.06991405989529917,-1.0817297829296315,62.45292551825975,1.2883574390411376,False
38,interference_stage3.0.wave_feature_conv2,69,1,1000,0.005,0.0,0.0,post_relu_mean,616.6275024414062,-616.6275024414062,55.772518157958984,0.0,0.0,519.1137237548828,0.10272693415200924,-0.536709804547787,30.986591673216154,1.6334717613458634,False
38,interference_stage3.0.wave_feature_conv2,69,1,1000,0.01,0.0,0.0,post_relu_mean,1208.2818603515625,-1208.2818603515625,108.16515350341797,0.0,0.0,1058.3754425048828,0.11328227614414203,-1.0864195362360867,62.72379846715969,1.7067201608419418,False
38,interference_stage3.0.wave_feature_conv2,104,1,1000,0.005,0.0,0.0,post_relu_mean,638.2462768554688,-638.2462768554688,62.20883560180664,0.0,0.0,538.1216735839844,0.07515906880089167,-0.5648383430349919,32.61055160436167,1.3065805077552795,False
38,interference_stage3.0.wave_feature_conv2,104,1,1000,0.01,0.0,0.0,post_relu_mean,1278.66845703125,-1278.66845703125,123.38553619384766,0.0,0.0,1117.3672180175781,0.08157108308838011,-1.1687617374455357,67.47774661505545,1.3631894099712372,False
41,interference_stage3.0.skip_connection.0,30,1,1000,0.005,0.0,0.0,post_relu_mean,865.1688232421875,-865.1688232421875,85.67008209228516,0.0,0.0,732.3637962341309,0.10506851908491,-0.7722555052859477,44.58570712700309,2.1285735535621644,False
41,interference_stage3.0.skip_connection.0,30,1,1000,0.01,0.0,0.0,post_relu_mean,1706.1231689453125,-1706.1231689453125,168.21139526367188,0.0,0.0,1490.7768211364746,0.11603901251835452,-1.5358826890288955,88.67336387304144,2.191178311109543,False
41,interference_stage3.0.skip_connection.0,32,1,1000,0.005,0.0,0.0,post_relu_mean,1039.8623046875,-1039.8623046875,94.73548889160156,0.0,0.0,899.3926963806152,0.11782547892298051,-0.9504409716566157,54.87305635599271,2.405291965007782,False
41,interference_stage3.0.skip_connection.0,32,1,1000,0.01,0.0,0.0,post_relu_mean,2087.240478515625,-2087.240478515625,188.13674926757812,0.0,0.0,1853.3696250915527,0.13623698951646349,-1.9071777012320812,110.10958669937521,2.508835561275482,False
41,interference_stage3.0.skip_connection.0,123,1,1000,0.005,0.0,0.0,post_relu_mean,821.0864868164062,-821.0864868164062,94.78787994384766,0.0,0.0,684.7653274536133,0.09075888277497622,-0.7029534971162366,40.584557784541985,1.9323800444602965,False
41,interference_stage3.0.skip_connection.0,123,1,1000,0.01,0.0,0.0,post_relu_mean,1610.15625,-1610.15625,184.10415649414062,0.0,0.0,1384.5188674926758,0.09922889744642668,-1.4292320858131315,82.5157375922612,1.9761342972517013,False
41,interference_stage3.0.skip_connection.0,80,1,1000,0.005,0.0,0.0,post_relu_mean,746.1857299804688,-746.1857299804688,73.58207702636719,0.0,0.0,633.5791053771973,0.10266246984617154,-0.6643606653673424,38.356407981936385,1.7878586614131928,False
41,interference_stage3.0.skip_connection.0,80,1,1000,0.01,0.0,0.0,post_relu_mean,1488.0360107421875,-1488.0360107421875,143.68434143066406,0.0,0.0,1305.3271522521973,0.10910224082867254,-1.3320656312916612,76.90597628518269,1.8476767015457154,False
41,interference_stage3.0.skip_connection.0,99,1,1000,0.005,0.0,0.0,post_relu_mean,786.5867919921875,-786.5867919921875,82.47315216064453,0.0,0.0,666.105770111084,0.07008444753293411,-0.6890681908313578,39.78295634567968,1.7992373305559157,False
41,interference_stage3.0.skip_connection.0,99,1,1000,0.01,0.0,0.0,post_relu_mean,1575.78076171875,-1575.78076171875,164.3412628173828,0.0,0.0,1373.4315757751465,0.08306410591649052,-1.4181616602792997,81.87662622387354,1.8694669717550279,False
44,interference_stage3.1.wave_feature_conv1,81,1,1000,0.005,0.0,0.0,post_relu_mean,959.7392578125,-959.7392578125,105.37197875976562,0.0,0.0,780.4701080322266,0.12591007853326747,-0.8091808120245729,46.71749903480669,2.1620732712745667,False
44,interference_stage3.1.wave_feature_conv1,81,1,1000,0.01,0.0,0.0,post_relu_mean,1892.820556640625,-1892.820556640625,206.39190673828125,0.0,0.0,1612.531509399414,0.1257526799740305,-1.6698266034836902,96.40634111947084,2.217928899526596,False
44,interference_stage3.1.wave_feature_conv1,127,1,1000,0.005,0.0,0.0,post_relu_mean,998.7032470703125,-998.7032470703125,111.6181640625,0.0,0.0,818.2950439453125,0.11888939269822137,-0.8502248971324379,49.08714929643306,2.1837878441810608,False
44,interference_stage3.1.wave_feature_conv1,127,1,1000,0.01,0.0,0.0,post_relu_mean,1964.0548095703125,-1964.0548095703125,220.1731719970703,0.0,0.0,1675.091552734375,0.12128604168521735,-1.740571526647785,100.49069096116177,2.248505275249481,False
44,interference_stage3.1.wave_feature_conv1,42,1,1000,0.005,0.0,0.0,post_relu_mean,974.1798095703125,-974.1798095703125,109.8143081665039,0.0,0.0,796.049560546875,0.10911761169191228,-0.8398074821255297,48.48570546658437,2.121980323791504,False
44,interference_stage3.1.wave_feature_conv1,42,1,1000,0.01,0.0,0.0,post_relu_mean,1933.788818359375,-1933.788818359375,218.91464233398438,0.0,0.0,1646.5582275390625,0.11781161670541834,-1.709294401732602,98.68495217532175,2.1921439790725707,False
44,interference_stage3.1.wave_feature_conv1,12,1,1000,0.005,0.0,0.0,post_relu_mean,1135.9315185546875,-1135.9315185546875,117.0406723022461,0.0,0.0,962.3017272949219,0.1487182780786878,-1.0155733361870427,58.633595741125305,2.347938290834427,False
44,interference_stage3.1.wave_feature_conv1,12,1,1000,0.01,0.0,0.0,post_relu_mean,2269.181396484375,-2269.181396484375,232.06431579589844,0.0,0.0,1980.5279235839844,0.15318437338182864,-2.065814197906217,119.2684824946873,2.417277224063873,False
44,interference_stage3.1.wave_feature_conv1,31,1,1000,0.005,0.0,0.0,post_relu_mean,945.3370361328125,-945.3370361328125,112.8551254272461,0.0,0.0,778.3610076904297,0.10918557901986169,-0.8061881338445814,46.544734348506054,2.112908797264099,False
44,interference_stage3.1.wave_feature_conv1,31,1,1000,0.01,0.0,0.0,post_relu_mean,1840.114013671875,-1840.114013671875,218.9749298095703,0.0,0.0,1567.0181121826172,0.10724814814390962,-1.6144742163475965,93.21055087461293,2.1572652661800387,False
46,interference_stage3.1.wave_feature_conv2,38,1,1000,0.005,0.0,0.0,post_relu_mean,829.6358032226562,-829.6358032226562,54.57830810546875,0.0,0.0,721.9591178894043,0.10576150706805652,-0.7560690776607794,43.65112420257782,1.8252855157852172,False
46,interference_stage3.1.wave_feature_conv2,38,1,1000,0.01,0.0,0.0,post_relu_mean,1651.13330078125,-1651.13330078125,107.91841125488281,0.0,0.0,1490.1164665222168,0.11862411135695952,-1.5530148070291117,89.66226319216362,1.9072422713041306,False
46,interference_stage3.1.wave_feature_conv2,75,1,1000,0.005,0.0,0.0,post_relu_mean,648.4415283203125,-648.4415283203125,52.334957122802734,0.0,0.0,552.7549819946289,0.10817966009481915,-0.579508762827408,33.45753710691838,1.5007880711555481,False
46,interference_stage3.1.wave_feature_conv2,75,1,1000,0.01,0.0,0.0,post_relu_mean,1274.4586181640625,-1274.4586181640625,103.29231262207031,0.0,0.0,1127.8146743774414,0.10478891929812527,-1.158989393542822,66.9135157806184,1.5474559581279754,False
46,interference_stage3.1.wave_feature_conv2,104,1,1000,0.005,0.0,0.0,post_relu_mean,558.6151123046875,-558.6151123046875,54.778995513916016,0.0,0.0,473.7415199279785,0.08403652399937371,-0.49657501330569137,28.66956391789484,1.2724276399612426,False
46,interference_stage3.1.wave_feature_conv2,104,1,1000,0.01,0.0,0.0,post_relu_mean,1127.4306640625,-1127.4306640625,110.31117248535156,0.0,0.0,987.0249061584473,0.0885445040536755,-1.0276948412662952,59.333253851526926,1.3244798308610917,False
46,interference_stage3.1.wave_feature_conv2,103,1,1000,0.005,0.0,0.0,post_relu_mean,458.9308776855469,-458.9308776855469,53.99755096435547,0.0,0.0,377.29389572143555,0.06326192393595832,-0.4024885481603593,23.237407385740312,0.9717226043343544,False
46,interference_stage3.1.wave_feature_conv2,103,1,1000,0.01,0.0,0.0,post_relu_mean,916.9407958984375,-916.9407958984375,107.4707260131836,0.0,0.0,781.8306694030762,0.06622290726103053,-0.8209061682688306,47.39453214917842,1.0094079422950744,False
46,interference_stage3.1.wave_feature_conv2,11,1,1000,0.005,0.0,0.0,post_relu_mean,478.1737365722656,-478.1737365722656,56.29362869262695,0.0,0.0,394.7607936859131,0.06623553422408884,-0.41612338471303584,24.024597851285176,1.0110742309689522,False
46,interference_stage3.1.wave_feature_conv2,11,1,1000,0.01,0.0,0.0,post_relu_mean,960.900146484375,-960.900146484375,112.23648071289062,0.0,0.0,821.5443935394287,0.07034560473547559,-0.8684054721302112,50.13694999523262,1.0570089757442473,False
51,source_localization_stage4.0.wave_feature_conv1,7,1,1000,0.005,0.0,0.0,post_relu_mean,914.021484375,-914.021484375,51.41364288330078,0.0,0.0,811.0681610107422,0.2170426712934088,-0.849832430091148,49.064642619516285,2.4188570368289946,False
51,source_localization_stage4.0.wave_feature_conv1,7,1,1000,0.01,0.0,0.0,post_relu_mean,1822.3109130859375,-1822.3109130859375,101.61967468261719,0.0,0.0,1669.151596069336,0.22838149871302854,-1.7325500068043687,100.02758058237711,2.563575633764267,False
51,source_localization_stage4.0.wave_feature_conv1,102,1,1000,0.005,0.0,0.0,post_relu_mean,810.2659912109375,-810.2659912109375,43.154109954833984,0.0,0.0,727.3396034240723,0.2571233614629685,-0.7580448058564745,43.76526248994426,2.561649557352066,False
51,source_localization_stage4.0.wave_feature_conv1,102,1,1000,0.01,0.0,0.0,post_relu_mean,1636.8614501953125,-1636.8614501953125,85.794677734375,0.0,0.0,1511.2944984436035,0.2798863446767896,-1.6195880121002046,93.50586544627338,2.779514498710632,False
51,source_localization_stage4.0.wave_feature_conv1,75,1,1000,0.005,0.0,0.0,post_relu_mean,888.0154418945312,-888.0154418945312,47.16823196411133,0.0,0.0,803.4659881591797,0.3132055050438777,-0.868977127183917,50.17207146320923,2.959291945695877,False
51,source_localization_stage4.0.wave_feature_conv1,75,1,1000,0.01,0.0,0.0,post_relu_mean,1756.3270263671875,-1756.3270263671875,92.63214111328125,0.0,0.0,1626.3135833740234,0.27604587496046373,-1.72815345173058,99.77435522246641,2.962780339717865,False
51,source_localization_stage4.0.wave_feature_conv1,45,1,1000,0.005,0.0,0.0,post_relu_mean,640.1593017578125,-640.1593017578125,43.28572082519531,0.0,0.0,559.5905494689941,0.11783133944610269,-0.5852106534825848,33.786738375069376,1.6839813894033433,False
51,source_localization_stage4.0.wave_feature_conv1,45,1,1000,0.01,0.0,0.0,post_relu_mean,1286.718017578125,-1286.718017578125,86.47413635253906,0.0,0.0,1162.960849761963,0.13199486207202005,-1.2140292448809022,70.0918622423993,1.778344796895981,False
51,source_localization_stage4.0.wave_feature_conv1,81,1,1000,0.005,0.0,0.0,post_relu_mean,767.4110107421875,-767.4110107421875,39.27494430541992,0.0,0.0,702.0612678527832,0.2983409369593762,-0.7420554060146669,42.842085820528375,2.875811449289322,False
51,source_localization_stage4.0.wave_feature_conv1,81,1,1000,0.01,0.0,0.0,post_relu_mean,1589.0745849609375,-1589.0745849609375,80.79053497314453,0.0,0.0,1482.2092781066895,0.3985311715859584,-1.5305725096740699,88.36674351586963,3.255152131319046,False
53,source_localization_stage4.0.wave_feature_conv2,101,1,1000,0.005,0.0,0.0,post_relu_mean,381.3939514160156,-381.3939514160156,29.373292922973633,0.0,0.0,339.0413637161255,0.2142427189066407,-0.3536968211802952,20.4205562472887,1.6588997894525528,False
53,source_localization_stage4.0.wave_feature_conv2,101,1,1000,0.01,0.0,0.0,post_relu_mean,790.9666748046875,-790.9666748046875,59.8160400390625,0.0,0.0,718.1713380813599,0.23951944674853465,-0.7654931613616266,44.195612908994796,1.8565550976991654,False
53,source_localization_stage4.0.wave_feature_conv2,254,1,1000,0.005,0.0,0.0,post_relu_mean,404.5704650878906,-404.5704650878906,28.7379093170166,0.0,0.0,363.1396427154541,0.21394761292338849,-0.3846002766508982,22.204767680351104,1.7573859786987305,False
53,source_localization_stage4.0.wave_feature_conv2,254,1,1000,0.01,0.0,0.0,post_relu_mean,841.4437866210938,-841.4437866210938,59.014068603515625,0.0,0.0,769.736780166626,0.27072253148094066,-0.8155537446022819,47.08547036841672,2.007208395600319,False
53,source_localization_stage4.0.wave_feature_conv2,153,1,1000,0.005,0.0,0.0,post_relu_mean,565.755126953125,-565.755126953125,69.81582641601562,0.0,0.0,486.6533966064453,0.649266108477568,-0.5301715911428059,30.60949410254484,2.2901256132125853,False
53,source_localization_stage4.0.wave_feature_conv2,153,1,1000,0.01,0.0,0.0,post_relu_mean,1147.6197509765625,-1147.6197509765625,142.03501892089844,0.0,0.0,996.2988128662109,0.6083003230849978,-1.013996609863977,58.54241292579481,2.4141504943370817,False
53,source_localization_stage4.0.wave_feature_conv2,152,1,1000,0.005,0.0,0.0,post_relu_mean,276.20648193359375,-276.20648193359375,27.772262573242188,0.0,0.0,239.2688388824463,0.18249727763154297,-0.26290391894959725,15.179123589092692,1.1991501641273499,False
53,source_localization_stage4.0.wave_feature_conv2,152,1,1000,0.01,0.0,0.0,post_relu_mean,573.2261352539062,-573.2261352539062,57.182899475097656,0.0,0.0,506.8778324127197,0.19936388023048743,-0.5439318155042498,31.403655651678857,1.3297561860084535,False
53,source_localization_stage4.0.wave_feature_conv2,90,1,1000,0.005,0.0,0.0,post_relu_mean,194.21116638183594,-194.21116638183594,30.068811416625977,0.0,0.0,155.84991455078125,0.0723017530886409,-0.1572720664337714,9.080017565586452,0.567003820836544,False
53,source_localization_stage4.0.wave_feature_conv2,90,1,1000,0.01,0.0,0.0,post_relu_mean,381.493896484375,-381.493896484375,59.16485595703125,0.0,0.0,314.03660583496094,0.068488791087765,-0.32957220439300045,19.027681313301798,0.5986739149689675,False
56,source_localization_stage4.0.skip_connection.0,74,1,1000,0.005,0.0,0.0,post_relu_mean,577.4297485351562,-577.4297485351562,55.852027893066406,0.0,0.0,493.8501510620117,0.12595849427073372,-0.5241997602979624,30.264461689128865,1.6944451814889907,False
56,source_localization_stage4.0.skip_connection.0,74,1,1000,0.01,0.0,0.0,post_relu_mean,1163.628173828125,-1163.628173828125,111.05644989013672,0.0,0.0,1024.8442306518555,0.14942975856334065,-1.0604969820443022,61.22710176016164,1.8184472060203551,False
56,source_localization_stage4.0.skip_connection.0,221,1,1000,0.005,0.0,0.0,post_relu_mean,581.9864501953125,-581.9864501953125,49.63682556152344,0.0,0.0,509.29518699645996,0.15815094228664156,-0.5399636885911162,31.17444362971483,1.9013440662622452,False
56,source_localization_stage4.0.skip_connection.0,221,1,1000,0.01,0.0,0.0,post_relu_mean,1160.5943603515625,-1160.5943603515625,98.18434143066406,0.0,0.0,1039.3556118011475,0.1646294354478386,-1.0885772299031597,62.848303232739376,2.0124759513139723,False
56,source_localization_stage4.0.skip_connection.0,30,1,1000,0.005,0.0,0.0,post_relu_mean,402.8170471191406,-402.8170471191406,42.18793869018555,0.0,0.0,338.5991973876953,0.06057585302691622,-0.35192995736758653,20.31846860597015,1.210471219420433,False
56,source_localization_stage4.0.skip_connection.0,30,1,1000,0.01,0.0,0.0,post_relu_mean,840.29296875,-840.29296875,87.03834533691406,0.0,0.0,731.2247161865234,0.0789574069835207,-0.78593797279014,45.37572473375326,1.3028629094362258,False
56,source_localization_stage4.0.skip_connection.0,211,1,1000,0.005,0.0,0.0,post_relu_mean,441.44769287109375,-441.44769287109375,47.35905838012695,0.0,0.0,372.1337089538574,0.09089458534431145,-0.39124348054990427,22.58820503928232,1.4328194731473922,False
56,source_localization_stage4.0.skip_connection.0,211,1,1000,0.01,0.0,0.0,post_relu_mean,866.9942626953125,-866.9942626953125,91.62386322021484,0.0,0.0,753.4155082702637,0.09296315666698766,-0.7776341112629376,44.89617617866319,1.4705305647850038,False
56,source_localization_stage4.0.skip_connection.0,24,1,1000,0.005,0.0,0.0,post_relu_mean,546.48828125,-546.48828125,52.857994079589844,0.0,0.0,472.8626518249512,0.14986117915555436,-0.5021044455859932,28.98871383327376,1.8507559263706208,False
56,source_localization_stage4.0.skip_connection.0,24,1,1000,0.01,0.0,0.0,post_relu_mean,1135.7945556640625,-1135.7945556640625,107.78507995605469,0.0,0.0,1007.2418937683105,0.18767174584332386,-1.0529385231090738,60.790887043874974,2.0198238825798036,False
59,source_localization_stage4.1.wave_feature_conv1,152,1,1000,0.005,0.0,0.0,post_relu_mean,773.7072143554688,-773.7072143554688,57.85364532470703,0.0,0.0,677.9819869995117,0.4667941608976449,-0.7375760030292261,42.5834569707394,3.300220239162445,False
59,source_localization_stage4.1.wave_feature_conv1,152,1,1000,0.01,0.0,0.0,post_relu_mean,1570.39697265625,-1570.39697265625,114.56133270263672,0.0,0.0,1417.9641036987305,0.5003506639918398,-1.518704558220645,87.68353477647554,3.573359009027481,False
59,source_localization_stage4.1.wave_feature_conv1,232,1,1000,0.005,0.0,0.0,post_relu_mean,593.7200927734375,-593.7200927734375,58.21720886230469,0.0,0.0,504.68017578125,0.21471025896188928,-0.5319243867021969,30.710324432522796,2.0117090862989424,False
59,source_localization_stage4.1.wave_feature_conv1,232,1,1000,0.01,0.0,0.0,post_relu_mean,1144.6610107421875,-1144.6610107421875,111.56932830810547,0.0,0.0,1002.2689819335938,0.18680786225506432,-1.0193422580468074,58.85109453484766,2.0086518788337706,False
59,source_localization_stage4.1.wave_feature_conv1,120,1,1000,0.005,0.0,0.0,post_relu_mean,1069.3668212890625,-1069.3668212890625,99.36363983154297,0.0,0.0,943.298583984375,1.030460029024938,-0.9966978688169599,57.54479099646188,3.9533063316345216,False
59,source_localization_stage4.1.wave_feature_conv1,120,1,1000,0.01,0.0,0.0,post_relu_mean,2188.159423828125,-2188.159423828125,203.33741760253906,0.0,0.0,1958.117431640625,0.96453656193555,-1.9840134777783502,114.54632947048675,4.250919003486633,False
59,source_localization_stage4.1.wave_feature_conv1,198,1,1000,0.005,0.0,0.0,post_relu_mean,469.7240905761719,-469.7240905761719,59.90778732299805,0.0,0.0,386.7699394226074,0.19027614610096705,-0.41577299684109537,24.00438051776518,1.5995592153072358,False
59,source_localization_stage4.1.wave_feature_conv1,198,1,1000,0.01,0.0,0.0,post_relu_mean,940.2093505859375,-940.2093505859375,118.26254272460938,0.0,0.0,798.9004020690918,0.18105700973528774,-0.8407256390211025,48.5387768254769,1.6649530643224717,False
59,source_localization_stage4.1.wave_feature_conv1,44,1,1000,0.005,0.0,0.0,post_relu_mean,412.3178405761719,-412.3178405761719,55.76344299316406,0.0,0.0,335.8974723815918,0.08046127736236225,-0.3483279989333107,20.110487683655283,1.1501641696691514,False
59,source_localization_stage4.1.wave_feature_conv1,44,1,1000,0.01,0.0,0.0,post_relu_mean,814.6331176757812,-814.6331176757812,110.14352416992188,0.0,0.0,683.8327140808105,0.0818570336260788,-0.7057442934028674,40.74566491196993,1.1842772305011748,False
61,source_localization_stage4.1.wave_feature_conv2,201,1,1000,0.005,0.0,0.0,post_relu_mean,612.1535034179688,-612.1535034179688,90.804931640625,0.0,0.0,497.4882278442383,0.3435997228134988,-0.515545337379162,29.764678035779284,2.4351540863513947,False
61,source_localization_stage4.1.wave_feature_conv2,201,1,1000,0.01,0.0,0.0,post_relu_mean,1267.015869140625,-1267.015869140625,185.5199432373047,0.0,0.0,1057.635627746582,0.4138009724378514,-1.1089036999179376,64.02195173178053,2.7960300707817076,False
61,source_localization_stage4.1.wave_feature_conv2,13,1,1000,0.005,0.0,0.0,post_relu_mean,1033.07080078125,-1033.07080078125,160.22926330566406,0.0,0.0,850.1413173675537,0.9249255230107886,-1.1067568415589784,63.89934504557747,3.6779000008106233,False
61,source_localization_stage4.1.wave_feature_conv2,13,1,1000,0.01,0.0,0.0,post_relu_mean,2219.879638671875,-2219.879638671875,344.58697509765625,0.0,0.0,1852.5924892425537,0.9684142397976567,-1.9721021120315603,113.85899305343318,4.0405546414852145,False
61,source_localization_stage4.1.wave_feature_conv2,101,1,1000,0.005,0.0,0.0,post_relu_mean,854.4312744140625,-854.4312744140625,187.5175018310547,0.0,0.0,646.9148368835449,0.6437492054775212,-0.6573118427081772,37.95010615820682,2.618033159971237,False
61,source_localization_stage4.1.wave_feature_conv2,101,1,1000,0.01,0.0,0.0,post_relu_mean,1640.4178466796875,-1640.4178466796875,355.38592529296875,0.0,0.0,1265.0330619812012,0.5838122358819802,-1.229128414031884,70.96287817324524,2.744228073358536,False
61,source_localization_stage4.1.wave_feature_conv2,221,1,1000,0.005,0.0,0.0,post_relu_mean,549.4663696289062,-549.4663696289062,92.91204833984375,0.0,0.0,436.6423282623291,0.28123032128355885,-0.4569820222373234,26.383580129956666,2.093102195262909,False
61,source_localization_stage4.1.wave_feature_conv2,221,1,1000,0.01,0.0,0.0,post_relu_mean,1100.0377197265625,-1100.0377197265625,185.22059631347656,0.0,0.0,894.9051456451416,0.2894519546358446,-0.9386473412750844,54.192550781120104,2.2624634861946107,False
61,source_localization_stage4.1.wave_feature_conv2,254,1,1000,0.005,0.0,0.0,post_relu_mean,516.1168212890625,-516.1168212890625,89.70037078857422,0.0,0.0,406.6820812225342,0.27075387723553007,-0.42923026723281604,24.781367148450165,2.0134918719530104,False
61,source_localization_stage4.1.wave_feature_conv2,254,1,1000,0.01,0.0,0.0,post_relu_mean,1089.659912109375,-1089.659912109375,186.87628173828125,0.0,0.0,883.0492687225342,0.3465230334816695,-0.9785494988021672,56.496037053154474,2.424040585756302,False
8,wave_feature_stage1.0.wave_feature_conv1,19,2,1000,0.005,0.0,0.0,post_relu_mean,2942.613037109375,-2942.613037109375,365.0125732421875,0.0,0.0,2452.60440826416,0.316842043983114,-2.512764258010259,145.0727036605521,4.798024179935456,False
8,wave_feature_stage1.0.wave_feature_conv1,19,2,1000,0.01,0.0,0.0,post_relu_mean,5809.4443359375,-5809.4443359375,708.7710571289062,0.0,0.0,4975.67716217041,0.2709570690601076,-5.049117234522659,291.507301238449,4.871649601459503,False
8,wave_feature_stage1.0.wave_feature_conv1,29,2,1000,0.005,0.0,0.0,post_relu_mean,2008.6629638671875,-2008.6629638671875,333.6611022949219,0.0,0.0,1612.7521209716797,0.25253217223597574,-1.6180971147203482,93.41973369567577,3.1990295588970183,False
8,wave_feature_stage1.0.wave_feature_conv1,29,2,1000,0.01,0.0,0.0,post_relu_mean,3945.23193359375,-3945.23193359375,648.3203125,0.0,0.0,3234.661911010742,0.19875521107626185,-3.2484854028699344,187.54908199751193,3.2297946989536284,False
8,wave_feature_stage1.0.wave_feature_conv1,2,2,1000,0.005,0.0,0.0,post_relu_mean,1890.050537109375,-1890.050537109375,345.4686584472656,0.0,0.0,1482.354476928711,0.22547479951577257,-1.5027335350742166,86.75928063191026,3.2192237639427184,False
8,wave_feature_stage1.0.wave_feature_conv1,2,2,1000,0.01,0.0,0.0,post_relu_mean,3718.38232421875,-3718.38232421875,671.3861083984375,0.0,0.0,2984.7686614990234,0.18330403620186506,-3.0163898493824646,174.1491758969377,3.252578947544098,False
8,wave_feature_stage1.0.wave_feature_conv1,24,2,1000,0.005,0.0,0.0,post_relu_mean,1870.387451171875,-1870.387451171875,342.7038879394531,0.0,0.0,1467.715576171875,0.18489301372710953,-1.5053411893158655,86.90984680727436,3.1789208137989045,False
8,wave_feature_stage1.0.wave_feature_conv1,24,2,1000,0.01,0.0,0.0,post_relu_mean,3708.705810546875,-3708.705810546875,668.0738525390625,0.0,0.0,2980.663818359375,0.16648928396918877,-3.0378942734676757,175.39071589147474,3.2340268313884737,False
8,wave_feature_stage1.0.wave_feature_conv1,30,2,1000,0.005,0.0,0.0,post_relu_mean,2033.29931640625,-2033.29931640625,345.3564147949219,0.0,0.0,1632.1299209594727,0.1451969744151628,-1.670237688376291,96.43010292263988,3.276540297269821,False
8,wave_feature_stage1.0.wave_feature_conv1,30,2,1000,0.01,0.0,0.0,post_relu_mean,4015.823974609375,-4015.823974609375,674.6569213867188,0.0,0.0,3285.3540420532227,0.12350009225268384,-3.329784412090771,192.2428132606447,3.298832906484604,False
10,wave_feature_stage1.0.wave_feature_conv2,25,2,1000,0.005,0.0,0.0,post_relu_mean,1464.5859375,-1464.5859375,142.65292358398438,0.0,0.0,1238.8399353027344,0.1380725954693857,-1.2742410508810085,73.56742453434619,2.2998751282691954,False
10,wave_feature_stage1.0.wave_feature_conv2,25,2,1000,0.01,0.0,0.0,post_relu_mean,2894.64208984375,-2894.64208984375,281.20379638671875,0.0,0.0,2530.345184326172,0.12437856320245518,-2.583718240661094,149.16917951842655,2.3420918560028077,False
10,wave_feature_stage1.0.wave_feature_conv2,4,2,1000,0.005,0.0,0.0,post_relu_mean,1315.5576171875,-1315.5576171875,141.5045928955078,0.0,0.0,1111.0582237243652,0.14082208769483467,-1.1413611760429512,65.8956990100495,2.1459708726406097,False
10,wave_feature_stage1.0.wave_feature_conv2,4,2,1000,0.01,0.0,0.0,post_relu_mean,2603.640625,-2603.640625,278.9930114746094,0.0,0.0,2261.6529502868652,0.12041416257087133,-2.300548212893555,132.8205563253187,2.174997766017914,False
10,wave_feature_stage1.0.wave_feature_conv2,23,2,1000,0.005,0.0,0.0,post_relu_mean,797.5645751953125,-797.5645751953125,107.12975311279297,0.0,0.0,658.0670471191406,0.0690340215452348,-0.6815986433138611,39.35162803674949,1.4576148945093155,False
10,wave_feature_stage1.0.wave_feature_conv2,23,2,1000,0.01,0.0,0.0,post_relu_mean,1583.8880615234375,-1583.8880615234375,208.7937469482422,0.0,0.0,1342.7265930175781,0.06327448893379549,-1.3790850859833508,79.62052110841766,1.4811771017313005,False
10,wave_feature_stage1.0.wave_feature_conv2,9,2,1000,0.005,0.0,0.0,post_relu_mean,1476.7486572265625,-1476.7486572265625,120.2540512084961,0.0,0.0,1325.621229171753,0.12948682016928195,-1.3538045041702214,78.16097649095593,2.674516364336014,False
10,wave_feature_stage1.0.wave_feature_conv2,9,2,1000,0.01,0.0,0.0,post_relu_mean,2947.55322265625,-2947.55322265625,236.8413848876953,0.0,0.0,2679.838514328003,0.11807045580294784,-2.713724694924013,156.67502150447814,2.7194969391822816,False
10,wave_feature_stage1.0.wave_feature_conv2,13,2,1000,0.005,0.0,0.0,post_relu_mean,941.481201171875,-941.481201171875,86.12593841552734,0.0,0.0,826.7255325317383,0.22307241571671743,-0.8187147891740507,47.26801873465741,2.233903329372406,False
10,wave_feature_stage1.0.wave_feature_conv2,13,2,1000,0.01,0.0,0.0,post_relu_mean,1828.2513427734375,-1828.2513427734375,164.8306427001953,0.0,0.0,1634.790901184082,0.18908456480256092,-1.6146604027344336,93.22133223250223,2.273995461463928,False
14,wave_feature_stage1.1.wave_feature_conv1,2,2,1000,0.005,0.0,0.0,post_relu_mean,2304.351806640625,-2304.351806640625,364.103271484375,0.0,0.0,1787.2030181884766,0.2072388853849183,-1.8624961614640956,107.52992878978263,3.4008426451683045,False
14,wave_feature_stage1.1.wave_feature_conv1,2,2,1000,0.01,0.0,0.0,post_relu_mean,4511.62109375,-4511.62109375,709.8883666992188,0.0,0.0,3648.6871490478516,0.1888786865164298,-3.75719183384858,216.91886228572716,3.4618542790412903,False
14,wave_feature_stage1.1.wave_feature_conv1,29,2,1000,0.005,0.0,0.0,post_relu_mean,2142.43603515625,-2142.43603515625,384.85382080078125,0.0,0.0,1642.2564010620117,0.1477725869495566,-1.6910373804877348,97.6308789100572,3.213155174255371,False
14,wave_feature_stage1.1.wave_feature_conv1,29,2,1000,0.01,0.0,0.0,post_relu_mean,4212.7490234375,-4212.7490234375,753.070556640625,0.0,0.0,3344.3525924682617,0.14119542238701072,-3.429633048565472,198.00754445178976,3.274793466329575,False
14,wave_feature_stage1.1.wave_feature_conv1,8,2,1000,0.005,0.0,0.0,post_relu_mean,2173.947509765625,-2173.947509765625,393.6194152832031,0.0,0.0,1666.085189819336,0.20210860899709449,-1.719046077500814,99.24794384338358,3.198854696750641,False
14,wave_feature_stage1.1.wave_feature_conv1,8,2,1000,0.01,0.0,0.0,post_relu_mean,4258.06689453125,-4258.06689453125,765.51806640625,0.0,0.0,3378.305892944336,0.1772936294944582,-3.452781277905971,199.34396995283382,3.2365199899673462,False
14,wave_feature_stage1.1.wave_feature_conv1,9,2,1000,0.005,0.0,0.0,post_relu_mean,1845.8544921875,-1845.8544921875,404.3931884765625,0.0,0.0,1365.8819274902344,0.1862357528316992,-1.4219597408575348,82.0958747562596,2.6762913060188294,False
14,wave_feature_stage1.1.wave_feature_conv1,9,2,1000,0.01,0.0,0.0,post_relu_mean,3646.75146484375,-3646.75146484375,786.6124877929688,0.0,0.0,2784.559539794922,0.16878994394237315,-2.852880264084239,164.70907470244845,2.726198441982269,False
14,wave_feature_stage1.1.wave_feature_conv1,30,2,1000,0.005,0.0,0.0,post_relu_mean,2477.5986328125,-2477.5986328125,411.0555725097656,0.0,0.0,1995.3323364257812,0.29125720052371373,-2.049324278883339,118.31643757619567,3.9477988851070402,False
14,wave_feature_stage1.1.wave_feature_conv1,30,2,1000,0.01,0.0,0.0,post_relu_mean,4890.78173828125,-4890.78173828125,800.6646728515625,0.0,0.0,4018.9065551757812,0.2439030139060845,-4.078278253587198,235.45656447156705,3.975906456708908,False
16,wave_feature_stage1.1.wave_feature_conv2,11,2,1000,0.005,0.0,0.0,post_relu_mean,1240.448486328125,-1240.448486328125,144.7976837158203,0.0,0.0,1049.8029098510742,0.14440566192297366,-1.0806077259933207,62.388143380104744,2.127016913890839,False
16,wave_feature_stage1.1.wave_feature_conv2,11,2,1000,0.01,0.0,0.0,post_relu_mean,2484.96923828125,-2484.96923828125,284.36773681640625,0.0,0.0,2154.7537155151367,0.13845153438858596,-2.2095019393917466,127.56408463537157,2.1888731265068055,False
16,wave_feature_stage1.1.wave_feature_conv2,29,2,1000,0.005,0.0,0.0,post_relu_mean,712.0576171875,-712.0576171875,121.26480102539062,0.0,0.0,548.7470970153809,0.0370952647225892,-0.5634718250997657,32.5316563888501,1.1440148562192918,False
16,wave_feature_stage1.1.wave_feature_conv2,29,2,1000,0.01,0.0,0.0,post_relu_mean,1390.4892578125,-1390.4892578125,237.8418426513672,0.0,0.0,1110.6017112731934,0.03965144584392211,-1.1346734703829022,65.50958633361091,1.159640508890152,False
16,wave_feature_stage1.1.wave_feature_conv2,13,2,1000,0.005,0.0,0.0,post_relu_mean,876.707763671875,-876.707763671875,91.68171691894531,0.0,0.0,744.1571578979492,0.06902618256019344,-0.7680672419642521,44.34382907795284,1.4365552008152007,False
16,wave_feature_stage1.1.wave_feature_conv2,13,2,1000,0.01,0.0,0.0,post_relu_mean,1734.972412109375,-1734.972412109375,181.81640625,0.0,0.0,1512.2871017456055,0.06173443798015155,-1.5482738750597669,89.38853374244897,1.4607966631650924,False
16,wave_feature_stage1.1.wave_feature_conv2,9,2,1000,0.005,0.0,0.0,post_relu_mean,1172.1651611328125,-1172.1651611328125,140.81539916992188,0.0,0.0,991.8769073486328,0.12210305658608264,-1.0399142421492664,60.038757329200884,1.9941022765636445,False
16,wave_feature_stage1.1.wave_feature_conv2,9,2,1000,0.01,0.0,0.0,post_relu_mean,2331.683837890625,-2331.683837890625,277.0547790527344,0.0,0.0,2015.1563262939453,0.11294437396344356,-2.065959622714933,119.27676501214609,2.0277917325496673,False
16,wave_feature_stage1.1.wave_feature_conv2,22,2,1000,0.005,0.0,0.0,post_relu_mean,836.8047485351562,-836.8047485351562,144.54470825195312,0.0,0.0,653.7179679870605,0.07357376112510612,-0.6783953560783599,39.16670705457104,1.3092899489402772,False
16,wave_feature_stage1.1.wave_feature_conv2,22,2,1000,0.01,0.0,0.0,post_relu_mean,1648.1875,-1648.1875,283.0359191894531,0.0,0.0,1326.6095695495605,0.06879138229066803,-1.3647633871205667,78.7937159136854,1.3308053594827651,False
21,wave_pattern_stage2.0.wave_feature_conv1,50,2,1000,0.005,0.0,0.0,post_relu_mean,2026.7451171875,-2026.7451171875,102.25004577636719,0.0,0.0,1827.46728515625,0.1628005994078928,-1.9014439068557283,109.77854461281629,3.7963066029548647,False
21,wave_pattern_stage2.0.wave_feature_conv1,50,2,1000,0.01,0.0,0.0,post_relu_mean,4048.458984375,-4048.458984375,201.65667724609375,0.0,0.0,3749.7744140625,0.158918593443343,-3.85794776082781,222.73594425642494,3.8709954726696014,False
21,wave_pattern_stage2.0.wave_feature_conv1,3,2,1000,0.005,0.0,0.0,post_relu_mean,1258.8397216796875,-1258.8397216796875,95.02075958251953,0.0,0.0,1082.5271301269531,0.12298605230987265,-1.1215963202424788,64.754594184915,2.4311732959747316,False
21,wave_pattern_stage2.0.wave_feature_conv1,3,2,1000,0.01,0.0,0.0,post_relu_mean,2472.343994140625,-2472.343994140625,183.70835876464844,0.0,0.0,2207.3439025878906,0.11858676214740159,-2.2781477182803593,131.5273056703938,2.479202570915222,False
21,wave_pattern_stage2.0.wave_feature_conv1,27,2,1000,0.005,0.0,0.0,post_relu_mean,1662.7254638671875,-1662.7254638671875,116.37842559814453,0.0,0.0,1478.8200378417969,0.1576921996992152,-1.5462484008999642,89.27158820493186,3.126467467546463,False
21,wave_pattern_stage2.0.wave_feature_conv1,27,2,1000,0.01,0.0,0.0,post_relu_mean,3331.00390625,-3331.00390625,232.22738647460938,0.0,0.0,3031.2496032714844,0.1583309844171517,-3.1348026635846566,180.98569636833378,3.2114555084705354,False
21,wave_pattern_stage2.0.wave_feature_conv1,28,2,1000,0.005,0.0,0.0,post_relu_mean,991.7364501953125,-991.7364501953125,87.8056640625,0.0,0.0,873.1193733215332,0.0864945745221496,-0.8915155115816371,51.47105336254517,2.2160981345176696,False
21,wave_pattern_stage2.0.wave_feature_conv1,28,2,1000,0.01,0.0,0.0,post_relu_mean,1970.0711669921875,-1970.0711669921875,169.1434783935547,0.0,0.0,1770.1163215637207,0.08715104712171802,-1.821435367427154,105.15931760452686,2.2707608449459076,False
21,wave_pattern_stage2.0.wave_feature_conv1,23,2,1000,0.005,0.0,0.0,post_relu_mean,922.3638305664062,-922.3638305664062,92.28291320800781,0.0,0.0,802.2168884277344,0.04579790792580614,-0.8253245508841578,47.64954929292397,1.8874152088165284,False
21,wave_pattern_stage2.0.wave_feature_conv1,23,2,1000,0.01,0.0,0.0,post_relu_mean,1832.8134765625,-1832.8134765625,179.19520568847656,0.0,0.0,1625.7542419433594,0.05823109197841889,-1.6713532459588343,96.49443262477153,1.9350526297092439,False
23,wave_pattern_stage2.0.wave_feature_conv2,45,2,1000,0.005,0.0,0.0,post_relu_mean,601.2561645507812,-601.2561645507812,69.76719665527344,0.0,0.0,493.56224060058594,0.05904435524532352,-0.51067448782472,29.483456387366314,1.1622676807641983,False
23,wave_pattern_stage2.0.wave_feature_conv2,45,2,1000,0.01,0.0,0.0,post_relu_mean,1197.8203125,-1197.8203125,137.0305938720703,0.0,0.0,1022.8629608154297,0.06463419048577201,-1.0549193370947554,60.90506031969082,1.2082793098688125,False
23,wave_pattern_stage2.0.wave_feature_conv2,63,2,1000,0.005,0.0,0.0,post_relu_mean,457.9652099609375,-457.9652099609375,65.24707794189453,0.0,0.0,365.7978286743164,0.0454576485119349,-0.3834939455258233,22.14080144454896,0.9699161148071289,False
23,wave_pattern_stage2.0.wave_feature_conv2,63,2,1000,0.01,0.0,0.0,post_relu_mean,899.268310546875,-899.268310546875,125.41458892822266,0.0,0.0,746.9333877563477,0.047085865714093865,-0.7709436598677417,44.509897760378394,0.9955102133750916,False
23,wave_pattern_stage2.0.wave_feature_conv2,25,2,1000,0.005,0.0,0.0,post_relu_mean,452.078369140625,-452.078369140625,61.06147766113281,0.0,0.0,365.22259521484375,0.030803973616046434,-0.37856433636945647,21.856151467932957,0.9171592149138451,False
23,wave_pattern_stage2.0.wave_feature_conv2,25,2,1000,0.01,0.0,0.0,post_relu_mean,880.6436157226562,-880.6436157226562,117.8363265991211,0.0,0.0,737.0130004882812,0.031225393630167797,-0.7548067037704996,43.578244072641546,0.9302796140313149,False
23,wave_pattern_stage2.0.wave_feature_conv2,47,2,1000,0.005,0.0,0.0,post_relu_mean,510.6549377441406,-510.6549377441406,67.8113784790039,0.0,0.0,418.9285144805908,0.03466708436837512,-0.4349860206466099,25.113634426174144,0.9689806228876114,False
23,wave_pattern_stage2.0.wave_feature_conv2,47,2,1000,0.01,0.0,0.0,post_relu_mean,1012.6746826171875,-1012.6746826171875,133.0761260986328,0.0,0.0,855.6835193634033,0.036176867535634,-0.8794730479681668,50.77578907978154,0.9870754215121269,False
23,wave_pattern_stage2.0.wave_feature_conv2,36,2,1000,0.005,0.0,0.0,post_relu_mean,503.63580322265625,-503.63580322265625,70.51487731933594,0.0,0.0,409.5876407623291,0.025347821754180076,-0.42587712179681925,24.587828389281892,0.8833232271671295,False
23,wave_pattern_stage2.0.wave_feature_conv2,36,2,1000,0.01,0.0,0.0,post_relu_mean,1004.295654296875,-1004.295654296875,139.00201416015625,0.0,0.0,841.7603702545166,0.028858974197692296,-0.8688940545046828,50.16499864986035,0.9060457438230515,False
26,wave_pattern_stage2.0.skip_connection.0,29,2,1000,0.005,0.0,0.0,post_relu_mean,1892.37890625,-1892.37890625,197.82571411132812,0.0,0.0,1600.6762313842773,0.13424779937962603,-1.6708005448549295,96.46254381330834,3.2407536625862123,False
26,wave_pattern_stage2.0.skip_connection.0,29,2,1000,0.01,0.0,0.0,post_relu_mean,3783.66845703125,-3783.66845703125,395.48870849609375,0.0,0.0,3294.3026962280273,0.13739050309547596,-3.3831566223725904,195.32420204385764,3.3142717933654784,False
26,wave_pattern_stage2.0.skip_connection.0,23,2,1000,0.005,0.0,0.0,post_relu_mean,1925.81884765625,-1925.81884765625,177.84149169921875,0.0,0.0,1685.6470375061035,0.1633138726958438,-1.7511564594229605,101.1018159660272,3.7203441250324247,False
26,wave_pattern_stage2.0.skip_connection.0,23,2,1000,0.01,0.0,0.0,post_relu_mean,3864.771728515625,-3864.771728515625,351.3480224609375,0.0,0.0,3451.0935707092285,0.1624942866208353,-3.555940151982803,205.2997511903542,3.810552999973297,False
26,wave_pattern_stage2.0.skip_connection.0,45,2,1000,0.005,0.0,0.0,post_relu_mean,1028.0479736328125,-1028.0479736328125,108.61954498291016,0.0,0.0,868.1513633728027,0.08900484485095163,-0.8895637606852038,51.3583621235375,2.199455896615982,False
26,wave_pattern_stage2.0.skip_connection.0,45,2,1000,0.01,0.0,0.0,post_relu_mean,2012.5166015625,-2012.5166015625,211.0003662109375,0.0,0.0,1750.2391929626465,0.0876482649450914,-1.7842359283774574,103.01162536963706,2.2380125439167022,False
26,wave_pattern_stage2.0.skip_connection.0,61,2,1000,0.005,0.0,0.0,post_relu_mean,1240.556884765625,-1240.556884765625,179.38296508789062,0.0,0.0,1010.3897476196289,0.09614222600959499,-1.0402688255530361,60.05929114973688,2.1913649010658265,False
26,wave_pattern_stage2.0.skip_connection.0,61,2,1000,0.01,0.0,0.0,post_relu_mean,2468.55078125,-2468.55078125,355.6509094238281,0.0,0.0,2062.1156997680664,0.09940532567231647,-2.122094243335087,122.51771944878297,2.244688913822174,False
26,wave_pattern_stage2.0.skip_connection.0,26,2,1000,0.005,0.0,0.0,post_relu_mean,920.54248046875,-920.54248046875,139.72943115234375,0.0,0.0,742.292106628418,0.08299996086197756,-0.7759657721911797,44.79986803174878,1.839566780924797,False
26,wave_pattern_stage2.0.skip_connection.0,26,2,1000,0.01,0.0,0.0,post_relu_mean,1827.3302001953125,-1827.3302001953125,274.02362060546875,0.0,0.0,1514.7856979370117,0.09257751684640858,-1.5637742435870463,90.28355794891799,1.8825261747837068,False
29,wave_pattern_stage2.1.wave_feature_conv1,39,2,1000,0.005,0.0,0.0,post_relu_mean,1395.0927734375,-1395.0927734375,155.60977172851562,0.0,0.0,1154.4636993408203,0.11068524765874736,-1.1918997512596505,68.8135065619771,2.5226229929924013,False
29,wave_pattern_stage2.1.wave_feature_conv1,39,2,1000,0.01,0.0,0.0,post_relu_mean,2739.395751953125,-2739.395751953125,306.2117004394531,0.0,0.0,2348.164749145508,0.1126943037102751,-2.4044131032780216,138.81721861807952,2.5829422664642334,False
29,wave_pattern_stage2.1.wave_feature_conv1,53,2,1000,0.005,0.0,0.0,post_relu_mean,1156.2144775390625,-1156.2144775390625,120.27143859863281,0.0,0.0,982.9100494384766,0.1499942077118037,-1.042294578635218,60.17617560546767,2.3032708597183227,False
29,wave_pattern_stage2.1.wave_feature_conv1,53,2,1000,0.01,0.0,0.0,post_relu_mean,2314.36669921875,-2314.36669921875,234.91012573242188,0.0,0.0,2026.423599243164,0.15345304611800026,-2.0954726181997323,120.98066480629332,2.3866531264781954,False
29,wave_pattern_stage2.1.wave_feature_conv1,35,2,1000,0.005,0.0,0.0,post_relu_mean,969.24072265625,-969.24072265625,137.77798461914062,0.0,0.0,786.4216499328613,0.07544280576443882,-0.8105405400332761,46.79600227764643,1.810132167339325,False
29,wave_pattern_stage2.1.wave_feature_conv1,35,2,1000,0.01,0.0,0.0,post_relu_mean,1920.2440185546875,-1920.2440185546875,270.9835510253906,0.0,0.0,1604.2193794250488,0.08218565356802221,-1.6332485229244988,94.29449328125926,1.8584304666519165,False
29,wave_pattern_stage2.1.wave_feature_conv1,56,2,1000,0.005,0.0,0.0,post_relu_mean,660.2801513671875,-660.2801513671875,109.48426055908203,0.0,0.0,515.6557846069336,0.07318749530441787,-0.5440938469979693,31.41288237540121,1.4031786727905273,False
29,wave_pattern_stage2.1.wave_feature_conv1,56,2,1000,0.01,0.0,0.0,post_relu_mean,1328.1370849609375,-1328.1370849609375,213.1085662841797,0.0,0.0,1079.8884506225586,0.08661821052342575,-1.1331258833228643,65.42027134834638,1.4699670225381851,False
29,wave_pattern_stage2.1.wave_feature_conv1,21,2,1000,0.005,0.0,0.0,post_relu_mean,1097.047119140625,-1097.047119140625,161.63351440429688,0.0,0.0,900.7644157409668,0.042826525406377935,-0.9227810514446211,53.27613541296889,2.052484769821167,False
29,wave_pattern_stage2.1.wave_feature_conv1,21,2,1000,0.01,0.0,0.0,post_relu_mean,2185.691650390625,-2185.691650390625,322.6314697265625,0.0,0.0,1828.4110221862793,0.05138589946700124,-1.8792418198516485,108.49673739319293,2.09801851272583,False
31,wave_pattern_stage2.1.wave_feature_conv2,46,2,1000,0.005,0.0,0.0,post_relu_mean,697.1534423828125,-697.1534423828125,72.4349136352539,0.0,0.0,587.6271629333496,0.05068274348237673,-0.6131868744869255,35.4019413845485,1.3054426252841949,False
31,wave_pattern_stage2.1.wave_feature_conv2,46,2,1000,0.01,0.0,0.0,post_relu_mean,1374.104248046875,-1374.104248046875,141.60362243652344,0.0,0.0,1195.409267425537,0.05070487555502667,-1.2357319017051351,71.34413352460204,1.3335469925403596,False
31,wave_pattern_stage2.1.wave_feature_conv2,32,2,1000,0.005,0.0,0.0,post_relu_mean,519.67724609375,-519.67724609375,46.729801177978516,0.0,0.0,443.604190826416,0.07831016189974392,-0.47036093903903997,27.155972042904132,1.0948991286754608,False
31,wave_pattern_stage2.1.wave_feature_conv2,32,2,1000,0.01,0.0,0.0,post_relu_mean,1029.884765625,-1029.884765625,90.35910034179688,0.0,0.0,910.1823768615723,0.07762363750836765,-0.942460793163506,54.412454254289976,1.1314709573984145,False
31,wave_pattern_stage2.1.wave_feature_conv2,61,2,1000,0.005,0.0,0.0,post_relu_mean,944.8092651367188,-944.8092651367188,76.32209014892578,0.0,0.0,844.2165908813477,0.03731058592596732,-0.8650463352190495,49.94285370483334,1.7820991557836532,False
31,wave_pattern_stage2.1.wave_feature_conv2,61,2,1000,0.01,0.0,0.0,post_relu_mean,1879.7242431640625,-1879.7242431640625,151.25314331054688,0.0,0.0,1704.2004776000977,0.04377442530449047,-1.7342550928580343,100.12608291677732,1.8110282105207443,False
31,wave_pattern_stage2.1.wave_feature_conv2,10,2,1000,0.005,0.0,0.0,post_relu_mean,522.4598388671875,-522.4598388671875,60.74483871459961,0.0,0.0,438.0548629760742,0.04492065499827001,-0.45332905277740587,26.172642821950248,1.1266429972648622,False
31,wave_pattern_stage2.1.wave_feature_conv2,10,2,1000,0.01,0.0,0.0,post_relu_mean,1031.234130859375,-1031.234130859375,118.55117797851562,0.0,0.0,889.0228500366211,0.047882570273591066,-0.9079923719742163,52.422351257375915,1.1558110809326172,False
31,wave_pattern_stage2.1.wave_feature_conv2,33,2,1000,0.005,0.0,0.0,post_relu_mean,476.5912780761719,-476.5912780761719,63.947879791259766,0.0,0.0,391.40407371520996,0.029808825825184192,-0.40649381418556463,23.468652584303907,0.8941994434595109,False
31,wave_pattern_stage2.1.wave_feature_conv2,33,2,1000,0.01,0.0,0.0,post_relu_mean,949.5299682617188,-949.5299682617188,126.5431137084961,0.0,0.0,801.7475490570068,0.036737025935790396,-0.8261571254857544,47.697613982963034,0.9237113177776337,False
36,interference_stage3.0.wave_feature_conv1,31,2,1000,0.005,0.0,0.0,post_relu_mean,1503.2939453125,-1503.2939453125,144.26052856445312,0.0,0.0,1276.422721862793,0.13949576629191193,-1.319098566178754,76.15729048405336,2.904488480091095,False
36,interference_stage3.0.wave_feature_conv1,31,2,1000,0.01,0.0,0.0,post_relu_mean,2943.60400390625,-2943.60400390625,280.4858093261719,0.0,0.0,2580.507438659668,0.1338778271678925,-2.6422315029921637,152.5474452764555,2.959234528541565,False
36,interference_stage3.0.wave_feature_conv1,97,2,1000,0.005,0.0,0.0,post_relu_mean,1008.2900390625,-1008.2900390625,117.96233367919922,0.0,0.0,841.1859436035156,0.09744708510707827,-0.8662945923776268,50.01494413065829,2.135727151632309,False
36,interference_stage3.0.wave_feature_conv1,97,2,1000,0.01,0.0,0.0,post_relu_mean,1984.84716796875,-1984.84716796875,229.92855834960938,0.0,0.0,1705.7768249511719,0.10138637279251898,-1.7575355398289252,101.47010125238711,2.200859696865082,False
36,interference_stage3.0.wave_feature_conv1,67,2,1000,0.005,0.0,0.0,post_relu_mean,801.6658935546875,-801.6658935546875,99.34410858154297,0.0,0.0,662.3493309020996,0.10143879548659175,-0.6946654902639655,40.10604391746335,1.8743642890453338,False
36,interference_stage3.0.wave_feature_conv1,67,2,1000,0.01,0.0,0.0,post_relu_mean,1644.90673828125,-1644.90673828125,197.9144287109375,0.0,0.0,1407.019863128662,0.11849055359796765,-1.4587111576898313,84.21773419176823,1.9851618349552154,False
36,interference_stage3.0.wave_feature_conv1,19,2,1000,0.005,0.0,0.0,post_relu_mean,814.1810302734375,-814.1810302734375,109.70532989501953,0.0,0.0,665.7466278076172,0.07722394356228655,-0.6846845521113613,39.52983839409767,1.7077149105072023,False
36,interference_stage3.0.wave_feature_conv1,19,2,1000,0.01,0.0,0.0,post_relu_mean,1611.342041015625,-1611.342041015625,213.8432159423828,0.0,0.0,1358.7696990966797,0.08834266202133831,-1.4046105826107562,81.09424220989082,1.7651821678876878,False
36,interference_stage3.0.wave_feature_conv1,45,2,1000,0.005,0.0,0.0,post_relu_mean,871.5967407226562,-871.5967407226562,106.32533264160156,0.0,0.0,731.0341110229492,0.10035067143407053,-0.7753623024993352,44.76502507372875,2.060392676591873,False
36,interference_stage3.0.wave_feature_conv1,45,2,1000,0.01,0.0,0.0,post_relu_mean,1750.3173828125,-1750.3173828125,209.94210815429688,0.0,0.0,1506.1379318237305,0.12024031396060904,-1.5351990964691107,88.63376979820198,2.149268432855606,False
38,interference_stage3.0.wave_feature_conv2,120,2,1000,0.005,0.0,0.0,post_relu_mean,848.4192504882812,-848.4192504882812,62.34956359863281,0.0,0.0,736.1614036560059,0.10322967334709529,-0.777676839305626,44.898649998132576,1.740242315530777,False
38,interference_stage3.0.wave_feature_conv2,120,2,1000,0.01,0.0,0.0,post_relu_mean,1687.439208984375,-1687.439208984375,121.89126586914062,0.0,0.0,1515.6396751403809,0.09832855584251717,-1.5582953383954228,89.96713941434805,1.7840174901485444,False
38,interference_stage3.0.wave_feature_conv2,109,2,1000,0.005,0.0,0.0,post_relu_mean,622.8607788085938,-622.8607788085938,60.821372985839844,0.0,0.0,523.286506652832,0.07621821137953831,-0.5437798840173641,31.39476308809631,1.2631239598989488,False
38,interference_stage3.0.wave_feature_conv2,109,2,1000,0.01,0.0,0.0,post_relu_mean,1213.50439453125,-1213.50439453125,118.44578552246094,0.0,0.0,1056.3056716918945,0.07008020013153764,-1.076734737429715,62.16453399963593,1.2897315388917923,False
38,interference_stage3.0.wave_feature_conv2,84,2,1000,0.005,0.0,0.0,post_relu_mean,682.807861328125,-682.807861328125,57.21470642089844,0.0,0.0,588.3455696105957,0.10822290193923864,-0.6084171809419137,35.12654586790339,1.5346021527051925,False
38,interference_stage3.0.wave_feature_conv2,84,2,1000,0.01,0.0,0.0,post_relu_mean,1345.451904296875,-1345.451904296875,112.33647918701172,0.0,0.0,1195.8679084777832,0.10480002514141445,-1.2265791803181312,70.81572324528376,1.5887556093931199,False
38,interference_stage3.0.wave_feature_conv2,104,2,1000,0.005,0.0,0.0,post_relu_mean,672.0047607421875,-672.0047607421875,63.09960174560547,0.0,0.0,575.4423370361328,0.06992640355849715,-0.5934780645517115,34.26405899193699,1.3379551410675048,False
38,interference_stage3.0.wave_feature_conv2,104,2,1000,0.01,0.0,0.0,post_relu_mean,1322.6943359375,-1322.6943359375,122.60929107666016,0.0,0.0,1166.6222686767578,0.06602794160411224,-1.1915663069036442,68.7942604848587,1.3674398279190063,False
38,interference_stage3.0.wave_feature_conv2,69,2,1000,0.005,0.0,0.0,post_relu_mean,531.572021484375,-531.572021484375,48.68693542480469,0.0,0.0,450.2075386047363,0.09493574318480656,-0.4779819143076842,27.596033577197396,1.2562062966823577,False
38,interference_stage3.0.wave_feature_conv2,69,2,1000,0.01,0.0,0.0,post_relu_mean,1062.5523681640625,-1062.5523681640625,94.58889770507812,0.0,0.0,935.2859687805176,0.09891590066018922,-0.9785898300716793,56.49824133779781,1.3077500247955323,False
41,interference_stage3.0.skip_connection.0,32,2,1000,0.005,0.0,0.0,post_relu_mean,1083.9119873046875,-1083.9119873046875,97.71864318847656,0.0,0.0,944.1692199707031,0.12584268331354467,-0.9896827931562547,57.13865566355691,2.504060689210892,False
41,interference_stage3.0.skip_connection.0,32,2,1000,0.01,0.0,0.0,post_relu_mean,2187.98388671875,-2187.98388671875,194.41024780273438,0.0,0.0,1951.5494689941406,0.12900936594565154,-2.0147940263753177,116.32278183877673,2.564892688989639,False
41,interference_stage3.0.skip_connection.0,60,2,1000,0.005,0.0,0.0,post_relu_mean,878.4793701171875,-878.4793701171875,94.349609375,0.0,0.0,748.2592468261719,0.09023243377964672,-0.7848545841636763,45.31345073628955,2.0370222556591036,False
41,interference_stage3.0.skip_connection.0,60,2,1000,0.01,0.0,0.0,post_relu_mean,1734.817626953125,-1734.817626953125,183.34732055664062,0.0,0.0,1515.5998229980469,0.09882991138921775,-1.56935550830177,90.6057714007801,2.0997195935249326,False
41,interference_stage3.0.skip_connection.0,97,2,1000,0.005,0.0,0.0,post_relu_mean,1058.4796142578125,-1058.4796142578125,112.10708618164062,0.0,0.0,911.3306732177734,0.07318912139755834,-0.9394762970270544,54.240040535892355,2.3275328099727632,False
41,interference_stage3.0.skip_connection.0,97,2,1000,0.01,0.0,0.0,post_relu_mean,2100.39453125,-2100.39453125,222.28501892089844,0.0,0.0,1843.067611694336,0.082978488014387,-1.8841951696375419,108.78270106026521,2.3744343280792237,False
41,interference_stage3.0.skip_connection.0,80,2,1000,0.005,0.0,0.0,post_relu_mean,760.6678466796875,-760.6678466796875,76.0379409790039,0.0,0.0,649.9745788574219,0.11140741259933952,-0.6733646787367193,38.87636241634721,1.7812225115299225,False
41,interference_stage3.0.skip_connection.0,80,2,1000,0.01,0.0,0.0,post_relu_mean,1490.7569580078125,-1490.7569580078125,145.84811401367188,0.0,0.0,1310.2535095214844,0.1045143821549151,-1.3499603428501241,77.93905240052906,1.8135135442018508,False
41,interference_stage3.0.skip_connection.0,123,2,1000,0.005,0.0,0.0,post_relu_mean,822.8184814453125,-822.8184814453125,96.68933868408203,0.0,0.0,692.1177673339844,0.08518159183188731,-0.7275020608120184,42.00207833757285,1.84657164812088,False
41,interference_stage3.0.skip_connection.0,123,2,1000,0.01,0.0,0.0,post_relu_mean,1647.033447265625,-1647.033447265625,190.5598907470703,0.0,0.0,1422.4621276855469,0.09725102750889349,-1.4536127798946927,83.92347627140062,1.9139293998479843,False
44,interference_stage3.1.wave_feature_conv1,12,2,1000,0.005,0.0,0.0,post_relu_mean,1164.929443359375,-1164.929443359375,118.21891021728516,0.0,0.0,981.310173034668,0.11710171970524486,-1.0146772238184127,58.58168818911909,2.400230131149292,False
44,interference_stage3.1.wave_feature_conv1,12,2,1000,0.01,0.0,0.0,post_relu_mean,2301.73681640625,-2301.73681640625,233.685546875,0.0,0.0,2002.6508712768555,0.12316724878989314,-2.0480049203683706,118.24022487400138,2.4699163210391997,False
44,interference_stage3.1.wave_feature_conv1,81,2,1000,0.005,0.0,0.0,post_relu_mean,1003.8775634765625,-1003.8775634765625,111.26737976074219,0.0,0.0,830.8816757202148,0.14313612579006665,-0.8593698275531839,49.61513611445232,2.1226111447811125,False
44,interference_stage3.1.wave_feature_conv1,81,2,1000,0.01,0.0,0.0,post_relu_mean,1982.1651611328125,-1982.1651611328125,218.09640502929688,0.0,0.0,1702.340232849121,0.13668941148814098,-1.7257419469849538,99.6345441805617,2.1916308331489565,False
44,interference_stage3.1.wave_feature_conv1,42,2,1000,0.005,0.0,0.0,post_relu_mean,1049.666748046875,-1049.666748046875,117.72972869873047,0.0,0.0,873.2520599365234,0.13173120620688655,-0.8953564632572845,51.69278542231828,2.200010277032852,False
44,interference_stage3.1.wave_feature_conv1,42,2,1000,0.01,0.0,0.0,post_relu_mean,2056.67919921875,-2056.67919921875,229.39340209960938,0.0,0.0,1768.600814819336,0.1213730616124595,-1.7930616301906572,103.52120001595438,2.237516252994537,False
44,interference_stage3.1.wave_feature_conv1,127,2,1000,0.005,0.0,0.0,post_relu_mean,1075.773193359375,-1075.773193359375,121.31128692626953,0.0,0.0,898.3008117675781,0.12694726340086399,-0.9316173982230413,53.78632645628744,2.296720130443573,False
44,interference_stage3.1.wave_feature_conv1,127,2,1000,0.01,0.0,0.0,post_relu_mean,2116.25927734375,-2116.25927734375,237.38427734375,0.0,0.0,1822.7138977050781,0.12836172832746615,-1.8642642805877276,107.6323126153562,2.3623412227630616,False
44,interference_stage3.1.wave_feature_conv1,31,2,1000,0.005,0.0,0.0,post_relu_mean,982.655517578125,-982.655517578125,118.98107147216797,0.0,0.0,813.108024597168,0.12198178886493309,-0.8381401188929868,48.389481533397316,2.150939724445343,False
44,interference_stage3.1.wave_feature_conv1,31,2,1000,0.01,0.0,0.0,post_relu_mean,1952.220458984375,-1952.220458984375,234.2397003173828,0.0,0.0,1667.4142990112305,0.12113339430151579,-1.6979324096139512,98.02898707365237,2.213107267618179,False
46,interference_stage3.1.wave_feature_conv2,38,2,1000,0.005,0.0,0.0,post_relu_mean,886.9226684570312,-886.9226684570312,58.382076263427734,0.0,0.0,778.0815811157227,0.09991239096270652,-0.7981447915867085,46.08034788371088,1.9771450579166412,False
46,interference_stage3.1.wave_feature_conv2,38,2,1000,0.01,0.0,0.0,post_relu_mean,1732.556640625,-1732.556640625,114.31810760498047,0.0,0.0,1567.7795181274414,0.09731631929473045,-1.6008439668389167,92.42362868780876,2.031564190387726,False
46,interference_stage3.1.wave_feature_conv2,75,2,1000,0.005,0.0,0.0,post_relu_mean,722.7774658203125,-722.7774658203125,59.919044494628906,0.0,0.0,619.9862823486328,0.11815534498622653,-0.6477543509785254,37.39769782340057,1.6702438181638717,False
46,interference_stage3.1.wave_feature_conv2,75,2,1000,0.01,0.0,0.0,post_relu_mean,1438.29833984375,-1438.29833984375,119.4085464477539,0.0,0.0,1276.0176544189453,0.11187279131111225,-1.3148826510884941,75.91383748952846,1.7223180812597274,False
46,interference_stage3.1.wave_feature_conv2,104,2,1000,0.005,0.0,0.0,post_relu_mean,606.9058227539062,-606.9058227539062,59.603450775146484,0.0,0.0,515.542293548584,0.08393635821611942,-0.5321264211262264,30.72195619620254,1.3886636179685592,False
46,interference_stage3.1.wave_feature_conv2,104,2,1000,0.01,0.0,0.0,post_relu_mean,1205.710205078125,-1205.710205078125,117.84938049316406,0.0,0.0,1056.1007652282715,0.07953559590858067,-1.087875137048714,62.80771761535434,1.4227611672878266,False
46,interference_stage3.1.wave_feature_conv2,125,2,1000,0.005,0.0,0.0,post_relu_mean,492.7839050292969,-492.7839050292969,58.36661148071289,0.0,0.0,407.8536605834961,0.0545016932058443,-0.42023588428455827,24.262034858695895,1.056438570022583,False
46,interference_stage3.1.wave_feature_conv2,125,2,1000,0.01,0.0,0.0,post_relu_mean,988.0455322265625,-988.0455322265625,117.23543548583984,0.0,0.0,844.2464828491211,0.0605727976784579,-0.862729058491355,49.809104026619096,1.1041290253400802,False
46,interference_stage3.1.wave_feature_conv2,11,2,1000,0.005,0.0,0.0,post_relu_mean,504.1050720214844,-504.1050720214844,59.3946647644043,0.0,0.0,418.47610664367676,0.05413620177233137,-0.43297878587253996,24.997740961487693,1.078825488090515,False
46,interference_stage3.1.wave_feature_conv2,11,2,1000,0.01,0.0,0.0,post_relu_mean,999.3533325195312,-999.3533325195312,117.52034759521484,0.0,0.0,855.5986957550049,0.056892117368413486,-0.8819675259642723,50.91979314607138,1.1083998256921768,False
51,source_localization_stage4.0.wave_feature_conv1,7,2,1000,0.005,0.0,0.0,post_relu_mean,893.0332641601562,-893.0332641601562,53.892616271972656,0.0,0.0,789.8481788635254,0.16558323572858633,-0.8311224007712009,47.98431301742719,2.262021814584732,False
51,source_localization_stage4.0.wave_feature_conv1,7,2,1000,0.01,0.0,0.0,post_relu_mean,1784.1478271484375,-1784.1478271484375,107.29153442382812,0.0,0.0,1627.563877105713,0.15865385252609976,-1.7051909763625437,98.44802265735434,2.327057855129242,False
51,source_localization_stage4.0.wave_feature_conv1,45,2,1000,0.005,0.0,0.0,post_relu_mean,625.0725708007812,-625.0725708007812,40.80520248413086,0.0,0.0,542.577693939209,0.09117141277858178,-0.5657763423760884,32.66471815180471,1.6622989356517792,False
51,source_localization_stage4.0.wave_feature_conv1,45,2,1000,0.01,0.0,0.0,post_relu_mean,1233.927734375,-1233.927734375,79.53143310546875,0.0,0.0,1112.7065391540527,0.09559766568289561,-1.1446056156134128,66.08301921899032,1.725116496682167,False
51,source_localization_stage4.0.wave_feature_conv1,102,2,1000,0.005,0.0,0.0,post_relu_mean,946.8065185546875,-946.8065185546875,47.581356048583984,0.0,0.0,858.985969543457,0.4248154343306349,-0.8964077850115199,51.753880393591885,3.4161144316196443,False
51,source_localization_stage4.0.wave_feature_conv1,102,2,1000,0.01,0.0,0.0,post_relu_mean,1887.10107421875,-1887.10107421875,94.4018783569336,0.0,0.0,1752.4600296020508,0.43489689867010145,-1.774563363656845,102.45336903587295,3.6603388524055482,False
51,source_localization_stage4.0.wave_feature_conv1,75,2,1000,0.005,0.0,0.0,post_relu_mean,980.905029296875,-980.905029296875,50.75731658935547,0.0,0.0,889.9496650695801,0.3508590278258147,-0.9227183917360384,53.27265315408226,3.3770904672145843,False
51,source_localization_stage4.0.wave_feature_conv1,75,2,1000,0.01,0.0,0.0,post_relu_mean,1943.2706298828125,-1943.2706298828125,99.72119140625,0.0,0.0,1803.3513984680176,0.37280131353925344,-1.8452669212543302,106.53535522793857,3.6103395819664,False
51,source_localization_stage4.0.wave_feature_conv1,81,2,1000,0.005,0.0,0.0,post_relu_mean,877.4765625,-877.4765625,44.41537857055664,0.0,0.0,802.155403137207,0.4840075321811399,-0.8447350751487293,48.77023457360432,3.776562529802322,False
51,source_localization_stage4.0.wave_feature_conv1,81,2,1000,0.01,0.0,0.0,post_relu_mean,1714.031005859375,-1714.031005859375,85.94371032714844,0.0,0.0,1597.181526184082,0.45857325444261665,-1.6710045667096267,96.47460439855456,3.8888432359695435,False
53,source_localization_stage4.0.wave_feature_conv2,101,2,1000,0.005,0.0,0.0,post_relu_mean,452.2401123046875,-452.2401123046875,33.47697830200195,0.0,0.0,402.85912704467773,0.31391378793863534,-0.4331382566409252,25.006949075150906,2.1532958471775054,False
53,source_localization_stage4.0.wave_feature_conv2,101,2,1000,0.01,0.0,0.0,post_relu_mean,903.4425659179688,-903.4425659179688,66.94076538085938,0.0,0.0,820.5978355407715,0.31171063197055815,-0.8644334628263168,49.908061763420434,2.2929340767860413,False
53,source_localization_stage4.0.wave_feature_conv2,254,2,1000,0.005,0.0,0.0,post_relu_mean,468.5611267089844,-468.5611267089844,32.929195404052734,0.0,0.0,420.7821292877197,0.3093325630111418,-0.44778466830292585,25.852814151024653,2.237823493480682,False
53,source_localization_stage4.0.wave_feature_conv2,254,2,1000,0.01,0.0,0.0,post_relu_mean,959.4901733398438,-959.4901733398438,67.7214584350586,0.0,0.0,876.9189395904541,0.31288486012409616,-0.921951563666411,53.228912348839124,2.394466043710709,False
53,source_localization_stage4.0.wave_feature_conv2,33,2,1000,0.005,0.0,0.0,post_relu_mean,212.99130249023438,-212.99130249023438,30.21633529663086,0.0,0.0,169.7753553390503,0.06221606930969962,-0.18213368848930694,10.515403960250435,0.6535842558741569,False
53,source_localization_stage4.0.wave_feature_conv2,33,2,1000,0.01,0.0,0.0,post_relu_mean,429.35797119140625,-429.35797119140625,61.249454498291016,0.0,0.0,355.10891246795654,0.06623572179255383,-0.3704459092876857,21.387484032091436,0.692985371351242,False
53,source_localization_stage4.0.wave_feature_conv2,88,2,1000,0.005,0.0,0.0,post_relu_mean,215.45223999023438,-215.45223999023438,30.1175479888916,0.0,0.0,174.55003356933594,0.12667786252833232,-0.18173136435954843,10.492162248884231,0.9109869846701621,False
53,source_localization_stage4.0.wave_feature_conv2,88,2,1000,0.01,0.0,0.0,post_relu_mean,420.5205078125,-420.5205078125,58.710384368896484,0.0,0.0,351.0254669189453,0.1213534907727376,-0.3540757618595616,20.44234384594419,0.955319222509861,False
53,source_localization_stage4.0.wave_feature_conv2,188,2,1000,0.005,0.0,0.0,post_relu_mean,167.08380126953125,-167.08380126953125,25.251296997070312,0.0,0.0,131.8398094177246,0.046955346269080454,-0.138823530488546,8.014881809749964,0.46462682873010636,False
53,source_localization_stage4.0.wave_feature_conv2,188,2,1000,0.01,0.0,0.0,post_relu_mean,326.75701904296875,-326.75701904296875,49.276519775390625,0.0,0.0,267.4878044128418,0.044617696263073284,-0.272999271846878,15.761454479464874,0.4852440841495991,False
56,source_localization_stage4.0.skip_connection.0,74,2,1000,0.005,0.0,0.0,post_relu_mean,633.4053955078125,-633.4053955078125,60.799137115478516,0.0,0.0,544.0996150970459,0.13440033769121187,-0.5605251630924563,32.361532703954154,1.8505687737464904,False
56,source_localization_stage4.0.skip_connection.0,74,2,1000,0.01,0.0,0.0,post_relu_mean,1237.775390625,-1237.775390625,118.73694610595703,0.0,0.0,1090.5318050384521,0.13831697854848796,-1.1179573075905265,64.54451176298124,1.9126432126760482,False
56,source_localization_stage4.0.skip_connection.0,238,2,1000,0.005,0.0,0.0,post_relu_mean,582.844970703125,-582.844970703125,48.87725067138672,0.0,0.0,510.1773490905762,0.16546019524352282,-0.530057591359828,30.602575614927815,2.0439884036779405,False
56,source_localization_stage4.0.skip_connection.0,238,2,1000,0.01,0.0,0.0,post_relu_mean,1202.413818359375,-1202.413818359375,97.89706420898438,0.0,0.0,1080.726360321045,0.17927987050672764,-1.1283786022415454,65.14632756465876,2.179783263206482,False
56,source_localization_stage4.0.skip_connection.0,131,2,1000,0.005,0.0,0.0,post_relu_mean,578.919677734375,-578.919677734375,54.55057144165039,0.0,0.0,501.47325325012207,0.10754523427587029,-0.5222497585373594,30.151791156262313,1.7362520802021026,False
56,source_localization_stage4.0.skip_connection.0,131,2,1000,0.01,0.0,0.0,post_relu_mean,1158.9581298828125,-1158.9581298828125,108.2637939453125,0.0,0.0,1027.7985095977783,0.12186812618479988,-1.0570355094143469,61.02721822915769,1.8323347717523575,False
56,source_localization_stage4.0.skip_connection.0,221,2,1000,0.005,0.0,0.0,post_relu_mean,570.3763427734375,-570.3763427734375,51.58176803588867,0.0,0.0,496.9062957763672,0.14724823090674372,-0.5072211855421508,29.28427541737173,2.0295894771814345,False
56,source_localization_stage4.0.skip_connection.0,221,2,1000,0.01,0.0,0.0,post_relu_mean,1129.3160400390625,-1129.3160400390625,101.38236999511719,0.0,0.0,1006.0454559326172,0.1745143474013925,-1.0233917613077046,59.08482125258629,2.1569852137565615,False
56,source_localization_stage4.0.skip_connection.0,37,2,1000,0.005,0.0,0.0,post_relu_mean,510.599853515625,-510.599853515625,52.82704544067383,0.0,0.0,436.67029190063477,0.15795082404658567,-0.45600533087362827,26.327260150082115,1.6997932451963425,False
56,source_localization_stage4.0.skip_connection.0,37,2,1000,0.01,0.0,0.0,post_relu_mean,1000.1376953125,-1000.1376953125,102.99506378173828,0.0,0.0,876.0401344299316,0.14891688128464448,-0.901328545191779,52.03757974511126,1.7234720969200135,False
59,source_localization_stage4.1.wave_feature_conv1,152,2,1000,0.005,0.0,0.0,post_relu_mean,1093.99072265625,-1093.99072265625,102.85772705078125,0.0,0.0,944.3540878295898,0.6919545377994615,-0.9888969389456905,57.09371909500889,4.438014848232269,False
59,source_localization_stage4.1.wave_feature_conv1,152,2,1000,0.01,0.0,0.0,post_relu_mean,2218.53564453125,-2218.53564453125,208.027099609375,0.0,0.0,1963.729637145996,0.688929409700434,-2.037833313569656,117.65292473331054,4.7578243947029115,False
59,source_localization_stage4.1.wave_feature_conv1,232,2,1000,0.005,0.0,0.0,post_relu_mean,956.9556884765625,-956.9556884765625,106.0251693725586,0.0,0.0,814.1239013671875,0.5537283751565707,-0.8480086922522182,48.959329552525936,3.355022295713425,False
59,source_localization_stage4.1.wave_feature_conv1,232,2,1000,0.01,0.0,0.0,post_relu_mean,1896.064208984375,-1896.064208984375,209.40963745117188,0.0,0.0,1649.847900390625,0.508603126909997,-1.6761294637834698,96.77017768735439,3.5245923590660095,False
59,source_localization_stage4.1.wave_feature_conv1,198,2,1000,0.005,0.0,0.0,post_relu_mean,469.530029296875,-469.530029296875,61.675262451171875,0.0,0.0,378.8231735229492,0.2327284348528384,-0.41829459499152266,24.149956985500012,1.8066328233480453,False
59,source_localization_stage4.1.wave_feature_conv1,198,2,1000,0.01,0.0,0.0,post_relu_mean,964.9117431640625,-964.9117431640625,123.74081420898438,0.0,0.0,812.1393051147461,0.26609405610360826,-0.8833972687085732,51.00246876305022,1.9927262902259826,False
59,source_localization_stage4.1.wave_feature_conv1,120,2,1000,0.005,0.0,0.0,post_relu_mean,1073.90087890625,-1073.90087890625,102.36222076416016,0.0,0.0,944.112606048584,0.7224214269203878,-0.9557004518679862,55.176914130320576,4.3931648063659665,False
59,source_localization_stage4.1.wave_feature_conv1,120,2,1000,0.01,0.0,0.0,post_relu_mean,2168.87255859375,-2168.87255859375,206.04432678222656,0.0,0.0,1935.4022178649902,0.6227466145481007,-1.9770495511167079,114.14392805192306,4.5750858902931215,False
59,source_localization_stage4.1.wave_feature_conv1,179,2,1000,0.005,0.0,0.0,post_relu_mean,463.3058776855469,-463.3058776855469,57.48192596435547,0.0,0.0,381.6659507751465,0.2926612037010258,-0.4129899401354663,23.843830384004924,2.069828581213951,False
59,source_localization_stage4.1.wave_feature_conv1,179,2,1000,0.01,0.0,0.0,post_relu_mean,905.2889404296875,-905.2889404296875,112.47234344482422,0.0,0.0,768.6585960388184,0.29727391713550266,-0.7835494032645006,45.23776046256605,2.184452239274979,False
61,source_localization_stage4.1.wave_feature_conv2,201,2,1000,0.005,0.0,0.0,post_relu_mean,683.9193115234375,-683.9193115234375,98.4465103149414,0.0,0.0,555.3403282165527,0.5220339737544732,-0.587497639574168,33.91927017000898,3.079154123067856,False
61,source_localization_stage4.1.wave_feature_conv2,201,2,1000,0.01,0.0,0.0,post_relu_mean,1381.1419677734375,-1381.1419677734375,196.8859405517578,0.0,0.0,1154.1235313415527,0.5448883618977025,-1.1632059263090462,67.1575627405552,3.3532815659046173,False
61,source_localization_stage4.1.wave_feature_conv2,254,2,1000,0.005,0.0,0.0,post_relu_mean,580.167724609375,-580.167724609375,99.11788940429688,0.0,0.0,454.70293045043945,0.40207449582354315,-0.48539162214864695,28.024082435073467,2.5276041650772094,False
61,source_localization_stage4.1.wave_feature_conv2,254,2,1000,0.01,0.0,0.0,post_relu_mean,1179.8114013671875,-1179.8114013671875,198.58966064453125,0.0,0.0,954.8748359680176,0.46019675547473043,-0.9909685500621401,57.21302165492917,2.8329610133171084,False
61,source_localization_stage4.1.wave_feature_conv2,221,2,1000,0.005,0.0,0.0,post_relu_mean,587.306396484375,-587.306396484375,97.05470275878906,0.0,0.0,464.47704315185547,0.4008110977781732,-0.4862732104343868,28.075098470822443,2.5626038563251496,False
61,source_localization_stage4.1.wave_feature_conv2,221,2,1000,0.01,0.0,0.0,post_relu_mean,1213.849365234375,-1213.849365234375,199.10189819335938,0.0,0.0,988.972770690918,0.43869334728709936,-1.0499666137283317,60.620430020463296,2.8417830646038054,False
61,source_localization_stage4.1.wave_feature_conv2,152,2,1000,0.005,0.0,0.0,post_relu_mean,627.532958984375,-627.532958984375,95.73519134521484,0.0,0.0,507.31587982177734,0.4954533765158495,-0.5450997067163007,31.471612892950642,2.971009179353714,False
61,source_localization_stage4.1.wave_feature_conv2,152,2,1000,0.01,0.0,0.0,post_relu_mean,1280.13671875,-1280.13671875,195.07032775878906,0.0,0.0,1060.5844955444336,0.5130748258022617,-1.0837974749875336,62.572585150830605,3.2159511375427248,False
61,source_localization_stage4.1.wave_feature_conv2,101,2,1000,0.005,0.0,0.0,post_relu_mean,863.5096435546875,-863.5096435546875,187.14317321777344,0.0,0.0,652.2590503692627,0.6352962731866547,-0.676224985382325,39.04140015683642,2.8860475540161135,False
61,source_localization_stage4.1.wave_feature_conv2,101,2,1000,0.01,0.0,0.0,post_relu_mean,1687.7257080078125,-1687.7257080078125,362.54144287109375,0.0,0.0,1301.0769214630127,0.5268307105839788,-1.314642302764112,75.90002387089999,2.9979402446746826,False
8,wave_feature_stage1.0.wave_feature_conv1,19,3,1000,0.005,0.0,0.0,post_relu_mean,2962.0087890625,-2962.0087890625,366.4412841796875,0.0,0.0,2458.304412841797,0.32709130691478583,-2.522556096495186,145.6380307083584,4.798506076335907,False
8,wave_feature_stage1.0.wave_feature_conv1,19,3,1000,0.01,0.0,0.0,post_relu_mean,5794.77587890625,-5794.77587890625,708.1326293945312,0.0,0.0,4949.380096435547,0.27357632014593825,-5.00562248022265,288.99617562398373,4.834031310081482,False
8,wave_feature_stage1.0.wave_feature_conv1,24,3,1000,0.005,0.0,0.0,post_relu_mean,1883.103515625,-1883.103515625,345.5948181152344,0.0,0.0,1469.4569625854492,0.18263619010085233,-1.498835551119491,86.5342945451205,3.1665185582637787,False
8,wave_feature_stage1.0.wave_feature_conv1,24,3,1000,0.01,0.0,0.0,post_relu_mean,3701.880859375,-3701.880859375,667.1774291992188,0.0,0.0,2966.6516647338867,0.16265968256584437,-3.011510683152821,173.86750278457495,3.2199412894248964,False
8,wave_feature_stage1.0.wave_feature_conv1,2,3,1000,0.005,0.0,0.0,post_relu_mean,1892.92333984375,-1892.92333984375,344.5370788574219,0.0,0.0,1484.3913040161133,0.23977292734318525,-1.5080093995147732,87.06387829407166,3.195245860815048,False
8,wave_feature_stage1.0.wave_feature_conv1,2,3,1000,0.01,0.0,0.0,post_relu_mean,3716.55517578125,-3716.55517578125,670.5187377929688,0.0,0.0,2982.0414505004883,0.19427212165971972,-3.010145425449601,173.78868047470903,3.230731675624847,False
8,wave_feature_stage1.0.wave_feature_conv1,30,3,1000,0.005,0.0,0.0,post_relu_mean,1993.649169921875,-1993.649169921875,343.2488708496094,0.0,0.0,1590.10160446167,0.16415023266480722,-1.640162551823805,94.69369387146016,3.2153494584560396,False
8,wave_feature_stage1.0.wave_feature_conv1,30,3,1000,0.01,0.0,0.0,post_relu_mean,3940.343505859375,-3940.343505859375,669.6574096679688,0.0,0.0,3210.3873710632324,0.144890269625163,-3.2554346474018305,187.95029928383423,3.250346838235855,False
8,wave_feature_stage1.0.wave_feature_conv1,29,3,1000,0.005,0.0,0.0,post_relu_mean,1975.84033203125,-1975.84033203125,335.0015563964844,0.0,0.0,1580.7259521484375,0.20593653510358914,-1.5972243749758293,92.21464804379288,3.1458934497833253,False
8,wave_feature_stage1.0.wave_feature_conv1,29,3,1000,0.01,0.0,0.0,post_relu_mean,3897.651611328125,-3897.651611328125,651.7957153320312,0.0,0.0,3185.7431640625,0.16536563943104568,-3.2104693072038724,185.3542930275031,3.1826615059375762,False
10,wave_feature_stage1.0.wave_feature_conv2,25,3,1000,0.005,0.0,0.0,post_relu_mean,1468.9849853515625,-1468.9849853515625,141.7901611328125,0.0,0.0,1233.7003631591797,0.14288409896934665,-1.275006018003233,73.6115877249574,2.2968538749217986,False
10,wave_feature_stage1.0.wave_feature_conv2,25,3,1000,0.01,0.0,0.0,post_relu_mean,2885.453125,-2885.453125,277.3343811035156,0.0,0.0,2514.6241912841797,0.12630560117008188,-2.570520730913781,148.40726520066332,2.33558428645134,False
10,wave_feature_stage1.0.wave_feature_conv2,4,3,1000,0.005,0.0,0.0,post_relu_mean,1322.352294921875,-1322.352294921875,140.9601593017578,0.0,0.0,1110.5074768066406,0.13554777397745096,-1.1502624434354756,66.40960547329277,2.1461468815803526,False
10,wave_feature_stage1.0.wave_feature_conv2,4,3,1000,0.01,0.0,0.0,post_relu_mean,2607.40869140625,-2607.40869140625,278.3393859863281,0.0,0.0,2258.1847229003906,0.1163543435228205,-2.3091729404441166,133.31850570182627,2.174080910682678,False
10,wave_feature_stage1.0.wave_feature_conv2,23,3,1000,0.005,0.0,0.0,post_relu_mean,804.1255493164062,-804.1255493164062,107.78939056396484,0.0,0.0,657.8601760864258,0.07699166122785445,-0.6815777139271009,39.3504164048197,1.4498615920543672,False
10,wave_feature_stage1.0.wave_feature_conv2,23,3,1000,0.01,0.0,0.0,post_relu_mean,1591.04150390625,-1591.04150390625,210.13888549804688,0.0,0.0,1342.4265823364258,0.07121511146012845,-1.3736343387222374,79.305837734639,1.4782824110984802,False
10,wave_feature_stage1.0.wave_feature_conv2,9,3,1000,0.005,0.0,0.0,post_relu_mean,1480.8394775390625,-1480.8394775390625,119.03627014160156,0.0,0.0,1328.068214416504,0.15042584431076725,-1.3502711647381023,77.95699836847508,2.6544556736946108,False
10,wave_feature_stage1.0.wave_feature_conv2,9,3,1000,0.01,0.0,0.0,post_relu_mean,2954.904541015625,-2954.904541015625,234.5040283203125,0.0,0.0,2686.665382385254,0.1330013222077263,-2.708766374249689,156.38876978556988,2.707071797847748,False
10,wave_feature_stage1.0.wave_feature_conv2,13,3,1000,0.005,0.0,0.0,post_relu_mean,942.1031494140625,-942.1031494140625,86.73925018310547,0.0,0.0,822.8600158691406,0.2273073104486811,-0.8190667382193587,47.28831782736491,2.211513719558716,False
10,wave_feature_stage1.0.wave_feature_conv2,13,3,1000,0.01,0.0,0.0,post_relu_mean,1828.643310546875,-1828.643310546875,164.4124755859375,0.0,0.0,1631.7269592285156,0.19489393339130953,-1.614490353561329,93.21155995988067,2.2599225640296936,False
14,wave_feature_stage1.1.wave_feature_conv1,2,3,1000,0.005,0.0,0.0,post_relu_mean,2285.76953125,-2285.76953125,359.78057861328125,0.0,0.0,1756.2416076660156,0.19843566330206885,-1.8334747888960894,105.8543948302378,3.3518207800388335,False
14,wave_feature_stage1.1.wave_feature_conv1,2,3,1000,0.01,0.0,0.0,post_relu_mean,4498.2294921875,-4498.2294921875,704.4261474609375,0.0,0.0,3624.0558166503906,0.18839319071339036,-3.745255354650467,216.22971775134542,3.440068006515503,False
14,wave_feature_stage1.1.wave_feature_conv1,8,3,1000,0.005,0.0,0.0,post_relu_mean,2180.688232421875,-2180.688232421875,389.9013977050781,0.0,0.0,1661.2275695800781,0.20210429779429476,-1.720941843644968,99.35740964925834,3.183665473461151,False
14,wave_feature_stage1.1.wave_feature_conv1,8,3,1000,0.01,0.0,0.0,post_relu_mean,4270.79443359375,-4270.79443359375,761.2612915039062,0.0,0.0,3379.973907470703,0.18230331773661573,-3.45867057931331,199.68395866555932,3.2545272374153136,False
14,wave_feature_stage1.1.wave_feature_conv1,29,3,1000,0.005,0.0,0.0,post_relu_mean,2159.927734375,-2159.927734375,387.95343017578125,0.0,0.0,1643.8582763671875,0.14814274315686918,-1.7045753591959916,98.41248004292858,3.2003411507606505,False
14,wave_feature_stage1.1.wave_feature_conv1,29,3,1000,0.01,0.0,0.0,post_relu_mean,4226.37060546875,-4226.37060546875,755.6635131835938,0.0,0.0,3342.5909423828125,0.1367775141492781,-3.4305424051006543,198.05998848990072,3.2466507506370545,False
14,wave_feature_stage1.1.wave_feature_conv1,9,3,1000,0.005,0.0,0.0,post_relu_mean,1837.94091796875,-1837.94091796875,400.34356689453125,0.0,0.0,1354.6558837890625,0.18369682923936984,-1.414742026692757,81.67916439799161,2.6550940644741057,False
14,wave_feature_stage1.1.wave_feature_conv1,9,3,1000,0.01,0.0,0.0,post_relu_mean,3629.14111328125,-3629.14111328125,782.7531127929688,0.0,0.0,2763.4464111328125,0.1629456976723346,-2.8268408820205857,163.2058480840842,2.694103491306305,False
14,wave_feature_stage1.1.wave_feature_conv1,30,3,1000,0.005,0.0,0.0,post_relu_mean,2467.380615234375,-2467.380615234375,416.1681213378906,0.0,0.0,1970.4131164550781,0.3232935047915218,-2.0600449282472297,118.93532433436528,3.8735965526103975,False
14,wave_feature_stage1.1.wave_feature_conv1,30,3,1000,0.01,0.0,0.0,post_relu_mean,4876.2255859375,-4876.2255859375,811.7586669921875,0.0,0.0,3983.667510986328,0.2755976395488612,-4.0489553749463845,233.76378088353607,3.9248622918128966,False
16,wave_feature_stage1.1.wave_feature_conv2,11,3,1000,0.005,0.0,0.0,post_relu_mean,1248.0418701171875,-1248.0418701171875,142.61111450195312,0.0,0.0,1055.0791473388672,0.1611129930692461,-1.0999555634948002,63.50517143367229,2.1395964074134826,False
16,wave_feature_stage1.1.wave_feature_conv2,11,3,1000,0.01,0.0,0.0,post_relu_mean,2462.93896484375,-2462.93896484375,277.4736633300781,0.0,0.0,2135.1136932373047,0.14469737678504094,-2.1865689160844743,126.24006823268789,2.1774672937393187,False
16,wave_feature_stage1.1.wave_feature_conv2,13,3,1000,0.005,0.0,0.0,post_relu_mean,868.2471923828125,-868.2471923828125,88.47318267822266,0.0,0.0,733.7690238952637,0.08104482800562243,-0.7565573915043677,43.67931587782536,1.4161355310678483,False
16,wave_feature_stage1.1.wave_feature_conv2,13,3,1000,0.01,0.0,0.0,post_relu_mean,1725.0325927734375,-1725.0325927734375,177.36026000976562,0.0,0.0,1501.6674003601074,0.07399881791393485,-1.5403233094438202,88.9295042723169,1.4485780030488968,False
16,wave_feature_stage1.1.wave_feature_conv2,9,3,1000,0.005,0.0,0.0,post_relu_mean,1164.156982421875,-1164.156982421875,139.22119140625,0.0,0.0,979.4291648864746,0.16853762466597538,-1.0377797171217122,59.91549577301034,1.958729104399681,False
16,wave_feature_stage1.1.wave_feature_conv2,9,3,1000,0.01,0.0,0.0,post_relu_mean,2352.63671875,-2352.63671875,278.974365234375,0.0,0.0,2028.1557273864746,0.1570094171300605,-2.096054421990433,121.0142612710253,2.014456896781921,False
16,wave_feature_stage1.1.wave_feature_conv2,29,3,1000,0.005,0.0,0.0,post_relu_mean,699.9217529296875,-699.9217529296875,112.35015869140625,0.0,0.0,542.2012329101562,0.04259348974435474,-0.562109062019153,32.452985986733125,1.1437054735422134,False
16,wave_feature_stage1.1.wave_feature_conv2,29,3,1000,0.01,0.0,0.0,post_relu_mean,1374.9442138671875,-1374.9442138671875,222.74559020996094,0.0,0.0,1106.8282470703125,0.044414682630527565,-1.1324550285387993,65.38152645076535,1.1639528268575667,False
16,wave_feature_stage1.1.wave_feature_conv2,22,3,1000,0.005,0.0,0.0,post_relu_mean,823.8969116210938,-823.8969116210938,139.8402557373047,0.0,0.0,644.5378189086914,0.05921654918516996,-0.6714330536943843,38.76473516231478,1.3025448995828628,False
16,wave_feature_stage1.1.wave_feature_conv2,22,3,1000,0.01,0.0,0.0,post_relu_mean,1642.171875,-1642.171875,280.0203552246094,0.0,0.0,1322.632667541504,0.06027295923734325,-1.3570060783196825,78.34581393356453,1.3312084084749223,False
21,wave_pattern_stage2.0.wave_feature_conv1,50,3,1000,0.005,0.0,0.0,post_relu_mean,2040.0242919921875,-2040.0242919921875,102.27249145507812,0.0,0.0,1830.3492431640625,0.198043948757931,-1.934455517790533,111.68444933686374,3.754259303808212,False
21,wave_pattern_stage2.0.wave_feature_conv1,50,3,1000,0.01,0.0,0.0,post_relu_mean,4086.65576171875,-4086.65576171875,202.9144287109375,0.0,0.0,3776.338623046875,0.19332085491510095,-3.903690003627043,225.37692917929934,3.843305468559265,False
21,wave_pattern_stage2.0.wave_feature_conv1,3,3,1000,0.005,0.0,0.0,post_relu_mean,1256.205322265625,-1256.205322265625,91.77996826171875,0.0,0.0,1077.2076721191406,0.11848999629928211,-1.1272021495361602,65.07823468006737,2.4321390879154205,False
21,wave_pattern_stage2.0.wave_feature_conv1,3,3,1000,0.01,0.0,0.0,post_relu_mean,2465.453369140625,-2465.453369140625,177.28909301757812,0.0,0.0,2200.9466857910156,0.1179846419174257,-2.294332076258449,132.46167143149074,2.4768075132369995,False
21,wave_pattern_stage2.0.wave_feature_conv1,27,3,1000,0.005,0.0,0.0,post_relu_mean,1666.6712646484375,-1666.6712646484375,115.6795654296875,0.0,0.0,1473.6539840698242,0.1969418445761588,-1.5484199318728078,89.39697391344117,3.129000140428543,False
21,wave_pattern_stage2.0.wave_feature_conv1,27,3,1000,0.01,0.0,0.0,post_relu_mean,3332.8515625,-3332.8515625,232.4315185546875,0.0,0.0,3023.082206726074,0.18892376946468456,-3.1173428212658427,179.9776334006032,3.2069299733638763,False
21,wave_pattern_stage2.0.wave_feature_conv1,28,3,1000,0.005,0.0,0.0,post_relu_mean,971.8302001953125,-971.8302001953125,85.72288513183594,0.0,0.0,854.201826095581,0.12321518892853463,-0.8910283206146317,51.442963014994696,2.1798306167125703,False
21,wave_pattern_stage2.0.wave_feature_conv1,28,3,1000,0.01,0.0,0.0,post_relu_mean,1928.28515625,-1928.28515625,164.78208923339844,0.0,0.0,1731.597578048706,0.11872651820308089,-1.7740038595569385,102.42099685305494,2.2253710436820984,False
21,wave_pattern_stage2.0.wave_feature_conv1,49,3,1000,0.005,0.0,0.0,post_relu_mean,733.37255859375,-733.37255859375,80.76914978027344,0.0,0.0,621.8427028656006,0.07736990730543232,-0.6538025522629034,37.74697678024663,1.8563246768712998,False
21,wave_pattern_stage2.0.wave_feature_conv1,49,3,1000,0.01,0.0,0.0,post_relu_mean,1493.376953125,-1493.376953125,155.5009307861328,0.0,0.0,1307.115285873413,0.10372628051363807,-1.343187534186646,77.54801802550709,1.9617047041654587,False
23,wave_pattern_stage2.0.wave_feature_conv2,45,3,1000,0.005,0.0,0.0,post_relu_mean,602.252685546875,-602.252685546875,69.72736358642578,0.0,0.0,488.2436408996582,0.05459668163262686,-0.5059597055951179,29.211236440953165,1.193229029774666,False
23,wave_pattern_stage2.0.wave_feature_conv2,45,3,1000,0.01,0.0,0.0,post_relu_mean,1175.3087158203125,-1175.3087158203125,132.78497314453125,0.0,0.0,998.2419929504395,0.061612141032372426,-1.0348206432058995,59.74467366169648,1.2324038130044936,False
23,wave_pattern_stage2.0.wave_feature_conv2,59,3,1000,0.005,0.0,0.0,post_relu_mean,426.2598571777344,-426.2598571777344,69.7831039428711,0.0,0.0,327.85206604003906,0.04123699343609242,-0.3407362390556955,19.672172605070447,0.8752248084545136,False
23,wave_pattern_stage2.0.wave_feature_conv2,59,3,1000,0.01,0.0,0.0,post_relu_mean,848.8472900390625,-848.8472900390625,136.77354431152344,0.0,0.0,683.4490509033203,0.04430417872989844,-0.7140714097686425,41.22642415225753,0.9009484425187111,False
23,wave_pattern_stage2.0.wave_feature_conv2,63,3,1000,0.005,0.0,0.0,post_relu_mean,458.65081787109375,-458.65081787109375,66.16006469726562,0.0,0.0,364.5227870941162,0.045933425609557224,-0.3802919934143373,21.956001355974973,0.9608143720030785,False
23,wave_pattern_stage2.0.wave_feature_conv2,63,3,1000,0.01,0.0,0.0,post_relu_mean,898.9738159179688,-898.9738159179688,127.41407012939453,0.0,0.0,743.5917873382568,0.050897159832747556,-0.7751797544175666,44.75447221324249,0.9927223256230354,False
23,wave_pattern_stage2.0.wave_feature_conv2,25,3,1000,0.005,0.0,0.0,post_relu_mean,448.420654296875,-448.420654296875,63.1486701965332,0.0,0.0,358.3601303100586,0.030962446161327095,-0.37271344451457966,21.518359195127374,0.883965125977993,False
23,wave_pattern_stage2.0.wave_feature_conv2,25,3,1000,0.01,0.0,0.0,post_relu_mean,877.9712524414062,-877.9712524414062,121.4337158203125,0.0,0.0,729.6256942749023,0.03529785895211581,-0.7511816430054306,43.36895308569465,0.9081685420870781,False
23,wave_pattern_stage2.0.wave_feature_conv2,47,3,1000,0.005,0.0,0.0,post_relu_mean,499.59814453125,-499.59814453125,66.7334976196289,0.0,0.0,408.22976875305176,0.030655526640504877,-0.4274655366292605,24.67942892229457,0.9459646090865135,False
23,wave_pattern_stage2.0.wave_feature_conv2,47,3,1000,0.01,0.0,0.0,post_relu_mean,991.7760009765625,-991.7760009765625,130.4147491455078,0.0,0.0,836.7263813018799,0.03736122339524093,-0.8657958551777514,49.98612732631716,0.9747464823722839,False
26,wave_pattern_stage2.0.skip_connection.0,29,3,1000,0.005,0.0,0.0,post_relu_mean,1900.4921875,-1900.4921875,199.43533325195312,0.0,0.0,1602.1634826660156,0.16260137011065096,-1.683450948151145,97.19287298090026,3.225931887626648,False
26,wave_pattern_stage2.0.skip_connection.0,29,3,1000,0.01,0.0,0.0,post_relu_mean,3798.426025390625,-3798.426025390625,397.3948669433594,0.0,0.0,3302.1378479003906,0.1613488730168115,-3.4141144842097613,197.11155937311514,3.307426294088364,False
26,wave_pattern_stage2.0.skip_connection.0,23,3,1000,0.005,0.0,0.0,post_relu_mean,1895.9407958984375,-1895.9407958984375,177.08815002441406,0.0,0.0,1648.4168243408203,0.2036843498937731,-1.740343347450874,100.47756930628972,3.6140595078468323,False
26,wave_pattern_stage2.0.skip_connection.0,23,3,1000,0.01,0.0,0.0,post_relu_mean,3852.42578125,-3852.42578125,354.1939392089844,0.0,0.0,3427.796096801758,0.20642323229253265,-3.5602317662311678,205.54761620178942,3.7407207572460175,False
26,wave_pattern_stage2.0.skip_connection.0,61,3,1000,0.005,0.0,0.0,post_relu_mean,1201.910400390625,-1201.910400390625,174.87351989746094,0.0,0.0,970.2436828613281,0.11205793963379695,-1.030408107889465,59.48994495411471,2.140969594717026,False
26,wave_pattern_stage2.0.skip_connection.0,61,3,1000,0.01,0.0,0.0,post_relu_mean,2397.862548828125,-2397.862548828125,347.1899719238281,0.0,0.0,1993.8794250488281,0.11334566281827366,-2.0640394079004807,119.165885934225,2.196449693441391,False
26,wave_pattern_stage2.0.skip_connection.0,45,3,1000,0.005,0.0,0.0,post_relu_mean,1021.0379638671875,-1021.0379638671875,109.38310241699219,0.0,0.0,860.5401229858398,0.09982799394549347,-0.8878497260435659,51.259399934818525,2.1625406515598296,False
26,wave_pattern_stage2.0.skip_connection.0,45,3,1000,0.01,0.0,0.0,post_relu_mean,2017.9434814453125,-2017.9434814453125,212.32199096679688,0.0,0.0,1754.506736755371,0.1039080643763839,-1.7996577053403382,103.90198811984706,2.2191360187530518,False
26,wave_pattern_stage2.0.skip_connection.0,26,3,1000,0.005,0.0,0.0,post_relu_mean,945.70556640625,-945.70556640625,140.04176330566406,0.0,0.0,755.8669967651367,0.06965526398736517,-0.7860252600675368,45.3806842909796,1.9072000914812088,False
26,wave_pattern_stage2.0.skip_connection.0,26,3,1000,0.01,0.0,0.0,post_relu_mean,1872.743896484375,-1872.743896484375,272.99786376953125,0.0,0.0,1549.9492721557617,0.07942936694602742,-1.5998914168410852,92.3686336401665,1.9572731792926787,False
29,wave_pattern_stage2.1.wave_feature_conv1,39,3,1000,0.005,0.0,0.0,post_relu_mean,1357.4095458984375,-1357.4095458984375,149.34230041503906,0.0,0.0,1105.878318786621,0.1170791494776753,-1.1510670643200405,66.45606159062991,2.5073956775665285,False
29,wave_pattern_stage2.1.wave_feature_conv1,39,3,1000,0.01,0.0,0.0,post_relu_mean,2664.305419921875,-2664.305419921875,292.26312255859375,0.0,0.0,2269.8532943725586,0.11752491097558379,-2.3422813059950522,135.23000758073655,2.573728247880936,False
29,wave_pattern_stage2.1.wave_feature_conv1,53,3,1000,0.005,0.0,0.0,post_relu_mean,1096.9481201171875,-1096.9481201171875,118.10774230957031,0.0,0.0,911.0641098022461,0.15217670990653487,-0.9557796705385163,55.18137498783786,2.2448239910602568,False
29,wave_pattern_stage2.1.wave_feature_conv1,53,3,1000,0.01,0.0,0.0,post_relu_mean,2172.668701171875,-2172.668701171875,228.38563537597656,0.0,0.0,1876.5067977905273,0.15715846154685453,-1.9526390382965138,112.73426326048732,2.3381481623649596,False
29,wave_pattern_stage2.1.wave_feature_conv1,35,3,1000,0.005,0.0,0.0,post_relu_mean,952.8688354492188,-952.8688354492188,131.62408447265625,0.0,0.0,772.7947654724121,0.09248422872488363,-0.7991684472897957,46.139472025007116,1.8231331330537797,False
29,wave_pattern_stage2.1.wave_feature_conv1,35,3,1000,0.01,0.0,0.0,post_relu_mean,1886.8692626953125,-1886.8692626953125,254.8988800048828,0.0,0.0,1583.520351409912,0.09691999523968503,-1.6425891998618323,94.83381813979064,1.8853733253479004,False
29,wave_pattern_stage2.1.wave_feature_conv1,56,3,1000,0.005,0.0,0.0,post_relu_mean,716.0447998046875,-716.0447998046875,108.20831298828125,0.0,0.0,567.1514320373535,0.08262504923487411,-0.5937759830867109,34.281308723263265,1.518131006360054,False
29,wave_pattern_stage2.1.wave_feature_conv1,56,3,1000,0.01,0.0,0.0,post_relu_mean,1403.1134033203125,-1403.1134033203125,206.57211303710938,0.0,0.0,1155.8562049865723,0.09143443840940312,-1.1986471392589253,69.20307432311517,1.5775735783576965,False
29,wave_pattern_stage2.1.wave_feature_conv1,4,3,1000,0.005,0.0,0.0,post_relu_mean,1248.829833984375,-1248.829833984375,182.94937133789062,0.0,0.0,1033.015495300293,0.04439343954309061,-1.0559231861961098,60.96299237381772,2.16138151884079,False
29,wave_pattern_stage2.1.wave_feature_conv1,4,3,1000,0.01,0.0,0.0,post_relu_mean,2478.573486328125,-2478.573486328125,362.9917297363281,0.0,0.0,2082.7167892456055,0.05193403028376136,-2.1318939908922525,123.08341987916016,2.1963735949993133,False
31,wave_pattern_stage2.1.wave_feature_conv2,46,3,1000,0.005,0.0,0.0,post_relu_mean,659.6739501953125,-659.6739501953125,69.38572692871094,0.0,0.0,547.7203636169434,0.059574539362378574,-0.5786877405470904,33.41013638688486,1.2368067497014998,False
31,wave_pattern_stage2.1.wave_feature_conv2,46,3,1000,0.01,0.0,0.0,post_relu_mean,1316.453125,-1316.453125,137.93312072753906,0.0,0.0,1135.9521751403809,0.06283475701984421,-1.195241237369435,69.00644123457595,1.2766961085796356,False
31,wave_pattern_stage2.1.wave_feature_conv2,32,3,1000,0.005,0.0,0.0,post_relu_mean,494.29949951171875,-494.29949951171875,47.08082962036133,0.0,0.0,411.73098373413086,0.06219081304896553,-0.4324047890702272,24.964650101353854,1.1089140796661376,False
31,wave_pattern_stage2.1.wave_feature_conv2,32,3,1000,0.01,0.0,0.0,post_relu_mean,988.0498046875,-988.0498046875,91.56415557861328,0.0,0.0,860.9979820251465,0.07707570271926145,-0.8970575786153686,51.791002707406115,1.177074146270752,False
31,wave_pattern_stage2.1.wave_feature_conv2,10,3,1000,0.005,0.0,0.0,post_relu_mean,514.9103393554688,-514.9103393554688,59.446327209472656,0.0,0.0,422.37609481811523,0.0437591969400246,-0.43839545775021327,25.31051691767116,1.1149797749519348,False
31,wave_pattern_stage2.1.wave_feature_conv2,10,3,1000,0.01,0.0,0.0,post_relu_mean,1018.4263916015625,-1018.4263916015625,116.0604476928711,0.0,0.0,869.2780418395996,0.049474704074173335,-0.8940853526373559,51.61940941563521,1.152078766822815,False
31,wave_pattern_stage2.1.wave_feature_conv2,33,3,1000,0.005,0.0,0.0,post_relu_mean,471.6135559082031,-471.6135559082031,62.175838470458984,0.0,0.0,385.3817729949951,0.04092641669908498,-0.4034346115534602,23.29201766980453,0.8934374779462815,False
31,wave_pattern_stage2.1.wave_feature_conv2,33,3,1000,0.01,0.0,0.0,post_relu_mean,942.6167602539062,-942.6167602539062,122.94963073730469,0.0,0.0,795.6111736297607,0.04661910474654515,-0.832978808143299,48.09145331034187,0.9285373416543007,False
31,wave_pattern_stage2.1.wave_feature_conv2,61,3,1000,0.005,0.0,0.0,post_relu_mean,930.0616455078125,-930.0616455078125,74.90325927734375,0.0,0.0,831.2374877929688,0.03594633729850603,-0.8603579275883263,49.67217289895201,1.761508077979088,False
31,wave_pattern_stage2.1.wave_feature_conv2,61,3,1000,0.01,0.0,0.0,post_relu_mean,1860.7760009765625,-1860.7760009765625,149.2164306640625,0.0,0.0,1687.638671875,0.043630629781696656,-1.7275561630556875,99.73925820444086,1.7948492556810378,False
36,interference_stage3.0.wave_feature_conv1,31,3,1000,0.005,0.0,0.0,post_relu_mean,1396.8134765625,-1396.8134765625,134.06668090820312,0.0,0.0,1171.4458389282227,0.12028699576915265,-1.2408634740557236,71.64062746625737,2.7218440067768097,False
36,interference_stage3.0.wave_feature_conv1,31,3,1000,0.01,0.0,0.0,post_relu_mean,2789.19677734375,-2789.19677734375,265.2895202636719,0.0,0.0,2432.6062393188477,0.13617435657272417,-2.510530619680287,144.9437579557785,2.8209302151203155,False
36,interference_stage3.0.wave_feature_conv1,97,3,1000,0.005,0.0,0.0,post_relu_mean,1010.2037963867188,-1010.2037963867188,119.44438934326172,0.0,0.0,834.6147079467773,0.09733695274958028,-0.8668780528564728,50.04861324946988,2.1386531126499175,False
36,interference_stage3.0.wave_feature_conv1,97,3,1000,0.01,0.0,0.0,post_relu_mean,2005.865478515625,-2005.865478515625,232.55575561523438,0.0,0.0,1717.1650009155273,0.11358958104371514,-1.7908843380264192,103.39546993572418,2.2357674443721773,False
36,interference_stage3.0.wave_feature_conv1,45,3,1000,0.005,0.0,0.0,post_relu_mean,938.5746459960938,-938.5746459960938,114.13252258300781,0.0,0.0,770.7449188232422,0.11551029300490172,-0.7960228533606408,45.957864640672106,2.317680889368057,False
36,interference_stage3.0.wave_feature_conv1,45,3,1000,0.01,0.0,0.0,post_relu_mean,1840.665771484375,-1840.665771484375,219.97311401367188,0.0,0.0,1566.9954071044922,0.1373602107433584,-1.6191421709065676,93.48014077827303,2.425504515171051,False
36,interference_stage3.0.wave_feature_conv1,19,3,1000,0.005,0.0,0.0,post_relu_mean,800.6845703125,-800.6845703125,107.33381652832031,0.0,0.0,647.2404403686523,0.06720291090918791,-0.6651773952735047,38.40357154310696,1.744791966676712,False
36,interference_stage3.0.wave_feature_conv1,19,3,1000,0.01,0.0,0.0,post_relu_mean,1554.418701171875,-1554.418701171875,205.79469299316406,0.0,0.0,1302.5136947631836,0.07409756176649993,-1.3352990897526342,77.0925700752598,1.7874744230508803,False
36,interference_stage3.0.wave_feature_conv1,67,3,1000,0.005,0.0,0.0,post_relu_mean,792.1698608398438,-792.1698608398438,100.79766082763672,0.0,0.0,645.3160095214844,0.09018189857649152,-0.6689964833807125,38.62414898827871,1.8845113283395767,False
36,interference_stage3.0.wave_feature_conv1,67,3,1000,0.01,0.0,0.0,post_relu_mean,1561.121826171875,-1561.121826171875,195.35069274902344,0.0,0.0,1319.7149353027344,0.10343288149896039,-1.3559062376217605,78.28234930944399,1.9584018433094024,False
38,interference_stage3.0.wave_feature_conv2,120,3,1000,0.005,0.0,0.0,post_relu_mean,814.6785888671875,-814.6785888671875,60.09720993041992,0.0,0.0,699.1316299438477,0.10136565844392645,-0.7305211308261222,42.176131987163394,1.7052446895837783,False
38,interference_stage3.0.wave_feature_conv2,120,3,1000,0.01,0.0,0.0,post_relu_mean,1595.3109130859375,-1595.3109130859375,115.15959930419922,0.0,0.0,1424.7016372680664,0.10243155639739553,-1.4634267035569932,84.48993496358521,1.7566505998373032,False
38,interference_stage3.0.wave_feature_conv2,84,3,1000,0.005,0.0,0.0,post_relu_mean,691.3060913085938,-691.3060913085938,57.24470901489258,0.0,0.0,581.5306358337402,0.09954190993471522,-0.6045124866677576,34.90120422967051,1.6282508039474488,False
38,interference_stage3.0.wave_feature_conv2,84,3,1000,0.01,0.0,0.0,post_relu_mean,1354.828125,-1354.828125,111.25559997558594,0.0,0.0,1191.0417442321777,0.10544945480879828,-1.2356885791499037,71.34163744305917,1.6960763865709305,False
38,interference_stage3.0.wave_feature_conv2,69,3,1000,0.005,0.0,0.0,post_relu_mean,596.6624145507812,-596.6624145507812,52.63649368286133,0.0,0.0,499.1814956665039,0.09753447127326934,-0.528107373254705,30.48992927933077,1.5939913684129714,False
38,interference_stage3.0.wave_feature_conv2,69,3,1000,0.01,0.0,0.0,post_relu_mean,1169.017578125,-1169.017578125,102.63448333740234,0.0,0.0,1021.5386123657227,0.10596359384194468,-1.0583617719562861,61.10379319084511,1.6555607426166534,False
38,interference_stage3.0.wave_feature_conv2,109,3,1000,0.005,0.0,0.0,post_relu_mean,613.7235107421875,-613.7235107421875,60.51310348510742,0.0,0.0,509.32295989990234,0.0705555631580298,-0.5343873497655311,30.852495759734424,1.2474525362253188,False
38,interference_stage3.0.wave_feature_conv2,109,3,1000,0.01,0.0,0.0,post_relu_mean,1215.205322265625,-1215.205322265625,119.18450927734375,0.0,0.0,1052.1333236694336,0.07708702975131533,-1.0876069651527664,62.792244295437655,1.2983631265163422,False
38,interference_stage3.0.wave_feature_conv2,104,3,1000,0.005,0.0,0.0,post_relu_mean,637.84326171875,-637.84326171875,63.071388244628906,0.0,0.0,536.8545532226562,0.08401005267838788,-0.573806067792686,33.128321984146346,1.2942651307582855,False
38,interference_stage3.0.wave_feature_conv2,104,3,1000,0.01,0.0,0.0,post_relu_mean,1272.5225830078125,-1272.5225830078125,124.19024658203125,0.0,0.0,1110.4149780273438,0.08691219290075787,-1.1745120827269948,67.80964339775954,1.3462274605035782,False
41,interference_stage3.0.skip_connection.0,32,3,1000,0.005,0.0,0.0,post_relu_mean,1047.2982177734375,-1047.2982177734375,95.58990478515625,0.0,0.0,905.5195999145508,0.12644902615146247,-0.9515672716647018,54.93808751858012,2.433249781131744,False
41,interference_stage3.0.skip_connection.0,32,3,1000,0.01,0.0,0.0,post_relu_mean,2097.388427734375,-2097.388427734375,190.36526489257812,0.0,0.0,1860.8344802856445,0.13545456375474996,-1.9595969219604021,113.1379219241872,2.5043911159038545,False
41,interference_stage3.0.skip_connection.0,30,3,1000,0.005,0.0,0.0,post_relu_mean,855.2877807617188,-855.2877807617188,85.65450286865234,0.0,0.0,724.305591583252,0.09316653748170595,-0.7657117790554627,44.2080535768225,2.075541900396347,False
41,interference_stage3.0.skip_connection.0,30,3,1000,0.01,0.0,0.0,post_relu_mean,1729.1162109375,-1729.1162109375,171.03012084960938,0.0,0.0,1512.7583503723145,0.11789871132200931,-1.5817453917793256,91.32102811025332,2.1813969194889067,False
41,interference_stage3.0.skip_connection.0,123,3,1000,0.005,0.0,0.0,post_relu_mean,824.7261352539062,-824.7261352539062,97.0091323852539,0.0,0.0,685.5555114746094,0.0908118165083977,-0.7120744680909504,41.111150356056804,1.8930694180727006,False
41,interference_stage3.0.skip_connection.0,123,3,1000,0.01,0.0,0.0,post_relu_mean,1632.5491943359375,-1632.5491943359375,188.85440063476562,0.0,0.0,1401.5333557128906,0.10623782382041243,-1.448197011230212,83.61082704769245,1.9678110158443451,False
41,interference_stage3.0.skip_connection.0,80,3,1000,0.005,0.0,0.0,post_relu_mean,737.0916137695312,-737.0916137695312,74.45469665527344,0.0,0.0,620.7314453125,0.09278902661328765,-0.6509803343380702,37.58391320120597,1.7494713634252548,False
41,interference_stage3.0.skip_connection.0,80,3,1000,0.01,0.0,0.0,post_relu_mean,1472.88916015625,-1472.88916015625,145.96714782714844,0.0,0.0,1285.0165405273438,0.10539399878562201,-1.3393585186309342,77.32702585306089,1.83229056596756,False
41,interference_stage3.0.skip_connection.0,60,3,1000,0.005,0.0,0.0,post_relu_mean,820.1714477539062,-820.1714477539062,87.9980697631836,0.0,0.0,691.0399398803711,0.08879127703362535,-0.7194865782899456,41.539082623307806,1.9590185344219209,False
41,interference_stage3.0.skip_connection.0,60,3,1000,0.01,0.0,0.0,post_relu_mean,1612.0128173828125,-1612.0128173828125,170.39926147460938,0.0,0.0,1400.4800643920898,0.10077974227559316,-1.4583893565234638,84.19911531664359,2.0313062131404878,False
44,interference_stage3.1.wave_feature_conv1,81,3,1000,0.005,0.0,0.0,post_relu_mean,974.311767578125,-974.311767578125,108.17803192138672,0.0,0.0,793.1764907836914,0.1283051230354636,-0.8288829104730303,47.85498986145846,2.1629104804992676,False
44,interference_stage3.1.wave_feature_conv1,81,3,1000,0.01,0.0,0.0,post_relu_mean,1912.019775390625,-1912.019775390625,210.8359832763672,0.0,0.0,1628.2266006469727,0.1359552400322458,-1.6821522435338714,97.11791438135516,2.257413475513458,False
44,interference_stage3.1.wave_feature_conv1,42,3,1000,0.005,0.0,0.0,post_relu_mean,987.7214965820312,-987.7214965820312,108.91556549072266,0.0,0.0,808.8618392944336,0.1184855136088294,-0.8456244636248962,48.821726920806384,2.105544160604477,False
44,interference_stage3.1.wave_feature_conv1,42,3,1000,0.01,0.0,0.0,post_relu_mean,1956.8232421875,-1956.8232421875,214.8605194091797,0.0,0.0,1672.018699645996,0.12410854926451045,-1.7235111959341949,99.50574197735247,2.1820698165893555,False
44,interference_stage3.1.wave_feature_conv1,127,3,1000,0.005,0.0,0.0,post_relu_mean,988.5225830078125,-988.5225830078125,110.64485931396484,0.0,0.0,809.1967010498047,0.11697416977139344,-0.8441918629905444,48.73888204727762,2.1260574090480806,False
44,interference_stage3.1.wave_feature_conv1,127,3,1000,0.01,0.0,0.0,post_relu_mean,1975.9442138671875,-1975.9442138671875,222.22332763671875,0.0,0.0,1685.0399017333984,0.13319855041892673,-1.7661932784586705,101.96994635061257,2.228472477197647,False
44,interference_stage3.1.wave_feature_conv1,12,3,1000,0.005,0.0,0.0,post_relu_mean,1147.3914794921875,-1147.3914794921875,117.17308044433594,0.0,0.0,970.5591125488281,0.13712453625177556,-1.0141491621854755,58.55127729723361,2.3826137554645537,False
44,interference_stage3.1.wave_feature_conv1,12,3,1000,0.01,0.0,0.0,post_relu_mean,2289.35693359375,-2289.35693359375,233.2292022705078,0.0,0.0,1996.4684143066406,0.14833363737089486,-2.0598073507440713,118.92159863342637,2.476750942468643,False
44,interference_stage3.1.wave_feature_conv1,31,3,1000,0.005,0.0,0.0,post_relu_mean,940.050048828125,-940.050048828125,111.76016235351562,0.0,0.0,772.941104888916,0.11875784857521816,-0.7984936559143961,46.10060632776334,2.0305566215515136,False
44,interference_stage3.1.wave_feature_conv1,31,3,1000,0.01,0.0,0.0,post_relu_mean,1839.951904296875,-1839.951904296875,216.94900512695312,0.0,0.0,1567.6541175842285,0.12313004115906845,-1.6079910221327305,92.83630767502102,2.101150667667389,False
46,interference_stage3.1.wave_feature_conv2,38,3,1000,0.005,0.0,0.0,post_relu_mean,840.2114868164062,-840.2114868164062,55.87287902832031,0.0,0.0,729.5721664428711,0.12464748216136845,-0.7713124871273637,44.53123268796321,1.8611905825138093,False
46,interference_stage3.1.wave_feature_conv2,38,3,1000,0.01,0.0,0.0,post_relu_mean,1671.11279296875,-1671.11279296875,111.10611724853516,0.0,0.0,1505.2402572631836,0.12392411202351923,-1.5572705953391024,89.90795925164595,1.9243897360563278,False
46,interference_stage3.1.wave_feature_conv2,75,3,1000,0.005,0.0,0.0,post_relu_mean,662.8770751953125,-662.8770751953125,54.7121467590332,0.0,0.0,564.6800117492676,0.12356409322344389,-0.5942589156464749,34.309282669480034,1.53742800116539,False
46,interference_stage3.1.wave_feature_conv2,75,3,1000,0.01,0.0,0.0,post_relu_mean,1309.30224609375,-1309.30224609375,107.26388549804688,0.0,0.0,1158.553424835205,0.12137458804267826,-1.1955738609804356,69.02574568007692,1.6022528594732284,False
46,interference_stage3.1.wave_feature_conv2,104,3,1000,0.005,0.0,0.0,post_relu_mean,567.6309814453125,-567.6309814453125,56.254695892333984,0.0,0.0,481.06532096862793,0.09163127074438059,-0.5039078124780269,29.092776284645698,1.2823156130313873,False
46,interference_stage3.1.wave_feature_conv2,104,3,1000,0.01,0.0,0.0,post_relu_mean,1119.4959716796875,-1119.4959716796875,111.01972961425781,0.0,0.0,978.1652965545654,0.08675601865188161,-1.013358506463272,58.50556099204464,1.3165873444080354,False
46,interference_stage3.1.wave_feature_conv2,103,3,1000,0.005,0.0,0.0,post_relu_mean,464.17779541015625,-464.17779541015625,55.08428192138672,0.0,0.0,380.5857448577881,0.0727749619685785,-0.3955384424619161,22.836140770570623,0.9938836920261384,False
46,interference_stage3.1.wave_feature_conv2,103,3,1000,0.01,0.0,0.0,post_relu_mean,924.4776611328125,-924.4776611328125,109.36042785644531,0.0,0.0,786.6094875335693,0.07457892635905831,-0.8097573696666636,46.75078972473647,1.034018240571022,False
46,interference_stage3.1.wave_feature_conv2,125,3,1000,0.005,0.0,0.0,post_relu_mean,472.72650146484375,-472.72650146484375,56.201114654541016,0.0,0.0,388.8297710418701,0.06724492367972178,-0.40989882380268733,23.665243253959503,1.030317593216896,False
46,interference_stage3.1.wave_feature_conv2,125,3,1000,0.01,0.0,0.0,post_relu_mean,960.4580688476562,-960.4580688476562,114.03035736083984,0.0,0.0,818.7321147918701,0.07226957668112773,-0.8451803944329566,48.79591269308961,1.0817509943246841,False
51,source_localization_stage4.0.wave_feature_conv1,7,3,1000,0.005,0.0,0.0,post_relu_mean,842.8001708984375,-842.8001708984375,48.559993743896484,0.0,0.0,740.8089447021484,0.17947589676007622,-0.7798659312643703,45.02502440659463,2.1894948542118073,False
51,source_localization_stage4.0.wave_feature_conv1,7,3,1000,0.01,0.0,0.0,post_relu_mean,1672.173095703125,-1672.173095703125,95.47125244140625,0.0,0.0,1523.2706756591797,0.17279866564470228,-1.591259269030554,91.8703380002908,2.258956867456436,False
51,source_localization_stage4.0.wave_feature_conv1,45,3,1000,0.005,0.0,0.0,post_relu_mean,624.2642822265625,-624.2642822265625,41.775390625,0.0,0.0,541.5120048522949,0.10456189163831506,-0.5665870365173437,32.71153017624325,1.6378051966428757,False
51,source_localization_stage4.0.wave_feature_conv1,45,3,1000,0.01,0.0,0.0,post_relu_mean,1217.8790283203125,-1217.8790283203125,79.1256332397461,0.0,0.0,1097.7765312194824,0.10290198674410926,-1.126210620673842,65.02108989829415,1.6779553282260895,False
51,source_localization_stage4.0.wave_feature_conv1,102,3,1000,0.005,0.0,0.0,post_relu_mean,893.440673828125,-893.440673828125,47.559173583984375,0.0,0.0,806.6137428283691,0.38575850511329485,-0.8511114944163888,49.138457952328906,3.130214740037918,False
51,source_localization_stage4.0.wave_feature_conv1,102,3,1000,0.01,0.0,0.0,post_relu_mean,1772.377685546875,-1772.377685546875,93.61382293701172,0.0,0.0,1639.4961891174316,0.3636652266075494,-1.6722186338349865,96.54465754818098,3.2216985404491423,False
51,source_localization_stage4.0.wave_feature_conv1,75,3,1000,0.005,0.0,0.0,post_relu_mean,875.0726928710938,-875.0726928710938,47.19716262817383,0.0,0.0,791.0428009033203,0.3365842231372101,-0.8242005325645835,47.584779614004376,3.024317442178726,False
51,source_localization_stage4.0.wave_feature_conv1,75,3,1000,0.01,0.0,0.0,post_relu_mean,1769.277587890625,-1769.277587890625,94.1956787109375,0.0,0.0,1638.2491607666016,0.3329317547848202,-1.68560109846252,97.3170239568566,3.2147443866729737,False
51,source_localization_stage4.0.wave_feature_conv1,81,3,1000,0.005,0.0,0.0,post_relu_mean,777.7129516601562,-777.7129516601562,40.64093017578125,0.0,0.0,710.4589710235596,0.4137224827188405,-0.7748174110389137,44.73357892561229,3.238840641975403,False
51,source_localization_stage4.0.wave_feature_conv1,81,3,1000,0.01,0.0,0.0,post_relu_mean,1544.98828125,-1544.98828125,78.7525405883789,0.0,0.0,1439.622667312622,0.3635780753913693,-1.5041935026952336,86.84391905595245,3.232621510028839,False
53,source_localization_stage4.0.wave_feature_conv2,101,3,1000,0.005,0.0,0.0,post_relu_mean,413.1622009277344,-413.1622009277344,30.42413330078125,0.0,0.0,371.2326068878174,0.2668520493596943,-0.38432568139185175,22.188810559885372,1.8925979113578797,False
53,source_localization_stage4.0.wave_feature_conv2,101,3,1000,0.01,0.0,0.0,post_relu_mean,882.77978515625,-882.77978515625,63.788238525390625,0.0,0.0,807.4861164093018,0.330625122620222,-0.8656172817284299,49.976284024385464,2.284119327068329,False
53,source_localization_stage4.0.wave_feature_conv2,254,3,1000,0.005,0.0,0.0,post_relu_mean,419.2138366699219,-419.2138366699219,29.45168685913086,0.0,0.0,378.81381702423096,0.3005704365455445,-0.4124109717809475,23.81028280735662,2.0297501569986345,False
53,source_localization_stage4.0.wave_feature_conv2,254,3,1000,0.01,0.0,0.0,post_relu_mean,842.4508666992188,-842.4508666992188,59.1320915222168,0.0,0.0,772.370457649231,0.3132217474673871,-0.8258416181779058,47.679991292210794,2.20426949262619,False
53,source_localization_stage4.0.wave_feature_conv2,153,3,1000,0.005,0.0,0.0,post_relu_mean,590.4186401367188,-590.4186401367188,71.98403930664062,0.0,0.0,508.99831199645996,0.7354728239470482,-0.5426230297404774,31.32808220453648,2.4244657552242277,False
53,source_localization_stage4.0.wave_feature_conv2,153,3,1000,0.01,0.0,0.0,post_relu_mean,1176.38427734375,-1176.38427734375,145.07073974609375,0.0,0.0,1021.87721824646,0.6527967549632834,-1.0290629868438361,59.412464777714895,2.505517836809158,False
53,source_localization_stage4.0.wave_feature_conv2,152,3,1000,0.005,0.0,0.0,post_relu_mean,277.6386413574219,-277.6386413574219,27.1409854888916,0.0,0.0,241.39959812164307,0.16957611711684628,-0.25583986558587296,14.770794968607566,1.2085148012638092,False
53,source_localization_stage4.0.wave_feature_conv2,152,3,1000,0.01,0.0,0.0,post_relu_mean,579.1973876953125,-579.1973876953125,56.11430740356445,0.0,0.0,513.9850168228149,0.21416480938659002,-0.5584486145967126,32.241847342108535,1.405100925564766,False
53,source_localization_stage4.0.wave_feature_conv2,90,3,1000,0.005,0.0,0.0,post_relu_mean,192.06275939941406,-192.06275939941406,28.643117904663086,0.0,0.0,154.76354312896729,0.06240013931323531,-0.15850817682719287,9.151380792225417,0.5739867827296257,False
53,source_localization_stage4.0.wave_feature_conv2,90,3,1000,0.01,0.0,0.0,post_relu_mean,382.00439453125,-382.00439453125,57.525291442871094,0.0,0.0,315.8229913711548,0.06662090172918057,-0.3221599504068412,18.599686613863362,0.6146277803182602,False
56,source_localization_stage4.0.skip_connection.0,74,3,1000,0.005,0.0,0.0,post_relu_mean,597.7723388671875,-597.7723388671875,56.05222702026367,0.0,0.0,511.39577865600586,0.10597549398335522,-0.5368841694415774,30.99665434741883,1.709451197385788,False
56,source_localization_stage4.0.skip_connection.0,74,3,1000,0.01,0.0,0.0,post_relu_mean,1179.7725830078125,-1179.7725830078125,110.42665100097656,0.0,0.0,1039.0216331481934,0.10770888058494724,-1.0759883101539207,62.121543040801185,1.7637431854009629,False
56,source_localization_stage4.0.skip_connection.0,131,3,1000,0.005,0.0,0.0,post_relu_mean,534.770263671875,-534.770263671875,49.35636901855469,0.0,0.0,461.6906318664551,0.09229067093377279,-0.47602279156099997,27.48309138637114,1.6905913245677948,False
56,source_localization_stage4.0.skip_connection.0,131,3,1000,0.01,0.0,0.0,post_relu_mean,1086.294189453125,-1086.294189453125,100.3159408569336,0.0,0.0,962.2550239562988,0.11868211376902295,-0.9918496109680575,57.26381986562097,1.8173635053634642,False
56,source_localization_stage4.0.skip_connection.0,252,3,1000,0.005,0.0,0.0,post_relu_mean,460.2232666015625,-460.2232666015625,45.05854797363281,0.0,0.0,391.49987602233887,0.0745883109074801,-0.4086257597190052,23.591956465373535,1.3629276412725448,False
56,source_localization_stage4.0.skip_connection.0,252,3,1000,0.01,0.0,0.0,post_relu_mean,910.5403442382812,-910.5403442382812,86.55224609375,0.0,0.0,800.3232402801514,0.08500580179096087,-0.8184803846475556,47.25440400536379,1.4262013083696365,False
56,source_localization_stage4.0.skip_connection.0,37,3,1000,0.005,0.0,0.0,post_relu_mean,476.73809814453125,-476.73809814453125,50.01929473876953,0.0,0.0,404.45655632019043,0.14546611498829834,-0.44703266363244776,25.809154088920533,1.5018863904476165,False
56,source_localization_stage4.0.skip_connection.0,37,3,1000,0.01,0.0,0.0,post_relu_mean,967.7937622070312,-967.7937622070312,99.3880386352539,0.0,0.0,846.1434459686279,0.17539908087281636,-0.904268287218655,52.20739420527431,1.6230170023441315,False
56,source_localization_stage4.0.skip_connection.0,24,3,1000,0.005,0.0,0.0,post_relu_mean,578.7785034179688,-578.7785034179688,55.17411422729492,0.0,0.0,501.9468364715576,0.13393574320897278,-0.5124270581587538,29.584858968930185,1.848397458791733,False
56,source_localization_stage4.0.skip_connection.0,24,3,1000,0.01,0.0,0.0,post_relu_mean,1180.97802734375,-1180.97802734375,110.06322479248047,0.0,0.0,1049.2572612762451,0.15988725228633324,-1.0873773247834615,62.779031120434695,2.0012931990623475,False
59,source_localization_stage4.1.wave_feature_conv1,152,3,1000,0.005,0.0,0.0,post_relu_mean,866.9246826171875,-866.9246826171875,63.21327590942383,0.0,0.0,769.0678520202637,0.6099678074074858,-0.7960746892970421,45.96087040683161,3.7186049997806547,False
59,source_localization_stage4.1.wave_feature_conv1,152,3,1000,0.01,0.0,0.0,post_relu_mean,1779.3240966796875,-1779.3240966796875,126.80520629882812,0.0,0.0,1617.8753471374512,0.5725362857940538,-1.689951113462895,97.56817863669018,3.9690456628799438,False
59,source_localization_stage4.1.wave_feature_conv1,232,3,1000,0.005,0.0,0.0,post_relu_mean,634.7308349609375,-634.7308349609375,61.61256408691406,0.0,0.0,545.2111358642578,0.300383087131743,-0.5529426675760888,31.923959295137564,2.2427358126640318,False
59,source_localization_stage4.1.wave_feature_conv1,232,3,1000,0.01,0.0,0.0,post_relu_mean,1239.6392822265625,-1239.6392822265625,120.00907135009766,0.0,0.0,1091.7230987548828,0.2840066564995848,-1.1010576324588779,63.56921056792595,2.356132824420929,False
59,source_localization_stage4.1.wave_feature_conv1,120,3,1000,0.005,0.0,0.0,post_relu_mean,867.2000732421875,-867.2000732421875,78.7745132446289,0.0,0.0,762.5431804656982,0.7996553017332887,-1.511558781012067,87.30023118329427,3.4621122908592223,False
59,source_localization_stage4.1.wave_feature_conv1,120,3,1000,0.01,0.0,0.0,post_relu_mean,2305.3564453125,-2305.3564453125,214.4202880859375,0.0,0.0,2065.0536785125732,1.2874672107245468,-2.3312311412216458,134.59588090429608,4.400827596187591,False
59,source_localization_stage4.1.wave_feature_conv1,198,3,1000,0.005,0.0,0.0,post_relu_mean,480.9979248046875,-480.9979248046875,59.33106231689453,0.0,0.0,400.7393569946289,0.20519297590663507,-0.44312846867649974,25.584043649213577,1.6761767053604126,False
59,source_localization_stage4.1.wave_feature_conv1,198,3,1000,0.01,0.0,0.0,post_relu_mean,956.6637573242188,-956.6637573242188,118.51701354980469,0.0,0.0,817.2192153930664,0.2180865527360194,-0.8515081555475167,49.16131499932259,1.7922203612327576,False
59,source_localization_stage4.1.wave_feature_conv1,44,3,1000,0.005,0.0,0.0,post_relu_mean,430.91094970703125,-430.91094970703125,57.48036193847656,0.0,0.0,354.67466926574707,0.11254178655361995,-0.3713939426473333,21.442179730508947,1.1967575418949128,False
59,source_localization_stage4.1.wave_feature_conv1,44,3,1000,0.01,0.0,0.0,post_relu_mean,867.8051147460938,-867.8051147460938,115.16619110107422,0.0,0.0,733.8829822540283,0.11413446593661515,-0.7552965853565282,43.6067526736595,1.2694076585769654,False
61,source_localization_stage4.1.wave_feature_conv2,201,3,1000,0.005,0.0,0.0,post_relu_mean,673.5033569335938,-673.5033569335938,98.82062530517578,0.0,0.0,552.5743217468262,0.4668159306535954,-0.5881760477163175,33.95798082303239,2.825404280424118,False
61,source_localization_stage4.1.wave_feature_conv2,201,3,1000,0.01,0.0,0.0,post_relu_mean,1295.023681640625,-1295.023681640625,189.76698303222656,0.0,0.0,1083.1482963562012,0.4534403517593042,-1.1049264115971795,63.79218593431302,2.9383976900577546,False
61,source_localization_stage4.1.wave_feature_conv2,13,3,1000,0.005,0.0,0.0,post_relu_mean,956.913330078125,-956.913330078125,146.4208526611328,0.0,0.0,789.491491317749,0.8778450356517064,-1.398539993010323,80.74464260743704,3.5482390403747557,False
61,source_localization_stage4.1.wave_feature_conv2,13,3,1000,0.01,0.0,0.0,post_relu_mean,2317.123046875,-2317.123046875,359.3168640136719,0.0,0.0,1936.8051509857178,1.1542800508927138,-2.095958212584465,121.01664631736973,4.10656997680664,False
61,source_localization_stage4.1.wave_feature_conv2,101,3,1000,0.005,0.0,0.0,post_relu_mean,476.677978515625,-476.677978515625,95.84003448486328,0.0,0.0,362.00817680358887,0.22162813874525106,-0.397034540922422,22.922652942580154,1.6069995808601378,False
61,source_localization_stage4.1.wave_feature_conv2,101,3,1000,0.01,0.0,0.0,post_relu_mean,968.9559326171875,-968.9559326171875,192.34005737304688,0.0,0.0,757.7860698699951,0.2789878405765516,-0.7960469826870182,45.95924411569587,1.8595469975471497,False
61,source_localization_stage4.1.wave_feature_conv2,221,3,1000,0.005,0.0,0.0,post_relu_mean,591.3612060546875,-591.3612060546875,99.1775131225586,0.0,0.0,473.84989738464355,0.37466626520197666,-0.4852528545345592,28.015745206273877,2.3571345722675323,False
61,source_localization_stage4.1.wave_feature_conv2,221,3,1000,0.01,0.0,0.0,post_relu_mean,1186.379638671875,-1186.379638671875,198.99798583984375,0.0,0.0,969.0478649139404,0.38952613878460446,-0.9959031860012807,57.49794355204567,2.593345792293549,False
61,source_localization_stage4.1.wave_feature_conv2,254,3,1000,0.005,0.0,0.0,post_relu_mean,543.2733764648438,-543.2733764648438,94.3027572631836,0.0,0.0,430.9435119628906,0.3795371708417664,-0.4551770446177657,26.27947100378107,2.3166708195209504,False
61,source_localization_stage4.1.wave_feature_conv2,254,3,1000,0.01,0.0,0.0,post_relu_mean,1123.0546875,-1123.0546875,192.4056396484375,0.0,0.0,912.6219482421875,0.40391373127784463,-0.9356010572627598,54.0164421207875,2.528257368803024,False
8,wave_feature_stage1.0.wave_feature_conv1,19,4,1000,0.005,0.0,0.0,post_relu_mean,2957.08447265625,-2957.08447265625,364.6673278808594,0.0,0.0,2467.1563568115234,0.34215392945664014,-2.5250810650149065,145.78385692399206,4.80758373260498,False
8,wave_feature_stage1.0.wave_feature_conv1,19,4,1000,0.01,0.0,0.0,post_relu_mean,5817.1083984375,-5817.1083984375,706.9562377929688,0.0,0.0,4984.891464233398,0.2912742333322699,-5.055053649778744,291.8500626657013,4.880046033859253,False
8,wave_feature_stage1.0.wave_feature_conv1,2,4,1000,0.005,0.0,0.0,post_relu_mean,1898.2646484375,-1898.2646484375,345.3535461425781,0.0,0.0,1490.6609840393066,0.2618949103053846,-1.5108466497673183,87.22768508059212,3.213212504386902,False
8,wave_feature_stage1.0.wave_feature_conv1,2,4,1000,0.01,0.0,0.0,post_relu_mean,3738.478271484375,-3738.478271484375,671.59130859375,0.0,0.0,3004.6368141174316,0.2132549742703637,-3.0312358932020174,175.0063251651652,3.270050243139267,False
8,wave_feature_stage1.0.wave_feature_conv1,30,4,1000,0.005,0.0,0.0,post_relu_mean,2024.5419921875,-2024.5419921875,348.5554504394531,0.0,0.0,1615.1696395874023,0.1534250039807321,-1.6567118841056965,95.64913766559134,3.2587072241306303,False
8,wave_feature_stage1.0.wave_feature_conv1,30,4,1000,0.01,0.0,0.0,post_relu_mean,3998.759521484375,-3998.759521484375,678.2239379882812,0.0,0.0,3259.7187118530273,0.1339200103351285,-3.3014835702313454,190.6088965791818,3.2855620050430296,False
8,wave_feature_stage1.0.wave_feature_conv1,29,4,1000,0.005,0.0,0.0,post_relu_mean,2000.7711181640625,-2000.7711181640625,335.8351745605469,0.0,0.0,1604.5280303955078,0.23195596264356091,-1.618079685665237,93.4187306867117,3.1838879489898684,False
8,wave_feature_stage1.0.wave_feature_conv1,29,4,1000,0.01,0.0,0.0,post_relu_mean,3916.932861328125,-3916.932861328125,650.3933715820312,0.0,0.0,3206.1316680908203,0.18389899070857854,-3.2219128755806783,186.01492889551758,3.205826095342636,False
8,wave_feature_stage1.0.wave_feature_conv1,24,4,1000,0.005,0.0,0.0,post_relu_mean,1880.873291015625,-1880.873291015625,343.4184265136719,0.0,0.0,1479.006088256836,0.17984862526988837,-1.5034496586901975,86.80062948728138,3.1854887115955353,False
8,wave_feature_stage1.0.wave_feature_conv1,24,4,1000,0.01,0.0,0.0,post_relu_mean,3687.504150390625,-3687.504150390625,666.1204833984375,0.0,0.0,2962.935043334961,0.15357642881770914,-2.998237613777259,173.10117342483395,3.211198433637619,False
10,wave_feature_stage1.0.wave_feature_conv2,25,4,1000,0.005,0.0,0.0,post_relu_mean,1474.348876953125,-1474.348876953125,142.2962188720703,0.0,0.0,1244.7940673828125,0.1449525157354515,-1.2905705074572662,74.51019253473844,2.311726973056793,False
10,wave_feature_stage1.0.wave_feature_conv2,25,4,1000,0.01,0.0,0.0,post_relu_mean,2883.9658203125,-2883.9658203125,278.0107421875,0.0,0.0,2518.696533203125,0.12463311740923688,-2.571851788238065,148.48407721702753,2.3355303955078126,False
10,wave_feature_stage1.0.wave_feature_conv2,4,4,1000,0.005,0.0,0.0,post_relu_mean,1325.7672119140625,-1325.7672119140625,142.21473693847656,0.0,0.0,1119.2291564941406,0.14013338260864058,-1.1544763474280948,66.65291139925294,2.160270085334778,False
10,wave_feature_stage1.0.wave_feature_conv2,4,4,1000,0.01,0.0,0.0,post_relu_mean,2623.98486328125,-2623.98486328125,280.5601501464844,0.0,0.0,2279.1014709472656,0.1223366279965235,-2.3290162300139046,134.46414155547018,2.1897880923748017,False
10,wave_feature_stage1.0.wave_feature_conv2,23,4,1000,0.005,0.0,0.0,post_relu_mean,803.4385986328125,-803.4385986328125,107.38188934326172,0.0,0.0,659.888427734375,0.07935916517147713,-0.685849711733516,39.597071985472944,1.4602919375896455,False
10,wave_feature_stage1.0.wave_feature_conv2,23,4,1000,0.01,0.0,0.0,post_relu_mean,1597.3428955078125,-1597.3428955078125,210.1824493408203,0.0,0.0,1350.9921264648438,0.07245499450611853,-1.3913501731891438,80.328651470688,1.4906328070163726,False
10,wave_feature_stage1.0.wave_feature_conv2,13,4,1000,0.005,0.0,0.0,post_relu_mean,942.4133911132812,-942.4133911132812,86.74961853027344,0.0,0.0,823.2796516418457,0.23076151788791324,-0.8197964143134339,47.33041751075154,2.2155064654350283,False
10,wave_feature_stage1.0.wave_feature_conv2,13,4,1000,0.01,0.0,0.0,post_relu_mean,1850.6390380859375,-1850.6390380859375,166.85609436035156,0.0,0.0,1651.398853302002,0.19948349187538914,-1.631286495571813,94.1812064114181,2.2697634994983673,False
10,wave_feature_stage1.0.wave_feature_conv2,9,4,1000,0.005,0.0,0.0,post_relu_mean,1483.630126953125,-1483.630126953125,119.8248519897461,0.0,0.0,1333.5685348510742,0.14856445378208122,-1.351267335302767,78.01448833145682,2.6795367300510406,False
10,wave_feature_stage1.0.wave_feature_conv2,9,4,1000,0.01,0.0,0.0,post_relu_mean,2962.17431640625,-2962.17431640625,237.11927795410156,0.0,0.0,2694.8181686401367,0.13046226671621575,-2.716636090462808,156.84313558128216,2.7232557773590087,False
14,wave_feature_stage1.1.wave_feature_conv1,2,4,1000,0.005,0.0,0.0,post_relu_mean,2284.192138671875,-2284.192138671875,361.0691223144531,0.0,0.0,1767.4073791503906,0.20685922870712528,-1.8442699633164656,106.4776453282572,3.378834420442581,False
14,wave_feature_stage1.1.wave_feature_conv1,2,4,1000,0.01,0.0,0.0,post_relu_mean,4506.20751953125,-4506.20751953125,707.607177734375,0.0,0.0,3642.8846740722656,0.1970360137891179,-3.7650767289690057,217.37417254593018,3.4721786272525788,False
14,wave_feature_stage1.1.wave_feature_conv1,8,4,1000,0.005,0.0,0.0,post_relu_mean,2150.563720703125,-2150.563720703125,378.093994140625,0.0,0.0,1648.5755157470703,0.20100628216376898,-1.7056549435281294,98.47480930524118,3.178801577091217,False
14,wave_feature_stage1.1.wave_feature_conv1,8,4,1000,0.01,0.0,0.0,post_relu_mean,4229.41748046875,-4229.41748046875,744.6262817382812,0.0,0.0,3360.8970489501953,0.17790720198164692,-3.438831034069308,198.53852426502925,3.2412994515895845,False
14,wave_feature_stage1.1.wave_feature_conv1,29,4,1000,0.005,0.0,0.0,post_relu_mean,2140.666015625,-2140.666015625,380.7940368652344,0.0,0.0,1640.0302734375,0.14756117091962104,-1.6941315046548033,97.80952672827381,3.199957987070084,False
14,wave_feature_stage1.1.wave_feature_conv1,29,4,1000,0.01,0.0,0.0,post_relu_mean,4184.89453125,-4184.89453125,744.0242919921875,0.0,0.0,3321.0284423828125,0.1380854003975592,-3.4095125898044913,196.84586165525334,3.2513501060009005,False
14,wave_feature_stage1.1.wave_feature_conv1,9,4,1000,0.005,0.0,0.0,post_relu_mean,1855.167236328125,-1855.167236328125,401.3049621582031,0.0,0.0,1373.1118927001953,0.18374930988724078,-1.4226659472333973,82.13663847977944,2.686357684135437,False
14,wave_feature_stage1.1.wave_feature_conv1,9,4,1000,0.01,0.0,0.0,post_relu_mean,3647.61181640625,-3647.61181640625,782.4903564453125,0.0,0.0,2784.3711700439453,0.16416529304248653,-2.835369847503024,163.69811995557131,2.737073174715042,False
14,wave_feature_stage1.1.wave_feature_conv1,30,4,1000,0.005,0.0,0.0,post_relu_mean,2488.822998046875,-2488.822998046875,416.89215087890625,0.0,0.0,1995.8202667236328,0.3012814361353981,-2.0717386728308345,119.61041662965121,3.914888525009155,False
14,wave_feature_stage1.1.wave_feature_conv1,30,4,1000,0.01,0.0,0.0,post_relu_mean,4921.970703125,-4921.970703125,809.0659790039062,0.0,0.0,4036.794143676758,0.2570601388313683,-4.108877002015382,237.2232042573569,3.9629663813114164,False
16,wave_feature_stage1.1.wave_feature_conv2,11,4,1000,0.005,0.0,0.0,post_relu_mean,1234.10498046875,-1234.10498046875,140.6588897705078,0.0,0.0,1044.9703063964844,0.14912227000299003,-1.0879452003084742,62.811760867506386,2.114342359304428,False
16,wave_feature_stage1.1.wave_feature_conv2,11,4,1000,0.01,0.0,0.0,post_relu_mean,2448.903564453125,-2448.903564453125,277.765625,0.0,0.0,2122.6622009277344,0.13819831574751973,-2.1719705991001828,125.39721733013744,2.15761283159256,False
16,wave_feature_stage1.1.wave_feature_conv2,9,4,1000,0.005,0.0,0.0,post_relu_mean,1154.3118896484375,-1154.3118896484375,137.58970642089844,0.0,0.0,972.4077339172363,0.1372749707809924,-1.0273932843346718,59.315839923494345,1.9660979479551315,False
16,wave_feature_stage1.1.wave_feature_conv2,9,4,1000,0.01,0.0,0.0,post_relu_mean,2342.01220703125,-2342.01220703125,276.20159912109375,0.0,0.0,2021.4961128234863,0.1348073295583624,-2.101811103291498,121.3466199236981,2.027818977832794,False
16,wave_feature_stage1.1.wave_feature_conv2,13,4,1000,0.005,0.0,0.0,post_relu_mean,877.5244140625,-877.5244140625,89.63996124267578,0.0,0.0,745.9345092773438,0.08234821618699271,-0.7706253479548658,44.4915205505837,1.4435402554273606,False
16,wave_feature_stage1.1.wave_feature_conv2,13,4,1000,0.01,0.0,0.0,post_relu_mean,1736.208984375,-1736.208984375,178.57313537597656,0.0,0.0,1515.6859130859375,0.0713547298759964,-1.547490944841981,89.34331582668763,1.4659296172857283,False
16,wave_feature_stage1.1.wave_feature_conv2,29,4,1000,0.005,0.0,0.0,post_relu_mean,697.7030029296875,-697.7030029296875,116.51980590820312,0.0,0.0,541.725830078125,0.03906637875537662,-0.5567165714482216,32.14164947035582,1.1234817570447921,False
16,wave_feature_stage1.1.wave_feature_conv2,29,4,1000,0.01,0.0,0.0,post_relu_mean,1372.067138671875,-1372.067138671875,231.0653533935547,0.0,0.0,1101.54443359375,0.041917868492872615,-1.1293976471878837,65.20499399641172,1.147930496931076,False
16,wave_feature_stage1.1.wave_feature_conv2,22,4,1000,0.005,0.0,0.0,post_relu_mean,819.7196044921875,-819.7196044921875,140.20472717285156,0.0,0.0,645.316219329834,0.06075374898899749,-0.6706065162767987,38.71700512597548,1.3048988538980484,False
16,wave_feature_stage1.1.wave_feature_conv2,22,4,1000,0.01,0.0,0.0,post_relu_mean,1622.020751953125,-1622.020751953125,276.9429626464844,0.0,0.0,1310.8790855407715,0.05926072531690724,-1.3497834752082185,77.92881773930772,1.3229253780841828,False
21,wave_pattern_stage2.0.wave_feature_conv1,50,4,1000,0.005,0.0,0.0,post_relu_mean,2051.267822265625,-2051.267822265625,102.32015991210938,0.0,0.0,1848.217788696289,0.19465707745173663,-1.9404812959679458,112.03234753544791,3.806892293691635,False
21,wave_pattern_stage2.0.wave_feature_conv1,50,4,1000,0.01,0.0,0.0,post_relu_mean,4080.342041015625,-4080.342041015625,202.18385314941406,0.0,0.0,3777.4283599853516,0.185666912279626,-3.8862004167291686,224.3670864371544,3.876137436628342,False
21,wave_pattern_stage2.0.wave_feature_conv1,3,4,1000,0.005,0.0,0.0,post_relu_mean,1266.9686279296875,-1266.9686279296875,92.66561126708984,0.0,0.0,1097.1631088256836,0.12513205643307457,-1.136107048000907,65.59236829044471,2.47760040640831,False
21,wave_pattern_stage2.0.wave_feature_conv1,3,4,1000,0.01,0.0,0.0,post_relu_mean,2497.030029296875,-2497.030029296875,180.8671875,0.0,0.0,2239.0229721069336,0.12188648144617309,-2.299489724120544,132.75957563231697,2.5224214577674866,False
21,wave_pattern_stage2.0.wave_feature_conv1,27,4,1000,0.005,0.0,0.0,post_relu_mean,1671.71630859375,-1671.71630859375,117.17826843261719,0.0,0.0,1478.8818359375,0.16973366654510816,-1.5458869890021176,89.25076334426114,3.1236121749877928,False
21,wave_pattern_stage2.0.wave_feature_conv1,27,4,1000,0.01,0.0,0.0,post_relu_mean,3317.082763671875,-3317.082763671875,229.77757263183594,0.0,0.0,3011.64892578125,0.1626717009038586,-3.1029433385370764,179.14630881595806,3.1953195834159853,False
21,wave_pattern_stage2.0.wave_feature_conv1,49,4,1000,0.005,0.0,0.0,post_relu_mean,760.0594482421875,-760.0594482421875,82.28284454345703,0.0,0.0,644.6835289001465,0.09035357617351221,-0.6571987573767712,37.942945785231956,1.933162744641304,False
21,wave_pattern_stage2.0.wave_feature_conv1,49,4,1000,0.01,0.0,0.0,post_relu_mean,1488.1776123046875,-1488.1776123046875,157.33978271484375,0.0,0.0,1297.7448081970215,0.10243698180275307,-1.3557197068964812,78.27171502487835,1.9812653958797455,False
21,wave_pattern_stage2.0.wave_feature_conv1,28,4,1000,0.005,0.0,0.0,post_relu_mean,988.92626953125,-988.92626953125,88.25196838378906,0.0,0.0,872.3874549865723,0.11080515402081674,-0.9046002703107129,52.22648851062672,2.2069893634319304,False
21,wave_pattern_stage2.0.wave_feature_conv1,28,4,1000,0.01,0.0,0.0,post_relu_mean,1961.3057861328125,-1961.3057861328125,168.92947387695312,0.0,0.0,1764.0894813537598,0.10609150591487924,-1.8032579423799564,104.10989425714182,2.2498456013202666,False
23,wave_pattern_stage2.0.wave_feature_conv2,45,4,1000,0.005,0.0,0.0,post_relu_mean,617.6866455078125,-617.6866455078125,71.55561065673828,0.0,0.0,505.38210678100586,0.05290199254515386,-0.5227922290083008,30.183060200451052,1.2191430217027663,False
23,wave_pattern_stage2.0.wave_feature_conv2,45,4,1000,0.01,0.0,0.0,post_relu_mean,1198.628173828125,-1198.628173828125,136.19273376464844,0.0,0.0,1021.6864891052246,0.05715883463591221,-1.0567890775333348,61.01305062000688,1.2464992415904999,False
23,wave_pattern_stage2.0.wave_feature_conv2,59,4,1000,0.005,0.0,0.0,post_relu_mean,431.93865966796875,-431.93865966796875,72.24605560302734,0.0,0.0,333.55809783935547,0.04161669065135426,-0.3484420308978793,20.117062458257013,0.8893659105896949,False
23,wave_pattern_stage2.0.wave_feature_conv2,59,4,1000,0.01,0.0,0.0,post_relu_mean,848.624267578125,-848.624267578125,140.32562255859375,0.0,0.0,682.1641464233398,0.046491817536544404,-0.7044435251353696,40.670565277566595,0.9183631351590157,False
23,wave_pattern_stage2.0.wave_feature_conv2,63,4,1000,0.005,0.0,0.0,post_relu_mean,471.1053161621094,-471.1053161621094,68.56118774414062,0.0,0.0,377.53405570983887,0.047609701355418026,-0.38989134577149814,22.51014593581165,0.9851552927494049,False
23,wave_pattern_stage2.0.wave_feature_conv2,63,4,1000,0.01,0.0,0.0,post_relu_mean,928.6593627929688,-928.6593627929688,131.67613220214844,0.0,0.0,771.9731426239014,0.04815661991717753,-0.7923285870232691,45.744542626883046,1.0093596678972245,False
23,wave_pattern_stage2.0.wave_feature_conv2,55,4,1000,0.005,0.0,0.0,post_relu_mean,454.73236083984375,-454.73236083984375,73.27116394042969,0.0,0.0,357.2401523590088,0.04489424449320646,-0.3714713027280028,21.446644259207236,0.8682318413257599,False
23,wave_pattern_stage2.0.wave_feature_conv2,55,4,1000,0.01,0.0,0.0,post_relu_mean,900.0135498046875,-900.0135498046875,141.306396484375,0.0,0.0,734.4861240386963,0.047904088887441625,-0.7537342982219576,43.51633260671272,0.8959814748167991,False
23,wave_pattern_stage2.0.wave_feature_conv2,25,4,1000,0.005,0.0,0.0,post_relu_mean,432.23907470703125,-432.23907470703125,62.36861038208008,0.0,0.0,346.5881977081299,0.027987049507067867,-0.35641208885294146,20.577209558059856,0.8651165392994881,False
23,wave_pattern_stage2.0.wave_feature_conv2,25,4,1000,0.01,0.0,0.0,post_relu_mean,855.4798583984375,-855.4798583984375,120.81099700927734,0.0,0.0,711.3866291046143,0.032836826180473205,-0.7360870004263534,42.49752733780872,0.8909753140807152,False
26,wave_pattern_stage2.0.skip_connection.0,29,4,1000,0.005,0.0,0.0,post_relu_mean,1894.90673828125,-1894.90673828125,196.458740234375,0.0,0.0,1608.273910522461,0.15040622718333568,-1.6897463899305,97.55634520003301,3.2464900720119476,False
26,wave_pattern_stage2.0.skip_connection.0,29,4,1000,0.01,0.0,0.0,post_relu_mean,3794.151611328125,-3794.151611328125,393.4245300292969,0.0,0.0,3310.552963256836,0.1510740196931838,-3.417555202002609,197.31047334833653,3.320190031528473,False
26,wave_pattern_stage2.0.skip_connection.0,23,4,1000,0.005,0.0,0.0,post_relu_mean,1903.1331787109375,-1903.1331787109375,175.1638946533203,0.0,0.0,1658.299903869629,0.191789761274308,-1.742259319330884,100.58815476772412,3.678523323535919,False
26,wave_pattern_stage2.0.skip_connection.0,23,4,1000,0.01,0.0,0.0,post_relu_mean,3808.947509765625,-3808.947509765625,348.7865295410156,0.0,0.0,3390.491554260254,0.1843519105238906,-3.529719205687662,203.78593412551828,3.7629511547088623,False
26,wave_pattern_stage2.0.skip_connection.0,61,4,1000,0.005,0.0,0.0,post_relu_mean,1205.6619873046875,-1205.6619873046875,173.71969604492188,0.0,0.0,978.0044174194336,0.10628953510589839,-1.033246613178269,59.65379255616795,2.146390689611435,False
26,wave_pattern_stage2.0.skip_connection.0,61,4,1000,0.01,0.0,0.0,post_relu_mean,2430.805419921875,-2430.805419921875,348.2997131347656,0.0,0.0,2028.567771911621,0.11185702921459482,-2.1102045363939275,121.83129374160731,2.2089388871192934,False
26,wave_pattern_stage2.0.skip_connection.0,26,4,1000,0.005,0.0,0.0,post_relu_mean,941.9695434570312,-941.9695434570312,137.64060974121094,0.0,0.0,758.0003433227539,0.08868044543643955,-0.7911566516427316,45.676917657533785,1.9346145844459535,False
26,wave_pattern_stage2.0.skip_connection.0,26,4,1000,0.01,0.0,0.0,post_relu_mean,1864.5751953125,-1864.5751953125,270.0949401855469,0.0,0.0,1548.1516494750977,0.08993314431553354,-1.6196628246394633,93.51017692619698,1.9723790234327316,False
26,wave_pattern_stage2.0.skip_connection.0,45,4,1000,0.005,0.0,0.0,post_relu_mean,1012.553466796875,-1012.553466796875,106.94022369384766,0.0,0.0,859.330451965332,0.11115517351582493,-0.8811402794988086,50.87202995552079,2.1789103782176973,False
26,wave_pattern_stage2.0.skip_connection.0,45,4,1000,0.01,0.0,0.0,post_relu_mean,2002.760009765625,-2002.760009765625,207.75933837890625,0.0,0.0,1748.7179641723633,0.11113101907671076,-1.7943695612653985,103.59668632486031,2.234388438463211,False
29,wave_pattern_stage2.1.wave_feature_conv1,39,4,1000,0.005,0.0,0.0,post_relu_mean,1372.6229248046875,-1372.6229248046875,154.8896942138672,0.0,0.0,1123.1263580322266,0.1194066827942234,-1.1586909099759963,66.89623741197626,2.5530279409885406,False
29,wave_pattern_stage2.1.wave_feature_conv1,39,4,1000,0.01,0.0,0.0,post_relu_mean,2695.8037109375,-2695.8037109375,303.265380859375,0.0,0.0,2297.931411743164,0.11916713331420385,-2.34792063014466,135.55560513589586,2.6156474316120146,False
29,wave_pattern_stage2.1.wave_feature_conv1,53,4,1000,0.005,0.0,0.0,post_relu_mean,1148.262451171875,-1148.262451171875,120.94184112548828,0.0,0.0,965.4609680175781,0.13799417893627267,-0.9949340466910113,57.441839829232826,2.3800980138778685,False
29,wave_pattern_stage2.1.wave_feature_conv1,53,4,1000,0.01,0.0,0.0,post_relu_mean,2281.104736328125,-2281.104736328125,233.50372314453125,0.0,0.0,1985.7414855957031,0.14293516074994977,-2.0587785965706273,118.86221126945098,2.463459899425507,False
29,wave_pattern_stage2.1.wave_feature_conv1,35,4,1000,0.005,0.0,0.0,post_relu_mean,963.304443359375,-963.304443359375,134.2731170654297,0.0,0.0,784.482250213623,0.09319515310306017,-0.8192378961695722,47.298132237579644,1.8321401607990264,False
29,wave_pattern_stage2.1.wave_feature_conv1,35,4,1000,0.01,0.0,0.0,post_relu_mean,1926.70166015625,-1926.70166015625,265.3673095703125,0.0,0.0,1616.7852897644043,0.09644168295177505,-1.676122562182707,96.76978130179633,1.8835373026132585,False
29,wave_pattern_stage2.1.wave_feature_conv1,56,4,1000,0.005,0.0,0.0,post_relu_mean,700.2281494140625,-700.2281494140625,111.78419494628906,0.0,0.0,552.8085823059082,0.06307118953745068,-0.5750188587325767,33.19836928660139,1.4757508838176727,False
29,wave_pattern_stage2.1.wave_feature_conv1,56,4,1000,0.01,0.0,0.0,post_relu_mean,1389.8035888671875,-1389.8035888671875,214.7155303955078,0.0,0.0,1139.4526252746582,0.07582449946120937,-1.1808327809666186,68.17458041436811,1.536271236538887,False
29,wave_pattern_stage2.1.wave_feature_conv1,4,4,1000,0.005,0.0,0.0,post_relu_mean,1244.548583984375,-1244.548583984375,183.7296905517578,0.0,0.0,1031.5845832824707,0.05506412627771495,-1.057511388071567,61.05470469601062,2.1525313460826876,False
29,wave_pattern_stage2.1.wave_feature_conv1,4,4,1000,0.01,0.0,0.0,post_relu_mean,2486.080078125,-2486.080078125,367.71710205078125,0.0,0.0,2089.1287727355957,0.0578730465770737,-2.1246027515433976,122.6624776281423,2.1801929569244383,False
31,wave_pattern_stage2.1.wave_feature_conv2,46,4,1000,0.005,0.0,0.0,post_relu_mean,661.1915893554688,-661.1915893554688,67.6453857421875,0.0,0.0,554.3724975585938,0.04676552334427765,-0.5784447850789775,33.39611385602244,1.2752863466739655,False
31,wave_pattern_stage2.1.wave_feature_conv2,46,4,1000,0.01,0.0,0.0,post_relu_mean,1318.5784912109375,-1318.5784912109375,134.79031372070312,0.0,0.0,1144.614501953125,0.05100082958760382,-1.192776637119175,68.86417215559135,1.3090624928474426,False
31,wave_pattern_stage2.1.wave_feature_conv2,32,4,1000,0.005,0.0,0.0,post_relu_mean,500.4819641113281,-500.4819641113281,50.689857482910156,0.0,0.0,417.57005310058594,0.06010108513688623,-0.43498244732271873,25.113415642811567,1.113806940317154,False
31,wave_pattern_stage2.1.wave_feature_conv2,32,4,1000,0.01,0.0,0.0,post_relu_mean,974.7453002929688,-974.7453002929688,96.96402740478516,0.0,0.0,845.5591888427734,0.06391617052078691,-0.8768905175235581,50.6266666750238,1.1526021099090575,False
31,wave_pattern_stage2.1.wave_feature_conv2,10,4,1000,0.005,0.0,0.0,post_relu_mean,506.6647644042969,-506.6647644042969,57.630393981933594,0.0,0.0,419.4416313171387,0.03524847307101704,-0.4302431543714009,24.83979026163325,1.1401089066267014,False
31,wave_pattern_stage2.1.wave_feature_conv2,10,4,1000,0.01,0.0,0.0,post_relu_mean,992.574462890625,-992.574462890625,111.68286895751953,0.0,0.0,851.2988700866699,0.04456166061042744,-0.8667192521335251,50.03943727748255,1.1772032499313354,False
31,wave_pattern_stage2.1.wave_feature_conv2,61,4,1000,0.005,0.0,0.0,post_relu_mean,932.1407470703125,-932.1407470703125,74.66191101074219,0.0,0.0,836.770378112793,0.0414576616697051,-0.8574678654686095,49.5053169687959,1.7636307364702224,False
31,wave_pattern_stage2.1.wave_feature_conv2,61,4,1000,0.01,0.0,0.0,post_relu_mean,1861.5355224609375,-1861.5355224609375,148.4337158203125,0.0,0.0,1692.3933639526367,0.046030696645151796,-1.730103090681515,99.88630243990606,1.7859354889392853,False
31,wave_pattern_stage2.1.wave_feature_conv2,33,4,1000,0.005,0.0,0.0,post_relu_mean,469.4328918457031,-469.4328918457031,61.57699966430664,0.0,0.0,388.561372756958,0.03527376890109235,-0.4066283505842529,23.47641011986667,0.8998699381947517,False
31,wave_pattern_stage2.1.wave_feature_conv2,33,4,1000,0.01,0.0,0.0,post_relu_mean,942.759033203125,-942.759033203125,122.2299575805664,0.0,0.0,801.2345294952393,0.04113914936110393,-0.836246396394285,48.280175880512125,0.9299947154521943,False
36,interference_stage3.0.wave_feature_conv1,31,4,1000,0.005,0.0,0.0,post_relu_mean,1412.6109619140625,-1412.6109619140625,132.44883728027344,0.0,0.0,1199.4716567993164,0.11572566142316808,-1.2332030784900478,71.19816751973158,2.8089546608924865,False
36,interference_stage3.0.wave_feature_conv1,31,4,1000,0.01,0.0,0.0,post_relu_mean,2838.494384765625,-2838.494384765625,264.0106506347656,0.0,0.0,2493.7931900024414,0.12714631289988876,-2.5877733168304795,149.403338213399,2.898770841360092,False
36,interference_stage3.0.wave_feature_conv1,97,4,1000,0.005,0.0,0.0,post_relu_mean,987.4266357421875,-987.4266357421875,116.71035766601562,0.0,0.0,814.9020957946777,0.08615553334937644,-0.8463859966555316,48.86550871904155,2.1035713350772856,False
36,interference_stage3.0.wave_feature_conv1,97,4,1000,0.01,0.0,0.0,post_relu_mean,1954.30078125,-1954.30078125,226.72900390625,0.0,0.0,1671.7575645446777,0.09728390700040071,-1.7306540001451698,99.91814987527341,2.1813050889968872,False
36,interference_stage3.0.wave_feature_conv1,45,4,1000,0.005,0.0,0.0,post_relu_mean,954.572265625,-954.572265625,120.98478698730469,0.0,0.0,783.3324356079102,0.10546177326499574,-0.8057784351408103,46.521089048416854,2.3018533205986023,False
36,interference_stage3.0.wave_feature_conv1,45,4,1000,0.01,0.0,0.0,post_relu_mean,1864.2008056640625,-1864.2008056640625,230.62582397460938,0.0,0.0,1583.319923400879,0.11768864985983288,-1.619412751981397,93.4956827952331,2.381324771642685,False
36,interference_stage3.0.wave_feature_conv1,59,4,1000,0.005,0.0,0.0,post_relu_mean,765.8840942382812,-765.8840942382812,105.6224594116211,0.0,0.0,618.2510643005371,0.07562019226734229,-0.6283806484963149,36.27912919028316,1.836129829287529,False
36,interference_stage3.0.wave_feature_conv1,59,4,1000,0.01,0.0,0.0,post_relu_mean,1470.2330322265625,-1470.2330322265625,200.6488800048828,0.0,0.0,1227.5735130310059,0.08205478438629646,-1.25914551719689,72.69590850868673,1.8800532299280166,False
36,interference_stage3.0.wave_feature_conv1,67,4,1000,0.005,0.0,0.0,post_relu_mean,803.457275390625,-803.457275390625,103.69486999511719,0.0,0.0,657.9719390869141,0.08846641669947383,-0.6806994531857925,39.29987547360373,1.9032859629392624,False
36,interference_stage3.0.wave_feature_conv1,67,4,1000,0.01,0.0,0.0,post_relu_mean,1582.6409912109375,-1582.6409912109375,199.20965576171875,0.0,0.0,1341.6409454345703,0.09888195935772284,-1.3842402847485744,79.91815687973113,1.968299875855446,False
38,interference_stage3.0.wave_feature_conv2,84,4,1000,0.005,0.0,0.0,post_relu_mean,706.5194702148438,-706.5194702148438,58.11961364746094,0.0,0.0,599.6595878601074,0.09430418837667251,-0.6213039184927377,35.87056415356114,1.6741672682762145,False
38,interference_stage3.0.wave_feature_conv2,84,4,1000,0.01,0.0,0.0,post_relu_mean,1384.1622314453125,-1384.1622314453125,113.64629364013672,0.0,0.0,1221.7757377624512,0.09662929074656879,-1.2574540306806012,72.5982890318739,1.7197400265932083,False
38,interference_stage3.0.wave_feature_conv2,120,4,1000,0.005,0.0,0.0,post_relu_mean,801.0712280273438,-801.0712280273438,57.66546630859375,0.0,0.0,694.779483795166,0.08457474791056005,-0.7276072246654798,42.0079121152166,1.6992261534929276,False
38,interference_stage3.0.wave_feature_conv2,120,4,1000,0.01,0.0,0.0,post_relu_mean,1578.342529296875,-1578.342529296875,111.93793487548828,0.0,0.0,1417.778263092041,0.08097996543093156,-1.4753618531930583,85.17899850992397,1.7300451493263245,False
38,interference_stage3.0.wave_feature_conv2,69,4,1000,0.005,0.0,0.0,post_relu_mean,602.3469848632812,-602.3469848632812,54.94272994995117,0.0,0.0,506.38270568847656,0.10447083059019628,-0.5290987840110432,30.54715457186447,1.5685752171278,False
38,interference_stage3.0.wave_feature_conv2,69,4,1000,0.01,0.0,0.0,post_relu_mean,1188.1656494140625,-1188.1656494140625,107.4916763305664,0.0,0.0,1039.6524200439453,0.11313351009796666,-1.0858272871158938,62.68954491013121,1.6405761986970901,False
38,interference_stage3.0.wave_feature_conv2,109,4,1000,0.005,0.0,0.0,post_relu_mean,595.0269775390625,-595.0269775390625,56.856197357177734,0.0,0.0,498.24597549438477,0.06257623014844266,-0.5168965283854997,29.842675597743042,1.2142378348112106,False
38,interference_stage3.0.wave_feature_conv2,109,4,1000,0.01,0.0,0.0,post_relu_mean,1148.7828369140625,-1148.7828369140625,109.9129867553711,0.0,0.0,998.9450721740723,0.06091542886061383,-1.020233706190555,58.90248748822568,1.2368660372495652,False
38,interference_stage3.0.wave_feature_conv2,104,4,1000,0.005,0.0,0.0,post_relu_mean,631.5076293945312,-631.5076293945312,60.205326080322266,0.0,0.0,536.9758071899414,0.0747105106506694,-0.566025639013778,32.67910160791302,1.2867242735624314,False
38,interference_stage3.0.wave_feature_conv2,104,4,1000,0.01,0.0,0.0,post_relu_mean,1269.716796875,-1269.716796875,119.4616928100586,0.0,0.0,1115.9286270141602,0.07941448995626106,-1.1653877980097698,67.28286306905956,1.340685694217682,False
41,interference_stage3.0.skip_connection.0,30,4,1000,0.005,0.0,0.0,post_relu_mean,874.8843994140625,-874.8843994140625,90.75386047363281,0.0,0.0,741.7768135070801,0.09223520225279457,-0.7847234718313026,45.30561628195155,2.160502482652664,False
41,interference_stage3.0.skip_connection.0,30,4,1000,0.01,0.0,0.0,post_relu_mean,1787.60009765625,-1787.60009765625,179.97633361816406,0.0,0.0,1565.2700386047363,0.11511536036033512,-1.636206165835298,94.46526570916734,2.2721483087539673,False
41,interference_stage3.0.skip_connection.0,32,4,1000,0.005,0.0,0.0,post_relu_mean,1051.8941650390625,-1051.8941650390625,94.45978546142578,0.0,0.0,917.1224365234375,0.1103098388945692,-0.9541413476437982,55.086710835995646,2.442046265602112,False
41,interference_stage3.0.skip_connection.0,32,4,1000,0.01,0.0,0.0,post_relu_mean,2126.05224609375,-2126.05224609375,188.52931213378906,0.0,0.0,1897.2109985351562,0.13126818270207505,-1.9735689460962111,113.94271115627222,2.55435870885849,False
41,interference_stage3.0.skip_connection.0,80,4,1000,0.005,0.0,0.0,post_relu_mean,734.9570922851562,-734.9570922851562,73.93167114257812,0.0,0.0,623.4070167541504,0.08719167587928611,-0.6354892838232821,36.689547425222706,1.7705384016036987,False
41,interference_stage3.0.skip_connection.0,80,4,1000,0.01,0.0,0.0,post_relu_mean,1450.36181640625,-1450.36181640625,145.71682739257812,0.0,0.0,1267.0266456604004,0.08956811155841567,-1.3002719759156092,75.070300275924,1.8188923400640489,False
41,interference_stage3.0.skip_connection.0,123,4,1000,0.005,0.0,0.0,post_relu_mean,832.190673828125,-832.190673828125,96.38551330566406,0.0,0.0,698.4864921569824,0.0736468393893199,-0.7104718420878002,41.01861125561636,1.9101439052820206,False
41,interference_stage3.0.skip_connection.0,123,4,1000,0.01,0.0,0.0,post_relu_mean,1652.0504150390625,-1652.0504150390625,190.45677185058594,0.0,0.0,1424.27494430542,0.09251562796400051,-1.467658058761039,84.7343559540397,1.9941696274280547,False
41,interference_stage3.0.skip_connection.0,60,4,1000,0.005,0.0,0.0,post_relu_mean,861.09375,-861.09375,94.56324005126953,0.0,0.0,731.0745849609375,0.09066215320808949,-0.7583342989946821,43.78193943452592,2.0249858021736147,False
41,interference_stage3.0.skip_connection.0,60,4,1000,0.01,0.0,0.0,post_relu_mean,1690.3448486328125,-1690.3448486328125,183.46542358398438,0.0,0.0,1471.4234619140625,0.10398417103058438,-1.5165722825626795,87.5582777402042,2.08951678276062,False
44,interference_stage3.1.wave_feature_conv1,81,4,1000,0.005,0.0,0.0,post_relu_mean,998.1111450195312,-998.1111450195312,110.94005584716797,0.0,0.0,820.0104217529297,0.1534834410741988,-0.8656402616730458,49.97721035806267,2.179097365140915,False
44,interference_stage3.1.wave_feature_conv1,81,4,1000,0.01,0.0,0.0,post_relu_mean,1957.7667236328125,-1957.7667236328125,218.26348876953125,0.0,0.0,1672.342514038086,0.14962876012744092,-1.7080722369316554,98.61436919360071,2.2435226678848266,False
44,interference_stage3.1.wave_feature_conv1,127,4,1000,0.005,0.0,0.0,post_relu_mean,1024.751708984375,-1024.751708984375,114.48817443847656,0.0,0.0,847.2961349487305,0.12416610763008913,-0.8663971098331413,50.0208398637403,2.229991554021835,False
44,interference_stage3.1.wave_feature_conv1,127,4,1000,0.01,0.0,0.0,post_relu_mean,2027.7314453125,-2027.7314453125,226.9501495361328,0.0,0.0,1737.813835144043,0.1219971780306798,-1.7766961342612666,102.57633942790578,2.3000222396850587,False
44,interference_stage3.1.wave_feature_conv1,42,4,1000,0.005,0.0,0.0,post_relu_mean,1013.108642578125,-1013.108642578125,112.7286605834961,0.0,0.0,838.1814384460449,0.11953965789758729,-0.8664445216934866,50.02358737252643,2.1186409056186677,False
44,interference_stage3.1.wave_feature_conv1,42,4,1000,0.01,0.0,0.0,post_relu_mean,1965.6051025390625,-1965.6051025390625,218.53424072265625,0.0,0.0,1684.8722343444824,0.114671478478678,-1.7260959294673286,99.65502508591102,2.1599760389328004,False
44,interference_stage3.1.wave_feature_conv1,12,4,1000,0.005,0.0,0.0,post_relu_mean,1103.0435791015625,-1103.0435791015625,113.70097351074219,0.0,0.0,942.2080459594727,0.11143787981704507,-0.987410802243933,57.007492791231975,2.3296606624126435,False
44,interference_stage3.1.wave_feature_conv1,12,4,1000,0.01,0.0,0.0,post_relu_mean,2212.06640625,-2212.06640625,227.77297973632812,0.0,0.0,1937.1589126586914,0.12452858113792598,-2.008979819862928,115.98709891380109,2.3988671743869783,False
44,interference_stage3.1.wave_feature_conv1,31,4,1000,0.005,0.0,0.0,post_relu_mean,928.736572265625,-928.736572265625,111.26222229003906,0.0,0.0,771.6606712341309,0.12343524253504716,-0.7984795612016766,46.09966451659563,2.0687361681461334,False
44,interference_stage3.1.wave_feature_conv1,31,4,1000,0.01,0.0,0.0,post_relu_mean,1840.747802734375,-1840.747802734375,221.482666015625,0.0,0.0,1573.4514427185059,0.12965280496028117,-1.6262527459182565,93.89062354281619,2.1496337962150576,False
46,interference_stage3.1.wave_feature_conv2,38,4,1000,0.005,0.0,0.0,post_relu_mean,828.7908325195312,-828.7908325195312,54.35318374633789,0.0,0.0,728.8497619628906,0.11850969913428985,-0.7531846720392863,43.48460574277509,1.8475799185037614,False
46,interference_stage3.1.wave_feature_conv2,38,4,1000,0.01,0.0,0.0,post_relu_mean,1649.1177978515625,-1649.1177978515625,108.9530258178711,0.0,0.0,1494.5769348144531,0.11795796503500301,-1.5441076379997873,89.14799638025917,1.913012837767601,False
46,interference_stage3.1.wave_feature_conv2,75,4,1000,0.005,0.0,0.0,post_relu_mean,757.1080322265625,-757.1080322265625,65.07405090332031,0.0,0.0,653.502571105957,0.17993341878455857,-0.7069406676573164,40.81567956326165,1.7323653769493104,False
46,interference_stage3.1.wave_feature_conv2,75,4,1000,0.01,0.0,0.0,post_relu_mean,1558.1826171875,-1558.1826171875,138.6861114501953,0.0,0.0,1380.9650344848633,0.19651073266241137,-1.4518165900009317,83.81964260557255,1.8679454433918,False
46,interference_stage3.1.wave_feature_conv2,11,4,1000,0.005,0.0,0.0,post_relu_mean,485.5029602050781,-485.5029602050781,56.537200927734375,0.0,0.0,404.01053619384766,0.06785314735102936,-0.43039694316637717,24.848676053994733,1.0283677387237549,False
46,interference_stage3.1.wave_feature_conv2,11,4,1000,0.01,0.0,0.0,post_relu_mean,973.5971069335938,-973.5971069335938,112.90861511230469,0.0,0.0,835.7332534790039,0.06986698327917248,-0.8693821845973393,50.19319573789781,1.065160596370697,False
46,interference_stage3.1.wave_feature_conv2,103,4,1000,0.005,0.0,0.0,post_relu_mean,453.79144287109375,-453.79144287109375,53.15279006958008,0.0,0.0,375.8469581604004,0.06542328912615639,-0.3924376860718514,22.65712634759775,0.9613428416848183,False
46,interference_stage3.1.wave_feature_conv2,103,4,1000,0.01,0.0,0.0,post_relu_mean,877.2452392578125,-877.2452392578125,102.81460571289062,0.0,0.0,749.6389808654785,0.0604925169190949,-0.7675048031596297,44.311371873067436,0.9778359684348107,False
46,interference_stage3.1.wave_feature_conv2,104,4,1000,0.005,0.0,0.0,post_relu_mean,582.8001098632812,-582.8001098632812,56.61073303222656,0.0,0.0,501.75263023376465,0.10471297907191283,-0.5161946809671829,29.802155598939997,1.3369596564769746,False
46,interference_stage3.1.wave_feature_conv2,104,4,1000,0.01,0.0,0.0,post_relu_mean,1157.634033203125,-1157.634033203125,112.19115447998047,0.0,0.0,1021.0061092376709,0.09455675488192718,-1.0413905836537514,60.124020197675954,1.3715505284070968,False
51,source_localization_stage4.0.wave_feature_conv1,7,4,1000,0.005,0.0,0.0,post_relu_mean,865.4144287109375,-865.4144287109375,51.298702239990234,0.0,0.0,764.111385345459,0.17098472026639588,-0.7879789631459536,45.49349572679046,2.240909571647644,False
51,source_localization_stage4.0.wave_feature_conv1,7,4,1000,0.01,0.0,0.0,post_relu_mean,1743.755859375,-1743.755859375,104.3384017944336,0.0,0.0,1589.413143157959,0.1804555448866889,-1.6327569022050257,94.26680606428197,2.34938045501709,False
51,source_localization_stage4.0.wave_feature_conv1,75,4,1000,0.005,0.0,0.0,post_relu_mean,862.6060180664062,-862.6060180664062,47.45273208618164,0.0,0.0,776.8237419128418,0.2560776177746649,-0.8283611037419487,47.82493172451087,2.9403525710105898,False
51,source_localization_stage4.0.wave_feature_conv1,75,4,1000,0.01,0.0,0.0,post_relu_mean,1791.50439453125,-1791.50439453125,96.48155975341797,0.0,0.0,1656.6933097839355,0.32414000818425104,-1.7244288782085277,99.55889186350161,3.2483703005313873,False
51,source_localization_stage4.0.wave_feature_conv1,45,4,1000,0.005,0.0,0.0,post_relu_mean,694.0347900390625,-694.0347900390625,59.668121337890625,0.0,0.0,596.6766204833984,0.11882207567568168,-0.6200094133670481,35.79589288761109,1.7869000905752181,False
51,source_localization_stage4.0.wave_feature_conv1,45,4,1000,0.01,0.0,0.0,post_relu_mean,1402.719970703125,-1402.719970703125,124.38235473632812,0.0,0.0,1240.6475677490234,0.1317916144475304,-1.2959558551799486,74.82118352993456,1.8778739118576049,False
51,source_localization_stage4.0.wave_feature_conv1,102,4,1000,0.005,0.0,0.0,post_relu_mean,795.8165893554688,-795.8165893554688,40.73427200317383,0.0,0.0,721.234245300293,0.23517253075382225,-0.7499939544387046,43.300430829228716,2.751000300645828,False
51,source_localization_stage4.0.wave_feature_conv1,102,4,1000,0.01,0.0,0.0,post_relu_mean,1605.38134765625,-1605.38134765625,82.06153869628906,0.0,0.0,1489.4717330932617,0.24939148899722413,-1.5684644463828878,90.55459320344805,2.9262643802165984,False
51,source_localization_stage4.0.wave_feature_conv1,153,4,1000,0.005,0.0,0.0,post_relu_mean,462.5119934082031,-462.5119934082031,35.39023971557617,0.0,0.0,402.8595333099365,0.11088349871053499,-0.423251285368438,24.436368228401182,1.4335563731193544,False
51,source_localization_stage4.0.wave_feature_conv1,153,4,1000,0.01,0.0,0.0,post_relu_mean,925.9613037109375,-925.9613037109375,67.61580657958984,0.0,0.0,834.083288192749,0.1264340322923487,-0.8717606192107926,50.33056387827736,1.5319261807203293,False
53,source_localization_stage4.0.wave_feature_conv2,128,4,1000,0.005,0.0,0.0,post_relu_mean,718.1480712890625,-718.1480712890625,70.22228240966797,0.0,0.0,632.9955024719238,0.5707340617267472,-0.6908428885725195,39.88565293624844,3.2110461354255677,False
53,source_localization_stage4.0.wave_feature_conv2,128,4,1000,0.01,0.0,0.0,post_relu_mean,1439.0899658203125,-1439.0899658203125,140.6503143310547,0.0,0.0,1283.5094184875488,0.5232209195482889,-1.2954747180141903,74.79373034738668,3.351812819242477,False
53,source_localization_stage4.0.wave_feature_conv2,2,4,1000,0.005,0.0,0.0,post_relu_mean,1004.6002197265625,-1004.6002197265625,71.15082550048828,0.0,0.0,918.7850198745728,0.8098317667020344,-0.9760125519556444,56.34990916552424,4.643265895843506,False
53,source_localization_stage4.0.wave_feature_conv2,2,4,1000,0.01,0.0,0.0,post_relu_mean,2103.842529296875,-2103.842529296875,149.3226776123047,0.0,0.0,1939.8555154800415,0.7701571921014329,-1.975234786631384,114.03922574713039,4.929334616661071,False
53,source_localization_stage4.0.wave_feature_conv2,254,4,1000,0.005,0.0,0.0,post_relu_mean,416.5419616699219,-416.5419616699219,40.596920013427734,0.0,0.0,362.8847484588623,0.1891795815327569,-0.3914332398715241,22.599153542878565,1.7440905946493148,False
53,source_localization_stage4.0.wave_feature_conv2,254,4,1000,0.01,0.0,0.0,post_relu_mean,880.4901733398438,-880.4901733398438,86.99404907226562,0.0,0.0,780.4358043670654,0.2451482016612544,-0.8367422920924585,48.308835100149125,2.0038003170490266,False
53,source_localization_stage4.0.wave_feature_conv2,153,4,1000,0.005,0.0,0.0,post_relu_mean,546.2048950195312,-546.2048950195312,68.6666259765625,0.0,0.0,464.86488151550293,0.4269913771064063,-0.5050285892233365,29.158332175014472,2.3072726941108703,False
53,source_localization_stage4.0.wave_feature_conv2,153,4,1000,0.01,0.0,0.0,post_relu_mean,1114.591064453125,-1114.591064453125,140.27175903320312,0.0,0.0,961.6459484100342,0.4017533269285136,-0.9742603999365121,56.24897529897023,2.4153842222690582,False
53,source_localization_stage4.0.wave_feature_conv2,101,4,1000,0.005,0.0,0.0,post_relu_mean,404.7790222167969,-404.7790222167969,31.58403778076172,0.0,0.0,361.27277851104736,0.1970304140608846,-0.38119686409671233,22.008137366777998,1.7315989512205123,False
53,source_localization_stage4.0.wave_feature_conv2,101,4,1000,0.01,0.0,0.0,post_relu_mean,820.94287109375,-820.94287109375,62.899600982666016,0.0,0.0,746.121075630188,0.2176007961403388,-0.7849505998849922,45.31869294811937,1.8723532891273498,False
56,source_localization_stage4.0.skip_connection.0,74,4,1000,0.005,0.0,0.0,post_relu_mean,613.5787353515625,-613.5787353515625,54.531707763671875,0.0,0.0,534.0105743408203,0.09871951968684073,-0.547507080041503,31.609972422718606,1.9138032257556916,False
56,source_localization_stage4.0.skip_connection.0,74,4,1000,0.01,0.0,0.0,post_relu_mean,1241.468505859375,-1241.468505859375,107.06971740722656,0.0,0.0,1109.3623809814453,0.12271309279943483,-1.1332749622298908,65.42885818581281,2.0675410187244414,False
56,source_localization_stage4.0.skip_connection.0,238,4,1000,0.005,0.0,0.0,post_relu_mean,588.2838134765625,-588.2838134765625,49.98411560058594,0.0,0.0,515.3713626861572,0.16386141603937668,-0.5322606682339299,30.729710925638354,2.0844127631187437,False
56,source_localization_stage4.0.skip_connection.0,238,4,1000,0.01,0.0,0.0,post_relu_mean,1172.247802734375,-1172.247802734375,97.8211669921875,0.0,0.0,1051.4983158111572,0.17827159734519044,-1.0607984960823973,61.24472819455587,2.168197296857834,False
56,source_localization_stage4.0.skip_connection.0,252,4,1000,0.005,0.0,0.0,post_relu_mean,498.43597412109375,-498.43597412109375,44.410728454589844,0.0,0.0,431.34193229675293,0.08553869587982886,-0.4450588847805301,25.695197286265675,1.5662780994176864,False
56,source_localization_stage4.0.skip_connection.0,252,4,1000,0.01,0.0,0.0,post_relu_mean,965.511962890625,-965.511962890625,86.21089172363281,0.0,0.0,856.6177806854248,0.08322921593827216,-0.8684347855766708,50.13851951553535,1.5957648795843125,False
56,source_localization_stage4.0.skip_connection.0,37,4,1000,0.005,0.0,0.0,post_relu_mean,491.95166015625,-491.95166015625,47.51559829711914,0.0,0.0,424.2917366027832,0.09953169923639826,-0.426415681082945,24.618828803583295,1.5016544157266616,False
56,source_localization_stage4.0.skip_connection.0,37,4,1000,0.01,0.0,0.0,post_relu_mean,957.2501220703125,-957.2501220703125,91.91947937011719,0.0,0.0,845.1862983703613,0.09449619837266177,-0.8687679579684805,50.15775773298339,1.546433494091034,False
56,source_localization_stage4.0.skip_connection.0,221,4,1000,0.005,0.0,0.0,post_relu_mean,527.6778564453125,-527.6778564453125,46.693763732910156,0.0,0.0,462.14298248291016,0.13386475952901086,-0.48432370137714137,27.9623056996605,1.86350845515728,False
56,source_localization_stage4.0.skip_connection.0,221,4,1000,0.01,0.0,0.0,post_relu_mean,1065.192138671875,-1065.192138671875,92.13127899169922,0.0,0.0,954.2197341918945,0.1501310282393239,-1.0018942244948945,57.84403810842714,1.9660553848743438,False
59,source_localization_stage4.1.wave_feature_conv1,152,4,1000,0.005,0.0,0.0,post_relu_mean,1013.9494018554688,-1013.9494018554688,96.92060089111328,0.0,0.0,875.4277381896973,0.4896981731224732,-0.9370568815154214,54.10050795578848,3.7304825150966643,False
59,source_localization_stage4.1.wave_feature_conv1,152,4,1000,0.01,0.0,0.0,post_relu_mean,2048.06640625,-2048.06640625,193.95814514160156,0.0,0.0,1812.5072059631348,0.5110664163666746,-1.8467808262284189,106.62323582605337,4.017749066352844,False
59,source_localization_stage4.1.wave_feature_conv1,232,4,1000,0.005,0.0,0.0,post_relu_mean,907.0242309570312,-907.0242309570312,100.01301574707031,0.0,0.0,772.2218399047852,0.47758505087707487,-0.817850894194108,47.21843686810809,3.075773142576218,False
59,source_localization_stage4.1.wave_feature_conv1,232,4,1000,0.01,0.0,0.0,post_relu_mean,1843.0289306640625,-1843.0289306640625,203.25355529785156,0.0,0.0,1604.9860000610352,0.5023925484264811,-1.6363588644159457,94.47437423920904,3.3765431785583497,False
59,source_localization_stage4.1.wave_feature_conv1,120,4,1000,0.005,0.0,0.0,post_relu_mean,1054.3782958984375,-1054.3782958984375,97.74761962890625,0.0,0.0,922.5951881408691,0.694567750432205,-1.0059500213396448,58.07876510903183,4.01611062169075,False
59,source_localization_stage4.1.wave_feature_conv1,120,4,1000,0.01,0.0,0.0,post_relu_mean,2108.804443359375,-2108.804443359375,195.78720092773438,0.0,0.0,1878.9817237854004,0.6237560154028016,-1.9148744675342961,110.55398931638298,4.123791897296906,False
59,source_localization_stage4.1.wave_feature_conv1,101,4,1000,0.005,0.0,0.0,post_relu_mean,695.1937866210938,-695.1937866210938,96.35928344726562,0.0,0.0,573.787956237793,0.35325560033109543,-0.6207469155616219,35.838425277628396,2.323917773962021,False
59,source_localization_stage4.1.wave_feature_conv1,101,4,1000,0.01,0.0,0.0,post_relu_mean,1410.663330078125,-1410.663330078125,195.9413604736328,0.0,0.0,1189.675407409668,0.35408186948696563,-1.2327657369901042,71.17303677146514,2.480977149009705,False
59,source_localization_stage4.1.wave_feature_conv1,198,4,1000,0.005,0.0,0.0,post_relu_mean,505.31884765625,-505.31884765625,63.42702865600586,0.0,0.0,418.21085929870605,0.16539456766409458,-0.43201566875414565,24.94220596355512,1.6911669093370438,False
59,source_localization_stage4.1.wave_feature_conv1,198,4,1000,0.01,0.0,0.0,post_relu_mean,1015.5056762695312,-1015.5056762695312,129.6644744873047,0.0,0.0,862.1602306365967,0.1714707245888972,-0.9120681285464753,52.657642164641274,1.7982932072877884,False
61,source_localization_stage4.1.wave_feature_conv2,13,4,1000,0.005,0.0,0.0,post_relu_mean,1088.022216796875,-1088.022216796875,168.333251953125,0.0,0.0,889.9963340759277,0.6719525757522957,-0.9397754216621529,54.25746024356801,3.8256464207172396,False
61,source_localization_stage4.1.wave_feature_conv2,13,4,1000,0.01,0.0,0.0,post_relu_mean,2140.493408203125,-2140.493408203125,331.1292419433594,0.0,0.0,1779.6715049743652,0.6018894600230055,-1.8228072766028134,105.238567699482,3.9436055612564087,False
61,source_localization_stage4.1.wave_feature_conv2,201,4,1000,0.005,0.0,0.0,post_relu_mean,627.0836791992188,-627.0836791992188,92.69538879394531,0.0,0.0,509.11925888061523,0.3052349376089298,-0.5252807689515968,30.326769926615643,2.5389228999614715,False
61,source_localization_stage4.1.wave_feature_conv2,201,4,1000,0.01,0.0,0.0,post_relu_mean,1255.2550048828125,-1255.2550048828125,184.41490173339844,0.0,0.0,1045.5710411071777,0.3026547700064308,-1.0997407355380417,63.49471444711016,2.7090154659748076,False
61,source_localization_stage4.1.wave_feature_conv2,101,4,1000,0.005,0.0,0.0,post_relu_mean,786.7852783203125,-786.7852783203125,168.5433807373047,0.0,0.0,594.8570003509521,0.40954989415186444,-0.62332608644043,35.98788869495234,2.4777839624881746,False
61,source_localization_stage4.1.wave_feature_conv2,101,4,1000,0.01,0.0,0.0,post_relu_mean,1584.0323486328125,-1584.0323486328125,337.7253723144531,0.0,0.0,1222.922124862671,0.39576954787278146,-1.252504848433589,72.31252929090695,2.621686507463455,False
61,source_localization_stage4.1.wave_feature_conv2,152,4,1000,0.005,0.0,0.0,post_relu_mean,616.4907836914062,-616.4907836914062,112.73564910888672,0.0,0.0,481.12478828430176,0.2943760074693306,-0.48903024589774896,28.23415866772053,2.473981968164444,False
61,source_localization_stage4.1.wave_feature_conv2,152,4,1000,0.01,0.0,0.0,post_relu_mean,1241.28515625,-1241.28515625,229.14703369140625,0.0,0.0,989.5077838897705,0.3145740876068479,-1.0342535057974838,59.7122863754932,2.686626033782959,False
61,source_localization_stage4.1.wave_feature_conv2,254,4,1000,0.005,0.0,0.0,post_relu_mean,680.7037963867188,-680.7037963867188,168.84304809570312,0.0,0.0,489.30224990844727,0.24355738318887843,-0.5242036885120127,30.265029860615577,2.1658301758766174,False
61,source_localization_stage4.1.wave_feature_conv2,254,4,1000,0.01,0.0,0.0,post_relu_mean,1378.165771484375,-1378.165771484375,345.9430847167969,0.0,0.0,1009.6641578674316,0.2546489951632784,-1.0388127638524216,59.97528256981519,2.3571919226646423,False
8,wave_feature_stage1.0.wave_feature_conv1,19,5,1000,0.005,0.0,0.0,post_relu_mean,2935.876220703125,-2935.876220703125,361.23956298828125,0.0,0.0,2483.236282348633,0.337378224948536,-2.5335821838539134,146.27464619289384,4.834723010063171,False
8,wave_feature_stage1.0.wave_feature_conv1,19,5,1000,0.01,0.0,0.0,post_relu_mean,5792.4375,-5792.4375,709.122802734375,0.0,0.0,4991.914016723633,0.27919995743874615,-5.06469959222125,292.4069183500652,4.8720996284484865,False
8,wave_feature_stage1.0.wave_feature_conv1,28,5,1000,0.005,0.0,0.0,post_relu_mean,1671.91796875,-1671.91796875,332.72564697265625,0.0,0.0,1294.4474411010742,0.12894170055215007,-1.3081734631866773,75.5265125683333,2.667166231870651,False
8,wave_feature_stage1.0.wave_feature_conv1,28,5,1000,0.01,0.0,0.0,post_relu_mean,3293.31689453125,-3293.31689453125,653.4078369140625,0.0,0.0,2595.164237976074,0.11217612131658466,-2.614807217897733,150.9640860891375,2.685410507917404,False
8,wave_feature_stage1.0.wave_feature_conv1,30,5,1000,0.005,0.0,0.0,post_relu_mean,2019.9638671875,-2019.9638671875,342.6288146972656,0.0,0.0,1633.7288208007812,0.15031411801584552,-1.6566880993924262,95.64774876728949,3.282042853832245,False
8,wave_feature_stage1.0.wave_feature_conv1,30,5,1000,0.01,0.0,0.0,post_relu_mean,4008.325927734375,-4008.325927734375,674.6591186523438,0.0,0.0,3290.0604858398438,0.12850906248680255,-3.3223381671577923,191.81288947668313,3.3119828701019287,False
8,wave_feature_stage1.0.wave_feature_conv1,24,5,1000,0.005,0.0,0.0,post_relu_mean,1869.7294921875,-1869.7294921875,339.9263916015625,0.0,0.0,1489.5418014526367,0.21206500051717045,-1.5207793679033867,87.80116308749078,3.2256776976585386,False
8,wave_feature_stage1.0.wave_feature_conv1,24,5,1000,0.01,0.0,0.0,post_relu_mean,3696.12841796875,-3696.12841796875,664.5101318359375,0.0,0.0,2991.356864929199,0.17869465067209342,-3.0150144607497023,174.06977797214734,3.2533261835575105,False
8,wave_feature_stage1.0.wave_feature_conv1,20,5,1000,0.005,0.0,0.0,post_relu_mean,1749.4013671875,-1749.4013671875,356.60784912109375,0.0,0.0,1355.759651184082,0.15564033427885274,-1.3783291241216575,79.5768888638747,2.870844851732254,False
8,wave_feature_stage1.0.wave_feature_conv1,20,5,1000,0.01,0.0,0.0,post_relu_mean,3489.62646484375,-3489.62646484375,704.0844116210938,0.0,0.0,2748.508186340332,0.13424876573339836,-2.776284988484575,160.2869419275258,2.9136359190940855,False
10,wave_feature_stage1.0.wave_feature_conv2,25,5,1000,0.005,0.0,0.0,post_relu_mean,1456.836181640625,-1456.836181640625,142.1531982421875,0.0,0.0,1251.9793853759766,0.1287816000753391,-1.2831281647824888,74.08051579763622,2.3210009384155272,False
10,wave_feature_stage1.0.wave_feature_conv2,25,5,1000,0.01,0.0,0.0,post_relu_mean,2875.24755859375,-2875.24755859375,280.0260314941406,0.0,0.0,2532.517837524414,0.11060333175812766,-2.5678707932664135,148.2542457872623,2.344070395231247,False
10,wave_feature_stage1.0.wave_feature_conv2,4,5,1000,0.005,0.0,0.0,post_relu_mean,1319.1737060546875,-1319.1737060546875,143.1604461669922,0.0,0.0,1129.2052764892578,0.13842714655303398,-1.1531554297768578,66.57664021652755,2.1748780179023743,False
10,wave_feature_stage1.0.wave_feature_conv2,4,5,1000,0.01,0.0,0.0,post_relu_mean,2602.344970703125,-2602.344970703125,279.1122131347656,0.0,0.0,2276.4246368408203,0.11816001903140545,-2.3055700718384657,133.11050107605251,2.201217815876007,False
10,wave_feature_stage1.0.wave_feature_conv2,9,5,1000,0.005,0.0,0.0,post_relu_mean,1485.2855224609375,-1485.2855224609375,120.90007019042969,0.0,0.0,1337.9602432250977,0.13021155710496102,-1.349723262948517,77.92533684231783,2.6959344828128815,False
10,wave_feature_stage1.0.wave_feature_conv2,9,5,1000,0.01,0.0,0.0,post_relu_mean,2929.468017578125,-2929.468017578125,234.93170166015625,0.0,0.0,2668.1111221313477,0.10864135030227479,-2.681019921860351,154.78682603462863,2.7114228582382203,False
10,wave_feature_stage1.0.wave_feature_conv2,19,5,1000,0.005,0.0,0.0,post_relu_mean,954.1159057617188,-954.1159057617188,99.31039428710938,0.0,0.0,834.7818584442139,0.12784358255053502,-0.8447767100702175,48.772596716005026,1.8927776026725769,False
10,wave_feature_stage1.0.wave_feature_conv2,19,5,1000,0.01,0.0,0.0,post_relu_mean,1884.2198486328125,-1884.2198486328125,193.34942626953125,0.0,0.0,1670.8466777801514,0.1090075805570848,-1.683688814144182,97.20660650461478,1.914018988609314,False
10,wave_feature_stage1.0.wave_feature_conv2,23,5,1000,0.005,0.0,0.0,post_relu_mean,792.5297241210938,-792.5297241210938,105.57709503173828,0.0,0.0,668.5986671447754,0.07994564001894632,-0.6864414049773852,39.631218831701815,1.488689301609993,False
10,wave_feature_stage1.0.wave_feature_conv2,23,5,1000,0.01,0.0,0.0,post_relu_mean,1579.6771240234375,-1579.6771240234375,207.5037841796875,0.0,0.0,1353.8193702697754,0.06671266497043978,-1.3844882572259618,79.93249271442805,1.5029715555906296,False
14,wave_feature_stage1.1.wave_feature_conv1,2,5,1000,0.005,0.0,0.0,post_relu_mean,2287.29345703125,-2287.29345703125,365.2819519042969,0.0,0.0,1802.4761810302734,0.21427477418367671,-1.873074468768457,108.14071439346341,3.426322535276413,False
14,wave_feature_stage1.1.wave_feature_conv1,2,5,1000,0.01,0.0,0.0,post_relu_mean,4482.54931640625,-4482.54931640625,708.6636962890625,0.0,0.0,3654.3504486083984,0.18654284365848872,-3.7434826404717727,216.1273710207575,3.45898818731308,False
14,wave_feature_stage1.1.wave_feature_conv1,29,5,1000,0.005,0.0,0.0,post_relu_mean,2089.1064453125,-2089.1064453125,364.1875305175781,0.0,0.0,1637.2803573608398,0.14841758652383527,-1.6864340353931213,97.3651026201639,3.219952630996704,False
14,wave_feature_stage1.1.wave_feature_conv1,29,5,1000,0.01,0.0,0.0,post_relu_mean,4148.6279296875,-4148.6279296875,725.3560180664062,0.0,0.0,3335.63338470459,0.13636673585071787,-3.4130838363122162,197.05202755107555,3.2757559967041017,False
14,wave_feature_stage1.1.wave_feature_conv1,8,5,1000,0.005,0.0,0.0,post_relu_mean,2175.613037109375,-2175.613037109375,397.2437438964844,0.0,0.0,1703.1513290405273,0.23979772048641507,-1.739122494175636,100.40703159693116,3.2307454955577852,False
14,wave_feature_stage1.1.wave_feature_conv1,8,5,1000,0.01,0.0,0.0,post_relu_mean,4287.03369140625,-4287.03369140625,777.7846069335938,0.0,0.0,3434.031089782715,0.20427402867257174,-3.471108377196735,200.40210700221704,3.2759353423118593,False
14,wave_feature_stage1.1.wave_feature_conv1,9,5,1000,0.005,0.0,0.0,post_relu_mean,1829.99658203125,-1829.99658203125,394.85491943359375,0.0,0.0,1374.9632110595703,0.19150099484848898,-1.414616987617073,81.67193583906909,2.6968625926971437,False
14,wave_feature_stage1.1.wave_feature_conv1,9,5,1000,0.01,0.0,0.0,post_relu_mean,3607.74169921875,-3607.74169921875,772.7235107421875,0.0,0.0,2774.8396759033203,0.16328942304725375,-2.8220481028993505,162.92898820541453,2.724180835485458,False
14,wave_feature_stage1.1.wave_feature_conv1,14,5,1000,0.005,0.0,0.0,post_relu_mean,2399.78271484375,-2399.78271484375,454.04632568359375,0.0,0.0,1888.668098449707,0.2614342803846424,-1.919838258529705,110.84055197112632,3.72394033908844,False
14,wave_feature_stage1.1.wave_feature_conv1,14,5,1000,0.01,0.0,0.0,post_relu_mean,4726.0400390625,-4726.0400390625,887.7181396484375,0.0,0.0,3781.253547668457,0.2225683085323262,-3.817750546546867,220.41518904394195,3.752005842924118,False
16,wave_feature_stage1.1.wave_feature_conv2,11,5,1000,0.005,0.0,0.0,post_relu_mean,1224.37890625,-1224.37890625,144.7381591796875,0.0,0.0,1043.0213165283203,0.14926123593094015,-1.0704750142862458,61.80314586261771,2.105545629262924,False
16,wave_feature_stage1.1.wave_feature_conv2,11,5,1000,0.01,0.0,0.0,post_relu_mean,2442.611572265625,-2442.611572265625,282.3712158203125,0.0,0.0,2123.620803833008,0.13901679090288516,-2.173375349795122,125.47837422059209,2.1590794372558593,False
16,wave_feature_stage1.1.wave_feature_conv2,9,5,1000,0.005,0.0,0.0,post_relu_mean,1190.3076171875,-1190.3076171875,141.2051239013672,0.0,0.0,1012.930061340332,0.1113317435818729,-1.0394073818672858,60.009478775107944,2.029187707901001,False
16,wave_feature_stage1.1.wave_feature_conv2,9,5,1000,0.01,0.0,0.0,post_relu_mean,2366.79736328125,-2366.79736328125,280.58233642578125,0.0,0.0,2050.042610168457,0.09833354323489878,-2.080459768085999,120.11390348320224,2.055526077747345,False
16,wave_feature_stage1.1.wave_feature_conv2,29,5,1000,0.005,0.0,0.0,post_relu_mean,712.843017578125,-712.843017578125,125.7731704711914,0.0,0.0,552.0379981994629,0.03797483498868085,-0.5689017394731133,32.845151280454736,1.1548292446136474,False
16,wave_feature_stage1.1.wave_feature_conv2,29,5,1000,0.01,0.0,0.0,post_relu_mean,1400.40087890625,-1400.40087890625,244.85629272460938,0.0,0.0,1120.5127296447754,0.03948967543640334,-1.146554363321974,66.1955197210165,1.1731394284963608,False
16,wave_feature_stage1.1.wave_feature_conv2,22,5,1000,0.005,0.0,0.0,post_relu_mean,824.45556640625,-824.45556640625,143.42294311523438,0.0,0.0,651.7699375152588,0.07163372820709021,-0.6731224949172314,38.86226074900068,1.3051843792200089,False
16,wave_feature_stage1.1.wave_feature_conv2,22,5,1000,0.01,0.0,0.0,post_relu_mean,1632.646240234375,-1632.646240234375,284.109375,0.0,0.0,1319.2742099761963,0.06319534294137055,-1.3455122643630053,77.68222012210225,1.319539137482643,False
16,wave_feature_stage1.1.wave_feature_conv2,13,5,1000,0.005,0.0,0.0,post_relu_mean,882.5712280273438,-882.5712280273438,92.82966613769531,0.0,0.0,762.6938591003418,0.08056396721607793,-0.777330923278575,44.8786636573368,1.468492233157158,False
16,wave_feature_stage1.1.wave_feature_conv2,13,5,1000,0.01,0.0,0.0,post_relu_mean,1750.537353515625,-1750.537353515625,184.1729278564453,0.0,0.0,1539.3166618347168,0.06528701887954923,-1.5614709517518213,90.15044082283153,1.4785332381725311,False
21,wave_pattern_stage2.0.wave_feature_conv1,50,5,1000,0.005,0.0,0.0,post_relu_mean,2026.029052734375,-2026.029052734375,100.55593872070312,0.0,0.0,1842.2799682617188,0.14088613020826787,-1.8921467135189123,109.241798201115,3.836323622465134,False
21,wave_pattern_stage2.0.wave_feature_conv1,50,5,1000,0.01,0.0,0.0,post_relu_mean,4049.094970703125,-4049.094970703125,199.51065063476562,0.0,0.0,3766.3910522460938,0.143854780966422,-3.85139825907757,222.3578371983656,3.9112474477291106,False
21,wave_pattern_stage2.0.wave_feature_conv1,3,5,1000,0.005,0.0,0.0,post_relu_mean,1242.634033203125,-1242.634033203125,91.70941925048828,0.0,0.0,1092.5723266601562,0.14059282218578037,-1.1454026233315746,66.12906634867618,2.4543112075328826,False
21,wave_pattern_stage2.0.wave_feature_conv1,3,5,1000,0.01,0.0,0.0,post_relu_mean,2467.376220703125,-2467.376220703125,179.50799560546875,0.0,0.0,2229.5159301757812,0.13248075773415977,-2.3014942807957404,132.875197941782,2.5025917220115663,False
21,wave_pattern_stage2.0.wave_feature_conv1,27,5,1000,0.005,0.0,0.0,post_relu_mean,1652.9647216796875,-1652.9647216796875,113.5579605102539,0.0,0.0,1481.1622581481934,0.14323089645306278,-1.52238781488336,87.89400529257225,3.130646597146988,False
21,wave_pattern_stage2.0.wave_feature_conv1,27,5,1000,0.01,0.0,0.0,post_relu_mean,3282.30908203125,-3282.30908203125,224.11077880859375,0.0,0.0,2999.9537620544434,0.13730538866585762,-3.067943091887844,177.1255851274272,3.186155759096146,False
21,wave_pattern_stage2.0.wave_feature_conv1,23,5,1000,0.005,0.0,0.0,post_relu_mean,921.9494018554688,-921.9494018554688,91.53716278076172,0.0,0.0,805.2132701873779,0.05318672972893365,-0.8256643774492799,47.66916636598576,1.8956392782926559,False
21,wave_pattern_stage2.0.wave_feature_conv1,23,5,1000,0.01,0.0,0.0,post_relu_mean,1833.9188232421875,-1833.9188232421875,179.30979919433594,0.0,0.0,1629.410047531128,0.06002713098423874,-1.6658555870940233,96.17701904087063,1.9267077893018723,False
21,wave_pattern_stage2.0.wave_feature_conv1,24,5,1000,0.005,0.0,0.0,post_relu_mean,625.9806518554688,-625.9806518554688,83.55506896972656,0.0,0.0,519.0153846740723,0.06777810141243397,-0.5379473477773223,31.058043887875666,1.4685640621185303,False
21,wave_pattern_stage2.0.wave_feature_conv1,24,5,1000,0.01,0.0,0.0,post_relu_mean,1239.3114013671875,-1239.3114013671875,161.27621459960938,0.0,0.0,1054.624942779541,0.07286776053499755,-1.0717756332275004,61.87822944662319,1.512917429804802,False
23,wave_pattern_stage2.0.wave_feature_conv2,45,5,1000,0.005,0.0,0.0,post_relu_mean,603.2799072265625,-603.2799072265625,67.99616241455078,0.0,0.0,506.24859046936035,0.058921552897300805,-0.5232168431011311,30.20760852896118,1.2032562160491944,False
23,wave_pattern_stage2.0.wave_feature_conv2,45,5,1000,0.01,0.0,0.0,post_relu_mean,1197.7076416015625,-1197.7076416015625,133.75526428222656,0.0,0.0,1034.917230606079,0.059429466184832254,-1.0607221294881737,61.24005827347712,1.2314853984117509,False
23,wave_pattern_stage2.0.wave_feature_conv2,63,5,1000,0.005,0.0,0.0,post_relu_mean,458.6815185546875,-458.6815185546875,63.61933898925781,0.0,0.0,373.25071716308594,0.04139552720638771,-0.38977014674237714,22.503109157946305,1.0071690386533738,False
23,wave_pattern_stage2.0.wave_feature_conv2,63,5,1000,0.01,0.0,0.0,post_relu_mean,913.2731323242188,-913.2731323242188,125.43170166015625,0.0,0.0,766.0299530029297,0.04662891573981444,-0.7884829094604319,45.5225465789324,1.0371975833177567,False
23,wave_pattern_stage2.0.wave_feature_conv2,25,5,1000,0.005,0.0,0.0,post_relu_mean,434.547607421875,-434.547607421875,59.3312873840332,0.0,0.0,355.4781303405762,0.03259193853449017,-0.36507659706110573,21.077449511954757,0.9145153176784515,False
23,wave_pattern_stage2.0.wave_feature_conv2,25,5,1000,0.01,0.0,0.0,post_relu_mean,864.8101806640625,-864.8101806640625,116.81526184082031,0.0,0.0,728.2567558288574,0.034438041631255245,-0.7463585583475038,43.09049995273797,0.935041389465332,False
23,wave_pattern_stage2.0.wave_feature_conv2,36,5,1000,0.005,0.0,0.0,post_relu_mean,499.15179443359375,-499.15179443359375,69.06511688232422,0.0,0.0,411.05959129333496,0.029262402675159168,-0.422674742100486,24.402834291521334,0.8739659485220909,False
23,wave_pattern_stage2.0.wave_feature_conv2,36,5,1000,0.01,0.0,0.0,post_relu_mean,981.5618896484375,-981.5618896484375,134.62332153320312,0.0,0.0,827.9115200042725,0.027836992945452214,-0.8490432325657994,49.018922549355764,0.8827461031079292,False
23,wave_pattern_stage2.0.wave_feature_conv2,47,5,1000,0.005,0.0,0.0,post_relu_mean,500.33203125,-500.33203125,65.8397445678711,0.0,0.0,415.58554458618164,0.029279477896584884,-0.4333385786197999,25.01852435479994,0.963999527990818,False
23,wave_pattern_stage2.0.wave_feature_conv2,47,5,1000,0.01,0.0,0.0,post_relu_mean,999.8278198242188,-999.8278198242188,130.50485229492188,0.0,0.0,850.4162635803223,0.034112653827101526,-0.879182658140062,50.75900583861789,0.9898077231645585,False
26,wave_pattern_stage2.0.skip_connection.0,29,5,1000,0.005,0.0,0.0,post_relu_mean,1897.740478515625,-1897.740478515625,198.4567413330078,0.0,0.0,1619.0476150512695,0.11695760965342476,-1.6678203847186024,96.29045789580636,3.2666617107391356,False
26,wave_pattern_stage2.0.skip_connection.0,29,5,1000,0.01,0.0,0.0,post_relu_mean,3776.220703125,-3776.220703125,394.2847595214844,0.0,0.0,3301.6999588012695,0.1162445426568608,-3.3680556717897434,194.45235674344522,3.320991590023041,False
26,wave_pattern_stage2.0.skip_connection.0,23,5,1000,0.005,0.0,0.0,post_relu_mean,1973.9267578125,-1973.9267578125,179.46205139160156,0.0,0.0,1741.102394104004,0.16886671742172893,-1.7800835017518504,102.77193537946575,3.7987641847133635,False
26,wave_pattern_stage2.0.skip_connection.0,23,5,1000,0.01,0.0,0.0,post_relu_mean,3931.46630859375,-3931.46630859375,352.61871337890625,0.0,0.0,3525.4853286743164,0.16034524664258368,-3.576726893636208,206.49988190240086,3.8679324543476103,False
26,wave_pattern_stage2.0.skip_connection.0,61,5,1000,0.005,0.0,0.0,post_relu_mean,1263.806396484375,-1263.806396484375,184.98272705078125,0.0,0.0,1036.2232208251953,0.1052397069170977,-1.0671224909437431,61.60959383119348,2.2252167093753816,False
26,wave_pattern_stage2.0.skip_connection.0,61,5,1000,0.01,0.0,0.0,post_relu_mean,2519.3740234375,-2519.3740234375,366.81976318359375,0.0,0.0,2109.9536895751953,0.09945404611709283,-2.1485100402351365,124.04286203655704,2.2642128002643584,False
26,wave_pattern_stage2.0.skip_connection.0,55,5,1000,0.005,0.0,0.0,post_relu_mean,1298.70068359375,-1298.70068359375,164.12750244140625,0.0,0.0,1098.3919296264648,0.11929335429293199,-1.1278971877556219,65.11836272537482,2.435892596244812,False
26,wave_pattern_stage2.0.skip_connection.0,55,5,1000,0.01,0.0,0.0,post_relu_mean,2596.545166015625,-2596.545166015625,323.68304443359375,0.0,0.0,2236.68074798584,0.11844500553282561,-2.267985146589114,130.94057523514482,2.4973029458522795,False
26,wave_pattern_stage2.0.skip_connection.0,45,5,1000,0.005,0.0,0.0,post_relu_mean,1017.2840576171875,-1017.2840576171875,108.0786361694336,0.0,0.0,877.627420425415,0.13943619907711172,-0.9218676959691327,53.22340067056881,2.2269797790050507,False
26,wave_pattern_stage2.0.skip_connection.0,45,5,1000,0.01,0.0,0.0,post_relu_mean,2030.546142578125,-2030.546142578125,213.7074737548828,0.0,0.0,1785.2605991363525,0.1313057671307437,-1.8361440917126444,106.00860445788047,2.26752189040184,False
29,wave_pattern_stage2.1.wave_feature_conv1,39,5,1000,0.005,0.0,0.0,post_relu_mean,1363.083251953125,-1363.083251953125,155.90274047851562,0.0,0.0,1136.3482971191406,0.11410053073610689,-1.1771643906423588,67.96279145881456,2.5124484705924988,False
29,wave_pattern_stage2.1.wave_feature_conv1,39,5,1000,0.01,0.0,0.0,post_relu_mean,2694.201171875,-2694.201171875,305.7433776855469,0.0,0.0,2317.625518798828,0.11104531309485621,-2.37949968997638,137.37876457189176,2.5657765638828276,False
29,wave_pattern_stage2.1.wave_feature_conv1,53,5,1000,0.005,0.0,0.0,post_relu_mean,1209.68310546875,-1209.68310546875,119.45742797851562,0.0,0.0,1047.801959991455,0.178974687346855,-1.099711927063313,63.491256482499104,2.460657184123993,False
29,wave_pattern_stage2.1.wave_feature_conv1,53,5,1000,0.01,0.0,0.0,post_relu_mean,2398.229248046875,-2398.229248046875,233.86643981933594,0.0,0.0,2121.9390449523926,0.16476805203203426,-2.160452425281579,124.73222568416956,2.5171067237854006,False
29,wave_pattern_stage2.1.wave_feature_conv1,35,5,1000,0.005,0.0,0.0,post_relu_mean,978.8405151367188,-978.8405151367188,139.94403076171875,0.0,0.0,798.5158157348633,0.08708618015653448,-0.8277828916548108,47.7914788277922,1.8471273010969163,False
29,wave_pattern_stage2.1.wave_feature_conv1,35,5,1000,0.01,0.0,0.0,post_relu_mean,1945.038330078125,-1945.038330078125,273.433837890625,0.0,0.0,1631.2238235473633,0.09219538827861064,-1.6769440236982485,96.81721453907467,1.9043613851070404,False
29,wave_pattern_stage2.1.wave_feature_conv1,21,5,1000,0.005,0.0,0.0,post_relu_mean,1096.0633544921875,-1096.0633544921875,161.14244079589844,0.0,0.0,898.9546737670898,0.039313866640675,-0.9232529551031745,53.30337577662316,2.0362568271160124,False
29,wave_pattern_stage2.1.wave_feature_conv1,21,5,1000,0.01,0.0,0.0,post_relu_mean,2182.22412109375,-2182.22412109375,320.7537536621094,0.0,0.0,1825.5041122436523,0.049416732519136884,-1.8741688389621853,108.20386403013588,2.0748670649528504,False
29,wave_pattern_stage2.1.wave_feature_conv1,51,5,1000,0.005,0.0,0.0,post_relu_mean,921.9746704101562,-921.9746704101562,128.0317840576172,0.0,0.0,763.1025733947754,0.06781196348032711,-0.7868301337812986,45.42709445690904,1.7159001266956329,False
29,wave_pattern_stage2.1.wave_feature_conv1,51,5,1000,0.01,0.0,0.0,post_relu_mean,1828.8785400390625,-1828.8785400390625,252.4304656982422,0.0,0.0,1545.607822418213,0.06765503333894618,-1.5851708999023806,91.51875006909609,1.7524577301740647,False
31,wave_pattern_stage2.1.wave_feature_conv2,46,5,1000,0.005,0.0,0.0,post_relu_mean,708.066650390625,-708.066650390625,73.21002960205078,0.0,0.0,605.5093688964844,0.056794235726557396,-0.6213386243927338,35.87255659790394,1.3518907982110977,False
31,wave_pattern_stage2.1.wave_feature_conv2,46,5,1000,0.01,0.0,0.0,post_relu_mean,1408.150146484375,-1408.150146484375,144.71829223632812,0.0,0.0,1234.0846252441406,0.054033521850464346,-1.255031721709791,72.45838700609055,1.3808087658882142,False
31,wave_pattern_stage2.1.wave_feature_conv2,61,5,1000,0.005,0.0,0.0,post_relu_mean,955.896728515625,-955.896728515625,76.83135223388672,0.0,0.0,855.9858417510986,0.038933457455552246,-0.8689115132693993,50.166013544157146,1.8039766401052475,False
31,wave_pattern_stage2.1.wave_feature_conv2,61,5,1000,0.01,0.0,0.0,post_relu_mean,1889.716552734375,-1889.716552734375,151.6606903076172,0.0,0.0,1714.9763813018799,0.04291765107014146,-1.7418713469545724,100.56573431822638,1.8249345755577087,False
31,wave_pattern_stage2.1.wave_feature_conv2,32,5,1000,0.005,0.0,0.0,post_relu_mean,513.5108032226562,-513.5108032226562,47.00258255004883,0.0,0.0,443.71404457092285,0.08313288720610436,-0.4646826013255923,26.828140616630424,1.1097952687740327,False
31,wave_pattern_stage2.1.wave_feature_conv2,32,5,1000,0.01,0.0,0.0,post_relu_mean,1031.96044921875,-1031.96044921875,92.98723602294922,0.0,0.0,916.1790409088135,0.07968085137339727,-0.9507577086857592,54.891351323763935,1.1461924266815187,False
31,wave_pattern_stage2.1.wave_feature_conv2,33,5,1000,0.005,0.0,0.0,post_relu_mean,483.765625,-483.765625,63.99669647216797,0.0,0.0,400.65621185302734,0.03733671105042791,-0.41583721758571307,24.00807705646101,0.9158948382735252,False
31,wave_pattern_stage2.1.wave_feature_conv2,33,5,1000,0.01,0.0,0.0,post_relu_mean,966.607666015625,-966.607666015625,126.92108154296875,0.0,0.0,820.5738754272461,0.04055413412466024,-0.848634234074846,48.99530950552051,0.9403560385107994,False
31,wave_pattern_stage2.1.wave_feature_conv2,10,5,1000,0.005,0.0,0.0,post_relu_mean,535.2733154296875,-535.2733154296875,62.962318420410156,0.0,0.0,454.29503059387207,0.05159702457455347,-0.4651731079577649,26.856446800025548,1.167029654979706,False
31,wave_pattern_stage2.1.wave_feature_conv2,10,5,1000,0.01,0.0,0.0,post_relu_mean,1058.4024658203125,-1058.4024658203125,123.89674377441406,0.0,0.0,916.4897632598877,0.05146178293722875,-0.929128758690769,53.64260547599174,1.1940888339281082,False
36,interference_stage3.0.wave_feature_conv1,31,5,1000,0.005,0.0,0.0,post_relu_mean,1477.6162109375,-1477.6162109375,143.232421875,0.0,0.0,1269.4757232666016,0.12838365388908712,-1.3026099694850768,75.20531132657894,2.9156247580051424,False
36,interference_stage3.0.wave_feature_conv1,31,5,1000,0.01,0.0,0.0,post_relu_mean,2916.824462890625,-2916.824462890625,279.87261962890625,0.0,0.0,2572.0438385009766,0.11964855738168596,-2.640547258432437,152.4501638519064,2.963961327075958,False
36,interference_stage3.0.wave_feature_conv1,97,5,1000,0.005,0.0,0.0,post_relu_mean,1028.8431396484375,-1028.8431396484375,121.0274658203125,0.0,0.0,869.6647872924805,0.10721330572553568,-0.9078915756158066,52.41653816529098,2.206087357997894,False
36,interference_stage3.0.wave_feature_conv1,97,5,1000,0.01,0.0,0.0,post_relu_mean,2070.046875,-2070.046875,240.53402709960938,0.0,0.0,1791.361930847168,0.11806638684682709,-1.8540064863621102,107.03980729267556,2.287278242111206,False
36,interference_stage3.0.wave_feature_conv1,126,5,1000,0.005,0.0,0.0,post_relu_mean,875.4127197265625,-875.4127197265625,127.2116470336914,0.0,0.0,717.2052459716797,0.0864540971083942,-0.7398382939614994,42.71406308378293,1.7937501555681228,False
36,interference_stage3.0.wave_feature_conv1,126,5,1000,0.01,0.0,0.0,post_relu_mean,1737.731689453125,-1737.731689453125,248.39378356933594,0.0,0.0,1458.3420867919922,0.08457734318844581,-1.492855012476386,86.18895246628534,1.8358096498250962,False
36,interference_stage3.0.wave_feature_conv1,67,5,1000,0.005,0.0,0.0,post_relu_mean,784.136474609375,-784.136474609375,101.0132064819336,0.0,0.0,654.5820808410645,0.11176781654836106,-0.6783720556453852,39.165411562810576,1.8462120336294174,False
36,interference_stage3.0.wave_feature_conv1,67,5,1000,0.01,0.0,0.0,post_relu_mean,1583.48583984375,-1583.48583984375,198.77142333984375,0.0,0.0,1356.1731452941895,0.12579775245309932,-1.4180042857089494,81.86793245108768,1.9354849380254746,False
36,interference_stage3.0.wave_feature_conv1,19,5,1000,0.005,0.0,0.0,post_relu_mean,805.0347290039062,-805.0347290039062,110.98269653320312,0.0,0.0,665.9433364868164,0.08607863550966885,-0.6865791434214565,39.63917399235428,1.7018973791599274,False
36,interference_stage3.0.wave_feature_conv1,19,5,1000,0.01,0.0,0.0,post_relu_mean,1604.4615478515625,-1604.4615478515625,218.17921447753906,0.0,0.0,1358.173683166504,0.08853416204153026,-1.3904231235541633,80.2751629114421,1.7504421347379684,False
38,interference_stage3.0.wave_feature_conv2,120,5,1000,0.005,0.0,0.0,post_relu_mean,849.6806640625,-849.6806640625,62.602901458740234,0.0,0.0,748.4398193359375,0.10994813428748217,-0.77737932709182,44.881500702447546,1.7863121491670608,False
38,interference_stage3.0.wave_feature_conv2,120,5,1000,0.01,0.0,0.0,post_relu_mean,1679.55517578125,-1679.55517578125,122.33442687988281,0.0,0.0,1518.582763671875,0.09805663110706607,-1.561503856352512,90.15234277159762,1.8092684692144394,False
38,interference_stage3.0.wave_feature_conv2,109,5,1000,0.005,0.0,0.0,post_relu_mean,634.435302734375,-634.435302734375,62.43983840942383,0.0,0.0,541.2767944335938,0.07096573157988957,-0.5607038337732124,32.371861779524636,1.2918531811237335,False
38,interference_stage3.0.wave_feature_conv2,109,5,1000,0.01,0.0,0.0,post_relu_mean,1249.5096435546875,-1249.5096435546875,121.5850601196289,0.0,0.0,1097.2058715820312,0.06721025922315912,-1.115350372834028,64.39399864427294,1.3227015489339828,False
38,interference_stage3.0.wave_feature_conv2,104,5,1000,0.005,0.0,0.0,post_relu_mean,670.3189697265625,-670.3189697265625,63.62453079223633,0.0,0.0,578.104564666748,0.07743024765527934,-0.5965675577512607,34.442415129276334,1.3979799777269364,False
38,interference_stage3.0.wave_feature_conv2,104,5,1000,0.01,0.0,0.0,post_relu_mean,1331.38525390625,-1331.38525390625,125.32866668701172,0.0,0.0,1177.4667472839355,0.07275034935571086,-1.2080704454745157,69.7471367866384,1.4286112302541734,False
38,interference_stage3.0.wave_feature_conv2,84,5,1000,0.005,0.0,0.0,post_relu_mean,686.3123779296875,-686.3123779296875,59.928932189941406,0.0,0.0,598.1603355407715,0.11601010574788874,-0.6187582994628575,35.72360356172757,1.5376969325542449,False
38,interference_stage3.0.wave_feature_conv2,84,5,1000,0.01,0.0,0.0,post_relu_mean,1367.5262451171875,-1367.5262451171875,118.02361297607422,0.0,0.0,1221.279598236084,0.10639725663457537,-1.2495646895109147,72.1427753242086,1.5837772238254546,False
38,interference_stage3.0.wave_feature_conv2,49,5,1000,0.005,0.0,0.0,post_relu_mean,577.6380004882812,-577.6380004882812,59.96652603149414,0.0,0.0,492.65102767944336,0.06545940445206293,-0.507913916597915,29.324058010443643,1.233281602859497,False
38,interference_stage3.0.wave_feature_conv2,49,5,1000,0.01,0.0,0.0,post_relu_mean,1146.884765625,-1146.884765625,118.12676239013672,0.0,0.0,1003.7376365661621,0.06323644978247492,-1.0281578277402492,59.359984960295805,1.2618695884943008,False
41,interference_stage3.0.skip_connection.0,32,5,1000,0.005,0.0,0.0,post_relu_mean,1107.0142822265625,-1107.0142822265625,100.81083679199219,0.0,0.0,968.1129531860352,0.10929628585472512,-0.9970927971777176,57.56646347992243,2.5043403697013855,False
41,interference_stage3.0.skip_connection.0,32,5,1000,0.01,0.0,0.0,post_relu_mean,2231.370361328125,-2231.370361328125,200.49049377441406,0.0,0.0,1992.789405822754,0.12515258514790842,-2.032108580668618,117.32242903153285,2.6114967238903044,False
41,interference_stage3.0.skip_connection.0,60,5,1000,0.005,0.0,0.0,post_relu_mean,843.0743408203125,-843.0743408203125,93.24451446533203,0.0,0.0,716.1613883972168,0.08804212249509914,-0.7425704491184059,42.87184152048702,1.968400803208351,False
41,interference_stage3.0.skip_connection.0,60,5,1000,0.01,0.0,0.0,post_relu_mean,1700.858154296875,-1700.858154296875,185.1698760986328,0.0,0.0,1482.0197868347168,0.10304720038004254,-1.5236164986766267,87.96495504698396,2.056653128862381,False
41,interference_stage3.0.skip_connection.0,97,5,1000,0.005,0.0,0.0,post_relu_mean,1079.2216796875,-1079.2216796875,116.00389099121094,0.0,0.0,930.7806816101074,0.08694694613398095,-0.9614985749094409,55.51149223995016,2.382224653959274,False
41,interference_stage3.0.skip_connection.0,97,5,1000,0.01,0.0,0.0,post_relu_mean,2146.390625,-2146.390625,229.7598876953125,0.0,0.0,1884.193645477295,0.09119891493214877,-1.9455304052584224,112.32385402604798,2.428778134584427,False
41,interference_stage3.0.skip_connection.0,80,5,1000,0.005,0.0,0.0,post_relu_mean,754.4032592773438,-754.4032592773438,75.5250244140625,0.0,0.0,648.9162292480469,0.11207125249419297,-0.6767048702584753,39.06909746782538,1.821910873055458,False
41,interference_stage3.0.skip_connection.0,80,5,1000,0.01,0.0,0.0,post_relu_mean,1506.9906005859375,-1506.9906005859375,147.1355743408203,0.0,0.0,1329.8929748535156,0.11569790619489961,-1.3799335357224265,79.66970506656432,1.8801586419343947,False
41,interference_stage3.0.skip_connection.0,123,5,1000,0.005,0.0,0.0,post_relu_mean,813.7902221679688,-813.7902221679688,96.98074340820312,0.0,0.0,689.1634750366211,0.0821392706381864,-0.7225600612396901,41.71652232170283,1.8380381709337235,False
41,interference_stage3.0.skip_connection.0,123,5,1000,0.01,0.0,0.0,post_relu_mean,1643.484375,-1643.484375,194.49607849121094,0.0,0.0,1421.3423080444336,0.07986022788683425,-1.4774664952561312,85.30067743488138,1.8808395326137544,False
44,interference_stage3.1.wave_feature_conv1,12,5,1000,0.005,0.0,0.0,post_relu_mean,1160.1715087890625,-1160.1715087890625,119.37845611572266,0.0,0.0,985.8747253417969,0.11186152955243703,-1.0295751344741868,59.44194820284397,2.431287372112274,False
44,interference_stage3.1.wave_feature_conv1,12,5,1000,0.01,0.0,0.0,post_relu_mean,2310.195556640625,-2310.195556640625,237.26718139648438,0.0,0.0,2018.0101013183594,0.12030342641021415,-2.0735549975968635,119.71535733711754,2.508304315805435,False
44,interference_stage3.1.wave_feature_conv1,81,5,1000,0.005,0.0,0.0,post_relu_mean,1000.362060546875,-1000.362060546875,114.04850006103516,0.0,0.0,834.6627197265625,0.12920759019556097,-0.8563739733752133,49.44216100916585,2.1537400889396667,False
44,interference_stage3.1.wave_feature_conv1,81,5,1000,0.01,0.0,0.0,post_relu_mean,1983.2698974609375,-1983.2698974609375,224.58880615234375,0.0,0.0,1707.0303344726562,0.1190927919376063,-1.739320462595305,100.41846492090099,2.2064817821979523,False
44,interference_stage3.1.wave_feature_conv1,127,5,1000,0.005,0.0,0.0,post_relu_mean,1104.18994140625,-1104.18994140625,125.48011016845703,0.0,0.0,932.5129165649414,0.13137367827392493,-0.9563326225031844,55.21322935098223,2.4343702924251556,False
44,interference_stage3.1.wave_feature_conv1,127,5,1000,0.01,0.0,0.0,post_relu_mean,2202.118408203125,-2202.118408203125,249.1903076171875,0.0,0.0,1906.7311782836914,0.1297570293588743,-1.952772281892496,112.74198050296674,2.495248246192932,False
44,interference_stage3.1.wave_feature_conv1,42,5,1000,0.005,0.0,0.0,post_relu_mean,1070.8577880859375,-1070.8577880859375,123.02525329589844,0.0,0.0,902.113395690918,0.12437014875802663,-0.9292059960190409,53.64707848147899,2.2519126319885254,False
44,interference_stage3.1.wave_feature_conv1,42,5,1000,0.01,0.0,0.0,post_relu_mean,2116.412841796875,-2116.412841796875,242.8222198486328,0.0,0.0,1827.871452331543,0.11774694867013158,-1.8633932737051337,107.58174142484226,2.309336462020874,False
44,interference_stage3.1.wave_feature_conv1,31,5,1000,0.005,0.0,0.0,post_relu_mean,1008.0179443359375,-1008.0179443359375,123.53612518310547,0.0,0.0,842.473201751709,0.11279073197761841,-0.8647688802846291,49.92685474204341,2.2411134362220766,False
44,interference_stage3.1.wave_feature_conv1,31,5,1000,0.01,0.0,0.0,post_relu_mean,1996.03369140625,-1996.03369140625,242.40098571777344,0.0,0.0,1711.624080657959,0.11597093553584982,-1.7496056366252906,101.01238739720992,2.3014418494701387,False
46,interference_stage3.1.wave_feature_conv2,38,5,1000,0.005,0.0,0.0,post_relu_mean,882.575927734375,-882.575927734375,58.03956604003906,0.0,0.0,782.3672523498535,0.08362033264784043,-0.8042336266841731,46.43188896572209,2.010593222975731,False
46,interference_stage3.1.wave_feature_conv2,38,5,1000,0.01,0.0,0.0,post_relu_mean,1729.720458984375,-1729.720458984375,113.53287506103516,0.0,0.0,1574.018497467041,0.08322224941894356,-1.6048672665486072,92.65590659649376,2.047230942249298,False
46,interference_stage3.1.wave_feature_conv2,75,5,1000,0.005,0.0,0.0,post_relu_mean,722.7466430664062,-722.7466430664062,59.42892837524414,0.0,0.0,628.4213676452637,0.10723597726910035,-0.6450460435247453,37.24129510029488,1.6955895298719406,False
46,interference_stage3.1.wave_feature_conv2,75,5,1000,0.01,0.0,0.0,post_relu_mean,1444.4571533203125,-1444.4571533203125,119.02955627441406,0.0,0.0,1290.53129196167,0.10736884374351238,-1.3239492644725783,76.43729898551958,1.7566875898838044,False
46,interference_stage3.1.wave_feature_conv2,104,5,1000,0.005,0.0,0.0,post_relu_mean,609.9562377929688,-609.9562377929688,59.610450744628906,0.0,0.0,522.6758975982666,0.07279015311088309,-0.5385296447062665,31.091649513426436,1.4342884331941606,False
46,interference_stage3.1.wave_feature_conv2,104,5,1000,0.01,0.0,0.0,post_relu_mean,1206.223876953125,-1206.223876953125,117.48983001708984,0.0,0.0,1061.0641422271729,0.07445479591481696,-1.0856690457483604,62.68034907881938,1.4754482841491698,False
46,interference_stage3.1.wave_feature_conv2,125,5,1000,0.005,0.0,0.0,post_relu_mean,496.88018798828125,-496.88018798828125,58.53458023071289,0.0,0.0,415.14093589782715,0.05429103818062064,-0.43068257652791414,24.86516152361688,1.0989867287874222,False
46,interference_stage3.1.wave_feature_conv2,125,5,1000,0.01,0.0,0.0,post_relu_mean,987.3172607421875,-987.3172607421875,116.80636596679688,0.0,0.0,847.306188583374,0.05504805951936228,-0.868557489312599,50.14557248325245,1.128288900256157,False
46,interference_stage3.1.wave_feature_conv2,11,5,1000,0.005,0.0,0.0,post_relu_mean,513.5281372070312,-513.5281372070312,60.11832809448242,0.0,0.0,432.18724632263184,0.059701500824375774,-0.4464953711702899,25.778100858049406,1.1201242840290069,False
46,interference_stage3.1.wave_feature_conv2,11,5,1000,0.01,0.0,0.0,post_relu_mean,1006.8306274414062,-1006.8306274414062,118.1135025024414,0.0,0.0,867.4945278167725,0.05207786545593834,-0.8853516400013269,51.115211984019595,1.135580095052719,False
51,source_localization_stage4.0.wave_feature_conv1,7,5,1000,0.005,0.0,0.0,post_relu_mean,913.2289428710938,-913.2289428710938,53.29074478149414,0.0,0.0,819.5897216796875,0.17180870928780795,-0.838130342281384,48.38906097791787,2.412836563587189,False
51,source_localization_stage4.0.wave_feature_conv1,7,5,1000,0.01,0.0,0.0,post_relu_mean,1815.8104248046875,-1815.8104248046875,103.95514678955078,0.0,0.0,1671.5067749023438,0.15668493968131036,-1.707081900985513,98.55730800300498,2.470949773788452,False
51,source_localization_stage4.0.wave_feature_conv1,75,5,1000,0.005,0.0,0.0,post_relu_mean,978.5603637695312,-978.5603637695312,51.249244689941406,0.0,0.0,888.9879760742188,0.33204041793659445,-0.9118310260307779,52.643985961791415,3.4618735337257385,False
51,source_localization_stage4.0.wave_feature_conv1,75,5,1000,0.01,0.0,0.0,post_relu_mean,1957.069580078125,-1957.069580078125,102.31892395019531,0.0,0.0,1816.427490234375,0.3085126956544509,-1.8964518971372726,109.49070478341784,3.5713654088974,False
51,source_localization_stage4.0.wave_feature_conv1,102,5,1000,0.005,0.0,0.0,post_relu_mean,939.3021850585938,-939.3021850585938,47.738609313964844,0.0,0.0,853.5448226928711,0.3966194073490762,-0.8850168657170531,51.09591007338131,3.6444629395008086,False
51,source_localization_stage4.0.wave_feature_conv1,102,5,1000,0.01,0.0,0.0,post_relu_mean,1858.7132568359375,-1858.7132568359375,93.8984146118164,0.0,0.0,1726.796043395996,0.35490694920288274,-1.7584814620670695,101.5248312710577,3.6805000257492066,False
51,source_localization_stage4.0.wave_feature_conv1,81,5,1000,0.005,0.0,0.0,post_relu_mean,885.3517456054688,-885.3517456054688,44.130210876464844,0.0,0.0,806.2623443603516,0.40437333022946875,-0.8326824565725229,48.07437039370625,3.7579079771041872,False
51,source_localization_stage4.0.wave_feature_conv1,81,5,1000,0.01,0.0,0.0,post_relu_mean,1736.64111328125,-1736.64111328125,86.27190399169922,0.0,0.0,1615.4100494384766,0.3774488002032189,-1.6970870159815514,97.98018845711486,3.8828204357624054,False
51,source_localization_stage4.0.wave_feature_conv1,45,5,1000,0.005,0.0,0.0,post_relu_mean,650.5422973632812,-650.5422973632812,41.696861267089844,0.0,0.0,576.237190246582,0.09568778741503739,-0.5957294526082633,34.39402913211682,1.7028919446468354,False
51,source_localization_stage4.0.wave_feature_conv1,45,5,1000,0.01,0.0,0.0,post_relu_mean,1295.5885009765625,-1295.5885009765625,82.5902099609375,0.0,0.0,1180.390022277832,0.09412714184064087,-1.207754982753963,69.72893676260894,1.7550041091442108,False
53,source_localization_stage4.0.wave_feature_conv2,101,5,1000,0.005,0.0,0.0,post_relu_mean,452.9085693359375,-452.9085693359375,33.541587829589844,0.0,0.0,402.33839225769043,0.29396280147353326,-0.429271349619739,24.783975784684607,2.2894125187397005,False
53,source_localization_stage4.0.wave_feature_conv2,101,5,1000,0.01,0.0,0.0,post_relu_mean,920.0482788085938,-920.0482788085938,67.83621978759766,0.0,0.0,835.1834545135498,0.2946404900847169,-0.8736154251482021,50.43801601721014,2.39840255856514,False
53,source_localization_stage4.0.wave_feature_conv2,254,5,1000,0.005,0.0,0.0,post_relu_mean,456.82720947265625,-456.82720947265625,32.056617736816406,0.0,0.0,408.7377700805664,0.28119197700127463,-0.42080491921660834,24.295054064620437,2.3620599722862243,False
53,source_localization_stage4.0.wave_feature_conv2,254,5,1000,0.01,0.0,0.0,post_relu_mean,919.5717163085938,-919.5717163085938,63.79072189331055,0.0,0.0,839.748176574707,0.2876812899541335,-0.8810702248452207,50.8682001927996,2.5180537605285647,False
53,source_localization_stage4.0.wave_feature_conv2,33,5,1000,0.005,0.0,0.0,post_relu_mean,218.296875,-218.296875,30.225114822387695,0.0,0.0,177.1493682861328,0.07409260103874155,-0.1916702517935263,11.065991674504405,0.7572479817271233,False
53,source_localization_stage4.0.wave_feature_conv2,33,5,1000,0.01,0.0,0.0,post_relu_mean,430.9549255371094,-430.9549255371094,59.094722747802734,0.0,0.0,360.93780517578125,0.0749914656906303,-0.3791364980428832,21.889443833513553,0.7919454962015152,False
53,source_localization_stage4.0.wave_feature_conv2,88,5,1000,0.005,0.0,0.0,post_relu_mean,219.7491912841797,-219.7491912841797,30.790573120117188,0.0,0.0,178.32008934020996,0.12036633471633318,-0.1879711846655114,10.852419352849374,0.9767311182618141,False
53,source_localization_stage4.0.wave_feature_conv2,88,5,1000,0.01,0.0,0.0,post_relu_mean,454.8723449707031,-454.8723449707031,64.03792572021484,0.0,0.0,380.1958827972412,0.13101520635732808,-0.40515815482514744,23.391983932024193,1.0879051584005355,False
53,source_localization_stage4.0.wave_feature_conv2,69,5,1000,0.005,0.0,0.0,post_relu_mean,252.41143798828125,-252.41143798828125,43.822608947753906,0.0,0.0,198.45182609558105,0.1200478464821799,-0.21105415764819174,12.18510088324709,0.993854518532753,False
53,source_localization_stage4.0.wave_feature_conv2,69,5,1000,0.01,0.0,0.0,post_relu_mean,518.8726806640625,-518.8726806640625,99.03987884521484,0.0,0.0,409.6957836151123,0.1185882601756905,-0.4281522635752661,24.719093453415972,1.043294581770897,False
56,source_localization_stage4.0.skip_connection.0,74,5,1000,0.005,0.0,0.0,post_relu_mean,646.936279296875,-646.936279296875,60.976158142089844,0.0,0.0,560.5773391723633,0.20353366324409666,-0.5917366069146235,34.16367781680741,1.9959170240163804,False
56,source_localization_stage4.0.skip_connection.0,74,5,1000,0.01,0.0,0.0,post_relu_mean,1265.1578369140625,-1265.1578369140625,118.35437774658203,0.0,0.0,1121.4206619262695,0.1889844563450165,-1.1333972830827117,65.43605063190041,2.046272929906845,False
56,source_localization_stage4.0.skip_connection.0,131,5,1000,0.005,0.0,0.0,post_relu_mean,556.3193969726562,-556.3193969726562,51.422454833984375,0.0,0.0,482.9313106536865,0.115675355857821,-0.5175240581194583,29.878945007622125,1.6780527609586715,False
56,source_localization_stage4.0.skip_connection.0,131,5,1000,0.01,0.0,0.0,post_relu_mean,1115.81298828125,-1115.81298828125,102.65180206298828,0.0,0.0,991.1955623626709,0.11856516510410677,-1.028235155570662,59.36445459086445,1.7523844617605209,False
56,source_localization_stage4.0.skip_connection.0,221,5,1000,0.005,0.0,0.0,post_relu_mean,611.85107421875,-611.85107421875,53.68241500854492,0.0,0.0,538.7054481506348,0.1828782596547117,-0.562898217314747,32.49879334555123,2.073628203868866,False
56,source_localization_stage4.0.skip_connection.0,221,5,1000,0.01,0.0,0.0,post_relu_mean,1209.62451171875,-1209.62451171875,105.61530303955078,0.0,0.0,1084.5459632873535,0.20467638671855568,-1.1021141135217831,63.629825568579605,2.2264938139915467,False
56,source_localization_stage4.0.skip_connection.0,37,5,1000,0.005,0.0,0.0,post_relu_mean,525.9083862304688,-525.9083862304688,54.01593017578125,0.0,0.0,452.8335151672363,0.20025247987092323,-0.4772685511443206,27.554834689268546,1.8610046261548996,False
56,source_localization_stage4.0.skip_connection.0,37,5,1000,0.01,0.0,0.0,post_relu_mean,1070.8006591796875,-1070.8006591796875,108.620361328125,0.0,0.0,943.1213569641113,0.2146087157738397,-0.9787444706259258,56.507281245859026,1.9725646787881852,False
56,source_localization_stage4.0.skip_connection.0,176,5,1000,0.005,0.0,0.0,post_relu_mean,567.727294921875,-567.727294921875,50.418941497802734,0.0,0.0,499.97083282470703,0.2487602758320819,-0.5535637994679116,31.960604981946172,2.24752601146698,False
56,source_localization_stage4.0.skip_connection.0,176,5,1000,0.01,0.0,0.0,post_relu_mean,1175.6917724609375,-1175.6917724609375,103.83856201171875,0.0,0.0,1054.515754699707,0.285740570854181,-1.1042106689874278,63.750855034978656,2.460106943845749,False
59,source_localization_stage4.1.wave_feature_conv1,152,5,1000,0.005,0.0,0.0,post_relu_mean,1094.3919677734375,-1094.3919677734375,103.32363891601562,0.0,0.0,949.8608283996582,0.7004430043886176,-0.982503991799014,56.724616153593644,4.727941908836365,False
59,source_localization_stage4.1.wave_feature_conv1,152,5,1000,0.01,0.0,0.0,post_relu_mean,2218.6806640625,-2218.6806640625,211.70291137695312,0.0,0.0,1965.7702522277832,0.6923499590321781,-2.0009077805070126,115.52131242679118,5.043518693447113,False
59,source_localization_stage4.1.wave_feature_conv1,232,5,1000,0.005,0.0,0.0,post_relu_mean,986.8833618164062,-986.8833618164062,110.12870025634766,0.0,0.0,845.0396327972412,0.8009407624317988,-0.9215605609561626,53.20706314092391,3.659553314447403,False
59,source_localization_stage4.1.wave_feature_conv1,232,5,1000,0.01,0.0,0.0,post_relu_mean,2003.4892578125,-2003.4892578125,224.00811767578125,0.0,0.0,1747.7661952972412,0.7846163246032976,-1.803219337014187,104.10783213607273,3.886727764606476,False
59,source_localization_stage4.1.wave_feature_conv1,198,5,1000,0.005,0.0,0.0,post_relu_mean,518.0400390625,-518.0400390625,67.297607421875,0.0,0.0,425.6797161102295,0.25732570366855073,-0.45487761519599507,26.262059477159358,2.030168723464012,False
59,source_localization_stage4.1.wave_feature_conv1,198,5,1000,0.01,0.0,0.0,post_relu_mean,1035.4986572265625,-1035.4986572265625,132.4858856201172,0.0,0.0,877.9500408172607,0.2542891833109855,-0.8910820456516051,51.44603359815074,2.182935115098953,False
59,source_localization_stage4.1.wave_feature_conv1,120,5,1000,0.005,0.0,0.0,post_relu_mean,1111.830322265625,-1111.830322265625,106.55026245117188,0.0,0.0,980.5295524597168,0.8036666448467055,-0.9959701641314227,57.501777350783314,4.58537917137146,False
59,source_localization_stage4.1.wave_feature_conv1,120,5,1000,0.01,0.0,0.0,post_relu_mean,2218.318115234375,-2218.318115234375,211.36724853515625,0.0,0.0,1982.2004508972168,0.7027689929627595,-1.9789511507807225,114.25380072565616,4.765573995113373,False
59,source_localization_stage4.1.wave_feature_conv1,179,5,1000,0.005,0.0,0.0,post_relu_mean,481.3236083984375,-481.3236083984375,61.232688903808594,0.0,0.0,397.6163806915283,0.33231441761543423,-0.41761644059412023,24.110935074772353,2.375385618209839,False
59,source_localization_stage4.1.wave_feature_conv1,179,5,1000,0.01,0.0,0.0,post_relu_mean,927.4715576171875,-927.4715576171875,116.3418197631836,0.0,0.0,788.6552295684814,0.3196769791321929,-0.8157106874906979,47.09450071152359,2.4693215072154997,False
61,source_localization_stage4.1.wave_feature_conv2,201,5,1000,0.005,0.0,0.0,post_relu_mean,677.4034423828125,-677.4034423828125,97.83860778808594,0.0,0.0,551.4151935577393,0.43282889963856813,-0.5865695705426693,33.86520394086817,3.204626795053482,False
61,source_localization_stage4.1.wave_feature_conv2,201,5,1000,0.01,0.0,0.0,post_relu_mean,1347.411376953125,-1347.411376953125,191.02432250976562,0.0,0.0,1128.2374591827393,0.45654013522491843,-1.1605376182835967,67.00286424101142,3.4796558773517607,False
61,source_localization_stage4.1.wave_feature_conv2,221,5,1000,0.005,0.0,0.0,post_relu_mean,609.4690551757812,-609.4690551757812,99.58391571044922,0.0,0.0,485.1174774169922,0.37815532845858735,-0.5145356114295314,29.706572696497673,2.7987750589847566,False
61,source_localization_stage4.1.wave_feature_conv2,221,5,1000,0.01,0.0,0.0,post_relu_mean,1178.88232421875,-1178.88232421875,193.7723388671875,0.0,0.0,960.3423309326172,0.3588396715749341,-1.0179782584011623,58.77229826538462,2.8846332108974457,False
61,source_localization_stage4.1.wave_feature_conv2,254,5,1000,0.005,0.0,0.0,post_relu_mean,603.7200317382812,-603.7200317382812,101.26052856445312,0.0,0.0,478.0765075683594,0.4081116114001345,-0.5121545903408938,29.56947423050399,2.879978529214859,False
61,source_localization_stage4.1.wave_feature_conv2,254,5,1000,0.01,0.0,0.0,post_relu_mean,1212.4610595703125,-1212.4610595703125,202.2549285888672,0.0,0.0,985.8231201171875,0.41179848074714,-1.021841916180351,58.995541867948376,3.0650726127624512,False
61,source_localization_stage4.1.wave_feature_conv2,152,5,1000,0.005,0.0,0.0,post_relu_mean,647.39306640625,-647.39306640625,99.4888916015625,0.0,0.0,524.4356269836426,0.4839000328745138,-0.5706547340960135,32.947165671960455,3.2743610072135927,False
61,source_localization_stage4.1.wave_feature_conv2,152,5,1000,0.01,0.0,0.0,post_relu_mean,1308.9837646484375,-1308.9837646484375,199.31314086914062,0.0,0.0,1086.20210647583,0.486439374714396,-1.1372838903644709,65.66045590154825,3.4928774559497833,False
61,source_localization_stage4.1.wave_feature_conv2,101,5,1000,0.005,0.0,0.0,post_relu_mean,863.2986450195312,-863.2986450195312,184.9808349609375,0.0,0.0,657.2241249084473,0.6335862650932861,-0.6704728727684744,38.70987746350489,2.9777849781513215,False
61,source_localization_stage4.1.wave_feature_conv2,101,5,1000,0.01,0.0,0.0,post_relu_mean,1726.6749267578125,-1726.6749267578125,365.5919189453125,0.0,0.0,1339.9893226623535,0.5607154606745144,-1.3680292465380481,78.98225116053928,3.1488389277458193,False
8,wave_feature_stage1.0.wave_feature_conv1,19,6,1000,0.005,0.0,0.0,post_relu_mean,2927.046142578125,-2927.046142578125,361.9339904785156,0.0,0.0,2430.595504760742,0.3225137830726829,-2.4940008263390174,143.98951236370857,4.748808829784394,False
8,wave_feature_stage1.0.wave_feature_conv1,19,6,1000,0.01,0.0,0.0,post_relu_mean,5763.80322265625,-5763.80322265625,703.273193359375,0.0,0.0,4926.013717651367,0.27322448702882673,-5.003055405913956,288.84794037033583,4.808640201091766,False
8,wave_feature_stage1.0.wave_feature_conv1,24,6,1000,0.005,0.0,0.0,post_relu_mean,1907.866943359375,-1907.866943359375,350.3361511230469,0.0,0.0,1489.0477981567383,0.17661457199512573,-1.5118041042761912,87.28301312988464,3.2135571789741517,False
8,wave_feature_stage1.0.wave_feature_conv1,24,6,1000,0.01,0.0,0.0,post_relu_mean,3759.06494140625,-3759.06494140625,680.0543212890625,0.0,0.0,3010.5277786254883,0.1541285043900675,-3.0487019407540856,176.01471336339972,3.2630224609375,False
8,wave_feature_stage1.0.wave_feature_conv1,29,6,1000,0.005,0.0,0.0,post_relu_mean,2007.5419921875,-2007.5419921875,338.4623107910156,0.0,0.0,1610.4113426208496,0.2522834535799205,-1.6228538973362026,93.69434395377874,3.1852960777282715,False
8,wave_feature_stage1.0.wave_feature_conv1,29,6,1000,0.01,0.0,0.0,post_relu_mean,3944.56982421875,-3944.56982421875,651.1344604492188,0.0,0.0,3234.766933441162,0.20213081346587655,-3.251169281246191,187.70400534897328,3.2261411893367766,False
8,wave_feature_stage1.0.wave_feature_conv1,2,6,1000,0.005,0.0,0.0,post_relu_mean,1875.4801025390625,-1875.4801025390625,340.75811767578125,0.0,0.0,1476.373104095459,0.23048754716806485,-1.4937667851486325,86.24158848944029,3.224987324476242,False
8,wave_feature_stage1.0.wave_feature_conv1,2,6,1000,0.01,0.0,0.0,post_relu_mean,3685.678466796875,-3685.678466796875,657.5088500976562,0.0,0.0,2969.820858001709,0.18889678519337144,-3.0065575651842464,173.58155325671655,3.2610725498199464,False
8,wave_feature_stage1.0.wave_feature_conv1,20,6,1000,0.005,0.0,0.0,post_relu_mean,1782.295166015625,-1782.295166015625,364.71929931640625,0.0,0.0,1364.1429252624512,0.1506006292828937,-1.3879863620736028,80.13443493157742,2.872703038454056,False
8,wave_feature_stage1.0.wave_feature_conv1,20,6,1000,0.01,0.0,0.0,post_relu_mean,3505.52978515625,-3505.52978515625,711.6866455078125,0.0,0.0,2740.410259246826,0.1293727676832705,-2.7819846880449344,160.6159537686876,2.8996307826042176,False
10,wave_feature_stage1.0.wave_feature_conv2,25,6,1000,0.005,0.0,0.0,post_relu_mean,1478.967041015625,-1478.967041015625,144.35435485839844,0.0,0.0,1245.636962890625,0.14199623514825332,-1.2867266394794634,74.28827493015288,2.3106118273735046,False
10,wave_feature_stage1.0.wave_feature_conv2,25,6,1000,0.01,0.0,0.0,post_relu_mean,2903.169921875,-2903.169921875,283.1446228027344,0.0,0.0,2531.0496826171875,0.12271902283868975,-2.580063812935655,148.95820534102103,2.339821218252182,False
10,wave_feature_stage1.0.wave_feature_conv2,4,6,1000,0.005,0.0,0.0,post_relu_mean,1334.46875,-1334.46875,144.3120574951172,0.0,0.0,1119.379524230957,0.12688855768689333,-1.1559222406158298,66.73639176900437,2.1557369565963747,False
10,wave_feature_stage1.0.wave_feature_conv2,4,6,1000,0.01,0.0,0.0,post_relu_mean,2650.351806640625,-2650.351806640625,285.0216369628906,0.0,0.0,2294.552864074707,0.11496695851010695,-2.3407770158548393,135.14317342336548,2.2010149121284486,False
10,wave_feature_stage1.0.wave_feature_conv2,9,6,1000,0.005,0.0,0.0,post_relu_mean,1506.729736328125,-1506.729736328125,121.37932586669922,0.0,0.0,1346.6622886657715,0.14925341463261246,-1.3701966446255884,79.10736866343098,2.6940095484256745,False
10,wave_feature_stage1.0.wave_feature_conv2,9,6,1000,0.01,0.0,0.0,post_relu_mean,2980.901611328125,-2980.901611328125,237.91758728027344,0.0,0.0,2704.295955657959,0.12598032040467208,-2.7333492936932795,157.80803260362765,2.7174595415592195,False
10,wave_feature_stage1.0.wave_feature_conv2,23,6,1000,0.005,0.0,0.0,post_relu_mean,797.8012084960938,-797.8012084960938,105.76236724853516,0.0,0.0,659.6521987915039,0.0693443218716582,-0.6793425398989469,39.22137452158812,1.460378456711769,False
10,wave_feature_stage1.0.wave_feature_conv2,23,6,1000,0.01,0.0,0.0,post_relu_mean,1582.98193359375,-1582.98193359375,207.1484375,0.0,0.0,1343.446876525879,0.06263051929071035,-1.3733391004147661,79.28878071142445,1.4869831967353822,False
10,wave_feature_stage1.0.wave_feature_conv2,13,6,1000,0.005,0.0,0.0,post_relu_mean,935.5905151367188,-935.5905151367188,86.0737075805664,0.0,0.0,820.1929054260254,0.23665086916141914,-0.81840993589537,47.25037059188228,2.203701182603836,False
10,wave_feature_stage1.0.wave_feature_conv2,13,6,1000,0.01,0.0,0.0,post_relu_mean,1820.757568359375,-1820.757568359375,163.6607208251953,0.0,0.0,1627.7729225158691,0.19955377180639614,-1.61577680042587,93.2858301464507,2.2509834802150728,False
14,wave_feature_stage1.1.wave_feature_conv1,2,6,1000,0.005,0.0,0.0,post_relu_mean,2326.67236328125,-2326.67236328125,367.5799560546875,0.0,0.0,1797.2853240966797,0.2068023696718917,-1.8566194404493892,107.19063701641483,3.4244176185131074,False
14,wave_feature_stage1.1.wave_feature_conv1,2,6,1000,0.01,0.0,0.0,post_relu_mean,4542.7529296875,-4542.7529296875,713.9982299804688,0.0,0.0,3666.947555541992,0.18537907665471728,-3.7520951555893385,216.6246122698108,3.477640354633331,False
14,wave_feature_stage1.1.wave_feature_conv1,8,6,1000,0.005,0.0,0.0,post_relu_mean,2200.1044921875,-2200.1044921875,400.91400146484375,0.0,0.0,1678.9603576660156,0.21406336504884876,-1.7249058775907875,99.58624412911779,3.2113636314868925,False
14,wave_feature_stage1.1.wave_feature_conv1,8,6,1000,0.01,0.0,0.0,post_relu_mean,4307.02197265625,-4307.02197265625,780.7393188476562,0.0,0.0,3406.0526428222656,0.18635171263685602,-3.477587384508831,200.77609912497778,3.2494556486606596,False
14,wave_feature_stage1.1.wave_feature_conv1,29,6,1000,0.005,0.0,0.0,post_relu_mean,2147.413330078125,-2147.413330078125,386.5959167480469,0.0,0.0,1643.0846252441406,0.13916073161034168,-1.7060438766828543,98.49728351799843,3.2228133141994477,False
14,wave_feature_stage1.1.wave_feature_conv1,29,6,1000,0.01,0.0,0.0,post_relu_mean,4225.80126953125,-4225.80126953125,762.4683837890625,0.0,0.0,3345.6002502441406,0.13462111658651413,-3.4333212221907106,198.2204626028483,3.272095068693161,False
14,wave_feature_stage1.1.wave_feature_conv1,30,6,1000,0.005,0.0,0.0,post_relu_mean,2443.443603515625,-2443.443603515625,408.8956604003906,0.0,0.0,1963.291015625,0.290024481942596,-2.0374694757383587,117.63192112232986,3.8912757432460783,False
14,wave_feature_stage1.1.wave_feature_conv1,30,6,1000,0.01,0.0,0.0,post_relu_mean,4852.515625,-4852.515625,797.1422119140625,0.0,0.0,3984.1165771484375,0.2470848319769502,-4.068801776196748,234.90945426495043,3.9392978990077974,False
14,wave_feature_stage1.1.wave_feature_conv1,9,6,1000,0.005,0.0,0.0,post_relu_mean,1840.9832763671875,-1840.9832763671875,403.7840881347656,0.0,0.0,1367.6912231445312,0.18300409543572263,-1.424338335509169,82.2331987350592,2.698265439271927,False
14,wave_feature_stage1.1.wave_feature_conv1,9,6,1000,0.01,0.0,0.0,post_relu_mean,3678.83740234375,-3678.83740234375,791.5746459960938,0.0,0.0,2817.7546997070312,0.1689048850033488,-2.894213019571094,167.0953838222923,2.7669833409786224,False
16,wave_feature_stage1.1.wave_feature_conv2,11,6,1000,0.005,0.0,0.0,post_relu_mean,1237.384521484375,-1237.384521484375,144.8554229736328,0.0,0.0,1045.9768600463867,0.14870662033966184,-1.0867794118406424,62.744460277416856,2.0998828947544097,False
16,wave_feature_stage1.1.wave_feature_conv2,11,6,1000,0.01,0.0,0.0,post_relu_mean,2461.040771484375,-2461.040771484375,283.2544250488281,0.0,0.0,2131.2341842651367,0.14125466973486758,-2.188180028505839,126.33308027256003,2.1533379518985747,False
16,wave_feature_stage1.1.wave_feature_conv2,29,6,1000,0.005,0.0,0.0,post_relu_mean,700.9089965820312,-700.9089965820312,114.88594055175781,0.0,0.0,540.4633560180664,0.037544104839110255,-0.5536049863648935,31.962005868138817,1.1252534294128418,False
16,wave_feature_stage1.1.wave_feature_conv2,29,6,1000,0.01,0.0,0.0,post_relu_mean,1367.014892578125,-1367.014892578125,225.46646118164062,0.0,0.0,1095.9887466430664,0.04000952880396201,-1.1220663678060456,64.78172317193817,1.146576497554779,False
16,wave_feature_stage1.1.wave_feature_conv2,22,6,1000,0.005,0.0,0.0,post_relu_mean,829.4593505859375,-829.4593505859375,140.19496154785156,0.0,0.0,646.5440330505371,0.0677051781016986,-0.6725292135141513,38.828011494404514,1.3013320136070252,False
16,wave_feature_stage1.1.wave_feature_conv2,22,6,1000,0.01,0.0,0.0,post_relu_mean,1638.1519775390625,-1638.1519775390625,278.4503479003906,0.0,0.0,1316.981288909912,0.06579656155509606,-1.3494749142715385,77.9110006796602,1.3198701161146165,False
16,wave_feature_stage1.1.wave_feature_conv2,13,6,1000,0.005,0.0,0.0,post_relu_mean,865.2182006835938,-865.2182006835938,88.69658660888672,0.0,0.0,734.9970855712891,0.06984896535880686,-0.7552556512887432,43.604162830120586,1.4262327778339385,False
16,wave_feature_stage1.1.wave_feature_conv2,13,6,1000,0.01,0.0,0.0,post_relu_mean,1711.321044921875,-1711.321044921875,176.4550018310547,0.0,0.0,1493.341567993164,0.06103655365381378,-1.5304871061412764,88.36161172393084,1.4519162106513976,False
16,wave_feature_stage1.1.wave_feature_conv2,9,6,1000,0.005,0.0,0.0,post_relu_mean,1158.3660888671875,-1158.3660888671875,139.64840698242188,0.0,0.0,979.7920875549316,0.13350010347652103,-1.0393511148508694,60.00622707708695,1.9771117401123046,False
16,wave_feature_stage1.1.wave_feature_conv2,9,6,1000,0.01,0.0,0.0,post_relu_mean,2338.465576171875,-2338.465576171875,277.9635925292969,0.0,0.0,2021.5763893127441,0.1320115619835823,-2.0973482641204213,121.0889645798766,2.0348167705535887,False
21,wave_pattern_stage2.0.wave_feature_conv1,50,6,1000,0.005,0.0,0.0,post_relu_mean,2031.293212890625,-2031.293212890625,102.64640045166016,0.0,0.0,1824.1396789550781,0.1925760634056242,-1.9076890557212662,110.13911601810489,3.7735063219070435,False
21,wave_pattern_stage2.0.wave_feature_conv1,50,6,1000,0.01,0.0,0.0,post_relu_mean,4044.4482421875,-4044.4482421875,203.22264099121094,0.0,0.0,3736.7184143066406,0.18880292565535897,-3.8341692101262494,221.3631056980623,3.8480224084854124,False
21,wave_pattern_stage2.0.wave_feature_conv1,3,6,1000,0.005,0.0,0.0,post_relu_mean,1250.3173828125,-1250.3173828125,94.56914520263672,0.0,0.0,1074.4240951538086,0.1083088867620905,-1.1193540764727614,64.62514528096803,2.3973523235321044,False
21,wave_pattern_stage2.0.wave_feature_conv1,3,6,1000,0.01,0.0,0.0,post_relu_mean,2450.66845703125,-2450.66845703125,183.98373413085938,0.0,0.0,2185.3606185913086,0.1072087386209244,-2.2479091934573754,129.78149614676727,2.456028923988342,False
21,wave_pattern_stage2.0.wave_feature_conv1,27,6,1000,0.005,0.0,0.0,post_relu_mean,1666.6588134765625,-1666.6588134765625,117.00173950195312,0.0,0.0,1478.5363006591797,0.16324936642967688,-1.539379811308027,88.87503710708859,3.125972977876663,False
21,wave_pattern_stage2.0.wave_feature_conv1,27,6,1000,0.01,0.0,0.0,post_relu_mean,3302.869140625,-3302.869140625,230.51980590820312,0.0,0.0,3001.228561401367,0.15556002166721888,-3.07647339041142,177.61813151878766,3.191656460762024,False
21,wave_pattern_stage2.0.wave_feature_conv1,23,6,1000,0.005,0.0,0.0,post_relu_mean,868.9501953125,-868.9501953125,92.9711685180664,0.0,0.0,740.9613876342773,0.053767442613289536,-0.7656074723401288,44.201818387991466,1.817576259970665,False
21,wave_pattern_stage2.0.wave_feature_conv1,23,6,1000,0.01,0.0,0.0,post_relu_mean,1748.8359375,-1748.8359375,181.57284545898438,0.0,0.0,1532.2454452514648,0.06520243627636706,-1.5782836350999105,91.12112781773372,1.871725252866745,False
21,wave_pattern_stage2.0.wave_feature_conv1,62,6,1000,0.005,0.0,0.0,post_relu_mean,650.8263549804688,-650.8263549804688,88.84083557128906,0.0,0.0,527.0649833679199,0.04128810075077428,-0.5280254484923523,30.4852284618036,1.5176636481285095,False
21,wave_pattern_stage2.0.wave_feature_conv1,62,6,1000,0.01,0.0,0.0,post_relu_mean,1284.740478515625,-1284.740478515625,170.3275604248047,0.0,0.0,1079.4924125671387,0.05314544460337506,-1.1016385646915345,63.602340617270826,1.5792449176311494,False
23,wave_pattern_stage2.0.wave_feature_conv2,45,6,1000,0.005,0.0,0.0,post_relu_mean,614.2020263671875,-614.2020263671875,71.18749237060547,0.0,0.0,503.8634033203125,0.061865680510452374,-0.5243084998786347,30.270604739400707,1.199091341495514,False
23,wave_pattern_stage2.0.wave_feature_conv2,45,6,1000,0.01,0.0,0.0,post_relu_mean,1219.7249755859375,-1219.7249755859375,139.43885803222656,0.0,0.0,1041.135009765625,0.06822834538352597,-1.0687425754369446,61.70315852387805,1.241252263188362,False
23,wave_pattern_stage2.0.wave_feature_conv2,25,6,1000,0.005,0.0,0.0,post_relu_mean,446.11859130859375,-446.11859130859375,62.18403625488281,0.0,0.0,357.1574516296387,0.03248266771265087,-0.37121552834353083,21.431873462009285,0.8864148110151291,False
23,wave_pattern_stage2.0.wave_feature_conv2,25,6,1000,0.01,0.0,0.0,post_relu_mean,874.038818359375,-874.038818359375,120.48342895507812,0.0,0.0,726.7783012390137,0.0347183651530582,-0.745489576936689,43.04032460986057,0.908279048204422,False
23,wave_pattern_stage2.0.wave_feature_conv2,63,6,1000,0.005,0.0,0.0,post_relu_mean,475.52197265625,-475.52197265625,66.63323974609375,0.0,0.0,382.14785957336426,0.04770778946168301,-0.3920506592529315,22.634778538870858,1.002185335457325,False
23,wave_pattern_stage2.0.wave_feature_conv2,63,6,1000,0.01,0.0,0.0,post_relu_mean,928.8165893554688,-928.8165893554688,128.10427856445312,0.0,0.0,773.9714069366455,0.048374891117637604,-0.7964331286779484,45.98152363946005,1.023157224059105,False
23,wave_pattern_stage2.0.wave_feature_conv2,47,6,1000,0.005,0.0,0.0,post_relu_mean,492.2050476074219,-492.2050476074219,66.27497100830078,0.0,0.0,401.1620101928711,0.03031129819865329,-0.42022252839798774,24.261264984610627,0.9409726879000664,False
23,wave_pattern_stage2.0.wave_feature_conv2,47,6,1000,0.01,0.0,0.0,post_relu_mean,987.8473510742188,-987.8473510742188,130.5802459716797,0.0,0.0,832.4990158081055,0.03642834314288608,-0.8735514882012677,50.4339964127792,0.9745727628469467,False
23,wave_pattern_stage2.0.wave_feature_conv2,36,6,1000,0.005,0.0,0.0,post_relu_mean,502.61859130859375,-502.61859130859375,70.48745727539062,0.0,0.0,407.6633491516113,0.027707648525658563,-0.4294238301163218,24.79249853802334,0.8738617995381355,False
23,wave_pattern_stage2.0.wave_feature_conv2,36,6,1000,0.01,0.0,0.0,post_relu_mean,1003.430419921875,-1003.430419921875,138.33694458007812,0.0,0.0,840.6257209777832,0.03153749629380711,-0.8712288950564829,50.299809104455356,0.8962737432122231,False
26,wave_pattern_stage2.0.skip_connection.0,29,6,1000,0.005,0.0,0.0,post_relu_mean,1902.3160400390625,-1902.3160400390625,200.3837127685547,0.0,0.0,1603.441665649414,0.14386184755648118,-1.6764874682780153,96.79093165452572,3.221464110612869,False
26,wave_pattern_stage2.0.skip_connection.0,29,6,1000,0.01,0.0,0.0,post_relu_mean,3800.75244140625,-3800.75244140625,399.4073181152344,0.0,0.0,3302.854507446289,0.14613766589367996,-3.4032800132747467,196.48609037549735,3.300004098415375,False
26,wave_pattern_stage2.0.skip_connection.0,23,6,1000,0.005,0.0,0.0,post_relu_mean,1881.1846923828125,-1881.1846923828125,177.12258911132812,0.0,0.0,1636.8751754760742,0.16359195986468086,-1.7021816791147317,98.27432722854438,3.6313219344615937,False
26,wave_pattern_stage2.0.skip_connection.0,23,6,1000,0.01,0.0,0.0,post_relu_mean,3780.649658203125,-3780.649658203125,349.74993896484375,0.0,0.0,3363.7126998901367,0.16316463378287424,-3.44717986284618,199.02053736035586,3.7116122221946717,False
26,wave_pattern_stage2.0.skip_connection.0,61,6,1000,0.005,0.0,0.0,post_relu_mean,1223.4464111328125,-1223.4464111328125,181.42727661132812,0.0,0.0,989.224983215332,0.09115384394492654,-1.0264147100961458,59.25943361329235,2.1404707729816437,False
26,wave_pattern_stage2.0.skip_connection.0,61,6,1000,0.01,0.0,0.0,post_relu_mean,2419.595458984375,-2419.595458984375,355.1256103515625,0.0,0.0,2011.6755447387695,0.09192831483087935,-2.071994980660649,119.62531169322408,2.177970606088638,False
26,wave_pattern_stage2.0.skip_connection.0,45,6,1000,0.005,0.0,0.0,post_relu_mean,1008.7544555664062,-1008.7544555664062,109.17203521728516,0.0,0.0,848.6883087158203,0.10636351080844776,-0.8862845365689803,51.169048022526205,2.162920651435852,False
26,wave_pattern_stage2.0.skip_connection.0,45,6,1000,0.01,0.0,0.0,post_relu_mean,2006.5419921875,-2006.5419921875,212.81849670410156,0.0,0.0,1742.8294219970703,0.108937995727968,-1.8010880073942765,103.98457238269246,2.2274400568008423,False
26,wave_pattern_stage2.0.skip_connection.0,26,6,1000,0.005,0.0,0.0,post_relu_mean,890.4749145507812,-890.4749145507812,145.81126403808594,0.0,0.0,696.1213073730469,0.07273703071581646,-0.7230710445190328,41.746213795031714,1.7231338459253311,False
26,wave_pattern_stage2.0.skip_connection.0,26,6,1000,0.01,0.0,0.0,post_relu_mean,1760.084716796875,-1760.084716796875,284.3790588378906,0.0,0.0,1427.1633605957031,0.08009882447503164,-1.4814747071557652,85.53191718099245,1.769545428752899,False
29,wave_pattern_stage2.1.wave_feature_conv1,39,6,1000,0.005,0.0,0.0,post_relu_mean,1425.55126953125,-1425.55126953125,164.60134887695312,0.0,0.0,1164.6853713989258,0.11424425750014702,-1.2043453665687343,69.53204539653427,2.5482893788814547,False
29,wave_pattern_stage2.1.wave_feature_conv1,39,6,1000,0.01,0.0,0.0,post_relu_mean,2783.543701171875,-2783.543701171875,320.0520935058594,0.0,0.0,2367.227119445801,0.11364961080785266,-2.418966961234578,139.65737721519247,2.6002590751647947,False
29,wave_pattern_stage2.1.wave_feature_conv1,53,6,1000,0.005,0.0,0.0,post_relu_mean,1153.585693359375,-1153.585693359375,123.06649780273438,0.0,0.0,975.5255317687988,0.15814471484005596,-1.0260981144737358,59.24107040280272,2.2839689898490905,False
29,wave_pattern_stage2.1.wave_feature_conv1,53,6,1000,0.01,0.0,0.0,post_relu_mean,2318.14794921875,-2318.14794921875,239.41983032226562,0.0,0.0,2023.7343940734863,0.1635933112569051,-2.094768368446271,120.94007341268909,2.377023582458496,False
29,wave_pattern_stage2.1.wave_feature_conv1,56,6,1000,0.005,0.0,0.0,post_relu_mean,694.1756591796875,-694.1756591796875,121.63617706298828,0.0,0.0,528.1153106689453,0.06529304149744283,-0.5587186962846679,32.257368355677954,1.3998877304792403,False
29,wave_pattern_stage2.1.wave_feature_conv1,56,6,1000,0.01,0.0,0.0,post_relu_mean,1352.189453125,-1352.189453125,231.3662872314453,0.0,0.0,1076.398941040039,0.07182830376530613,-1.1151406364352223,64.38188541136329,1.4397476559877396,False
29,wave_pattern_stage2.1.wave_feature_conv1,35,6,1000,0.005,0.0,0.0,post_relu_mean,985.3568115234375,-985.3568115234375,144.3798370361328,0.0,0.0,797.0961380004883,0.08036451813040639,-0.8418829857037928,48.60558529152817,1.81920845746994,False
29,wave_pattern_stage2.1.wave_feature_conv1,35,6,1000,0.01,0.0,0.0,post_relu_mean,1968.636962890625,-1968.636962890625,283.14910888671875,0.0,0.0,1641.6069412231445,0.09337516080186799,-1.6939775923292122,97.80067438689304,1.8831753987073898,False
29,wave_pattern_stage2.1.wave_feature_conv1,4,6,1000,0.005,0.0,0.0,post_relu_mean,1258.7335205078125,-1258.7335205078125,186.12490844726562,0.0,0.0,1029.9920234680176,0.0565550289319102,-1.064963364120114,61.48492117184728,2.150874248743057,False
29,wave_pattern_stage2.1.wave_feature_conv1,4,6,1000,0.01,0.0,0.0,post_relu_mean,2510.8974609375,-2510.8974609375,370.4184875488281,0.0,0.0,2097.8623847961426,0.06174973098011648,-2.14374063135758,123.76737771258739,2.1922757124900816,False
31,wave_pattern_stage2.1.wave_feature_conv2,46,6,1000,0.005,0.0,0.0,post_relu_mean,701.0231323242188,-701.0231323242188,73.86358642578125,0.0,0.0,583.9364204406738,0.04829472399278544,-0.6013375671153252,34.7178085864893,1.327377747297287,False
31,wave_pattern_stage2.1.wave_feature_conv2,46,6,1000,0.01,0.0,0.0,post_relu_mean,1379.09130859375,-1379.09130859375,143.8974609375,0.0,0.0,1191.9707221984863,0.0511895452466302,-1.2159350129993483,70.20117664065796,1.3574907022714615,False
31,wave_pattern_stage2.1.wave_feature_conv2,61,6,1000,0.005,0.0,0.0,post_relu_mean,963.5401000976562,-963.5401000976562,77.91146087646484,0.0,0.0,851.5973091125488,0.0557298442223351,-0.8765980335116287,50.60978167675241,1.792506006360054,False
31,wave_pattern_stage2.1.wave_feature_conv2,61,6,1000,0.01,0.0,0.0,post_relu_mean,1905.0379638671875,-1905.0379638671875,153.3716583251953,0.0,0.0,1717.6349067687988,0.058537090587263974,-1.755181849700051,101.33421165311694,1.817315189242363,False
31,wave_pattern_stage2.1.wave_feature_conv2,10,6,1000,0.005,0.0,0.0,post_relu_mean,545.188232421875,-545.188232421875,65.46331024169922,0.0,0.0,447.3620491027832,0.03947104705858978,-0.4571899596943658,26.39555065693933,1.1537430161237716,False
31,wave_pattern_stage2.1.wave_feature_conv2,10,6,1000,0.01,0.0,0.0,post_relu_mean,1060.8536376953125,-1060.8536376953125,125.84368133544922,0.0,0.0,902.6470832824707,0.045267434653793674,-0.9230079545018409,53.28922469600596,1.1871340936422348,False
31,wave_pattern_stage2.1.wave_feature_conv2,32,6,1000,0.005,0.0,0.0,post_relu_mean,499.6408996582031,-499.6408996582031,54.50211715698242,0.0,0.0,413.4214859008789,0.07150191065432017,-0.43916925684219976,25.35521914731198,1.049349827170372,False
31,wave_pattern_stage2.1.wave_feature_conv2,32,6,1000,0.01,0.0,0.0,post_relu_mean,995.593994140625,-995.593994140625,104.10486602783203,0.0,0.0,859.7718276977539,0.07556838880643572,-0.8963375872574303,51.74943017743353,1.1006884014606475,False
31,wave_pattern_stage2.1.wave_feature_conv2,33,6,1000,0.005,0.0,0.0,post_relu_mean,491.02679443359375,-491.02679443359375,67.11737060546875,0.0,0.0,400.34851455688477,0.041079414906959745,-0.4174119940614483,24.098991981402655,0.9073462387919426,False
31,wave_pattern_stage2.1.wave_feature_conv2,33,6,1000,0.01,0.0,0.0,post_relu_mean,975.0211181640625,-975.0211181640625,132.18960571289062,0.0,0.0,819.2706336975098,0.04192143522161607,-0.8443245660456697,48.74649273180809,0.9283506366610527,False
36,interference_stage3.0.wave_feature_conv1,31,6,1000,0.005,0.0,0.0,post_relu_mean,1457.9197998046875,-1457.9197998046875,141.3105926513672,0.0,0.0,1226.2740631103516,0.12370249136129256,-1.2720819865894595,73.4427839569115,2.82951127409935,False
36,interference_stage3.0.wave_feature_conv1,31,6,1000,0.01,0.0,0.0,post_relu_mean,2871.496826171875,-2871.496826171875,277.3204650878906,0.0,0.0,2503.841079711914,0.12448695884665538,-2.614485408216748,150.9455827447072,2.88630366563797,False
36,interference_stage3.0.wave_feature_conv1,97,6,1000,0.005,0.0,0.0,post_relu_mean,1027.7742919921875,-1027.7742919921875,124.06918334960938,0.0,0.0,842.9310760498047,0.08755955511880649,-0.8654165753557901,49.9642316080149,2.179051036834717,False
36,interference_stage3.0.wave_feature_conv1,97,6,1000,0.01,0.0,0.0,post_relu_mean,2015.86865234375,-2015.86865234375,239.2859649658203,0.0,0.0,1715.8086395263672,0.1035794034258749,-1.7738873806928181,102.41417940450373,2.252027015686035,False
36,interference_stage3.0.wave_feature_conv1,45,6,1000,0.005,0.0,0.0,post_relu_mean,871.2783203125,-871.2783203125,116.02256774902344,0.0,0.0,707.6043815612793,0.07915393973481014,-0.7266928546230013,41.955117612692426,2.036798955202103,False
36,interference_stage3.0.wave_feature_conv1,45,6,1000,0.01,0.0,0.0,post_relu_mean,1720.0545654296875,-1720.0545654296875,223.73094177246094,0.0,0.0,1448.6722526550293,0.09770717612892621,-1.4935357853245648,86.22839846426517,2.126802090406418,False
36,interference_stage3.0.wave_feature_conv1,67,6,1000,0.005,0.0,0.0,post_relu_mean,784.5059204101562,-784.5059204101562,104.86282348632812,0.0,0.0,633.2271499633789,0.10017549642815535,-0.6608866204015941,38.15583271312859,1.8199921178817748,False
36,interference_stage3.0.wave_feature_conv1,67,6,1000,0.01,0.0,0.0,post_relu_mean,1544.206298828125,-1544.206298828125,198.8818817138672,0.0,0.0,1298.908546447754,0.11206315832645614,-1.3502455610096307,77.95558801000112,1.894818328022957,False
36,interference_stage3.0.wave_feature_conv1,19,6,1000,0.005,0.0,0.0,post_relu_mean,811.45654296875,-811.45654296875,114.2934341430664,0.0,0.0,651.8684844970703,0.07212238764406145,-0.6696159199023919,38.65981082477779,1.6900066113471985,False
36,interference_stage3.0.wave_feature_conv1,19,6,1000,0.01,0.0,0.0,post_relu_mean,1585.9447021484375,-1585.9447021484375,220.26181030273438,0.0,0.0,1320.3882598876953,0.07669361789177136,-1.351127184338056,78.00639457218122,1.7361415117979049,False
38,interference_stage3.0.wave_feature_conv2,120,6,1000,0.005,0.0,0.0,post_relu_mean,852.11328125,-852.11328125,63.47522735595703,0.0,0.0,730.1034812927246,0.0804077531469676,-0.7594333487487579,43.84536364268141,1.7769833111763,False
38,interference_stage3.0.wave_feature_conv2,120,6,1000,0.01,0.0,0.0,post_relu_mean,1658.6397705078125,-1658.6397705078125,122.47566223144531,0.0,0.0,1477.629482269287,0.07969607616695588,-1.520763502608073,87.80025677611405,1.8083496445417404,False
38,interference_stage3.0.wave_feature_conv2,84,6,1000,0.005,0.0,0.0,post_relu_mean,679.0989990234375,-679.0989990234375,58.76182174682617,0.0,0.0,570.8741035461426,0.07579066406517718,-0.5835381283778309,33.69017304316775,1.560817455649376,False
38,interference_stage3.0.wave_feature_conv2,84,6,1000,0.01,0.0,0.0,post_relu_mean,1336.033935546875,-1336.033935546875,113.28519439697266,0.0,0.0,1173.2857246398926,0.08670736302130967,-1.214392655653794,70.11213057660093,1.6241203647851945,False
38,interference_stage3.0.wave_feature_conv2,104,6,1000,0.005,0.0,0.0,post_relu_mean,668.28515625,-668.28515625,64.24054718017578,0.0,0.0,560.6433715820312,0.06562732235165619,-0.583629173714267,33.69547044408394,1.384890730381012,False
38,interference_stage3.0.wave_feature_conv2,104,6,1000,0.01,0.0,0.0,post_relu_mean,1312.089599609375,-1312.089599609375,125.2625961303711,0.0,0.0,1143.42578125,0.0685697638551539,-1.1776096621348642,67.9884810431004,1.4204235136508943,False
38,interference_stage3.0.wave_feature_conv2,109,6,1000,0.005,0.0,0.0,post_relu_mean,610.87646484375,-610.87646484375,61.24669647216797,0.0,0.0,507.71406173706055,0.0541486937842538,-0.5216143075314554,30.115139452402932,1.2592810821533202,False
38,interference_stage3.0.wave_feature_conv2,109,6,1000,0.01,0.0,0.0,post_relu_mean,1194.920166015625,-1194.920166015625,118.39888000488281,0.0,0.0,1034.605541229248,0.05808859412196234,-1.0636874817897057,61.411310269698845,1.2958347928524017,False
38,interference_stage3.0.wave_feature_conv2,49,6,1000,0.005,0.0,0.0,post_relu_mean,596.011962890625,-596.011962890625,61.48609924316406,0.0,0.0,496.20220947265625,0.06060532111353928,-0.5099836896557179,29.443591727796676,1.2486512976884843,False
38,interference_stage3.0.wave_feature_conv2,49,6,1000,0.01,0.0,0.0,post_relu_mean,1172.7332763671875,-1172.7332763671875,119.60762786865234,0.0,0.0,1014.8019409179688,0.06056327595912123,-1.0489876469476431,60.56258130471051,1.2801678824424743,False
41,interference_stage3.0.skip_connection.0,32,6,1000,0.005,0.0,0.0,post_relu_mean,1072.8629150390625,-1072.8629150390625,97.93212127685547,0.0,0.0,927.5872611999512,0.09618987383670977,-0.9661828979501341,55.781921414685634,2.4375771927833556,False
41,interference_stage3.0.skip_connection.0,32,6,1000,0.01,0.0,0.0,post_relu_mean,2167.941162109375,-2167.941162109375,194.65867614746094,0.0,0.0,1925.9389457702637,0.11629380930191324,-2.0110023329501696,116.10391518952467,2.522896764278412,False
41,interference_stage3.0.skip_connection.0,30,6,1000,0.005,0.0,0.0,post_relu_mean,845.258056640625,-845.258056640625,86.7954330444336,0.0,0.0,719.2636909484863,0.12274981743808747,-0.7641388950220581,44.11709367051122,2.1287106120586397,False
41,interference_stage3.0.skip_connection.0,30,6,1000,0.01,0.0,0.0,post_relu_mean,1708.9273681640625,-1708.9273681640625,172.93972778320312,0.0,0.0,1496.7887153625488,0.13858046109393643,-1.5643010630014285,90.3138703613216,2.224958039522171,False
41,interference_stage3.0.skip_connection.0,123,6,1000,0.005,0.0,0.0,post_relu_mean,829.0986328125,-829.0986328125,100.14497375488281,0.0,0.0,690.7384757995605,0.09644931868845666,-0.7239215760362271,41.79512038550044,1.830920078754425,False
41,interference_stage3.0.skip_connection.0,123,6,1000,0.01,0.0,0.0,post_relu_mean,1663.133544921875,-1663.133544921875,197.07876586914062,0.0,0.0,1427.8396110534668,0.1070412860803047,-1.471621822527985,84.96310545082139,1.899096855521202,False
41,interference_stage3.0.skip_connection.0,80,6,1000,0.005,0.0,0.0,post_relu_mean,765.5169067382812,-765.5169067382812,73.23895263671875,0.0,0.0,654.3106994628906,0.09832089471912732,-0.6776337231154167,39.122715821518725,1.8160102373361589,False
41,interference_stage3.0.skip_connection.0,80,6,1000,0.01,0.0,0.0,post_relu_mean,1501.0177001953125,-1501.0177001953125,142.50778198242188,0.0,0.0,1320.5426330566406,0.103873222650995,-1.3583437879404014,78.42306077084962,1.8704317235946655,False
41,interference_stage3.0.skip_connection.0,97,6,1000,0.005,0.0,0.0,post_relu_mean,1067.043212890625,-1067.043212890625,112.68453216552734,0.0,0.0,918.2982177734375,0.10570006267002834,-0.9658614944987881,55.7634082718072,2.3430842459201813,False
41,interference_stage3.0.skip_connection.0,97,6,1000,0.01,0.0,0.0,post_relu_mean,2138.815673828125,-2138.815673828125,224.17636108398438,0.0,0.0,1878.5787963867188,0.11216991321681304,-1.9387603977208807,111.93303936826992,2.4139945483207703,False
44,interference_stage3.1.wave_feature_conv1,81,6,1000,0.005,0.0,0.0,post_relu_mean,980.9647216796875,-980.9647216796875,111.26808166503906,0.0,0.0,800.0431060791016,0.09446204693194178,-0.8272378821799647,47.76003693455314,2.0052080971002577,False
44,interference_stage3.1.wave_feature_conv1,81,6,1000,0.01,0.0,0.0,post_relu_mean,1907.4124755859375,-1907.4124755859375,214.22669982910156,0.0,0.0,1623.532241821289,0.09189957808084304,-1.6794720895244057,96.96320166755137,2.0435903656482695,False
44,interference_stage3.1.wave_feature_conv1,42,6,1000,0.005,0.0,0.0,post_relu_mean,1054.955322265625,-1054.955322265625,120.3128662109375,0.0,0.0,869.1458206176758,0.14461784767505184,-0.9139015922755247,52.76349875108775,2.1436937177181243,False
44,interference_stage3.1.wave_feature_conv1,42,6,1000,0.01,0.0,0.0,post_relu_mean,2089.7568359375,-2089.7568359375,239.28125,0.0,0.0,1784.9789505004883,0.1406169875065499,-1.8308614959636684,105.70355563369144,2.203118736743927,False
44,interference_stage3.1.wave_feature_conv1,12,6,1000,0.005,0.0,0.0,post_relu_mean,1202.5855712890625,-1202.5855712890625,124.79302978515625,0.0,0.0,1013.6341323852539,0.11444701753708765,-1.0613095262836896,61.27397054233379,2.4825028383731844,False
44,interference_stage3.1.wave_feature_conv1,12,6,1000,0.01,0.0,0.0,post_relu_mean,2362.87353515625,-2362.87353515625,245.0249786376953,0.0,0.0,2053.690284729004,0.12098756774346203,-2.1113044125236433,121.89476482794727,2.5444665932655335,False
44,interference_stage3.1.wave_feature_conv1,127,6,1000,0.005,0.0,0.0,post_relu_mean,1076.022216796875,-1076.022216796875,123.20852661132812,0.0,0.0,896.4559745788574,0.14177346094759855,-0.9292837690357544,53.65163700175909,2.295441373586655,False
44,interference_stage3.1.wave_feature_conv1,127,6,1000,0.01,0.0,0.0,post_relu_mean,2110.090087890625,-2110.090087890625,239.88050842285156,0.0,0.0,1813.851848602295,0.1307877413856178,-1.8419677275684332,106.34475453071279,2.3369711780548097,False
44,interference_stage3.1.wave_feature_conv1,31,6,1000,0.005,0.0,0.0,post_relu_mean,981.9767456054688,-981.9767456054688,121.84310913085938,0.0,0.0,811.061653137207,0.1158518717151543,-0.8495471471106846,49.04803845828322,2.0921031987667082,False
44,interference_stage3.1.wave_feature_conv1,31,6,1000,0.01,0.0,0.0,post_relu_mean,1965.89453125,-1965.89453125,242.6698760986328,0.0,0.0,1674.1525955200195,0.12177945387114901,-1.7452348445857142,100.75992397542745,2.170431045293808,False
46,interference_stage3.1.wave_feature_conv2,38,6,1000,0.005,0.0,0.0,post_relu_mean,887.3828125,-887.3828125,59.60658264160156,0.0,0.0,776.9881782531738,0.11456080568488008,-0.7968114381539957,46.003454963429384,1.9584391003847121,False
46,interference_stage3.1.wave_feature_conv2,38,6,1000,0.01,0.0,0.0,post_relu_mean,1763.3143310546875,-1763.3143310546875,118.26773834228516,0.0,0.0,1594.2585639953613,0.11485089781846212,-1.6339364959343707,94.33421268751347,2.0303080439567567,False
46,interference_stage3.1.wave_feature_conv2,75,6,1000,0.005,0.0,0.0,post_relu_mean,714.0507202148438,-714.0507202148438,60.215274810791016,0.0,0.0,610.0335006713867,0.12654734223957795,-0.6317506484109856,36.47371837257127,1.655411628484726,False
46,interference_stage3.1.wave_feature_conv2,75,6,1000,0.01,0.0,0.0,post_relu_mean,1405.447021484375,-1405.447021484375,118.5374755859375,0.0,0.0,1243.1075973510742,0.11721365473422679,-1.27290332285773,73.49019148359665,1.7009507286548615,False
46,interference_stage3.1.wave_feature_conv2,104,6,1000,0.005,0.0,0.0,post_relu_mean,614.5535278320312,-614.5535278320312,61.70003890991211,0.0,0.0,523.4540882110596,0.07853255901350206,-0.5381489102123183,31.06967275378178,1.401168395280838,False
46,interference_stage3.1.wave_feature_conv2,104,6,1000,0.01,0.0,0.0,post_relu_mean,1213.849853515625,-1213.849853515625,121.62176513671875,0.0,0.0,1062.8285999298096,0.07532092384092647,-1.0770468578425887,62.182554778861565,1.4364833843708038,False
46,interference_stage3.1.wave_feature_conv2,125,6,1000,0.005,0.0,0.0,post_relu_mean,513.4887084960938,-513.4887084960938,61.86094284057617,0.0,0.0,424.67299461364746,0.06422687709963937,-0.44130701007698536,25.47855967046922,1.1126518696546555,False
46,interference_stage3.1.wave_feature_conv2,125,6,1000,0.01,0.0,0.0,post_relu_mean,1013.658935546875,-1013.658935546875,121.79423522949219,0.0,0.0,864.9099025726318,0.06335522144990648,-0.8911510876150809,51.45000162128004,1.1394917339086532,False
46,interference_stage3.1.wave_feature_conv2,11,6,1000,0.005,0.0,0.0,post_relu_mean,517.7181396484375,-517.7181396484375,62.384254455566406,0.0,0.0,428.91138458251953,0.0700789819929312,-0.4495193297190829,25.952719580758526,1.0826302111148833,False
46,interference_stage3.1.wave_feature_conv2,11,6,1000,0.01,0.0,0.0,post_relu_mean,1024.8414306640625,-1024.8414306640625,122.4402084350586,0.0,0.0,875.9787368774414,0.06901370985606142,-0.9002855148893373,51.97737939989137,1.1150274497270585,False
51,source_localization_stage4.0.wave_feature_conv1,7,6,1000,0.005,0.0,0.0,post_relu_mean,895.2244873046875,-895.2244873046875,53.21011734008789,0.0,0.0,787.0551452636719,0.14356673971312556,-0.8378690828812465,48.373810460333544,2.2582815504074096,False
51,source_localization_stage4.0.wave_feature_conv1,7,6,1000,0.01,0.0,0.0,post_relu_mean,1775.1800537109375,-1775.1800537109375,104.75275421142578,0.0,0.0,1615.4680480957031,0.15196999194047184,-1.6706835045754072,96.45576141112296,2.335837563276291,False
51,source_localization_stage4.0.wave_feature_conv1,102,6,1000,0.005,0.0,0.0,post_relu_mean,989.3896484375,-989.3896484375,48.67998504638672,0.0,0.0,887.0433387756348,0.3306339888037198,-0.9234084698247828,53.31237678707258,3.9239470088481903,False
51,source_localization_stage4.0.wave_feature_conv1,102,6,1000,0.01,0.0,0.0,post_relu_mean,1968.421875,-1968.421875,96.96284484863281,0.0,0.0,1817.792667388916,0.38221440649794813,-1.8662675017497992,107.74766713184111,4.229116401672363,False
51,source_localization_stage4.0.wave_feature_conv1,75,6,1000,0.005,0.0,0.0,post_relu_mean,981.8038940429688,-981.8038940429688,50.879634857177734,0.0,0.0,879.7825698852539,0.287513749338228,-0.9145251508332387,52.799484985838085,3.78049550652504,False
51,source_localization_stage4.0.wave_feature_conv1,75,6,1000,0.01,0.0,0.0,post_relu_mean,1890.810546875,-1890.810546875,97.2491226196289,0.0,0.0,1742.4197158813477,0.3009763570173814,-1.7975184097009644,103.77903285778808,3.9089793479442596,False
51,source_localization_stage4.0.wave_feature_conv1,81,6,1000,0.005,0.0,0.0,post_relu_mean,927.3871459960938,-927.3871459960938,45.715126037597656,0.0,0.0,837.491268157959,0.38731411237817187,-0.862920087681147,49.820125830673575,4.338576142787933,False
51,source_localization_stage4.0.wave_feature_conv1,81,6,1000,0.01,0.0,0.0,post_relu_mean,1867.362060546875,-1867.362060546875,91.05963897705078,0.0,0.0,1732.121639251709,0.4166543992952406,-1.7438786229970686,100.6818526033335,4.614355027675629,False
51,source_localization_stage4.0.wave_feature_conv1,138,6,1000,0.005,0.0,0.0,post_relu_mean,822.9739990234375,-822.9739990234375,46.36686706542969,0.0,0.0,735.658576965332,0.3284047638677621,-0.7423227568909436,42.85757301183616,3.842874882221222,False
51,source_localization_stage4.0.wave_feature_conv1,138,6,1000,0.01,0.0,0.0,post_relu_mean,1599.21337890625,-1599.21337890625,88.8241958618164,0.0,0.0,1469.4406204223633,0.34604014495124513,-1.490444395265155,86.04978729400152,4.007727080583573,False
53,source_localization_stage4.0.wave_feature_conv2,254,6,1000,0.005,0.0,0.0,post_relu_mean,511.1161804199219,-511.1161804199219,35.493995666503906,0.0,0.0,450.06926918029785,0.23144533157214484,-0.4698058395826351,27.123977879732863,2.715847933292389,False
53,source_localization_stage4.0.wave_feature_conv2,254,6,1000,0.01,0.0,0.0,post_relu_mean,1014.4808349609375,-1014.4808349609375,69.822021484375,0.0,0.0,919.1058902740479,0.2428906342523256,-0.9183968011370693,53.02306486897873,2.8569492506980896,False
53,source_localization_stage4.0.wave_feature_conv2,101,6,1000,0.005,0.0,0.0,post_relu_mean,485.1329650878906,-485.1329650878906,35.350624084472656,0.0,0.0,424.86569595336914,0.23518128672273964,-0.42764247012211676,24.689662655981696,2.591138128042221,False
53,source_localization_stage4.0.wave_feature_conv2,101,6,1000,0.01,0.0,0.0,post_relu_mean,984.0494995117188,-984.0494995117188,71.16243743896484,0.0,0.0,887.9704322814941,0.25726391659532105,-0.9033372824524472,52.15383313723068,2.773087683916092,False
53,source_localization_stage4.0.wave_feature_conv2,152,6,1000,0.005,0.0,0.0,post_relu_mean,309.85357666015625,-309.85357666015625,30.996984481811523,0.0,0.0,262.5260696411133,0.16231083872590873,-0.2697930251868052,15.576318453733945,1.6487398087978362,False
53,source_localization_stage4.0.wave_feature_conv2,152,6,1000,0.01,0.0,0.0,post_relu_mean,633.5217895507812,-633.5217895507812,61.78160858154297,0.0,0.0,555.4096450805664,0.17287180627415663,-0.580562681059214,33.51873940126038,1.7608137476444243,False
53,source_localization_stage4.0.wave_feature_conv2,69,6,1000,0.005,0.0,0.0,post_relu_mean,250.7475128173828,-250.7475128173828,37.829307556152344,0.0,0.0,199.44941234588623,0.1337906869240223,-0.2055939447192234,11.86991114068919,1.21919313788414,False
53,source_localization_stage4.0.wave_feature_conv2,69,6,1000,0.01,0.0,0.0,post_relu_mean,500.724365234375,-500.724365234375,78.9082260131836,0.0,0.0,408.3473310470581,0.12238515123949911,-0.424804871022044,24.525849990801618,1.261154379248619,False
53,source_localization_stage4.0.wave_feature_conv2,149,6,1000,0.005,0.0,0.0,post_relu_mean,226.3834991455078,-226.3834991455078,30.765195846557617,0.0,0.0,183.0342140197754,0.1055400869156862,-0.1941864871885774,11.211479249670306,1.1177482080459595,False
53,source_localization_stage4.0.wave_feature_conv2,149,6,1000,0.01,0.0,0.0,post_relu_mean,450.6860046386719,-450.6860046386719,61.430599212646484,0.0,0.0,376.67131423950195,0.11344085396076001,-0.38183540256688786,22.045011222528395,1.1877178037166596,False
56,source_localization_stage4.0.skip_connection.0,74,6,1000,0.005,0.0,0.0,post_relu_mean,655.4597778320312,-655.4597778320312,64.23963165283203,0.0,0.0,557.1576614379883,0.16705654344981297,-0.5724441912164746,33.04975391706989,2.0564033353328703,False
56,source_localization_stage4.0.skip_connection.0,74,6,1000,0.01,0.0,0.0,post_relu_mean,1292.85986328125,-1292.85986328125,126.16584777832031,0.0,0.0,1132.631477355957,0.16475795030030227,-1.159495176496844,66.94269994189612,2.1424945783615112,False
56,source_localization_stage4.0.skip_connection.0,37,6,1000,0.005,0.0,0.0,post_relu_mean,577.2469482421875,-577.2469482421875,58.14289855957031,0.0,0.0,493.19744873046875,0.17810697866419048,-0.510555205271123,29.476691450040473,2.0846073067188264,False
56,source_localization_stage4.0.skip_connection.0,37,6,1000,0.01,0.0,0.0,post_relu_mean,1170.349365234375,-1170.349365234375,115.21958923339844,0.0,0.0,1029.22314453125,0.19335965150805445,-1.0650276161536607,61.48866767730197,2.182924128770828,False
56,source_localization_stage4.0.skip_connection.0,221,6,1000,0.005,0.0,0.0,post_relu_mean,581.2984008789062,-581.2984008789062,51.35497283935547,0.0,0.0,504.4926948547363,0.11501639679655962,-0.5227112399153974,30.178503596593476,2.152981563806534,False
56,source_localization_stage4.0.skip_connection.0,221,6,1000,0.01,0.0,0.0,post_relu_mean,1153.944091796875,-1153.944091796875,100.5665512084961,0.0,0.0,1027.9268379211426,0.11388999307751839,-1.0695948497955614,61.75235293516569,2.1930815982818603,False
56,source_localization_stage4.0.skip_connection.0,254,6,1000,0.005,0.0,0.0,post_relu_mean,546.2686767578125,-546.2686767578125,52.07722854614258,0.0,0.0,470.9845142364502,0.15301829262495772,-0.47971943235501047,27.696384496536538,2.312583795785904,False
56,source_localization_stage4.0.skip_connection.0,254,6,1000,0.01,0.0,0.0,post_relu_mean,1098.4945068359375,-1098.4945068359375,102.09087371826172,0.0,0.0,973.1967029571533,0.20738228887292,-1.0114966690542992,58.3981738699667,2.5543814194202423,False
56,source_localization_stage4.0.skip_connection.0,59,6,1000,0.005,0.0,0.0,post_relu_mean,516.3265380859375,-516.3265380859375,51.309547424316406,0.0,0.0,443.0126266479492,0.1468678892673627,-0.4650828349566161,26.851358813626476,2.2241441774368287,False
56,source_localization_stage4.0.skip_connection.0,59,6,1000,0.01,0.0,0.0,post_relu_mean,1043.424072265625,-1043.424072265625,101.38109588623047,0.0,0.0,920.0385971069336,0.17568131344627377,-0.9604982372178932,55.45396290426536,2.341432881355286,False
59,source_localization_stage4.1.wave_feature_conv1,152,6,1000,0.005,0.0,0.0,post_relu_mean,1213.8828125,-1213.8828125,101.01927947998047,0.0,0.0,1053.248649597168,0.6638607631706696,-1.1881379305905986,68.59858111548219,5.468786330223083,False
59,source_localization_stage4.1.wave_feature_conv1,152,6,1000,0.01,0.0,0.0,post_relu_mean,2340.790283203125,-2340.790283203125,199.91392517089844,0.0,0.0,2081.261589050293,0.6098858009052667,-2.173822667496619,125.50451982042145,5.657712407112122,False
59,source_localization_stage4.1.wave_feature_conv1,232,6,1000,0.005,0.0,0.0,post_relu_mean,995.3775634765625,-995.3775634765625,107.82393646240234,0.0,0.0,841.8067436218262,0.5739346222618286,-0.9044463670948464,52.21787270520097,3.6126788461208346,False
59,source_localization_stage4.1.wave_feature_conv1,232,6,1000,0.01,0.0,0.0,post_relu_mean,1955.1368408203125,-1955.1368408203125,211.02798461914062,0.0,0.0,1698.3619804382324,0.5649002725019642,-1.7211280032977387,99.36869348601115,3.861543823480606,False
59,source_localization_stage4.1.wave_feature_conv1,179,6,1000,0.005,0.0,0.0,post_relu_mean,516.2106323242188,-516.2106323242188,62.2105598449707,0.0,0.0,419.1285820007324,0.276997544002232,-0.4276231172670796,24.688576750504755,2.7330294501781465,False
59,source_localization_stage4.1.wave_feature_conv1,179,6,1000,0.01,0.0,0.0,post_relu_mean,969.23046875,-969.23046875,116.56391906738281,0.0,0.0,817.7950859069824,0.2555227042170011,-0.8236429746040282,47.55249853212875,2.829047576189041,False
59,source_localization_stage4.1.wave_feature_conv1,120,6,1000,0.005,0.0,0.0,post_relu_mean,1145.6552734375,-1145.6552734375,110.04468536376953,0.0,0.0,1000.8652381896973,0.7961268181859404,-1.0232133197433941,59.07485597938669,4.57414897441864,False
59,source_localization_stage4.1.wave_feature_conv1,120,6,1000,0.01,0.0,0.0,post_relu_mean,2246.269775390625,-2246.269775390625,214.61326599121094,0.0,0.0,1996.9111366271973,0.7573627808350524,-1.9583411969332434,113.06348631858306,4.829205052852631,False
59,source_localization_stage4.1.wave_feature_conv1,198,6,1000,0.005,0.0,0.0,post_relu_mean,553.0360107421875,-553.0360107421875,67.94866180419922,0.0,0.0,453.05842208862305,0.2551301984900791,-0.46768211921515074,27.001375508643264,2.269975320100784,False
59,source_localization_stage4.1.wave_feature_conv1,198,6,1000,0.01,0.0,0.0,post_relu_mean,1066.1121826171875,-1066.1121826171875,129.4117889404297,0.0,0.0,904.671459197998,0.2612006351934294,-0.9273083310237052,53.537613047898304,2.385075135231018,False
61,source_localization_stage4.1.wave_feature_conv2,201,6,1000,0.005,0.0,0.0,post_relu_mean,734.6796264648438,-734.6796264648438,107.33174133300781,0.0,0.0,584.3394317626953,0.47684370273795446,-0.6071667451628916,35.05440376955063,3.9061227333545685,False
61,source_localization_stage4.1.wave_feature_conv2,201,6,1000,0.01,0.0,0.0,post_relu_mean,1395.2474365234375,-1395.2474365234375,198.67735290527344,0.0,0.0,1153.5615997314453,0.37341721060445127,-1.1563318445143747,66.7601558676312,3.8198206102848054,False
61,source_localization_stage4.1.wave_feature_conv2,152,6,1000,0.005,0.0,0.0,post_relu_mean,670.6691284179688,-670.6691284179688,99.39501953125,0.0,0.0,532.8120651245117,0.43881925842182773,-0.5299466968027959,30.596404728538246,3.7939739191532134,False
61,source_localization_stage4.1.wave_feature_conv2,152,6,1000,0.01,0.0,0.0,post_relu_mean,1376.31787109375,-1376.31787109375,210.33978271484375,0.0,0.0,1127.515983581543,0.45127256647989966,-1.1627421025186273,67.13020274775876,4.036996704339981,False
61,source_localization_stage4.1.wave_feature_conv2,221,6,1000,0.005,0.0,0.0,post_relu_mean,672.7000732421875,-672.7000732421875,107.90459442138672,0.0,0.0,528.4275970458984,0.35788182641712585,-0.5466488952110277,31.560413990460585,3.317837567329407,False
61,source_localization_stage4.1.wave_feature_conv2,221,6,1000,0.01,0.0,0.0,post_relu_mean,1290.618896484375,-1290.618896484375,207.2874298095703,0.0,0.0,1046.9635467529297,0.3462821626990155,-1.0673035335862644,61.62010238244031,3.431117161512375,False
61,source_localization_stage4.1.wave_feature_conv2,254,6,1000,0.005,0.0,0.0,post_relu_mean,776.566162109375,-776.566162109375,170.64544677734375,0.0,0.0,569.8029708862305,0.38902718047922047,-0.597331920061002,34.48657459981526,3.409471009969711,False
61,source_localization_stage4.1.wave_feature_conv2,254,6,1000,0.01,0.0,0.0,post_relu_mean,1537.626220703125,-1537.626220703125,341.82562255859375,0.0,0.0,1159.6827926635742,0.3760784211706323,-1.196404359297215,69.0739021310084,3.581251091957092,False
61,source_localization_stage4.1.wave_feature_conv2,13,6,1000,0.005,0.0,0.0,post_relu_mean,1164.5281982421875,-1164.5281982421875,179.97552490234375,0.0,0.0,951.006233215332,0.7808697026810917,-0.962161280975994,55.54998435848739,4.518826458454132,False
61,source_localization_stage4.1.wave_feature_conv2,13,6,1000,0.01,0.0,0.0,post_relu_mean,2287.82177734375,-2287.82177734375,352.4194641113281,0.0,0.0,1901.8559036254883,0.7022555403050548,-1.8996903653975625,109.67740251210665,4.674766488075257,False
8,wave_feature_stage1.0.wave_feature_conv1,19,7,1000,0.005,0.0,0.0,post_relu_mean,2952.154052734375,-2952.154052734375,366.9154052734375,0.0,0.0,2456.2029724121094,0.33346567614370437,-2.5197409027632913,145.47552626822178,4.830385234355926,False
8,wave_feature_stage1.0.wave_feature_conv1,19,7,1000,0.01,0.0,0.0,post_relu_mean,5794.361328125,-5794.361328125,710.3753662109375,0.0,0.0,4954.950042724609,0.2768238735679792,-5.017766014218715,289.69726915832723,4.864890258312226,False
8,wave_feature_stage1.0.wave_feature_conv1,2,7,1000,0.005,0.0,0.0,post_relu_mean,1889.6134033203125,-1889.6134033203125,344.710205078125,0.0,0.0,1481.0466918945312,0.22903314718698856,-1.5042828723000787,86.84873250467592,3.223291975259781,False
8,wave_feature_stage1.0.wave_feature_conv1,2,7,1000,0.01,0.0,0.0,post_relu_mean,3728.071044921875,-3728.071044921875,672.0857543945312,0.0,0.0,2992.1288452148438,0.18492642938083256,-3.0247756911085864,174.63334948754328,3.2561841559410096,False
8,wave_feature_stage1.0.wave_feature_conv1,24,7,1000,0.005,0.0,0.0,post_relu_mean,1881.679443359375,-1881.679443359375,346.2428894042969,0.0,0.0,1472.759033203125,0.184120946462192,-1.5030552398331443,86.77785021557304,3.1721609115600584,False
8,wave_feature_stage1.0.wave_feature_conv1,24,7,1000,0.01,0.0,0.0,post_relu_mean,3713.27734375,-3713.27734375,670.7455444335938,0.0,0.0,2979.854248046875,0.16288699469881326,-3.0233536575719078,174.5512421062507,3.2263874220848083,False
8,wave_feature_stage1.0.wave_feature_conv1,29,7,1000,0.005,0.0,0.0,post_relu_mean,2012.341064453125,-2012.341064453125,335.1650085449219,0.0,0.0,1614.9462089538574,0.24491196998077813,-1.6193984739755214,93.49485308919614,3.2073065745830536,False
8,wave_feature_stage1.0.wave_feature_conv1,29,7,1000,0.01,0.0,0.0,post_relu_mean,3933.8349609375,-3933.8349609375,649.1537475585938,0.0,0.0,3222.4513359069824,0.18955713421040066,-3.244881777745127,187.34102448882038,3.2204597437381746,False
8,wave_feature_stage1.0.wave_feature_conv1,30,7,1000,0.005,0.0,0.0,post_relu_mean,2021.05419921875,-2021.05419921875,346.7351379394531,0.0,0.0,1617.677661895752,0.14220554577601974,-1.6505665764507877,95.2943178546457,3.264912350177765,False
8,wave_feature_stage1.0.wave_feature_conv1,30,7,1000,0.01,0.0,0.0,post_relu_mean,3994.23486328125,-3994.23486328125,674.2417602539062,0.0,0.0,3263.351734161377,0.12686971439483327,-3.303185438034389,190.70714762200942,3.3028703427314756,False
10,wave_feature_stage1.0.wave_feature_conv2,25,7,1000,0.005,0.0,0.0,post_relu_mean,1469.556884765625,-1469.556884765625,143.0293731689453,0.0,0.0,1240.7292098999023,0.1389400602041114,-1.2820390011398235,74.01763430103792,2.3001084983348847,False
10,wave_feature_stage1.0.wave_feature_conv2,25,7,1000,0.01,0.0,0.0,post_relu_mean,2892.30322265625,-2892.30322265625,281.49090576171875,0.0,0.0,2525.013999938965,0.12333753564582227,-2.5855057854717844,149.27238386672857,2.3334664797782896,False
10,wave_feature_stage1.0.wave_feature_conv2,4,7,1000,0.005,0.0,0.0,post_relu_mean,1320.870849609375,-1320.870849609375,141.03231811523438,0.0,0.0,1114.0362243652344,0.1394173278582858,-1.1439601139717213,66.04575391342307,2.156092196702957,False
10,wave_feature_stage1.0.wave_feature_conv2,4,7,1000,0.01,0.0,0.0,post_relu_mean,2603.795166015625,-2603.795166015625,276.4754333496094,0.0,0.0,2261.517547607422,0.12133102140867151,-2.3045651948488657,133.0524794942671,2.184564242362976,False
10,wave_feature_stage1.0.wave_feature_conv2,23,7,1000,0.005,0.0,0.0,post_relu_mean,799.6904907226562,-799.6904907226562,107.3904800415039,0.0,0.0,658.255859375,0.06752632026569097,-0.6835539428372184,39.464516503625255,1.4544922286272048,False
10,wave_feature_stage1.0.wave_feature_conv2,23,7,1000,0.01,0.0,0.0,post_relu_mean,1583.9727783203125,-1583.9727783203125,209.23104858398438,0.0,0.0,1340.6975708007812,0.06281845812455454,-1.3781184173769383,79.56471077966347,1.4832171720266343,False
10,wave_feature_stage1.0.wave_feature_conv2,9,7,1000,0.005,0.0,0.0,post_relu_mean,1488.180908203125,-1488.180908203125,120.37091827392578,0.0,0.0,1336.4807510375977,0.13575931698844576,-1.358538023661773,78.4342740642405,2.691911792755127,False
10,wave_feature_stage1.0.wave_feature_conv2,9,7,1000,0.01,0.0,0.0,post_relu_mean,2954.896240234375,-2954.896240234375,237.02525329589844,0.0,0.0,2686.54190826416,0.11829147831999756,-2.7139197648032014,156.6862814544721,2.7200187611579896,False
10,wave_feature_stage1.0.wave_feature_conv2,13,7,1000,0.005,0.0,0.0,post_relu_mean,941.5919799804688,-941.5919799804688,86.38923645019531,0.0,0.0,825.6515083312988,0.22135791486278822,-0.8185255344579415,47.25711923124768,2.21474408864975,False
10,wave_feature_stage1.0.wave_feature_conv2,13,7,1000,0.01,0.0,0.0,post_relu_mean,1832.74169921875,-1832.74169921875,163.91290283203125,0.0,0.0,1639.2776069641113,0.19433050460943832,-1.6223238520721321,93.66385685379255,2.2733014941215517,False
14,wave_feature_stage1.1.wave_feature_conv1,2,7,1000,0.005,0.0,0.0,post_relu_mean,2307.48828125,-2307.48828125,365.22283935546875,0.0,0.0,1782.3604583740234,0.20284477095281017,-1.8640530103218405,107.61988175963668,3.3947100222110747,False
14,wave_feature_stage1.1.wave_feature_conv1,2,7,1000,0.01,0.0,0.0,post_relu_mean,4513.06494140625,-4513.06494140625,711.9884643554688,0.0,0.0,3641.1714935302734,0.18800043359154692,-3.757149811374679,216.91644661279727,3.459987106323242,False
14,wave_feature_stage1.1.wave_feature_conv1,29,7,1000,0.005,0.0,0.0,post_relu_mean,2162.37158203125,-2162.37158203125,387.52899169921875,0.0,0.0,1655.641586303711,0.1566761863095835,-1.715453739645493,99.04053039622914,3.2384667575359343,False
14,wave_feature_stage1.1.wave_feature_conv1,29,7,1000,0.01,0.0,0.0,post_relu_mean,4245.24560546875,-4245.24560546875,761.1093139648438,0.0,0.0,3364.935287475586,0.1419085017806619,-3.422825248121437,197.61444625193312,3.2730464839935305,False
14,wave_feature_stage1.1.wave_feature_conv1,8,7,1000,0.005,0.0,0.0,post_relu_mean,2181.34033203125,-2181.34033203125,391.2239990234375,0.0,0.0,1672.7530212402344,0.20689841267507447,-1.720220998536438,99.31576846641632,3.202520993947983,False
14,wave_feature_stage1.1.wave_feature_conv1,8,7,1000,0.01,0.0,0.0,post_relu_mean,4252.56103515625,-4252.56103515625,765.5806884765625,0.0,0.0,3369.617156982422,0.1771609036043709,-3.439637757057207,198.58510816068735,3.2354030585289,False
14,wave_feature_stage1.1.wave_feature_conv1,9,7,1000,0.005,0.0,0.0,post_relu_mean,1847.399658203125,-1847.399658203125,407.3037414550781,0.0,0.0,1361.720932006836,0.18550917402247172,-1.4118808838751242,81.51397159135631,2.6680540108680724,False
14,wave_feature_stage1.1.wave_feature_conv1,9,7,1000,0.01,0.0,0.0,post_relu_mean,3633.233642578125,-3633.233642578125,793.531005859375,0.0,0.0,2761.327621459961,0.1631318346220407,-2.8265664152590144,163.18985029131431,2.7002913868427276,False
14,wave_feature_stage1.1.wave_feature_conv1,30,7,1000,0.005,0.0,0.0,post_relu_mean,2460.890869140625,-2460.890869140625,412.24688720703125,0.0,0.0,1975.1223602294922,0.2822807530241871,-2.046873557550609,118.17488593660242,3.901783603429794,False
14,wave_feature_stage1.1.wave_feature_conv1,30,7,1000,0.01,0.0,0.0,post_relu_mean,4868.9697265625,-4868.9697265625,805.3593139648438,0.0,0.0,3990.088668823242,0.24070598072367955,-4.070330400288816,234.9978553254548,3.949473637342453,False
16,wave_feature_stage1.1.wave_feature_conv2,11,7,1000,0.005,0.0,0.0,post_relu_mean,1241.25341796875,-1241.25341796875,143.7831268310547,0.0,0.0,1050.2068405151367,0.14227920115194073,-1.083341572766614,62.54598409949919,2.1164175832271575,False
16,wave_feature_stage1.1.wave_feature_conv2,11,7,1000,0.01,0.0,0.0,post_relu_mean,2466.853759765625,-2466.853759765625,281.450439453125,0.0,0.0,2138.139823913574,0.13413678345058816,-2.1836295013210294,126.07036654311192,2.1688270342350005,False
16,wave_feature_stage1.1.wave_feature_conv2,29,7,1000,0.005,0.0,0.0,post_relu_mean,712.9066162109375,-712.9066162109375,120.40005493164062,0.0,0.0,548.5801162719727,0.041269573815046416,-0.5650539376277376,32.62301158720633,1.1420599192380905,False
16,wave_feature_stage1.1.wave_feature_conv2,29,7,1000,0.01,0.0,0.0,post_relu_mean,1383.764404296875,-1383.764404296875,234.1916046142578,0.0,0.0,1105.6462783813477,0.042403233811667405,-1.1261214145862681,65.0158380863368,1.15897363781929,False
16,wave_feature_stage1.1.wave_feature_conv2,13,7,1000,0.005,0.0,0.0,post_relu_mean,876.1773071289062,-876.1773071289062,90.26274871826172,0.0,0.0,743.124454498291,0.07154938522135494,-0.7680593250640592,44.343375167278225,1.4345755451917648,False
16,wave_feature_stage1.1.wave_feature_conv2,13,7,1000,0.01,0.0,0.0,post_relu_mean,1728.3837890625,-1728.3837890625,178.0882110595703,0.0,0.0,1507.5054359436035,0.061807151135094954,-1.548060349244327,89.37618973014096,1.4523382407426835,False
16,wave_feature_stage1.1.wave_feature_conv2,9,7,1000,0.005,0.0,0.0,post_relu_mean,1171.045166015625,-1171.045166015625,140.8386993408203,0.0,0.0,989.5114669799805,0.13264203904331268,-1.048664338098931,60.54392080655595,1.9890193802118301,False
16,wave_feature_stage1.1.wave_feature_conv2,9,7,1000,0.01,0.0,0.0,post_relu_mean,2345.523681640625,-2345.523681640625,278.6502380371094,0.0,0.0,2026.178581237793,0.12226410501549956,-2.0920066162054436,120.78061580395027,2.0236576890945432,False
16,wave_feature_stage1.1.wave_feature_conv2,22,7,1000,0.005,0.0,0.0,post_relu_mean,831.9588012695312,-831.9588012695312,142.4821014404297,0.0,0.0,649.3445701599121,0.07328496066072825,-0.6750066771078457,38.97104177463298,1.3060871982574462,False
16,wave_feature_stage1.1.wave_feature_conv2,22,7,1000,0.01,0.0,0.0,post_relu_mean,1651.281494140625,-1651.281494140625,283.8637390136719,0.0,0.0,1327.2856101989746,0.06892525845700329,-1.3600351844123255,78.52069084960368,1.3316841262578964,False
21,wave_pattern_stage2.0.wave_feature_conv1,50,7,1000,0.005,0.0,0.0,post_relu_mean,2037.8115234375,-2037.8115234375,102.4037857055664,0.0,0.0,1835.9781875610352,0.16627852814496308,-1.9124400075639099,110.41340386462659,3.8031868052482607,False
21,wave_pattern_stage2.0.wave_feature_conv1,50,7,1000,0.01,0.0,0.0,post_relu_mean,4037.5546875,-4037.5546875,200.31414794921875,0.0,0.0,3737.81095123291,0.1627785926165089,-3.8381303955206296,221.59184085223006,3.8609363508224486,False
21,wave_pattern_stage2.0.wave_feature_conv1,3,7,1000,0.005,0.0,0.0,post_relu_mean,1266.9571533203125,-1266.9571533203125,94.61632537841797,0.0,0.0,1089.1575775146484,0.12177833688219251,-1.1335905936405737,65.44714117476835,2.4339434373378754,False
21,wave_pattern_stage2.0.wave_feature_conv1,3,7,1000,0.01,0.0,0.0,post_relu_mean,2488.67431640625,-2488.67431640625,184.3218994140625,0.0,0.0,2221.1692962646484,0.11905512138584,-2.290223877392589,132.22448877986162,2.4802963638305666,False
21,wave_pattern_stage2.0.wave_feature_conv1,27,7,1000,0.005,0.0,0.0,post_relu_mean,1642.484375,-1642.484375,114.71488952636719,0.0,0.0,1458.2519912719727,0.14277148215767296,-1.5116341536162923,87.27315220228547,3.0883506000041963,False
21,wave_pattern_stage2.0.wave_feature_conv1,27,7,1000,0.01,0.0,0.0,post_relu_mean,3281.21875,-3281.21875,228.07997131347656,0.0,0.0,2983.6211318969727,0.14574490817476465,-3.0928154431277775,178.56155550602068,3.1705193424224856,False
21,wave_pattern_stage2.0.wave_feature_conv1,28,7,1000,0.005,0.0,0.0,post_relu_mean,988.7664184570312,-988.7664184570312,87.9456787109375,0.0,0.0,869.9642581939697,0.08270866585767828,-0.8883897024183418,51.29057697915709,2.2000404703617096,False
21,wave_pattern_stage2.0.wave_feature_conv1,28,7,1000,0.01,0.0,0.0,post_relu_mean,1951.34033203125,-1951.34033203125,168.01002502441406,0.0,0.0,1752.473840713501,0.08651883417748536,-1.7929906457500306,103.51708121884415,2.256678651571274,False
21,wave_pattern_stage2.0.wave_feature_conv1,23,7,1000,0.005,0.0,0.0,post_relu_mean,895.9847412109375,-895.9847412109375,90.68382263183594,0.0,0.0,776.4790592193604,0.04608843385952671,-0.7956956971867412,45.93895254655919,1.842245071530342,False
21,wave_pattern_stage2.0.wave_feature_conv1,23,7,1000,0.01,0.0,0.0,post_relu_mean,1783.74609375,-1783.74609375,177.8768310546875,0.0,0.0,1577.0474185943604,0.057051911149174454,-1.6282059468173713,94.00334012705379,1.8845622611045838,False
23,wave_pattern_stage2.0.wave_feature_conv2,45,7,1000,0.005,0.0,0.0,post_relu_mean,613.6487426757812,-613.6487426757812,71.37498474121094,0.0,0.0,503.4678039550781,0.062112318780975936,-0.5239491826452766,30.24984301457601,1.1856928569078447,False
23,wave_pattern_stage2.0.wave_feature_conv2,45,7,1000,0.01,0.0,0.0,post_relu_mean,1203.4044189453125,-1203.4044189453125,137.57427978515625,0.0,0.0,1027.0241394042969,0.06299723075764711,-1.0563555030648226,60.98796293076239,1.2169332599639893,False
23,wave_pattern_stage2.0.wave_feature_conv2,63,7,1000,0.005,0.0,0.0,post_relu_mean,467.5353088378906,-467.5353088378906,66.34772491455078,0.0,0.0,372.5995445251465,0.0438636725541402,-0.38539913149165395,22.250753053034224,0.9753915375471115,False
23,wave_pattern_stage2.0.wave_feature_conv2,63,7,1000,0.01,0.0,0.0,post_relu_mean,913.8768920898438,-913.8768920898438,127.57677459716797,0.0,0.0,757.7120628356934,0.045099584275544495,-0.7821879240828675,45.15910999642633,0.9988766816258431,False
23,wave_pattern_stage2.0.wave_feature_conv2,25,7,1000,0.005,0.0,0.0,post_relu_mean,449.0973815917969,-449.0973815917969,61.59441375732422,0.0,0.0,361.4831199645996,0.0307560319180842,-0.37598844304603707,21.70743943459215,0.9103581309318542,False
23,wave_pattern_stage2.0.wave_feature_conv2,25,7,1000,0.01,0.0,0.0,post_relu_mean,885.023193359375,-885.023193359375,120.05775451660156,0.0,0.0,738.945613861084,0.034787648974633656,-0.7605766751987405,43.91136726113846,0.9326043099164962,False
23,wave_pattern_stage2.0.wave_feature_conv2,47,7,1000,0.005,0.0,0.0,post_relu_mean,501.63507080078125,-501.63507080078125,66.60967254638672,0.0,0.0,410.2071647644043,0.030707430296879674,-0.42711919997554376,24.65943175529589,0.9495285233855247,False
23,wave_pattern_stage2.0.wave_feature_conv2,47,7,1000,0.01,0.0,0.0,post_relu_mean,989.2999877929688,-989.2999877929688,130.10116577148438,0.0,0.0,834.3806266784668,0.03292962750888746,-0.8581067846245718,49.54220008181663,0.9662283349037171,False
23,wave_pattern_stage2.0.wave_feature_conv2,36,7,1000,0.005,0.0,0.0,post_relu_mean,500.3995056152344,-500.3995056152344,69.68954467773438,0.0,0.0,406.9779968261719,0.02771875027667654,-0.4208607670941285,24.298181583416817,0.8729999551177025,False
23,wave_pattern_stage2.0.wave_feature_conv2,36,7,1000,0.01,0.0,0.0,post_relu_mean,1003.97265625,-1003.97265625,137.1277618408203,0.0,0.0,843.1129455566406,0.03285609084423531,-0.8747840524168622,50.505080546263066,0.8977970817685127,False
26,wave_pattern_stage2.0.skip_connection.0,29,7,1000,0.005,0.0,0.0,post_relu_mean,1896.64794921875,-1896.64794921875,198.3669891357422,0.0,0.0,1602.188003540039,0.14457279103393375,-1.6655341447317922,96.1584603493377,3.2634409618377687,False
26,wave_pattern_stage2.0.skip_connection.0,29,7,1000,0.01,0.0,0.0,post_relu_mean,3800.37158203125,-3800.37158203125,396.70623779296875,0.0,0.0,3307.572280883789,0.14158878733552027,-3.4214163397297823,197.53319005735364,3.3328969645500184,False
26,wave_pattern_stage2.0.skip_connection.0,23,7,1000,0.005,0.0,0.0,post_relu_mean,1916.409912109375,-1916.409912109375,177.68067932128906,0.0,0.0,1676.1335563659668,0.16808128536218128,-1.729908203363043,99.87507412093461,3.6829513514041903,False
26,wave_pattern_stage2.0.skip_connection.0,23,7,1000,0.01,0.0,0.0,post_relu_mean,3827.203369140625,-3827.203369140625,348.60113525390625,0.0,0.0,3416.006603240967,0.16789730680319487,-3.5011847705250245,202.13857450546038,3.7774693822860717,False
26,wave_pattern_stage2.0.skip_connection.0,45,7,1000,0.005,0.0,0.0,post_relu_mean,1022.78857421875,-1022.78857421875,108.4841079711914,0.0,0.0,862.0537338256836,0.09425546858312471,-0.8921496187886875,51.507645946204505,2.1824549865722656,False
26,wave_pattern_stage2.0.skip_connection.0,45,7,1000,0.01,0.0,0.0,post_relu_mean,2038.180419921875,-2038.180419921875,212.6606903076172,0.0,0.0,1773.2690658569336,0.1011310138567249,-1.8110541157388798,104.55995465660382,2.255643047094345,False
26,wave_pattern_stage2.0.skip_connection.0,61,7,1000,0.005,0.0,0.0,post_relu_mean,1236.275634765625,-1236.275634765625,179.18069458007812,0.0,0.0,1004.9687957763672,0.10518207780915663,-1.0467995896064397,60.43625496950741,2.1739247679710387,False
26,wave_pattern_stage2.0.skip_connection.0,61,7,1000,0.01,0.0,0.0,post_relu_mean,2453.85546875,-2453.85546875,352.1843566894531,0.0,0.0,2049.544967651367,0.10552746098623879,-2.096660732405761,121.04936031602747,2.2216712856292724,False
26,wave_pattern_stage2.0.skip_connection.0,26,7,1000,0.005,0.0,0.0,post_relu_mean,924.3009033203125,-924.3009033203125,141.95779418945312,0.0,0.0,740.6414451599121,0.08213795527274664,-0.7723083958904392,44.5887409789187,1.8328056848049163,False
26,wave_pattern_stage2.0.skip_connection.0,26,7,1000,0.01,0.0,0.0,post_relu_mean,1854.33740234375,-1854.33740234375,279.82861328125,0.0,0.0,1532.8070945739746,0.09120090650040646,-1.5991589724435489,92.32647527028792,1.8935678416490556,False
29,wave_pattern_stage2.1.wave_feature_conv1,39,7,1000,0.005,0.0,0.0,post_relu_mean,1404.149169921875,-1404.149169921875,157.05296325683594,0.0,0.0,1156.9452285766602,0.11923323385214209,-1.1931376599997272,68.88504238220087,2.5053993427753447,False
29,wave_pattern_stage2.1.wave_feature_conv1,39,7,1000,0.01,0.0,0.0,post_relu_mean,2758.11669921875,-2758.11669921875,306.2650451660156,0.0,0.0,2361.70059967041,0.12138912314327728,-2.4208537295341563,139.7663189619325,2.5735741686820983,False
29,wave_pattern_stage2.1.wave_feature_conv1,53,7,1000,0.005,0.0,0.0,post_relu_mean,1169.75146484375,-1169.75146484375,121.83486938476562,0.0,0.0,992.6730537414551,0.16571102222133305,-1.038931300141024,59.981981733528634,2.3407872200012205,False
29,wave_pattern_stage2.1.wave_feature_conv1,53,7,1000,0.01,0.0,0.0,post_relu_mean,2319.745361328125,-2319.745361328125,236.87550354003906,0.0,0.0,2027.6263008117676,0.15612367028929788,-2.0789823530073117,120.02861097913755,2.4102489972114562,False
29,wave_pattern_stage2.1.wave_feature_conv1,35,7,1000,0.005,0.0,0.0,post_relu_mean,971.3037719726562,-971.3037719726562,139.73574829101562,0.0,0.0,784.9692916870117,0.08123825680934628,-0.8119749891177698,46.87884823203745,1.806559438109398,False
29,wave_pattern_stage2.1.wave_feature_conv1,35,7,1000,0.01,0.0,0.0,post_relu_mean,1933.541748046875,-1933.541748046875,275.30072021484375,0.0,0.0,1611.6422653198242,0.08676232471459197,-1.6614814546694234,95.92452786917359,1.8577561640739442,False
29,wave_pattern_stage2.1.wave_feature_conv1,56,7,1000,0.005,0.0,0.0,post_relu_mean,679.9342041015625,-679.9342041015625,111.17938995361328,0.0,0.0,531.4108085632324,0.08613881417364261,-0.5769479781657016,33.30970925595187,1.4270868712663651,False
29,wave_pattern_stage2.1.wave_feature_conv1,56,7,1000,0.01,0.0,0.0,post_relu_mean,1333.2392578125,-1333.2392578125,211.97451782226562,0.0,0.0,1083.9207572937012,0.08932189407527087,-1.1417337042312776,65.91727760393903,1.4636436766386032,False
29,wave_pattern_stage2.1.wave_feature_conv1,51,7,1000,0.005,0.0,0.0,post_relu_mean,901.1796264648438,-901.1796264648438,127.38858032226562,0.0,0.0,738.2326240539551,0.06513958280673274,-0.7654474572313527,44.19267895866046,1.685384180545807,False
29,wave_pattern_stage2.1.wave_feature_conv1,51,7,1000,0.01,0.0,0.0,post_relu_mean,1800.774169921875,-1800.774169921875,251.18650817871094,0.0,0.0,1514.02925491333,0.07391671331708213,-1.566409573538899,90.43557599687576,1.7331226646900177,False
31,wave_pattern_stage2.1.wave_feature_conv2,46,7,1000,0.005,0.0,0.0,post_relu_mean,704.5905151367188,-704.5905151367188,72.83575439453125,0.0,0.0,593.1872177124023,0.05850543899102726,-0.6210302158265016,35.85476463271722,1.3075949162244798,False
31,wave_pattern_stage2.1.wave_feature_conv2,46,7,1000,0.01,0.0,0.0,post_relu_mean,1403.0772705078125,-1403.0772705078125,144.281005859375,0.0,0.0,1220.2287216186523,0.06135738093613188,-1.2661673143238492,73.10138124649272,1.344762561917305,False
31,wave_pattern_stage2.1.wave_feature_conv2,32,7,1000,0.005,0.0,0.0,post_relu_mean,530.669677734375,-530.669677734375,48.08054733276367,0.0,0.0,452.4144039154053,0.08435365486255803,-0.4819528854005042,27.82522166842417,1.1265259671211243,False
31,wave_pattern_stage2.1.wave_feature_conv2,32,7,1000,0.01,0.0,0.0,post_relu_mean,1070.1822509765625,-1070.1822509765625,93.07453918457031,0.0,0.0,946.9329891204834,0.09255278999635012,-0.983692664444907,56.792940498270454,1.1890177792310714,False
31,wave_pattern_stage2.1.wave_feature_conv2,61,7,1000,0.005,0.0,0.0,post_relu_mean,944.47509765625,-944.47509765625,76.3092041015625,0.0,0.0,842.8678665161133,0.03486562764624037,-0.8612290222264102,49.72250219053674,1.7765681356191636,False
31,wave_pattern_stage2.1.wave_feature_conv2,61,7,1000,0.01,0.0,0.0,post_relu_mean,1883.361328125,-1883.361328125,151.33602905273438,0.0,0.0,1706.7272415161133,0.041362198741308163,-1.750246177174937,101.04924871918931,1.8102571219205856,False
31,wave_pattern_stage2.1.wave_feature_conv2,10,7,1000,0.005,0.0,0.0,post_relu_mean,523.7139892578125,-523.7139892578125,61.50059127807617,0.0,0.0,436.9159297943115,0.04722433995810536,-0.44565874370247927,25.72981465468879,1.1167318832874298,False
31,wave_pattern_stage2.1.wave_feature_conv2,10,7,1000,0.01,0.0,0.0,post_relu_mean,1035.328369140625,-1035.328369140625,119.8022689819336,0.0,0.0,890.2286434173584,0.047645501598510796,-0.9148723449684143,52.819533558491855,1.143069863319397,False
31,wave_pattern_stage2.1.wave_feature_conv2,33,7,1000,0.005,0.0,0.0,post_relu_mean,478.88995361328125,-478.88995361328125,64.21232604980469,0.0,0.0,391.38977813720703,0.033494437287995955,-0.4074346109675081,23.522957515986032,0.8941701266169548,False
31,wave_pattern_stage2.1.wave_feature_conv2,33,7,1000,0.01,0.0,0.0,post_relu_mean,950.146484375,-950.146484375,126.47982025146484,0.0,0.0,800.3788528442383,0.036427820201942525,-0.8210811593532024,47.404601314008666,0.9122671356797218,False
36,interference_stage3.0.wave_feature_conv1,31,7,1000,0.005,0.0,0.0,post_relu_mean,1477.267822265625,-1477.267822265625,141.75631713867188,0.0,0.0,1251.8168411254883,0.13031727451916467,-1.3011867148790535,75.1231242244211,2.8459649050235747,False
36,interference_stage3.0.wave_feature_conv1,31,7,1000,0.01,0.0,0.0,post_relu_mean,2939.582275390625,-2939.582275390625,280.3858337402344,0.0,0.0,2575.5018997192383,0.137413635726577,-2.653540035766519,153.20029393603028,2.946628593206406,False
36,interference_stage3.0.wave_feature_conv1,97,7,1000,0.005,0.0,0.0,post_relu_mean,1021.3682250976562,-1021.3682250976562,118.76730346679688,0.0,0.0,851.5449371337891,0.10040005404599997,-0.8855842744030027,51.128670140386674,2.1380863106250763,False
36,interference_stage3.0.wave_feature_conv1,97,7,1000,0.01,0.0,0.0,post_relu_mean,1997.584716796875,-1997.584716796875,230.93077087402344,0.0,0.0,1715.597915649414,0.10723336304201381,-1.7568209878464733,101.4289072080141,2.1938194072246553,False
36,interference_stage3.0.wave_feature_conv1,67,7,1000,0.005,0.0,0.0,post_relu_mean,784.4971923828125,-784.4971923828125,97.83301544189453,0.0,0.0,643.9844627380371,0.11034338801844903,-0.6653134140853519,38.411427594226645,1.8599951177835465,False
36,interference_stage3.0.wave_feature_conv1,67,7,1000,0.01,0.0,0.0,post_relu_mean,1554.044677734375,-1554.044677734375,186.80438232421875,0.0,0.0,1324.5605125427246,0.12066060619504229,-1.370745357867345,79.13904327022753,1.9336483597755432,False
36,interference_stage3.0.wave_feature_conv1,19,7,1000,0.005,0.0,0.0,post_relu_mean,788.4503173828125,-788.4503173828125,106.28821563720703,0.0,0.0,640.6552047729492,0.06785213230000194,-0.6595282976251653,38.0774720376189,1.6773288667201995,False
36,interference_stage3.0.wave_feature_conv1,19,7,1000,0.01,0.0,0.0,post_relu_mean,1533.041748046875,-1533.041748046875,204.0482177734375,0.0,0.0,1287.4866256713867,0.07312907190382191,-1.3238296495742474,76.43038968383645,1.7154384416341781,False
36,interference_stage3.0.wave_feature_conv1,126,7,1000,0.005,0.0,0.0,post_relu_mean,846.0917358398438,-846.0917358398438,119.90181732177734,0.0,0.0,688.4379730224609,0.06129772923786673,-0.7197907274647201,41.5566258793696,1.7353639668226242,False
36,interference_stage3.0.wave_feature_conv1,126,7,1000,0.01,0.0,0.0,post_relu_mean,1686.036376953125,-1686.036376953125,235.884765625,0.0,0.0,1412.399642944336,0.07288309758833698,-1.4557553478937073,84.04704908865857,1.7902215349674224,False
38,interference_stage3.0.wave_feature_conv2,120,7,1000,0.005,0.0,0.0,post_relu_mean,854.4927368164062,-854.4927368164062,62.06484603881836,0.0,0.0,741.4519081115723,0.1161515905196333,-0.7785424907686901,44.9486991999046,1.7539340436458588,False
38,interference_stage3.0.wave_feature_conv2,120,7,1000,0.01,0.0,0.0,post_relu_mean,1683.51806640625,-1683.51806640625,120.50623321533203,0.0,0.0,1512.035831451416,0.11365185651700793,-1.5642521429551854,90.31109181106142,1.8097915279865264,False
38,interference_stage3.0.wave_feature_conv2,109,7,1000,0.005,0.0,0.0,post_relu_mean,616.287353515625,-616.287353515625,59.511512756347656,0.0,0.0,516.8317413330078,0.06776631280906702,-0.5373913152378982,31.026023897092216,1.2398135215044022,False
38,interference_stage3.0.wave_feature_conv2,109,7,1000,0.01,0.0,0.0,post_relu_mean,1220.334228515625,-1220.334228515625,116.55719757080078,0.0,0.0,1063.8329010009766,0.06645329414339796,-1.089791957323347,62.9184086075802,1.2768737810850144,False
38,interference_stage3.0.wave_feature_conv2,84,7,1000,0.005,0.0,0.0,post_relu_mean,678.2820434570312,-678.2820434570312,56.64946746826172,0.0,0.0,583.258415222168,0.11380551008028515,-0.6099971633507146,35.217778177057696,1.5061154758930206,False
38,interference_stage3.0.wave_feature_conv2,84,7,1000,0.01,0.0,0.0,post_relu_mean,1327.07666015625,-1327.07666015625,110.31180572509766,0.0,0.0,1178.390739440918,0.10460699246512585,-1.2167153786236014,70.24623631278536,1.5471229249238967,False
38,interference_stage3.0.wave_feature_conv2,69,7,1000,0.005,0.0,0.0,post_relu_mean,525.7240600585938,-525.7240600585938,49.34551239013672,0.0,0.0,442.4610137939453,0.09545576476859316,-0.46716604993982264,26.971556419547007,1.2508711391687393,False
38,interference_stage3.0.wave_feature_conv2,69,7,1000,0.01,0.0,0.0,post_relu_mean,1077.532958984375,-1077.532958984375,99.17046356201172,0.0,0.0,944.4449615478516,0.1153605022779732,-1.0123072322718714,58.444899198189404,1.3510304605960846,False
38,interference_stage3.0.wave_feature_conv2,104,7,1000,0.005,0.0,0.0,post_relu_mean,660.8081665039062,-660.8081665039062,62.32046127319336,0.0,0.0,565.2528686523438,0.06983175980484835,-0.5789399978911215,33.424735502061445,1.3446196407079696,False
38,interference_stage3.0.wave_feature_conv2,104,7,1000,0.01,0.0,0.0,post_relu_mean,1310.5987548828125,-1310.5987548828125,122.28135681152344,0.0,0.0,1155.08251953125,0.06427394448196994,-1.193468826604088,68.9041079434222,1.3700478458404541,False
41,interference_stage3.0.skip_connection.0,32,7,1000,0.005,0.0,0.0,post_relu_mean,1085.400634765625,-1085.400634765625,96.5956039428711,0.0,0.0,943.7980804443359,0.10069892929354782,-0.9782633456827631,56.4793799230667,2.46883438706398,False
41,interference_stage3.0.skip_connection.0,32,7,1000,0.01,0.0,0.0,post_relu_mean,2190.48095703125,-2190.48095703125,194.37571716308594,0.0,0.0,1951.0982513427734,0.11961125610768666,-2.012442000899876,116.18696389905341,2.575293914079666,False
41,interference_stage3.0.skip_connection.0,80,7,1000,0.005,0.0,0.0,post_relu_mean,749.882080078125,-749.882080078125,75.15097045898438,0.0,0.0,634.7036170959473,0.10488025887108152,-0.6625842119441656,38.2538428999196,1.7553402525186539,False
41,interference_stage3.0.skip_connection.0,80,7,1000,0.01,0.0,0.0,post_relu_mean,1482.146484375,-1482.146484375,146.9452667236328,0.0,0.0,1295.1737098693848,0.1050280951677501,-1.3529813651835436,78.11358321141049,1.8006627494096756,False
41,interference_stage3.0.skip_connection.0,60,7,1000,0.005,0.0,0.0,post_relu_mean,857.998291015625,-857.998291015625,89.9872055053711,0.0,0.0,728.915412902832,0.08832422407142534,-0.7617935673001199,43.98166477457976,2.017504375576973,False
41,interference_stage3.0.skip_connection.0,60,7,1000,0.01,0.0,0.0,post_relu_mean,1714.360107421875,-1714.360107421875,177.76675415039062,0.0,0.0,1497.497688293457,0.103308800513493,-1.553020519879452,89.66266985486219,2.0960371124744417,False
41,interference_stage3.0.skip_connection.0,97,7,1000,0.005,0.0,0.0,post_relu_mean,1063.7080078125,-1063.7080078125,113.43840026855469,0.0,0.0,913.2810173034668,0.09646829233608008,-0.9437648688562186,54.487616698957765,2.3382462656497953,False
41,interference_stage3.0.skip_connection.0,97,7,1000,0.01,0.0,0.0,post_relu_mean,2131.9345703125,-2131.9345703125,224.3363037109375,0.0,0.0,1870.609691619873,0.09946317856540594,-1.9211785357194961,110.91792724164557,2.3993377184867857,False
41,interference_stage3.0.skip_connection.0,123,7,1000,0.005,0.0,0.0,post_relu_mean,810.9127807617188,-810.9127807617188,94.93516540527344,0.0,0.0,681.1485481262207,0.07767140807127002,-0.7008999886252039,40.46597879462385,1.8288076013326644,False
41,interference_stage3.0.skip_connection.0,123,7,1000,0.01,0.0,0.0,post_relu_mean,1602.400390625,-1602.400390625,186.71054077148438,0.0,0.0,1380.860767364502,0.08792136813463812,-1.4281878651580548,82.45554523770606,1.892532913684845,False
44,interference_stage3.1.wave_feature_conv1,81,7,1000,0.005,0.0,0.0,post_relu_mean,990.5498046875,-990.5498046875,110.51306915283203,0.0,0.0,814.4038009643555,0.1398546928083184,-0.8516984536246706,49.17224604858883,2.1149059188365937,False
44,interference_stage3.1.wave_feature_conv1,81,7,1000,0.01,0.0,0.0,post_relu_mean,1955.3607177734375,-1955.3607177734375,217.67770385742188,0.0,0.0,1672.0500411987305,0.14174426292969103,-1.72024864870279,99.31736960976238,2.1908819270133972,False
44,interference_stage3.1.wave_feature_conv1,12,7,1000,0.005,0.0,0.0,post_relu_mean,1164.47119140625,-1164.47119140625,118.5825424194336,0.0,0.0,980.4317779541016,0.12291749470370338,-1.0073253658886638,58.157258119374426,2.3862159752845766,False
44,interference_stage3.1.wave_feature_conv1,12,7,1000,0.01,0.0,0.0,post_relu_mean,2304.47265625,-2304.47265625,233.36026000976562,0.0,0.0,2005.6554107666016,0.13615337635862035,-2.0565258157332837,118.7320957508895,2.483175256252289,False
44,interference_stage3.1.wave_feature_conv1,42,7,1000,0.005,0.0,0.0,post_relu_mean,1045.0859375,-1045.0859375,118.31278228759766,0.0,0.0,865.5159912109375,0.1446618701377529,-0.8916124026605305,51.476637877112644,2.167289216518402,False
44,interference_stage3.1.wave_feature_conv1,42,7,1000,0.01,0.0,0.0,post_relu_mean,2057.7802734375,-2057.7802734375,232.1492462158203,0.0,0.0,1764.3738403320312,0.12904774303277305,-1.800519625020655,103.95177087909606,2.204115604162216,False
44,interference_stage3.1.wave_feature_conv1,127,7,1000,0.005,0.0,0.0,post_relu_mean,1057.40283203125,-1057.40283203125,119.86538696289062,0.0,0.0,877.771858215332,0.13549479568308534,-0.9003241815054166,51.97959235848351,2.253882653713226,False
44,interference_stage3.1.wave_feature_conv1,127,7,1000,0.01,0.0,0.0,post_relu_mean,2079.62451171875,-2079.62451171875,235.1273651123047,0.0,0.0,1784.731575012207,0.12676057814687175,-1.8133750917930662,104.69403508048828,2.300002627372742,False
44,interference_stage3.1.wave_feature_conv1,31,7,1000,0.005,0.0,0.0,post_relu_mean,973.486572265625,-973.486572265625,117.35395812988281,0.0,0.0,802.7887344360352,0.12137284664493819,-0.8374593967205137,48.35018262193329,2.115024110078812,False
44,interference_stage3.1.wave_feature_conv1,31,7,1000,0.01,0.0,0.0,post_relu_mean,1898.345947265625,-1898.345947265625,228.16363525390625,0.0,0.0,1616.838478088379,0.11774885705608659,-1.6597964132147736,95.82724525145844,2.156744911670685,False
46,interference_stage3.1.wave_feature_conv2,38,7,1000,0.005,0.0,0.0,post_relu_mean,888.524169921875,-888.524169921875,57.752281188964844,0.0,0.0,777.8868370056152,0.10906066529320092,-0.8033383498924631,46.38019229347989,1.9742914360761643,False
46,interference_stage3.1.wave_feature_conv2,38,7,1000,0.01,0.0,0.0,post_relu_mean,1736.127197265625,-1736.127197265625,112.98027038574219,0.0,0.0,1570.2618980407715,0.09651034678678498,-1.6064493279202097,92.74723766144854,2.002912756204605,False
46,interference_stage3.1.wave_feature_conv2,75,7,1000,0.005,0.0,0.0,post_relu_mean,721.1261596679688,-721.1261596679688,59.067874908447266,0.0,0.0,618.9638748168945,0.11931172079543809,-0.6420855455621011,37.07037034819725,1.6239926135540008,False
46,interference_stage3.1.wave_feature_conv2,75,7,1000,0.01,0.0,0.0,post_relu_mean,1422.068603515625,-1422.068603515625,116.14337921142578,0.0,0.0,1262.8307571411133,0.11179212140641305,-1.2928734021268011,74.6431619630892,1.667784361243248,False
46,interference_stage3.1.wave_feature_conv2,104,7,1000,0.005,0.0,0.0,post_relu_mean,599.3074951171875,-599.3074951171875,58.30921936035156,0.0,0.0,509.11220359802246,0.08173646425895048,-0.5296922197530036,30.58141630826958,1.3664456087350845,False
46,interference_stage3.1.wave_feature_conv2,104,7,1000,0.01,0.0,0.0,post_relu_mean,1195.09228515625,-1195.09228515625,116.52445983886719,0.0,0.0,1046.6817836761475,0.08435594672134332,-1.0787893473276773,62.28316928467607,1.416385824084282,False
46,interference_stage3.1.wave_feature_conv2,125,7,1000,0.005,0.0,0.0,post_relu_mean,503.75732421875,-503.75732421875,59.75931167602539,0.0,0.0,416.47387313842773,0.06143635677552066,-0.43267993709272656,24.98048044916219,1.0598306381702423,False
46,interference_stage3.1.wave_feature_conv2,125,7,1000,0.01,0.0,0.0,post_relu_mean,986.9911499023438,-986.9911499023438,117.20298767089844,0.0,0.0,842.2640037536621,0.06142958705906451,-0.8605161954152614,49.68138494569097,1.0880809205770492,False
46,interference_stage3.1.wave_feature_conv2,11,7,1000,0.005,0.0,0.0,post_relu_mean,492.171875,-492.171875,57.62976837158203,0.0,0.0,407.50962829589844,0.057085579381925954,-0.4214408128223836,24.331593635905893,1.0569075471162797,False
46,interference_stage3.1.wave_feature_conv2,11,7,1000,0.01,0.0,0.0,post_relu_mean,986.4114990234375,-986.4114990234375,115.1185073852539,0.0,0.0,844.2604827880859,0.05765704956268946,-0.8669992959693374,50.0556050562209,1.0975951528549195,False
51,source_localization_stage4.0.wave_feature_conv1,7,7,1000,0.005,0.0,0.0,post_relu_mean,889.3002319335938,-889.3002319335938,50.73286437988281,0.0,0.0,786.5176391601562,0.15469940970349438,-0.8201469240222218,47.350637978510065,2.17809135556221,False
51,source_localization_stage4.0.wave_feature_conv1,7,7,1000,0.01,0.0,0.0,post_relu_mean,1739.18603515625,-1739.18603515625,98.57743072509766,0.0,0.0,1588.5588989257812,0.14222897919399088,-1.630955687863144,94.16211506039654,2.2234442377090455,False
51,source_localization_stage4.0.wave_feature_conv1,45,7,1000,0.005,0.0,0.0,post_relu_mean,631.7954711914062,-631.7954711914062,41.98187255859375,0.0,0.0,545.7608947753906,0.11910463035051715,-0.5702770004095074,32.924554493694686,1.6455994963645935,False
51,source_localization_stage4.0.wave_feature_conv1,45,7,1000,0.01,0.0,0.0,post_relu_mean,1246.2471923828125,-1246.2471923828125,82.8733139038086,0.0,0.0,1119.3211975097656,0.11439003133342338,-1.1527703591454532,66.55440862967686,1.7018276524543763,False
51,source_localization_stage4.0.wave_feature_conv1,102,7,1000,0.005,0.0,0.0,post_relu_mean,925.083251953125,-925.083251953125,47.380428314208984,0.0,0.0,837.42138671875,0.35753509091991315,-0.8721407390043148,50.352504578236406,3.1836966347694395,False
51,source_localization_stage4.0.wave_feature_conv1,102,7,1000,0.01,0.0,0.0,post_relu_mean,1809.40966796875,-1809.40966796875,91.3431396484375,0.0,0.0,1677.7850952148438,0.34148842624241166,-1.6809719823684068,97.04982457366704,3.263767340183258,False
51,source_localization_stage4.0.wave_feature_conv1,75,7,1000,0.005,0.0,0.0,post_relu_mean,944.1979370117188,-944.1979370117188,50.40299606323242,0.0,0.0,855.4412994384766,0.2677565838840873,-0.8989243413641492,51.89883636874191,3.0343997538089753,False
51,source_localization_stage4.0.wave_feature_conv1,75,7,1000,0.01,0.0,0.0,post_relu_mean,1880.397705078125,-1880.397705078125,99.12863159179688,0.0,0.0,1742.9154205322266,0.29512045060794084,-1.7874460003895118,103.19703796554627,3.199962065219879,False
51,source_localization_stage4.0.wave_feature_conv1,81,7,1000,0.005,0.0,0.0,post_relu_mean,876.416015625,-876.416015625,44.682464599609375,0.0,0.0,801.9707412719727,0.4178528680353973,-0.8402944838940797,48.514394814144445,3.4564869034290315,False
51,source_localization_stage4.0.wave_feature_conv1,81,7,1000,0.01,0.0,0.0,post_relu_mean,1762.0804443359375,-1762.0804443359375,87.35917663574219,0.0,0.0,1644.9585342407227,0.44894777673657743,-1.7006767406733994,98.18768279884323,3.7010082137584686,False
53,source_localization_stage4.0.wave_feature_conv2,101,7,1000,0.005,0.0,0.0,post_relu_mean,428.0574645996094,-428.0574645996094,31.851177215576172,0.0,0.0,381.1435594558716,0.23951430771126528,-0.3958793704568566,22.85605765247278,1.8975406676530837,False
53,source_localization_stage4.0.wave_feature_conv2,101,7,1000,0.01,0.0,0.0,post_relu_mean,855.8671264648438,-855.8671264648438,64.15691375732422,0.0,0.0,776.6474657058716,0.2371277442898627,-0.7989609225399092,46.1274937959479,1.975858330130577,False
53,source_localization_stage4.0.wave_feature_conv2,33,7,1000,0.005,0.0,0.0,post_relu_mean,212.53758239746094,-212.53758239746094,29.720243453979492,0.0,0.0,168.35645294189453,0.047718587763724715,-0.17664300427472232,10.198401818827808,0.6250201147794724,False
53,source_localization_stage4.0.wave_feature_conv2,33,7,1000,0.01,0.0,0.0,post_relu_mean,419.7849426269531,-419.7849426269531,59.05141067504883,0.0,0.0,346.2726364135742,0.05391711841997608,-0.3588833353570045,20.719909936667964,0.6642946204543114,False
53,source_localization_stage4.0.wave_feature_conv2,254,7,1000,0.005,0.0,0.0,post_relu_mean,464.53460693359375,-464.53460693359375,40.136199951171875,0.0,0.0,410.0710725784302,0.2633885824587545,-0.4298920728786042,24.81952293757526,2.006631817817688,False
53,source_localization_stage4.0.wave_feature_conv2,254,7,1000,0.01,0.0,0.0,post_relu_mean,901.4722290039062,-901.4722290039062,74.06423950195312,0.0,0.0,813.0806245803833,0.24907847061534605,-0.8513057808592431,49.149653517859655,2.0863785660266876,False
53,source_localization_stage4.0.wave_feature_conv2,88,7,1000,0.005,0.0,0.0,post_relu_mean,209.09774780273438,-209.09774780273438,30.14548683166504,0.0,0.0,168.7480297088623,0.10181936576977454,-0.17686549061462128,10.211207701100586,0.8105009144544602,False
53,source_localization_stage4.0.wave_feature_conv2,88,7,1000,0.01,0.0,0.0,post_relu_mean,415.1968688964844,-415.1968688964844,59.74482727050781,0.0,0.0,345.24780082702637,0.09873439020942042,-0.3511344047562982,20.272620284248536,0.8459423869848252,False
53,source_localization_stage4.0.wave_feature_conv2,188,7,1000,0.005,0.0,0.0,post_relu_mean,157.8931884765625,-157.8931884765625,23.459989547729492,0.0,0.0,124.44781970977783,0.03158283684558784,-0.1292126977609102,7.460008855505424,0.42349921420216563,False
53,source_localization_stage4.0.wave_feature_conv2,188,7,1000,0.01,0.0,0.0,post_relu_mean,314.257568359375,-314.257568359375,46.612117767333984,0.0,0.0,257.6600694656372,0.03439747857912787,-0.26493710379334795,15.295966832467528,0.4484208981692791,False
56,source_localization_stage4.0.skip_connection.0,74,7,1000,0.005,0.0,0.0,post_relu_mean,601.414306640625,-601.414306640625,57.38144302368164,0.0,0.0,516.2652893066406,0.12296326897282639,-0.5371249304044491,31.0105904077138,1.7066039949655534,False
56,source_localization_stage4.0.skip_connection.0,74,7,1000,0.01,0.0,0.0,post_relu_mean,1206.8995361328125,-1206.8995361328125,112.92554473876953,0.0,0.0,1066.2064514160156,0.13872571862534888,-1.0873872269627787,62.779554079435144,1.819226204752922,False
56,source_localization_stage4.0.skip_connection.0,131,7,1000,0.005,0.0,0.0,post_relu_mean,549.6641235351562,-549.6641235351562,50.89088439941406,0.0,0.0,474.6490478515625,0.09897578863872171,-0.48885714347906306,28.223833050286693,1.6818356376886368,False
56,source_localization_stage4.0.skip_connection.0,131,7,1000,0.01,0.0,0.0,post_relu_mean,1115.1236572265625,-1115.1236572265625,102.05638885498047,0.0,0.0,988.9430541992188,0.12112235996446245,-1.0320333877182377,59.583738717720905,1.8016410446166993,False
56,source_localization_stage4.0.skip_connection.0,221,7,1000,0.005,0.0,0.0,post_relu_mean,574.3496704101562,-574.3496704101562,50.75941467285156,0.0,0.0,501.7845096588135,0.1477034399191555,-0.5196985324031904,30.004470181734476,1.8737780678272247,False
56,source_localization_stage4.0.skip_connection.0,221,7,1000,0.01,0.0,0.0,post_relu_mean,1158.5838623046875,-1158.5838623046875,99.23612976074219,0.0,0.0,1037.5420169830322,0.1495977354985237,-1.0722362630751558,61.90483268132993,1.957084990143776,False
56,source_localization_stage4.0.skip_connection.0,238,7,1000,0.005,0.0,0.0,post_relu_mean,554.52099609375,-554.52099609375,46.82701873779297,0.0,0.0,486.40250396728516,0.11598642846424019,-0.510880214594171,29.495386514799048,1.8534736621379853,False
56,source_localization_stage4.0.skip_connection.0,238,7,1000,0.01,0.0,0.0,post_relu_mean,1115.387939453125,-1115.387939453125,93.88300323486328,0.0,0.0,1000.2134780883789,0.14974022023228098,-1.0543911047116994,60.87493653625154,2.0464504528045655,False
56,source_localization_stage4.0.skip_connection.0,37,7,1000,0.005,0.0,0.0,post_relu_mean,487.6492919921875,-487.6492919921875,49.44826126098633,0.0,0.0,417.05603790283203,0.13385911238805476,-0.4465075199267676,25.7788204440422,1.4732288217544556,False
56,source_localization_stage4.0.skip_connection.0,37,7,1000,0.01,0.0,0.0,post_relu_mean,992.079345703125,-992.079345703125,98.5389633178711,0.0,0.0,872.3954238891602,0.1409292104171407,-0.9082974242935173,52.440011199403465,1.538083611726761,False
59,source_localization_stage4.1.wave_feature_conv1,152,7,1000,0.005,0.0,0.0,post_relu_mean,1082.973876953125,-1082.973876953125,103.80827331542969,0.0,0.0,935.6230850219727,0.605646303458468,-0.9679992923437588,55.88715179712388,4.010901401042938,False
59,source_localization_stage4.1.wave_feature_conv1,152,7,1000,0.01,0.0,0.0,post_relu_mean,2141.072509765625,-2141.072509765625,202.92984008789062,0.0,0.0,1894.600196838379,0.6033730719083282,-1.9119181030062855,110.38370631158872,4.236458752155304,False
59,source_localization_stage4.1.wave_feature_conv1,232,7,1000,0.005,0.0,0.0,post_relu_mean,960.7870483398438,-960.7870483398438,107.0932388305664,0.0,0.0,817.9381332397461,0.6407241525395921,-0.8444353433207167,48.753459860215536,3.2389179396629335,False
59,source_localization_stage4.1.wave_feature_conv1,232,7,1000,0.01,0.0,0.0,post_relu_mean,1932.910888671875,-1932.910888671875,214.44085693359375,0.0,0.0,1682.7143173217773,0.6168238696007591,-1.7304091051067778,99.90431462877818,3.456680324077606,False
59,source_localization_stage4.1.wave_feature_conv1,120,7,1000,0.005,0.0,0.0,post_relu_mean,1075.7196044921875,-1075.7196044921875,101.80921936035156,0.0,0.0,946.6076774597168,0.7756908903506652,-0.9599262830539271,55.42074313838631,4.313245177268982,False
59,source_localization_stage4.1.wave_feature_conv1,120,7,1000,0.01,0.0,0.0,post_relu_mean,2145.096435546875,-2145.096435546875,202.53121948242188,0.0,0.0,1915.2624626159668,0.6516507457246199,-1.9510799412136184,112.6443751422349,4.3931033372879025,False
59,source_localization_stage4.1.wave_feature_conv1,198,7,1000,0.005,0.0,0.0,post_relu_mean,481.8358459472656,-481.8358459472656,63.861568450927734,0.0,0.0,390.7987365722656,0.23869189478470834,-0.43207178168345795,24.945421803551813,1.71050950050354,False
59,source_localization_stage4.1.wave_feature_conv1,198,7,1000,0.01,0.0,0.0,post_relu_mean,1027.84716796875,-1027.84716796875,130.421142578125,0.0,0.0,870.25048828125,0.2904166919867133,-0.9058624026788412,52.299603912926685,1.9566235476732254,False
59,source_localization_stage4.1.wave_feature_conv1,186,7,1000,0.005,0.0,0.0,post_relu_mean,336.1116638183594,-336.1116638183594,53.7662467956543,0.0,0.0,259.97406005859375,0.06796297900290893,-0.2683763958227069,15.494533845536903,0.988045618236065,False
59,source_localization_stage4.1.wave_feature_conv1,186,7,1000,0.01,0.0,0.0,post_relu_mean,670.9278564453125,-670.9278564453125,104.30050659179688,0.0,0.0,544.2559509277344,0.08098146683466671,-0.5617047760483562,32.429644844276226,1.0544255036115646,False
61,source_localization_stage4.1.wave_feature_conv2,201,7,1000,0.005,0.0,0.0,post_relu_mean,631.40234375,-631.40234375,91.6931381225586,0.0,0.0,512.3714866638184,0.3742165758648864,-0.5563096399721394,32.118587435448546,2.5285056948661806,False
61,source_localization_stage4.1.wave_feature_conv2,201,7,1000,0.01,0.0,0.0,post_relu_mean,1271.658447265625,-1271.658447265625,182.23570251464844,0.0,0.0,1062.0849876403809,0.39697401736924376,-1.0913731091873486,63.01029617814216,2.7318154227733613,False
61,source_localization_stage4.1.wave_feature_conv2,254,7,1000,0.005,0.0,0.0,post_relu_mean,529.2138671875,-529.2138671875,90.79055786132812,0.0,0.0,414.79673767089844,0.30720052252262176,-0.4723552072184983,27.271178169124642,2.1366681814193726,False
61,source_localization_stage4.1.wave_feature_conv2,254,7,1000,0.01,0.0,0.0,post_relu_mean,1080.231201171875,-1080.231201171875,182.23785400390625,0.0,0.0,874.3667755126953,0.3566974731573124,-0.9253468964440174,53.42430471843642,2.3620529329776763,False
61,source_localization_stage4.1.wave_feature_conv2,221,7,1000,0.005,0.0,0.0,post_relu_mean,531.3260498046875,-531.3260498046875,89.33600616455078,0.0,0.0,418.6201400756836,0.2933063342836411,-0.436197725812591,25.183724131563533,2.09085151553154,False
61,source_localization_stage4.1.wave_feature_conv2,221,7,1000,0.01,0.0,0.0,post_relu_mean,1079.0953369140625,-1079.0953369140625,179.0033721923828,0.0,0.0,876.7220687866211,0.3049622518447563,-0.8988970683129385,51.89730567063341,2.2406842529773714,False
61,source_localization_stage4.1.wave_feature_conv2,101,7,1000,0.005,0.0,0.0,post_relu_mean,818.0477294921875,-818.0477294921875,179.27235412597656,0.0,0.0,616.0056076049805,0.6330981902329186,-0.6508658704169019,37.57732265039991,2.732144669294357,False
61,source_localization_stage4.1.wave_feature_conv2,101,7,1000,0.01,0.0,0.0,post_relu_mean,1627.7540283203125,-1627.7540283203125,352.7182312011719,0.0,0.0,1252.265983581543,0.5575213384512904,-1.2714367731629814,73.40553777957368,2.8175082814693453,False
61,source_localization_stage4.1.wave_feature_conv2,13,7,1000,0.005,0.0,0.0,post_relu_mean,1106.28466796875,-1106.28466796875,171.6907196044922,0.0,0.0,912.7675132751465,0.8512952864062718,-0.9375790713584977,54.13053426714064,4.089486322402954,False
61,source_localization_stage4.1.wave_feature_conv2,13,7,1000,0.01,0.0,0.0,post_relu_mean,2171.782470703125,-2171.782470703125,335.87396240234375,0.0,0.0,1814.0820274353027,0.7109662648319365,-1.8487501835678217,106.73732720026284,4.205216944217682,False
8,wave_feature_stage1.0.wave_feature_conv1,19,8,1000,0.005,0.0,0.0,post_relu_mean,2929.52734375,-2929.52734375,357.1075439453125,0.0,0.0,2466.002799987793,0.38259865631380996,-2.533234937990149,146.25458842344415,4.796520462036133,False
8,wave_feature_stage1.0.wave_feature_conv1,19,8,1000,0.01,0.0,0.0,post_relu_mean,5770.1181640625,-5770.1181640625,698.49462890625,0.0,0.0,4965.206413269043,0.3140281182551773,-5.031623358455055,290.4972830578961,4.825917775630951,False
8,wave_feature_stage1.0.wave_feature_conv1,28,8,1000,0.005,0.0,0.0,post_relu_mean,1689.767333984375,-1689.767333984375,333.4340515136719,0.0,0.0,1297.0962181091309,0.14545617848116021,-1.3190182796562102,76.15261335387436,2.634766694307327,False
8,wave_feature_stage1.0.wave_feature_conv1,28,8,1000,0.01,0.0,0.0,post_relu_mean,3326.8359375,-3326.8359375,655.538330078125,0.0,0.0,2612.060573577881,0.1307185198189265,-2.6352830668911253,152.14624877638695,2.675751631259918,False
8,wave_feature_stage1.0.wave_feature_conv1,20,8,1000,0.005,0.0,0.0,post_relu_mean,1761.0789794921875,-1761.0789794921875,357.78082275390625,0.0,0.0,1354.0159225463867,0.18451833203024445,-1.380609804979011,79.70857837255751,2.8643330895900725,False
8,wave_feature_stage1.0.wave_feature_conv1,20,8,1000,0.01,0.0,0.0,post_relu_mean,3491.575927734375,-3491.575927734375,701.0387573242188,0.0,0.0,2741.2549362182617,0.1554689642093358,-2.7806083377182085,160.5364934747759,2.896194499731064,False
8,wave_feature_stage1.0.wave_feature_conv1,30,8,1000,0.005,0.0,0.0,post_relu_mean,2016.6097412109375,-2016.6097412109375,338.8397216796875,0.0,0.0,1629.9221458435059,0.17690286560576254,-1.667243170672773,96.25716605589379,3.2834042501449585,False
8,wave_feature_stage1.0.wave_feature_conv1,30,8,1000,0.01,0.0,0.0,post_relu_mean,3995.2919921875,-3995.2919921875,668.0471801757812,0.0,0.0,3279.396999359131,0.14787054020258456,-3.3063336270906767,190.88888685294836,3.2997319984436033,False
8,wave_feature_stage1.0.wave_feature_conv1,8,8,1000,0.005,0.0,0.0,post_relu_mean,1203.6494140625,-1203.6494140625,275.6662902832031,0.0,0.0,885.867000579834,0.09158073186224412,-0.9184893887178721,53.028348741684766,1.9371115350723267,False
8,wave_feature_stage1.0.wave_feature_conv1,8,8,1000,0.01,0.0,0.0,post_relu_mean,2381.412109375,-2381.412109375,542.1656494140625,0.0,0.0,1797.1303062438965,0.08771336523699394,-1.8300007738230568,105.65385238398922,1.9695533061027526,False
10,wave_feature_stage1.0.wave_feature_conv2,25,8,1000,0.005,0.0,0.0,post_relu_mean,1459.481201171875,-1459.481201171875,141.78817749023438,0.0,0.0,1243.720230102539,0.151710919737143,-1.2858567066288469,74.23804769533692,2.3080339252948763,False
10,wave_feature_stage1.0.wave_feature_conv2,25,8,1000,0.01,0.0,0.0,post_relu_mean,2886.350830078125,-2886.350830078125,279.38946533203125,0.0,0.0,2532.9886627197266,0.1327557205136838,-2.58845845273329,149.44286087165634,2.3483701193332673,False
10,wave_feature_stage1.0.wave_feature_conv2,4,8,1000,0.005,0.0,0.0,post_relu_mean,1317.3831787109375,-1317.3831787109375,144.0142364501953,0.0,0.0,1117.0875282287598,0.15999647646320092,-1.1568995504794846,66.79279957587997,2.1515640306472776,False
10,wave_feature_stage1.0.wave_feature_conv2,4,8,1000,0.01,0.0,0.0,post_relu_mean,2615.03515625,-2615.03515625,282.39190673828125,0.0,0.0,2276.3619422912598,0.1407548969963921,-2.3253967377626816,134.25518647084033,2.1889048838615417,False
10,wave_feature_stage1.0.wave_feature_conv2,9,8,1000,0.005,0.0,0.0,post_relu_mean,1490.7454833984375,-1490.7454833984375,121.82797241210938,0.0,0.0,1334.2837219238281,0.1636797824800288,-1.3517613739904042,78.04301027755595,2.679657096862793,False
10,wave_feature_stage1.0.wave_feature_conv2,9,8,1000,0.01,0.0,0.0,post_relu_mean,2977.3896484375,-2977.3896484375,238.9988555908203,0.0,0.0,2703.757110595703,0.14299761856365314,-2.727508962138116,157.47088716194716,2.7271794378757477,False
10,wave_feature_stage1.0.wave_feature_conv2,19,8,1000,0.005,0.0,0.0,post_relu_mean,945.2389526367188,-945.2389526367188,99.11668395996094,0.0,0.0,823.7428779602051,0.13691237206170698,-0.8378643682553243,48.373658680661926,1.8593955516815186,False
10,wave_feature_stage1.0.wave_feature_conv2,19,8,1000,0.01,0.0,0.0,post_relu_mean,1868.5572509765625,-1868.5572509765625,193.3372802734375,0.0,0.0,1652.8405952453613,0.12138346642094663,-1.6710408007087383,96.47638543962908,1.8918385362625123,False
10,wave_feature_stage1.0.wave_feature_conv2,23,8,1000,0.005,0.0,0.0,post_relu_mean,779.0225830078125,-779.0225830078125,104.81045532226562,0.0,0.0,653.4108047485352,0.09223381723537859,-0.6813966460153936,39.33996312759559,1.464593963623047,False
10,wave_feature_stage1.0.wave_feature_conv2,23,8,1000,0.01,0.0,0.0,post_relu_mean,1558.673828125,-1558.673828125,206.05096435546875,0.0,0.0,1331.8214492797852,0.07791018404028166,-1.3674377928478971,78.94807517799546,1.4828868287801742,False
14,wave_feature_stage1.1.wave_feature_conv1,2,8,1000,0.005,0.0,0.0,post_relu_mean,2289.62158203125,-2289.62158203125,366.2138671875,0.0,0.0,1778.061538696289,0.22936224849956982,-1.860342844813796,107.40560439553553,3.374677609205246,False
14,wave_feature_stage1.1.wave_feature_conv1,2,8,1000,0.01,0.0,0.0,post_relu_mean,4498.3359375,-4498.3359375,712.432373046875,0.0,0.0,3640.557388305664,0.20898390577420456,-3.7440642703079297,216.16095049634473,3.434828451871872,False
14,wave_feature_stage1.1.wave_feature_conv1,29,8,1000,0.005,0.0,0.0,post_relu_mean,2081.605224609375,-2081.605224609375,361.5985107421875,0.0,0.0,1614.4762115478516,0.1594033479858691,-1.6770543130765772,96.82356996500265,3.175330035686493,False
14,wave_feature_stage1.1.wave_feature_conv1,29,8,1000,0.01,0.0,0.0,post_relu_mean,4068.7900390625,-4068.7900390625,704.919677734375,0.0,0.0,3258.339859008789,0.1403390013845119,-3.3390165893673704,192.77581433997116,3.202659353017807,False
14,wave_feature_stage1.1.wave_feature_conv1,8,8,1000,0.005,0.0,0.0,post_relu_mean,2167.298828125,-2167.298828125,399.80841064453125,0.0,0.0,1682.8999633789062,0.2800336794805643,-1.7408638867399913,100.50758776151598,3.207799458503723,False
14,wave_feature_stage1.1.wave_feature_conv1,8,8,1000,0.01,0.0,0.0,post_relu_mean,4284.87939453125,-4284.87939453125,782.5692749023438,0.0,0.0,3417.7195434570312,0.23543531635388223,-3.4934500576869887,201.6919943064001,3.254036660194397,False
14,wave_feature_stage1.1.wave_feature_conv1,9,8,1000,0.005,0.0,0.0,post_relu_mean,1814.559326171875,-1814.559326171875,395.7663879394531,0.0,0.0,1350.1638946533203,0.20644572712773038,-1.4077329638624267,81.27449652636967,2.6547408652305604,False
14,wave_feature_stage1.1.wave_feature_conv1,9,8,1000,0.01,0.0,0.0,post_relu_mean,3603.15771484375,-3603.15771484375,776.5643920898438,0.0,0.0,2757.9641876220703,0.18066890434967708,-2.8297858116008556,163.37572317303417,2.709475965499878,False
14,wave_feature_stage1.1.wave_feature_conv1,14,8,1000,0.005,0.0,0.0,post_relu_mean,2390.7958984375,-2390.7958984375,453.2350158691406,0.0,0.0,1874.2124290466309,0.29218548646650105,-1.909633474937215,110.25154160490227,3.694349694252014,False
14,wave_feature_stage1.1.wave_feature_conv1,14,8,1000,0.01,0.0,0.0,post_relu_mean,4708.14453125,-4708.14453125,887.0648193359375,0.0,0.0,3757.7311058044434,0.24174738283664085,-3.8000519171914844,219.39337294884092,3.721290251016617,False
16,wave_feature_stage1.1.wave_feature_conv2,29,8,1000,0.005,0.0,0.0,post_relu_mean,725.6301879882812,-725.6301879882812,126.62555694580078,0.0,0.0,551.6694183349609,0.04672115480153606,-0.5652436119176295,32.63394957206301,1.146847140789032,False
16,wave_feature_stage1.1.wave_feature_conv2,29,8,1000,0.01,0.0,0.0,post_relu_mean,1416.1612548828125,-1416.1612548828125,248.49038696289062,0.0,0.0,1120.335678100586,0.04321426661802393,-1.1381323119045992,65.70928585643746,1.1556554734706879,False
16,wave_feature_stage1.1.wave_feature_conv2,9,8,1000,0.005,0.0,0.0,post_relu_mean,1199.27392578125,-1199.27392578125,142.02069091796875,0.0,0.0,1011.2666244506836,0.11611177854348388,-1.0421178163731435,60.16594929565694,2.0216479516029358,False
16,wave_feature_stage1.1.wave_feature_conv2,9,8,1000,0.01,0.0,0.0,post_relu_mean,2380.715087890625,-2380.715087890625,279.0702209472656,0.0,0.0,2055.6582260131836,0.10848440691958752,-2.0862401365026804,120.44765072703026,2.0579944252967834,False
16,wave_feature_stage1.1.wave_feature_conv2,11,8,1000,0.005,0.0,0.0,post_relu_mean,1210.2730712890625,-1210.2730712890625,146.99978637695312,0.0,0.0,1024.087303161621,0.15395460179768802,-1.062759264095738,61.35767074090989,2.055482928752899,False
16,wave_feature_stage1.1.wave_feature_conv2,11,8,1000,0.01,0.0,0.0,post_relu_mean,2421.71044921875,-2421.71044921875,286.4442443847656,0.0,0.0,2096.0801010131836,0.14889152009247913,-2.1329807520395527,123.14617702092353,2.1218826854228974,False
16,wave_feature_stage1.1.wave_feature_conv2,22,8,1000,0.005,0.0,0.0,post_relu_mean,823.3233642578125,-823.3233642578125,143.08399963378906,0.0,0.0,642.6364669799805,0.08727919737522884,-0.6710999903903846,38.74550010264187,1.2818263846635818,False
16,wave_feature_stage1.1.wave_feature_conv2,22,8,1000,0.01,0.0,0.0,post_relu_mean,1633.285888671875,-1633.285888671875,283.5894775390625,0.0,0.0,1312.0934982299805,0.08095430820639676,-1.351005252456751,77.9993513273999,1.3106260621547698,False
16,wave_feature_stage1.1.wave_feature_conv2,13,8,1000,0.005,0.0,0.0,post_relu_mean,877.5927734375,-877.5927734375,92.66303253173828,0.0,0.0,758.3710975646973,0.0964373525893625,-0.7772877173186654,44.876172571027496,1.4537143820524216,False
16,wave_feature_stage1.1.wave_feature_conv2,13,8,1000,0.01,0.0,0.0,post_relu_mean,1733.5736083984375,-1733.5736083984375,182.9477996826172,0.0,0.0,1524.0672035217285,0.07771702691649579,-1.54330261262513,89.1015187990792,1.4655038529634477,False
21,wave_pattern_stage2.0.wave_feature_conv1,50,8,1000,0.005,0.0,0.0,post_relu_mean,2067.2841796875,-2067.2841796875,103.42042541503906,0.0,0.0,1855.0169677734375,0.15967530183932238,-1.9100356263484222,110.27460147354543,3.8409485518932343,False
21,wave_pattern_stage2.0.wave_feature_conv1,50,8,1000,0.01,0.0,0.0,post_relu_mean,4093.2958984375,-4093.2958984375,202.39630126953125,0.0,0.0,3782.0528564453125,0.15782816171237615,-3.8588068333300134,222.78553425739278,3.920165721178055,False
21,wave_pattern_stage2.0.wave_feature_conv1,27,8,1000,0.005,0.0,0.0,post_relu_mean,1682.719970703125,-1682.719970703125,115.2416000366211,0.0,0.0,1496.7252655029297,0.15032481071104203,-1.5388546245943746,88.84473727837344,3.138088799715042,False
21,wave_pattern_stage2.0.wave_feature_conv1,27,8,1000,0.01,0.0,0.0,post_relu_mean,3354.46484375,-3354.46484375,227.55438232421875,0.0,0.0,3056.157272338867,0.15154406667830073,-3.107294161602087,179.39759956880326,3.223063770532608,False
21,wave_pattern_stage2.0.wave_feature_conv1,3,8,1000,0.005,0.0,0.0,post_relu_mean,1245.49609375,-1245.49609375,93.01910400390625,0.0,0.0,1085.0260543823242,0.1527629876329413,-1.141132533257179,65.88249473992607,2.4342180144786836,False
21,wave_pattern_stage2.0.wave_feature_conv1,3,8,1000,0.01,0.0,0.0,post_relu_mean,2473.901611328125,-2473.901611328125,182.11878967285156,0.0,0.0,2224.331718444824,0.14467034510367077,-2.290408068154585,132.23512640783335,2.485499812364578,False
21,wave_pattern_stage2.0.wave_feature_conv1,24,8,1000,0.005,0.0,0.0,post_relu_mean,649.4136962890625,-649.4136962890625,88.68876647949219,0.0,0.0,524.8409538269043,0.07188341710063426,-0.5434822135964775,31.37757354566841,1.426274601817131,False
21,wave_pattern_stage2.0.wave_feature_conv1,24,8,1000,0.01,0.0,0.0,post_relu_mean,1274.61083984375,-1274.61083984375,168.8123779296875,0.0,0.0,1069.9145011901855,0.07536378145860416,-1.1027025304691453,63.66382568154009,1.4676468366384505,False
21,wave_pattern_stage2.0.wave_feature_conv1,23,8,1000,0.005,0.0,0.0,post_relu_mean,914.0404663085938,-914.0404663085938,92.09236907958984,0.0,0.0,792.1321105957031,0.05602475278321312,-0.813177151755454,46.94826298104746,1.8749519044160843,False
21,wave_pattern_stage2.0.wave_feature_conv1,23,8,1000,0.01,0.0,0.0,post_relu_mean,1844.704345703125,-1844.704345703125,180.00596618652344,0.0,0.0,1634.8823547363281,0.06877741995084301,-1.6770423868445834,96.82287985616324,1.9318066596984864,False
23,wave_pattern_stage2.0.wave_feature_conv2,45,8,1000,0.005,0.0,0.0,post_relu_mean,631.029296875,-631.029296875,72.45733642578125,0.0,0.0,520.0373306274414,0.06810584148051171,-0.5315285789783296,30.687441499594367,1.2002981275320053,False
23,wave_pattern_stage2.0.wave_feature_conv2,45,8,1000,0.01,0.0,0.0,post_relu_mean,1235.1085205078125,-1235.1085205078125,139.9403076171875,0.0,0.0,1056.6335830688477,0.06766478979604373,-1.0797348870947119,62.33774896817818,1.2327952301502227,False
23,wave_pattern_stage2.0.wave_feature_conv2,63,8,1000,0.005,0.0,0.0,post_relu_mean,474.87469482421875,-474.87469482421875,66.5223617553711,0.0,0.0,381.28247261047363,0.0435487914383705,-0.38848321802374886,22.42882114146152,1.0266284346580505,False
23,wave_pattern_stage2.0.wave_feature_conv2,63,8,1000,0.01,0.0,0.0,post_relu_mean,926.284423828125,-926.284423828125,128.02342224121094,0.0,0.0,771.1911334991455,0.043946252769039996,-0.783364311601076,45.227021257265655,1.0473922491073608,False
23,wave_pattern_stage2.0.wave_feature_conv2,36,8,1000,0.005,0.0,0.0,post_relu_mean,498.846923828125,-498.846923828125,70.53089904785156,0.0,0.0,403.609375,0.03132500939213977,-0.4185060669073488,24.16216837901509,0.8613781255483627,False
23,wave_pattern_stage2.0.wave_feature_conv2,36,8,1000,0.01,0.0,0.0,post_relu_mean,997.5552978515625,-997.5552978515625,138.9429931640625,0.0,0.0,833.9056396484375,0.034724466289892404,-0.8548246022739924,49.352711160257094,0.8858148950338364,False
23,wave_pattern_stage2.0.wave_feature_conv2,25,8,1000,0.005,0.0,0.0,post_relu_mean,430.82421875,-430.82421875,60.35160446166992,0.0,0.0,346.9226989746094,0.029311892690790355,-0.35812702863042767,20.67622409199218,0.885370287001133,False
23,wave_pattern_stage2.0.wave_feature_conv2,25,8,1000,0.01,0.0,0.0,post_relu_mean,849.90869140625,-849.90869140625,117.20777893066406,0.0,0.0,709.1510009765625,0.033459679960203687,-0.7278897702423028,42.02423529596246,0.9062878215312957,False
23,wave_pattern_stage2.0.wave_feature_conv2,47,8,1000,0.005,0.0,0.0,post_relu_mean,507.41571044921875,-507.41571044921875,67.8137435913086,0.0,0.0,416.9214668273926,0.03569858571140309,-0.4341411367010249,25.064838185538143,0.954977813065052,False
23,wave_pattern_stage2.0.wave_feature_conv2,47,8,1000,0.01,0.0,0.0,post_relu_mean,1003.874755859375,-1003.874755859375,131.902099609375,0.0,0.0,849.292163848877,0.03771971303313885,-0.8726833780738318,50.38376987985506,0.9784598433971405,False
26,wave_pattern_stage2.0.skip_connection.0,29,8,1000,0.005,0.0,0.0,post_relu_mean,1928.3067626953125,-1928.3067626953125,201.51121520996094,0.0,0.0,1633.7030868530273,0.1292023161117201,-1.690745322984881,97.61419166560444,3.271065421104431,False
26,wave_pattern_stage2.0.skip_connection.0,29,8,1000,0.01,0.0,0.0,post_relu_mean,3820.7841796875,-3820.7841796875,398.3535461425781,0.0,0.0,3329.338218688965,0.12793520275074233,-3.412378806235292,197.01138460085104,3.3263693380355837,False
26,wave_pattern_stage2.0.skip_connection.0,23,8,1000,0.005,0.0,0.0,post_relu_mean,1961.5291748046875,-1961.5291748046875,178.1134796142578,0.0,0.0,1715.0160064697266,0.1660393595959645,-1.757211331131667,101.45137869305023,3.7568483293056487,False
26,wave_pattern_stage2.0.skip_connection.0,23,8,1000,0.01,0.0,0.0,post_relu_mean,3900.855224609375,-3900.855224609375,348.4879150390625,0.0,0.0,3483.967544555664,0.16093906322215412,-3.5211240224853273,203.28965060777074,3.834262501001358,False
26,wave_pattern_stage2.0.skip_connection.0,61,8,1000,0.005,0.0,0.0,post_relu_mean,1278.18017578125,-1278.18017578125,187.54747009277344,0.0,0.0,1038.0119895935059,0.12180726373821354,-1.0812707478789263,62.42642790853272,2.217216433286667,False
26,wave_pattern_stage2.0.skip_connection.0,61,8,1000,0.01,0.0,0.0,post_relu_mean,2526.04541015625,-2526.04541015625,367.0689392089844,0.0,0.0,2106.3558616638184,0.11491720821185684,-2.161730926451872,124.80608587606231,2.261561117172241,False
26,wave_pattern_stage2.0.skip_connection.0,55,8,1000,0.005,0.0,0.0,post_relu_mean,1291.5087890625,-1291.5087890625,167.1565399169922,0.0,0.0,1075.7200775146484,0.11994119009223317,-1.0934298457253913,63.128461557535296,2.380148775577545,False
26,wave_pattern_stage2.0.skip_connection.0,55,8,1000,0.01,0.0,0.0,post_relu_mean,2568.419677734375,-2568.419677734375,322.1302795410156,0.0,0.0,2197.6570892333984,0.11998071263158452,-2.232282732422314,128.8793073104901,2.453948402404785,False
26,wave_pattern_stage2.0.skip_connection.0,26,8,1000,0.005,0.0,0.0,post_relu_mean,905.3755493164062,-905.3755493164062,144.2437286376953,0.0,0.0,724.7349853515625,0.09077472742938164,-0.7693602251707904,44.418486620227505,1.8040699714422226,False
26,wave_pattern_stage2.0.skip_connection.0,26,8,1000,0.01,0.0,0.0,post_relu_mean,1824.3592529296875,-1824.3592529296875,282.6971740722656,0.0,0.0,1505.2652587890625,0.0960823998057582,-1.5683439923827687,90.54740651274844,1.8668769413232804,False
29,wave_pattern_stage2.1.wave_feature_conv1,39,8,1000,0.005,0.0,0.0,post_relu_mean,1388.624755859375,-1388.624755859375,162.3802947998047,0.0,0.0,1133.1678848266602,0.10977091348215647,-1.1664297169715616,67.3430246277858,2.453202579021454,False
29,wave_pattern_stage2.1.wave_feature_conv1,39,8,1000,0.01,0.0,0.0,post_relu_mean,2737.39208984375,-2737.39208984375,317.2007751464844,0.0,0.0,2327.1147842407227,0.11738823359284996,-2.3767056098399535,137.21747477206665,2.5258543705940246,False
29,wave_pattern_stage2.1.wave_feature_conv1,35,8,1000,0.005,0.0,0.0,post_relu_mean,1001.7509765625,-1001.7509765625,146.05331420898438,0.0,0.0,800.6100769042969,0.08497669935783804,-0.8223311957463243,47.47674518176431,1.8148466956615448,False
29,wave_pattern_stage2.1.wave_feature_conv1,35,8,1000,0.01,0.0,0.0,post_relu_mean,1958.146728515625,-1958.146728515625,282.17669677734375,0.0,0.0,1620.8824157714844,0.08518597923845572,-1.6532463297239168,95.44903476668027,1.8589062064886093,False
29,wave_pattern_stage2.1.wave_feature_conv1,21,8,1000,0.005,0.0,0.0,post_relu_mean,1135.4693603515625,-1135.4693603515625,169.23480224609375,0.0,0.0,916.9382553100586,0.043316698862122756,-0.9383098863970621,54.172684273482155,2.0518660771846773,False
29,wave_pattern_stage2.1.wave_feature_conv1,21,8,1000,0.01,0.0,0.0,post_relu_mean,2240.415771484375,-2240.415771484375,330.7521667480469,0.0,0.0,1860.3672714233398,0.055003090067572515,-1.9030240517975838,109.86977509257277,2.096142828464508,False
29,wave_pattern_stage2.1.wave_feature_conv1,53,8,1000,0.005,0.0,0.0,post_relu_mean,1210.94140625,-1210.94140625,121.57782745361328,0.0,0.0,1041.3479042053223,0.17517811874844763,-1.0853527019938194,62.66208807014665,2.4074819040298463,False
29,wave_pattern_stage2.1.wave_feature_conv1,53,8,1000,0.01,0.0,0.0,post_relu_mean,2398.094970703125,-2398.094970703125,234.93682861328125,0.0,0.0,2115.1425819396973,0.16534568314250397,-2.1535319922915064,124.33270845030312,2.4936656498909,False
29,wave_pattern_stage2.1.wave_feature_conv1,51,8,1000,0.005,0.0,0.0,post_relu_mean,935.009033203125,-935.009033203125,132.48622131347656,0.0,0.0,758.712718963623,0.05990169758965482,-0.785090068719003,45.32663018773194,1.686571553349495,False
29,wave_pattern_stage2.1.wave_feature_conv1,51,8,1000,0.01,0.0,0.0,post_relu_mean,1853.521240234375,-1853.521240234375,260.083740234375,0.0,0.0,1549.6273918151855,0.06673642256371877,-1.5984361491056316,92.28460857715949,1.727229665517807,False
31,wave_pattern_stage2.1.wave_feature_conv2,46,8,1000,0.005,0.0,0.0,post_relu_mean,716.5208129882812,-716.5208129882812,73.36640930175781,0.0,0.0,602.660026550293,0.046446281585334814,-0.6161050278850966,35.57044098766245,1.3421265280246735,False
31,wave_pattern_stage2.1.wave_feature_conv2,46,8,1000,0.01,0.0,0.0,post_relu_mean,1410.6748046875,-1410.6748046875,144.2847900390625,0.0,0.0,1225.895622253418,0.0476030445365307,-1.2562142900618414,72.52667376880213,1.3733300530910493,False
31,wave_pattern_stage2.1.wave_feature_conv2,61,8,1000,0.005,0.0,0.0,post_relu_mean,955.3241577148438,-955.3241577148438,77.69017028808594,0.0,0.0,842.2887191772461,0.05350403185953627,-0.8563132374665565,49.43866044963544,1.7740818363428117,False
31,wave_pattern_stage2.1.wave_feature_conv2,61,8,1000,0.01,0.0,0.0,post_relu_mean,1892.046875,-1892.046875,152.8536834716797,0.0,0.0,1703.8479843139648,0.053951798846614336,-1.7325539551147473,100.02780672399972,1.8056592756509782,False
31,wave_pattern_stage2.1.wave_feature_conv2,33,8,1000,0.005,0.0,0.0,post_relu_mean,497.0895080566406,-497.0895080566406,67.19068145751953,0.0,0.0,402.8168754577637,0.03745831944350208,-0.41602883863295304,24.019146292253385,0.9095523184537888,False
31,wave_pattern_stage2.1.wave_feature_conv2,33,8,1000,0.01,0.0,0.0,post_relu_mean,985.2178344726562,-985.2178344726562,131.40286254882812,0.0,0.0,826.732982635498,0.03979230918415068,-0.8463599429341203,48.86402119342928,0.9371870425343514,False
31,wave_pattern_stage2.1.wave_feature_conv2,32,8,1000,0.005,0.0,0.0,post_relu_mean,518.7564086914062,-518.7564086914062,49.892826080322266,0.0,0.0,441.85009574890137,0.07893018736178363,-0.4608198821913907,26.60512052371547,1.0669222104549407,False
31,wave_pattern_stage2.1.wave_feature_conv2,32,8,1000,0.01,0.0,0.0,post_relu_mean,1025.6148681640625,-1025.6148681640625,93.45848083496094,0.0,0.0,905.1428813934326,0.08022701016429018,-0.9403902857428613,54.292815801418016,1.1188666528463365,False
31,wave_pattern_stage2.1.wave_feature_conv2,10,8,1000,0.005,0.0,0.0,post_relu_mean,528.9332885742188,-528.9332885742188,63.44499588012695,0.0,0.0,442.06702995300293,0.040823334133619084,-0.4475617169207305,25.83966935505717,1.1335550141334534,False
31,wave_pattern_stage2.1.wave_feature_conv2,10,8,1000,0.01,0.0,0.0,post_relu_mean,1042.496826171875,-1042.496826171875,123.09913635253906,0.0,0.0,895.9764537811279,0.04227218328826081,-0.9114674458353159,52.62294660193818,1.1591157507896424,False
36,interference_stage3.0.wave_feature_conv1,31,8,1000,0.005,0.0,0.0,post_relu_mean,1512.45166015625,-1512.45166015625,149.62294006347656,0.0,0.0,1282.3233184814453,0.13089925308023126,-1.317824690826011,76.08372651950985,2.918500254154205,False
36,interference_stage3.0.wave_feature_conv1,31,8,1000,0.01,0.0,0.0,post_relu_mean,2974.789306640625,-2974.789306640625,290.2375793457031,0.0,0.0,2604.046340942383,0.13031278141963687,-2.6568331588050444,153.39044164344062,3.000465033054352,False
36,interference_stage3.0.wave_feature_conv1,97,8,1000,0.005,0.0,0.0,post_relu_mean,1027.73486328125,-1027.73486328125,127.0634994506836,0.0,0.0,845.4114646911621,0.09768483832801308,-0.8786731765004331,50.72964554389287,2.165123312473297,False
36,interference_stage3.0.wave_feature_conv1,97,8,1000,0.01,0.0,0.0,post_relu_mean,2034.5771484375,-2034.5771484375,246.52220153808594,0.0,0.0,1732.795009613037,0.10552785753545124,-1.803652775981265,104.132643307944,2.2283658933639527,False
36,interference_stage3.0.wave_feature_conv1,19,8,1000,0.005,0.0,0.0,post_relu_mean,803.497802734375,-803.497802734375,118.42692565917969,0.0,0.0,644.4821510314941,0.07139710792067426,-0.6684234224538477,38.59106915039482,1.6283485507965088,False
36,interference_stage3.0.wave_feature_conv1,19,8,1000,0.01,0.0,0.0,post_relu_mean,1583.3115234375,-1583.3115234375,227.5677032470703,0.0,0.0,1315.1550636291504,0.08180629173125106,-1.3537713184040538,78.15905535222099,1.6840541690587998,False
36,interference_stage3.0.wave_feature_conv1,126,8,1000,0.005,0.0,0.0,post_relu_mean,887.529296875,-887.529296875,133.70709228515625,0.0,0.0,714.4264488220215,0.08016567218705363,-0.7344314241248365,42.40193362096423,1.7585448175668716,False
36,interference_stage3.0.wave_feature_conv1,126,8,1000,0.01,0.0,0.0,post_relu_mean,1761.254150390625,-1761.254150390625,261.096435546875,0.0,0.0,1460.7619590759277,0.08700864829460249,-1.5034009008794553,86.79782427876034,1.81617571413517,False
36,interference_stage3.0.wave_feature_conv1,55,8,1000,0.005,0.0,0.0,post_relu_mean,691.8701171875,-691.8701171875,116.7379379272461,0.0,0.0,538.0519065856934,0.07542946552354346,-0.5695664319632283,32.8841142013024,1.5766973412036895,False
36,interference_stage3.0.wave_feature_conv1,55,8,1000,0.01,0.0,0.0,post_relu_mean,1348.031494140625,-1348.031494140625,222.9644317626953,0.0,0.0,1087.9867210388184,0.0741035203601888,-1.1483452330448887,66.30461568602556,1.6153780394792556,False
38,interference_stage3.0.wave_feature_conv2,120,8,1000,0.005,0.0,0.0,post_relu_mean,861.9530029296875,-861.9530029296875,64.72052764892578,0.0,0.0,742.1209335327148,0.09849229803553165,-0.7705129712135623,44.485069978844365,1.7630668663978577,False
38,interference_stage3.0.wave_feature_conv2,120,8,1000,0.01,0.0,0.0,post_relu_mean,1708.4781494140625,-1708.4781494140625,126.82585144042969,0.0,0.0,1526.5407943725586,0.09891566439167213,-1.562540512823123,90.21220535083496,1.8198546594381333,False
38,interference_stage3.0.wave_feature_conv2,104,8,1000,0.005,0.0,0.0,post_relu_mean,715.8003540039062,-715.8003540039062,65.83057403564453,0.0,0.0,604.2359886169434,0.06376228065975019,-0.6189188868820842,35.73285856345752,1.4647755765914916,False
38,interference_stage3.0.wave_feature_conv2,104,8,1000,0.01,0.0,0.0,post_relu_mean,1399.75634765625,-1399.75634765625,128.68939208984375,0.0,0.0,1225.333095550537,0.0623966998435177,-1.256635341542718,72.5509756633087,1.4933677923679352,False
38,interference_stage3.0.wave_feature_conv2,109,8,1000,0.005,0.0,0.0,post_relu_mean,641.1693725585938,-641.1693725585938,64.39537048339844,0.0,0.0,537.7377586364746,0.0689962907669683,-0.5506997925115975,31.79428278513406,1.295661084651947,False
38,interference_stage3.0.wave_feature_conv2,109,8,1000,0.01,0.0,0.0,post_relu_mean,1260.4495849609375,-1260.4495849609375,125.87744903564453,0.0,0.0,1095.5359153747559,0.0672083976645615,-1.1169594631711495,64.48691340447053,1.3288307934999466,False
38,interference_stage3.0.wave_feature_conv2,84,8,1000,0.005,0.0,0.0,post_relu_mean,689.2994384765625,-689.2994384765625,61.5081672668457,0.0,0.0,589.1243362426758,0.1017083186265267,-0.6083235524033852,35.121138920842654,1.5041298896074295,False
38,interference_stage3.0.wave_feature_conv2,84,8,1000,0.01,0.0,0.0,post_relu_mean,1380.2398681640625,-1380.2398681640625,119.54999542236328,0.0,0.0,1222.0228958129883,0.10406511536407538,-1.2523760902097503,72.3050652697516,1.577419229745865,False
38,interference_stage3.0.wave_feature_conv2,69,8,1000,0.005,0.0,0.0,post_relu_mean,519.916748046875,-519.916748046875,51.33641052246094,0.0,0.0,436.2719192504883,0.09342312827798337,-0.4691308795171052,27.08498775311654,1.199597756266594,False
38,interference_stage3.0.wave_feature_conv2,69,8,1000,0.01,0.0,0.0,post_relu_mean,1027.0966796875,-1027.0966796875,98.26049041748047,0.0,0.0,896.5277786254883,0.09338676354227261,-0.9250133409859904,53.405019113902654,1.2363043904304505,False
41,interference_stage3.0.skip_connection.0,32,8,1000,0.005,0.0,0.0,post_relu_mean,1126.907470703125,-1126.907470703125,105.60382080078125,0.0,0.0,960.3499374389648,0.09967107010376673,-0.9968794365733166,57.55429614958567,2.5178000152111055,False
41,interference_stage3.0.skip_connection.0,32,8,1000,0.01,0.0,0.0,post_relu_mean,2214.50146484375,-2214.50146484375,204.49110412597656,0.0,0.0,1949.0566635131836,0.10818838769390451,-1.9943772681841463,115.14399534120119,2.5898671340942383,False
41,interference_stage3.0.skip_connection.0,60,8,1000,0.005,0.0,0.0,post_relu_mean,878.343994140625,-878.343994140625,101.54940795898438,0.0,0.0,730.0187225341797,0.0782436827639088,-0.7528539034703893,43.465584718859574,1.9834819251298905,False
41,interference_stage3.0.skip_connection.0,60,8,1000,0.01,0.0,0.0,post_relu_mean,1706.71533203125,-1706.71533203125,195.16392517089844,0.0,0.0,1464.7755584716797,0.07892241355526403,-1.4935183654249555,86.22729013621186,2.016810148358345,False
41,interference_stage3.0.skip_connection.0,97,8,1000,0.005,0.0,0.0,post_relu_mean,1059.58349609375,-1059.58349609375,117.9524917602539,0.0,0.0,902.016357421875,0.08491200928805925,-0.9269344066212739,53.51592577122919,2.287361878156662,False
41,interference_stage3.0.skip_connection.0,97,8,1000,0.01,0.0,0.0,post_relu_mean,2110.45166015625,-2110.45166015625,232.2079315185547,0.0,0.0,1838.629150390625,0.08518202496685442,-1.9538493086350592,112.81071458391153,2.335610327720642,False
41,interference_stage3.0.skip_connection.0,80,8,1000,0.005,0.0,0.0,post_relu_mean,773.802978515625,-773.802978515625,80.1849136352539,0.0,0.0,658.0195999145508,0.1220088848587926,-0.6755773395219891,39.00400678720454,1.7928049325942994,False
41,interference_stage3.0.skip_connection.0,80,8,1000,0.01,0.0,0.0,post_relu_mean,1517.16015625,-1517.16015625,154.01885986328125,0.0,0.0,1327.5429153442383,0.11957170835139964,-1.3502965781236818,77.95853416495517,1.850677463412285,False
41,interference_stage3.0.skip_connection.0,123,8,1000,0.005,0.0,0.0,post_relu_mean,812.5678100585938,-812.5678100585938,99.29234313964844,0.0,0.0,680.4859008789062,0.0715005028141124,-0.7050825062740828,40.70745224601252,1.785469200015068,False
41,interference_stage3.0.skip_connection.0,123,8,1000,0.01,0.0,0.0,post_relu_mean,1621.5048828125,-1621.5048828125,194.3285369873047,0.0,0.0,1394.3868408203125,0.08176146807271095,-1.4388238472746484,83.06957135820413,1.8392000925540923,False
44,interference_stage3.1.wave_feature_conv1,12,8,1000,0.005,0.0,0.0,post_relu_mean,1215.2315673828125,-1215.2315673828125,128.80441284179688,0.0,0.0,1006.1711730957031,0.12181208117006805,-1.0391825680041413,59.996514278045666,2.500197602510452,False
44,interference_stage3.1.wave_feature_conv1,12,8,1000,0.01,0.0,0.0,post_relu_mean,2355.051025390625,-2355.051025390625,247.19192504882812,0.0,0.0,2027.6031799316406,0.11501603715727571,-2.0708528896083727,119.55926298425344,2.5376331043243407,False
44,interference_stage3.1.wave_feature_conv1,81,8,1000,0.005,0.0,0.0,post_relu_mean,1028.86376953125,-1028.86376953125,125.39179229736328,0.0,0.0,837.1206817626953,0.13179507788464934,-0.8651643921255502,49.9496677649954,2.128839054107666,False
44,interference_stage3.1.wave_feature_conv1,81,8,1000,0.01,0.0,0.0,post_relu_mean,2024.30712890625,-2024.30712890625,243.8421630859375,0.0,0.0,1714.1136627197266,0.12465504546738027,-1.7595787888471626,101.58807895597636,2.1839889240264894,False
44,interference_stage3.1.wave_feature_conv1,42,8,1000,0.005,0.0,0.0,post_relu_mean,1084.4217529296875,-1084.4217529296875,130.2201385498047,0.0,0.0,896.2497253417969,0.11169784911374722,-0.9171540224937507,52.95127453777664,2.217765989303589,False
44,interference_stage3.1.wave_feature_conv1,42,8,1000,0.01,0.0,0.0,post_relu_mean,2118.61474609375,-2118.61474609375,250.5050811767578,0.0,0.0,1810.1577453613281,0.10121882707480767,-1.840117666973657,106.23796562792829,2.2528659927845003,False
44,interference_stage3.1.wave_feature_conv1,127,8,1000,0.005,0.0,0.0,post_relu_mean,1105.6439208984375,-1105.6439208984375,126.18321228027344,0.0,0.0,929.0148773193359,0.12008899213468796,-0.9537936410293801,55.06664209309114,2.354870845079422,False
44,interference_stage3.1.wave_feature_conv1,127,8,1000,0.01,0.0,0.0,post_relu_mean,2193.753173828125,-2193.753173828125,247.96337890625,0.0,0.0,1895.343978881836,0.1190878541794382,-1.9273157572347506,111.27230986573022,2.426680632829666,False
44,interference_stage3.1.wave_feature_conv1,31,8,1000,0.005,0.0,0.0,post_relu_mean,1002.057373046875,-1002.057373046875,125.36656951904297,0.0,0.0,829.3976173400879,0.09953293354672284,-0.8575115292036354,49.507843453710386,2.138545433282852,False
44,interference_stage3.1.wave_feature_conv1,31,8,1000,0.01,0.0,0.0,post_relu_mean,1974.22802734375,-1974.22802734375,243.60858154296875,0.0,0.0,1683.3262062072754,0.10011661947327195,-1.718558778636214,99.21980892524194,2.191151134967804,False
46,interference_stage3.1.wave_feature_conv2,38,8,1000,0.005,0.0,0.0,post_relu_mean,920.4840087890625,-920.4840087890625,64.4596176147461,0.0,0.0,797.7860107421875,0.08958017303180589,-0.8102256250864278,46.77784047124231,2.031316097974777,False
46,interference_stage3.1.wave_feature_conv2,38,8,1000,0.01,0.0,0.0,post_relu_mean,1798.0235595703125,-1798.0235595703125,124.24944305419922,0.0,0.0,1615.5357666015625,0.08619251314626497,-1.6368894775958265,94.50468180730992,2.0687445545196534,False
46,interference_stage3.1.wave_feature_conv2,75,8,1000,0.005,0.0,0.0,post_relu_mean,785.42578125,-785.42578125,68.61334228515625,0.0,0.0,664.1835289001465,0.1109987708120974,-0.6756789323633239,39.00988047806213,1.8142717522382736,False
46,interference_stage3.1.wave_feature_conv2,75,8,1000,0.01,0.0,0.0,post_relu_mean,1510.432861328125,-1510.432861328125,130.5444793701172,0.0,0.0,1327.2595176696777,0.10281370614831621,-1.343887836728389,77.58850740501991,1.8539153730869293,False
46,interference_stage3.1.wave_feature_conv2,104,8,1000,0.005,0.0,0.0,post_relu_mean,636.729248046875,-636.729248046875,65.59207916259766,0.0,0.0,529.6887474060059,0.066271757022019,-0.5455294731825081,31.495777743351773,1.4631171989440919,False
46,interference_stage3.1.wave_feature_conv2,104,8,1000,0.01,0.0,0.0,post_relu_mean,1245.9041748046875,-1245.9041748046875,127.24116516113281,0.0,0.0,1077.2145652770996,0.06764978201685094,-1.1050952997152563,63.801923105707864,1.494400035738945,False
46,interference_stage3.1.wave_feature_conv2,125,8,1000,0.005,0.0,0.0,post_relu_mean,537.1846313476562,-537.1846313476562,67.05049896240234,0.0,0.0,436.9803161621094,0.0563057778330877,-0.44992415586451673,25.976062690144413,1.1368412011861802,False
46,interference_stage3.1.wave_feature_conv2,125,8,1000,0.01,0.0,0.0,post_relu_mean,1035.8702392578125,-1035.8702392578125,127.54122924804688,0.0,0.0,875.1751708984375,0.05565993996614824,-0.893452302936602,51.58284878930889,1.1613023364543915,False
46,interference_stage3.1.wave_feature_conv2,11,8,1000,0.005,0.0,0.0,post_relu_mean,531.5857543945312,-531.5857543945312,66.0595703125,0.0,0.0,434.6439609527588,0.049834649523724094,-0.44661564531056624,25.78509017471693,1.106297800540924,False
46,interference_stage3.1.wave_feature_conv2,11,8,1000,0.01,0.0,0.0,post_relu_mean,1045.87841796875,-1045.87841796875,127.93180847167969,0.0,0.0,887.0643711090088,0.04936576936019641,-0.9089541687547317,52.47784152724575,1.1391305059194565,False
51,source_localization_stage4.0.wave_feature_conv1,75,8,1000,0.005,0.0,0.0,post_relu_mean,1128.158447265625,-1128.158447265625,60.29792022705078,0.0,0.0,955.0545883178711,0.24589268192317368,-0.972840315972499,56.16627269574945,4.3448422908782955,False
51,source_localization_stage4.0.wave_feature_conv1,75,8,1000,0.01,0.0,0.0,post_relu_mean,2160.251953125,-2160.251953125,114.87066650390625,0.0,0.0,1932.5754623413086,0.28827104323363356,-1.9581175561188344,113.05056442816755,4.573187267780304,False
51,source_localization_stage4.0.wave_feature_conv1,81,8,1000,0.005,0.0,0.0,post_relu_mean,1125.6754150390625,-1125.6754150390625,56.95817184448242,0.0,0.0,957.634765625,0.430869459041457,-0.9537398291066895,55.06354070353732,5.3418956875801085,False
51,source_localization_stage4.0.wave_feature_conv1,81,8,1000,0.01,0.0,0.0,post_relu_mean,2126.24560546875,-2126.24560546875,106.61528015136719,0.0,0.0,1908.5478515625,0.44243428078176533,-1.8929274939331977,109.28689559927575,5.470187723636627,False
51,source_localization_stage4.0.wave_feature_conv1,102,8,1000,0.005,0.0,0.0,post_relu_mean,1079.942626953125,-1079.942626953125,57.76179504394531,0.0,0.0,914.4741897583008,0.24951240089504934,-0.9237269631997146,53.330752181308796,4.376357803344726,False
51,source_localization_stage4.0.wave_feature_conv1,102,8,1000,0.01,0.0,0.0,post_relu_mean,2126.767578125,-2126.767578125,111.5685806274414,0.0,0.0,1907.492317199707,0.3759416744526156,-1.9490970496613484,112.5298988188843,4.872875964641571,False
51,source_localization_stage4.0.wave_feature_conv1,138,8,1000,0.005,0.0,0.0,post_relu_mean,980.79931640625,-980.79931640625,56.90269470214844,0.0,0.0,821.6813278198242,0.3286791836507,-0.8448643885622287,48.77766863750948,4.593562407493591,False
51,source_localization_stage4.0.wave_feature_conv1,138,8,1000,0.01,0.0,0.0,post_relu_mean,1824.746826171875,-1824.746826171875,103.7723617553711,0.0,0.0,1618.7592086791992,0.3216220864805283,-1.6665046136956645,96.21450846294134,4.658099157810211,False
51,source_localization_stage4.0.wave_feature_conv1,74,8,1000,0.005,0.0,0.0,post_relu_mean,859.638671875,-859.638671875,54.884212493896484,0.0,0.0,720.6659240722656,0.36433918506615315,-0.7406637740101216,42.76174596522648,4.382065353393554,False
51,source_localization_stage4.0.wave_feature_conv1,74,8,1000,0.01,0.0,0.0,post_relu_mean,1624.3231201171875,-1624.3231201171875,102.04915618896484,0.0,0.0,1438.1853942871094,0.37183749394953786,-1.4619569878895409,84.40521938983075,4.5199476957321165,False
53,source_localization_stage4.0.wave_feature_conv2,101,8,1000,0.005,0.0,0.0,post_relu_mean,572.6159057617188,-572.6159057617188,42.28010177612305,0.0,0.0,468.44861221313477,0.21760406290597933,-0.4757621299464981,27.467813536262938,3.0229970908164976,False
53,source_localization_stage4.0.wave_feature_conv2,101,8,1000,0.01,0.0,0.0,post_relu_mean,1160.714111328125,-1160.714111328125,83.79843139648438,0.0,0.0,1015.0284461975098,0.2697566412865331,-1.0398884136989899,60.037459764059385,3.286973639726639,False
53,source_localization_stage4.0.wave_feature_conv2,254,8,1000,0.005,0.0,0.0,post_relu_mean,622.5269165039062,-622.5269165039062,43.0152587890625,0.0,0.0,517.9810256958008,0.2952653091506464,-0.514949181033908,29.73031413683852,3.3280480134487154,False
53,source_localization_stage4.0.wave_feature_conv2,254,8,1000,0.01,0.0,0.0,post_relu_mean,1108.263671875,-1108.263671875,77.62599182128906,0.0,0.0,969.107063293457,0.25111326926550814,-0.9980211236848302,57.62011224379486,3.2977548229694365,False
53,source_localization_stage4.0.wave_feature_conv2,152,8,1000,0.005,0.0,0.0,post_relu_mean,345.36419677734375,-345.36419677734375,37.04225540161133,0.0,0.0,271.5618133544922,0.11739261968079544,-0.27454896967364373,15.850960604649002,1.841340767145157,False
53,source_localization_stage4.0.wave_feature_conv2,152,8,1000,0.01,0.0,0.0,post_relu_mean,649.7952880859375,-649.7952880859375,68.86048126220703,0.0,0.0,544.1746978759766,0.13512384133502797,-0.5632979305699073,32.521720916028734,1.9333865767717362,False
53,source_localization_stage4.0.wave_feature_conv2,69,8,1000,0.005,0.0,0.0,post_relu_mean,316.22467041015625,-316.22467041015625,45.07532501220703,0.0,0.0,238.3766326904297,0.09660806688914322,-0.24900748764217764,14.376287411168196,1.453706493973732,False
53,source_localization_stage4.0.wave_feature_conv2,69,8,1000,0.01,0.0,0.0,post_relu_mean,609.7796630859375,-609.7796630859375,90.92198944091797,0.0,0.0,486.08494567871094,0.10798800495532287,-0.5080637315157733,29.33271090929838,1.5256149917840958,False
53,source_localization_stage4.0.wave_feature_conv2,88,8,1000,0.005,0.0,0.0,post_relu_mean,270.1285705566406,-270.1285705566406,39.80870056152344,0.0,0.0,203.08972549438477,0.10167495572601454,-0.20405976719699975,11.781256946749593,1.2912577444314957,False
53,source_localization_stage4.0.wave_feature_conv2,88,8,1000,0.01,0.0,0.0,post_relu_mean,510.489990234375,-510.489990234375,75.14935302734375,0.0,0.0,408.1104927062988,0.10859592730718369,-0.41201040610274287,23.78718815055787,1.3435989832878112,False
56,source_localization_stage4.0.skip_connection.0,152,8,1000,0.005,0.0,0.0,post_relu_mean,712.770751953125,-712.770751953125,58.786556243896484,0.0,0.0,581.7162704467773,0.18993100982027902,-0.6147467209019092,35.49231303653515,3.213608326911926,False
56,source_localization_stage4.0.skip_connection.0,152,8,1000,0.01,0.0,0.0,post_relu_mean,1388.096923828125,-1388.096923828125,113.74227905273438,0.0,0.0,1202.0866928100586,0.24065435101455857,-1.2329119316850108,71.1818082847005,3.4280181205272675,False
56,source_localization_stage4.0.skip_connection.0,176,8,1000,0.005,0.0,0.0,post_relu_mean,665.0946044921875,-665.0946044921875,57.8914909362793,0.0,0.0,538.7062225341797,0.1594061277269427,-0.5384703829708171,31.088304079450506,2.8263941287994383,False
56,source_localization_stage4.0.skip_connection.0,176,8,1000,0.01,0.0,0.0,post_relu_mean,1266.1995849609375,-1266.1995849609375,108.57992553710938,0.0,0.0,1089.1227264404297,0.170814253622965,-1.113898714746921,64.31098442050627,2.9345224499702454,False
56,source_localization_stage4.0.skip_connection.0,221,8,1000,0.005,0.0,0.0,post_relu_mean,666.53466796875,-666.53466796875,60.21758270263672,0.0,0.0,543.6611404418945,0.1377066673587548,-0.5485130016052523,31.668069402322544,2.563727331161499,False
56,source_localization_stage4.0.skip_connection.0,221,8,1000,0.01,0.0,0.0,post_relu_mean,1287.061279296875,-1287.061279296875,114.29425048828125,0.0,0.0,1110.1111526489258,0.1495560488247852,-1.122553004819383,64.80989861313147,2.664984496831894,False
56,source_localization_stage4.0.skip_connection.0,37,8,1000,0.005,0.0,0.0,post_relu_mean,607.827392578125,-607.827392578125,62.4387092590332,0.0,0.0,485.63619232177734,0.14755437134944946,-0.5010959587191584,28.930431519270233,2.260005931854248,False
56,source_localization_stage4.0.skip_connection.0,37,8,1000,0.01,0.0,0.0,post_relu_mean,1147.568115234375,-1147.568115234375,116.5593032836914,0.0,0.0,971.2563095092773,0.15222797720218006,-1.0044225392133825,57.98964262409058,2.3025171983242037,False
56,source_localization_stage4.0.skip_connection.0,254,8,1000,0.005,0.0,0.0,post_relu_mean,636.0150146484375,-636.0150146484375,61.174625396728516,0.0,0.0,515.1676483154297,0.1658134858320119,-0.5232669313208049,30.210476126658218,2.6479001128673554,False
56,source_localization_stage4.0.skip_connection.0,254,8,1000,0.01,0.0,0.0,post_relu_mean,1195.372314453125,-1195.372314453125,113.51049041748047,0.0,0.0,1022.1890716552734,0.18203822486997215,-1.0212706826917497,58.96272695463504,2.786355879306793,False
59,source_localization_stage4.1.wave_feature_conv1,152,8,1000,0.005,0.0,0.0,post_relu_mean,1310.95947265625,-1310.95947265625,113.8876724243164,0.0,0.0,1065.6271057128906,0.4706736340627804,-1.0801797715841335,62.36346883684752,6.088849124908447,False
59,source_localization_stage4.1.wave_feature_conv1,152,8,1000,0.01,0.0,0.0,post_relu_mean,2488.78125,-2488.78125,222.71099853515625,0.0,0.0,2134.6256408691406,0.4679538324552064,-2.1702409994637066,125.29851128338136,6.336188306808472,False
59,source_localization_stage4.1.wave_feature_conv1,232,8,1000,0.005,0.0,0.0,post_relu_mean,1079.9820556640625,-1079.9820556640625,119.37608337402344,0.0,0.0,877.9706115722656,0.5161746536457179,-0.9431835408311967,54.45524271811758,4.227866804599762,False
59,source_localization_stage4.1.wave_feature_conv1,232,8,1000,0.01,0.0,0.0,post_relu_mean,2122.732421875,-2122.732421875,234.4711151123047,0.0,0.0,1805.6260070800781,0.5153999103016391,-1.8610845502765987,107.44858978988799,4.472780501842498,False
59,source_localization_stage4.1.wave_feature_conv1,120,8,1000,0.005,0.0,0.0,post_relu_mean,1212.184326171875,-1212.184326171875,116.99351501464844,0.0,0.0,1028.5215148925781,0.8753820454405579,-1.0776369468135627,62.21698319569425,4.839866716861724,False
59,source_localization_stage4.1.wave_feature_conv1,120,8,1000,0.01,0.0,0.0,post_relu_mean,2344.179931640625,-2344.179931640625,225.01373291015625,0.0,0.0,2052.4969787597656,0.7648558806903141,-2.0759639323014323,119.8547923936706,4.925746102333068,False
59,source_localization_stage4.1.wave_feature_conv1,179,8,1000,0.005,0.0,0.0,post_relu_mean,588.1002807617188,-588.1002807617188,72.07984161376953,0.0,0.0,450.62660217285156,0.22295340272291508,-0.47208867978810065,27.255856975887458,3.14631272315979,False
59,source_localization_stage4.1.wave_feature_conv1,179,8,1000,0.01,0.0,0.0,post_relu_mean,1090.7171630859375,-1090.7171630859375,132.84335327148438,0.0,0.0,892.4799346923828,0.23586141733671975,-0.8950918103702106,51.67790607848244,3.2639564418792726,False
59,source_localization_stage4.1.wave_feature_conv1,198,8,1000,0.005,0.0,0.0,post_relu_mean,599.171142578125,-599.171142578125,78.25043487548828,0.0,0.0,458.5983123779297,0.19906339342523088,-0.4770227548840576,27.540903530520577,2.6879991054534913,False
59,source_localization_stage4.1.wave_feature_conv1,198,8,1000,0.01,0.0,0.0,post_relu_mean,1151.856689453125,-1151.856689453125,148.57040405273438,0.0,0.0,940.9638519287109,0.23346249503613942,-0.953012039274981,55.021527874344756,2.8671761190891267,False
61,source_localization_stage4.1.wave_feature_conv2,201,8,1000,0.005,0.0,0.0,post_relu_mean,818.7388305664062,-818.7388305664062,115.26746368408203,0.0,0.0,609.006103515625,0.278715797997679,-0.6101241942059294,35.22527756966425,4.314919526576996,False
61,source_localization_stage4.1.wave_feature_conv2,201,8,1000,0.01,0.0,0.0,post_relu_mean,1551.1536865234375,-1551.1536865234375,218.77980041503906,0.0,0.0,1237.9086303710938,0.3261640506431535,-1.2561636338576918,72.52376784895456,4.5730572605133055,False
61,source_localization_stage4.1.wave_feature_conv2,152,8,1000,0.005,0.0,0.0,post_relu_mean,796.97900390625,-796.97900390625,119.42461395263672,0.0,0.0,588.8809814453125,0.32123133711476803,-0.5965407729858773,34.44111438579855,4.348451433181762,False
61,source_localization_stage4.1.wave_feature_conv2,152,8,1000,0.01,0.0,0.0,post_relu_mean,1518.3251953125,-1518.3251953125,236.75650024414062,0.0,0.0,1192.8953247070312,0.3454074547323439,-1.2527123155495878,72.32450520187189,4.5714045119285585,False
61,source_localization_stage4.1.wave_feature_conv2,254,8,1000,0.005,0.0,0.0,post_relu_mean,719.2504272460938,-719.2504272460938,115.79558563232422,0.0,0.0,518.2727737426758,0.24369110113723308,-0.5090939814007434,29.392257395161888,3.840635540485382,False
61,source_localization_stage4.1.wave_feature_conv2,254,8,1000,0.01,0.0,0.0,post_relu_mean,1334.385498046875,-1334.385498046875,216.71725463867188,0.0,0.0,1032.4861526489258,0.26878560743957586,-1.035992420013137,59.81240050640441,4.005456216335297,False
61,source_localization_stage4.1.wave_feature_conv2,221,8,1000,0.005,0.0,0.0,post_relu_mean,732.908447265625,-732.908447265625,116.61251831054688,0.0,0.0,532.4150772094727,0.23988614140353356,-0.5230886986621688,30.200237235385277,3.735685042142868,False
61,source_localization_stage4.1.wave_feature_conv2,221,8,1000,0.01,0.0,0.0,post_relu_mean,1393.068603515625,-1393.068603515625,222.0780792236328,0.0,0.0,1087.1096572875977,0.2860433924632089,-1.108373687201677,63.991239134419686,4.0096143531799315,False
61,source_localization_stage4.1.wave_feature_conv2,165,8,1000,0.005,0.0,0.0,post_relu_mean,703.56201171875,-703.56201171875,115.62765502929688,0.0,0.0,507.92144775390625,0.2582027877061869,-0.5090222885073469,29.38824284607712,3.8153885161876677,False
61,source_localization_stage4.1.wave_feature_conv2,165,8,1000,0.01,0.0,0.0,post_relu_mean,1326.8577880859375,-1326.8577880859375,218.5901641845703,0.0,0.0,1028.2546997070312,0.2923965602989752,-1.0473374310554053,60.4674694713048,4.0303275167942045,False
8,wave_feature_stage1.0.wave_feature_conv1,19,9,1000,0.005,0.0,0.0,post_relu_mean,2943.225341796875,-2943.225341796875,357.478515625,0.0,0.0,2468.5107040405273,0.4105305828170969,-2.5363117990913633,146.43224301615686,4.805614199638367,False
8,wave_feature_stage1.0.wave_feature_conv1,19,9,1000,0.01,0.0,0.0,post_relu_mean,5794.7099609375,-5794.7099609375,697.750244140625,0.0,0.0,4979.723838806152,0.3366811668372342,-5.05315540524011,291.7404463319502,4.844482159614563,False
8,wave_feature_stage1.0.wave_feature_conv1,28,9,1000,0.005,0.0,0.0,post_relu_mean,1705.2540283203125,-1705.2540283203125,336.2540283203125,0.0,0.0,1290.5378875732422,0.15225109673599377,-1.3207161736050235,76.25069943020989,2.6442645061016083,False
8,wave_feature_stage1.0.wave_feature_conv1,28,9,1000,0.01,0.0,0.0,post_relu_mean,3346.74951171875,-3346.74951171875,657.1576538085938,0.0,0.0,2611.129684448242,0.1366854821205435,-2.6394604713750653,152.38749042137167,2.690007349252701,False
8,wave_feature_stage1.0.wave_feature_conv1,30,9,1000,0.005,0.0,0.0,post_relu_mean,2006.127685546875,-2006.127685546875,340.9364929199219,0.0,0.0,1607.0260925292969,0.18176253847570162,-1.6501371966672214,95.26957642945516,3.2483126616477964,False
8,wave_feature_stage1.0.wave_feature_conv1,30,9,1000,0.01,0.0,0.0,post_relu_mean,3983.57080078125,-3983.57080078125,672.4675903320312,0.0,0.0,3252.938201904297,0.15980515979245505,-3.2947464140094715,190.2200071500579,3.2904439747333525,False
8,wave_feature_stage1.0.wave_feature_conv1,20,9,1000,0.005,0.0,0.0,post_relu_mean,1766.3599853515625,-1766.3599853515625,355.69183349609375,0.0,0.0,1355.48140335083,0.18511918985733677,-1.3903208323311111,80.26922696518838,2.850413578748703,False
8,wave_feature_stage1.0.wave_feature_conv1,20,9,1000,0.01,0.0,0.0,post_relu_mean,3475.185546875,-3475.185546875,695.8728637695312,0.0,0.0,2724.12593460083,0.1543112747276314,-2.772889172937331,160.09083904660136,2.878483625650406,False
8,wave_feature_stage1.0.wave_feature_conv1,23,9,1000,0.005,0.0,0.0,post_relu_mean,1856.5875244140625,-1856.5875244140625,329.818603515625,0.0,0.0,1478.1313133239746,0.15704802796974515,-1.5038421833653752,86.82328844893338,2.9372137784957886,False
8,wave_feature_stage1.0.wave_feature_conv1,23,9,1000,0.01,0.0,0.0,post_relu_mean,3672.31689453125,-3672.31689453125,646.9920043945312,0.0,0.0,2976.687343597412,0.13826138693105297,-3.0014286599230413,173.28540795509227,2.972569348812103,False
10,wave_feature_stage1.0.wave_feature_conv2,25,9,1000,0.005,0.0,0.0,post_relu_mean,1481.7742919921875,-1481.7742919921875,144.98719787597656,0.0,0.0,1251.4424057006836,0.15861095559306165,-1.2904841104609157,74.50525665654006,2.318987718820572,False
10,wave_feature_stage1.0.wave_feature_conv2,25,9,1000,0.01,0.0,0.0,post_relu_mean,2908.04638671875,-2908.04638671875,282.1221923828125,0.0,0.0,2540.5796127319336,0.1367492559547024,-2.588148148955189,149.42495667045142,2.3540794336795807,False
10,wave_feature_stage1.0.wave_feature_conv2,4,9,1000,0.005,0.0,0.0,post_relu_mean,1336.13232421875,-1336.13232421875,148.1549530029297,0.0,0.0,1124.2176094055176,0.17002061781488456,-1.1685174810949863,67.46356024909004,2.164761826992035,False
10,wave_feature_stage1.0.wave_feature_conv2,4,9,1000,0.01,0.0,0.0,post_relu_mean,2638.677734375,-2638.677734375,287.86932373046875,0.0,0.0,2287.048542022705,0.14630196329357412,-2.3313014127233065,134.5961422026723,2.1920871353149414,False
10,wave_feature_stage1.0.wave_feature_conv2,9,9,1000,0.005,0.0,0.0,post_relu_mean,1505.728515625,-1505.728515625,123.5844955444336,0.0,0.0,1341.910743713379,0.16893938407402978,-1.363215702371319,78.70431646126069,2.682678254842758,False
10,wave_feature_stage1.0.wave_feature_conv2,9,9,1000,0.01,0.0,0.0,post_relu_mean,2981.45556640625,-2981.45556640625,241.35218811035156,0.0,0.0,2699.869972229004,0.14363978226253526,-2.7198993401959073,157.03150530762784,2.720658565759659,False
10,wave_feature_stage1.0.wave_feature_conv2,23,9,1000,0.005,0.0,0.0,post_relu_mean,783.6596069335938,-783.6596069335938,106.31543731689453,0.0,0.0,650.7525100708008,0.102807400767971,-0.6829841901595635,39.43161804395943,1.4604713034629822,False
10,wave_feature_stage1.0.wave_feature_conv2,23,9,1000,0.01,0.0,0.0,post_relu_mean,1567.0517578125,-1567.0517578125,208.6458740234375,0.0,0.0,1331.8142166137695,0.08848176465636179,-1.3730714402198434,79.27333373522839,1.4864644777774811,False
10,wave_feature_stage1.0.wave_feature_conv2,2,9,1000,0.005,0.0,0.0,post_relu_mean,936.2540283203125,-936.2540283203125,147.5559844970703,0.0,0.0,763.0503540039062,0.11133917950412535,-0.7668097050631832,44.27133828160423,1.6424452811479568,False
10,wave_feature_stage1.0.wave_feature_conv2,2,9,1000,0.01,0.0,0.0,post_relu_mean,1843.3731689453125,-1843.3731689453125,288.03668212890625,0.0,0.0,1529.688720703125,0.09710698803870892,-1.5321733010976641,88.45903504956829,1.6727237546443938,False
14,wave_feature_stage1.1.wave_feature_conv1,2,9,1000,0.005,0.0,0.0,post_relu_mean,2288.005859375,-2288.005859375,367.13800048828125,0.0,0.0,1762.6036682128906,0.23229430899043652,-1.8541619925691013,107.0488457265473,3.3656896996498107,False
14,wave_feature_stage1.1.wave_feature_conv1,2,9,1000,0.01,0.0,0.0,post_relu_mean,4530.84765625,-4530.84765625,719.785400390625,0.0,0.0,3652.7980041503906,0.22341126473727196,-3.7940005670551926,219.044000787633,3.459575071334839,False
14,wave_feature_stage1.1.wave_feature_conv1,29,9,1000,0.005,0.0,0.0,post_relu_mean,2120.9296875,-2120.9296875,378.4214782714844,0.0,0.0,1624.0379333496094,0.17559301148529075,-1.6890457490929465,97.51590234235067,3.1661406099796294,False
14,wave_feature_stage1.1.wave_feature_conv1,29,9,1000,0.01,0.0,0.0,post_relu_mean,4190.234375,-4190.234375,746.2174682617188,0.0,0.0,3325.546600341797,0.1628200972078826,-3.4231244490218704,197.63171676830447,3.2301151907444,False
14,wave_feature_stage1.1.wave_feature_conv1,8,9,1000,0.005,0.0,0.0,post_relu_mean,2178.446044921875,-2178.446044921875,397.78546142578125,0.0,0.0,1678.916976928711,0.2635428490157845,-1.7302758561090488,99.89630426972293,3.2137904357910156,False
14,wave_feature_stage1.1.wave_feature_conv1,8,9,1000,0.01,0.0,0.0,post_relu_mean,4312.67431640625,-4312.67431640625,777.3613891601562,0.0,0.0,3433.569320678711,0.22921008302836954,-3.5109188712994195,202.7004806912143,3.2811472725868227,False
14,wave_feature_stage1.1.wave_feature_conv1,14,9,1000,0.005,0.0,0.0,post_relu_mean,2407.979736328125,-2407.979736328125,462.3956604003906,0.0,0.0,1862.5855865478516,0.3060524684927336,-1.9085083051758913,110.18640814894931,3.6495819127559663,False
14,wave_feature_stage1.1.wave_feature_conv1,14,9,1000,0.01,0.0,0.0,post_relu_mean,4762.4140625,-4762.4140625,902.9095458984375,0.0,0.0,3776.505874633789,0.2660594347516759,-3.812479920518521,220.11096139808686,3.7200097250938415,False
14,wave_feature_stage1.1.wave_feature_conv1,9,9,1000,0.005,0.0,0.0,post_relu_mean,1864.220947265625,-1864.220947265625,401.4237976074219,0.0,0.0,1386.6435623168945,0.2271243069581901,-1.4371696989568292,82.97399819260283,2.726665828227997,False
14,wave_feature_stage1.1.wave_feature_conv1,9,9,1000,0.01,0.0,0.0,post_relu_mean,3705.15625,-3705.15625,790.4247436523438,0.0,0.0,2838.5778884887695,0.20215758279475377,-2.905257574676671,167.7331661335982,2.789280288219452,False
16,wave_feature_stage1.1.wave_feature_conv2,9,9,1000,0.005,0.0,0.0,post_relu_mean,1195.171875,-1195.171875,141.14645385742188,0.0,0.0,998.8556098937988,0.12614872449582704,-1.0313219756153083,59.54268755047107,1.9916734659671784,False
16,wave_feature_stage1.1.wave_feature_conv2,9,9,1000,0.01,0.0,0.0,post_relu_mean,2359.775146484375,-2359.775146484375,276.76953125,0.0,0.0,2027.8358345031738,0.11426052663278448,-2.065303501056765,119.23890048162797,2.0257421481609343,False
16,wave_feature_stage1.1.wave_feature_conv2,11,9,1000,0.005,0.0,0.0,post_relu_mean,1239.95947265625,-1239.95947265625,147.68460083007812,0.0,0.0,1040.4154167175293,0.17090714776098145,-1.0832035359447219,62.53801089096644,2.082911970615387,False
16,wave_feature_stage1.1.wave_feature_conv2,11,9,1000,0.01,0.0,0.0,post_relu_mean,2443.743896484375,-2443.743896484375,286.0307312011719,0.0,0.0,2105.8536491394043,0.15059481333812993,-2.1610021695244526,124.76397213973964,2.1160950696468355,False
16,wave_feature_stage1.1.wave_feature_conv2,29,9,1000,0.005,0.0,0.0,post_relu_mean,714.6522827148438,-714.6522827148438,130.2679443359375,0.0,0.0,544.2105941772461,0.057435535357092754,-0.5612711609523026,32.404610299531875,1.0935289239883423,False
16,wave_feature_stage1.1.wave_feature_conv2,29,9,1000,0.01,0.0,0.0,post_relu_mean,1406.440185546875,-1406.440185546875,256.2790832519531,0.0,0.0,1109.9873886108398,0.05407993171228155,-1.1389307085124638,65.75537555256919,1.1139435547590255,False
16,wave_feature_stage1.1.wave_feature_conv2,22,9,1000,0.005,0.0,0.0,post_relu_mean,822.223876953125,-822.223876953125,143.2122344970703,0.0,0.0,644.7832984924316,0.08248617506956386,-0.6758391783738686,39.01910755022166,1.2849326860904693,False
16,wave_feature_stage1.1.wave_feature_conv2,22,9,1000,0.01,0.0,0.0,post_relu_mean,1632.2384033203125,-1632.2384033203125,282.9139404296875,0.0,0.0,1315.096103668213,0.07693203691653978,-1.3485263940680545,77.85623595534321,1.310705623626709,False
16,wave_feature_stage1.1.wave_feature_conv2,13,9,1000,0.005,0.0,0.0,post_relu_mean,889.7019653320312,-889.7019653320312,93.69429779052734,0.0,0.0,761.9133987426758,0.11735705809632695,-0.7834404359407083,45.23139660308104,1.4645911264419555,False
16,wave_feature_stage1.1.wave_feature_conv2,13,9,1000,0.01,0.0,0.0,post_relu_mean,1762.287109375,-1762.287109375,185.4134063720703,0.0,0.0,1542.7793655395508,0.09439302690056385,-1.5659606516102846,90.40965600440545,1.4778822922706605,False
21,wave_pattern_stage2.0.wave_feature_conv1,50,9,1000,0.005,0.0,0.0,post_relu_mean,2103.5673828125,-2103.5673828125,104.92749786376953,0.0,0.0,1878.7445907592773,0.1858400358477331,-1.939311647036781,111.96481445008914,3.8366926407814024,False
21,wave_pattern_stage2.0.wave_feature_conv1,50,9,1000,0.01,0.0,0.0,post_relu_mean,4125.0361328125,-4125.0361328125,203.8483428955078,0.0,0.0,3801.2924423217773,0.1701104179991557,-3.8745218341151886,223.69295422927055,3.8968818044662474,False
21,wave_pattern_stage2.0.wave_feature_conv1,27,9,1000,0.005,0.0,0.0,post_relu_mean,1723.2298583984375,-1723.2298583984375,121.44114685058594,0.0,0.0,1505.305320739746,0.15670301229415695,-1.5433552370791692,89.10459510495558,3.159600373506546,False
21,wave_pattern_stage2.0.wave_feature_conv1,27,9,1000,0.01,0.0,0.0,post_relu_mean,3375.37451171875,-3375.37451171875,235.33706665039062,0.0,0.0,3043.5539779663086,0.14862022838578764,-3.099191142864509,178.92968694683273,3.220917329788208,False
21,wave_pattern_stage2.0.wave_feature_conv1,3,9,1000,0.005,0.0,0.0,post_relu_mean,1230.1806640625,-1230.1806640625,94.41930389404297,0.0,0.0,1074.1403503417969,0.16271303150802938,-1.1400892268705642,65.822259973651,2.402853765487671,False
21,wave_pattern_stage2.0.wave_feature_conv1,3,9,1000,0.01,0.0,0.0,post_relu_mean,2490.99169921875,-2490.99169921875,185.3950653076172,0.0,0.0,2243.9756774902344,0.16336215596388395,-2.341536064494142,135.1869829178849,2.497795672416687,False
21,wave_pattern_stage2.0.wave_feature_conv1,23,9,1000,0.005,0.0,0.0,post_relu_mean,926.6552734375,-926.6552734375,95.5050048828125,0.0,0.0,799.9104042053223,0.0565595681350084,-0.8205812988189695,47.37569546972996,1.8566929078102112,False
21,wave_pattern_stage2.0.wave_feature_conv1,23,9,1000,0.01,0.0,0.0,post_relu_mean,1846.9202880859375,-1846.9202880859375,184.5824737548828,0.0,0.0,1631.0979042053223,0.06759366189006512,-1.6800484484463185,96.9964374880468,1.9084915387630463,False
21,wave_pattern_stage2.0.wave_feature_conv1,28,9,1000,0.005,0.0,0.0,post_relu_mean,962.8125610351562,-962.8125610351562,87.86573028564453,0.0,0.0,849.592306137085,0.14738283122167148,-0.8922611280461453,51.51408792874225,2.188193942308426,False
21,wave_pattern_stage2.0.wave_feature_conv1,28,9,1000,0.01,0.0,0.0,post_relu_mean,1944.57470703125,-1944.57470703125,170.9642791748047,0.0,0.0,1748.2559413909912,0.13551758932006233,-1.8093831596583374,104.4634950036866,2.2469355380535125,False
23,wave_pattern_stage2.0.wave_feature_conv2,45,9,1000,0.005,0.0,0.0,post_relu_mean,630.5980834960938,-630.5980834960938,74.04698944091797,0.0,0.0,519.5329742431641,0.06391033981851632,-0.5395771630359484,31.152129109135316,1.2010363268852233,False
23,wave_pattern_stage2.0.wave_feature_conv2,45,9,1000,0.01,0.0,0.0,post_relu_mean,1229.92578125,-1229.92578125,142.33868408203125,0.0,0.0,1050.5690460205078,0.062323261556952975,-1.0721395187589648,61.89923477956475,1.2240936934947968,False
23,wave_pattern_stage2.0.wave_feature_conv2,36,9,1000,0.005,0.0,0.0,post_relu_mean,518.9214477539062,-518.9214477539062,77.11082458496094,0.0,0.0,413.5843105316162,0.028736718956220843,-0.427251437267377,24.667077630298127,0.8813992974162101,False
23,wave_pattern_stage2.0.wave_feature_conv2,36,9,1000,0.01,0.0,0.0,post_relu_mean,1018.41552734375,-1018.41552734375,150.73558044433594,0.0,0.0,839.453634262085,0.03201476724202573,-0.8582754173499114,49.55193538268842,0.8960130277276039,False
23,wave_pattern_stage2.0.wave_feature_conv2,63,9,1000,0.005,0.0,0.0,post_relu_mean,491.61090087890625,-491.61090087890625,69.58043670654297,0.0,0.0,396.7708396911621,0.056923453785043286,-0.40422132860145243,23.33746940963679,1.0178027105331422,False
23,wave_pattern_stage2.0.wave_feature_conv2,63,9,1000,0.01,0.0,0.0,post_relu_mean,957.26318359375,-957.26318359375,132.6833953857422,0.0,0.0,799.3201560974121,0.05552930885795922,-0.8092461435376215,46.721267325847066,1.0470232683420182,False
23,wave_pattern_stage2.0.wave_feature_conv2,55,9,1000,0.005,0.0,0.0,post_relu_mean,448.55560302734375,-448.55560302734375,73.95453643798828,0.0,0.0,351.3233757019043,0.048146554887443266,-0.3731612290780292,21.544238181363863,0.8279848018288612,False
23,wave_pattern_stage2.0.wave_feature_conv2,55,9,1000,0.01,0.0,0.0,post_relu_mean,885.945556640625,-885.945556640625,142.77407836914062,0.0,0.0,719.8938102722168,0.05089860053829429,-0.7490074939709187,43.243485045149,0.8545249891281128,False
23,wave_pattern_stage2.0.wave_feature_conv2,47,9,1000,0.005,0.0,0.0,post_relu_mean,503.85528564453125,-503.85528564453125,67.90044403076172,0.0,0.0,413.9490375518799,0.03729996065018711,-0.4315501247135059,24.915249224613127,0.9488899591565132,False
23,wave_pattern_stage2.0.wave_feature_conv2,47,9,1000,0.01,0.0,0.0,post_relu_mean,1000.5296020507812,-1000.5296020507812,132.08702087402344,0.0,0.0,846.4367694854736,0.03965673377698782,-0.8752677889670631,50.53298033085394,0.9726666840910911,False
26,wave_pattern_stage2.0.skip_connection.0,29,9,1000,0.005,0.0,0.0,post_relu_mean,1923.10791015625,-1923.10791015625,201.34771728515625,0.0,0.0,1620.3115997314453,0.13159050542345377,-1.6690081722563084,96.35905111397348,3.2394534265995025,False
26,wave_pattern_stage2.0.skip_connection.0,29,9,1000,0.01,0.0,0.0,post_relu_mean,3802.49462890625,-3802.49462890625,398.1308288574219,0.0,0.0,3302.9151153564453,0.12712156139925387,-3.382887890617676,195.30871766267012,3.303571379184723,False
26,wave_pattern_stage2.0.skip_connection.0,23,9,1000,0.005,0.0,0.0,post_relu_mean,1965.820068359375,-1965.820068359375,180.74176025390625,0.0,0.0,1704.9346923828125,0.17750092245268476,-1.7472119429023323,100.87414187892706,3.7152527177333834,False
26,wave_pattern_stage2.0.skip_connection.0,23,9,1000,0.01,0.0,0.0,post_relu_mean,3862.34423828125,-3862.34423828125,351.1315002441406,0.0,0.0,3431.0689697265625,0.16688669591879016,-3.4968351034337375,201.88736064905427,3.7767750883102416,False
26,wave_pattern_stage2.0.skip_connection.0,61,9,1000,0.005,0.0,0.0,post_relu_mean,1260.938232421875,-1260.938232421875,186.6358184814453,0.0,0.0,1014.4740524291992,0.114516378305863,-1.0583525420197273,61.10333300627521,2.1717813646793367,False
26,wave_pattern_stage2.0.skip_connection.0,61,9,1000,0.01,0.0,0.0,post_relu_mean,2485.9091796875,-2485.9091796875,364.9465026855469,0.0,0.0,2061.1343307495117,0.11021323095982112,-2.1248001753022336,122.67390984581554,2.2210193872451782,False
26,wave_pattern_stage2.0.skip_connection.0,55,9,1000,0.005,0.0,0.0,post_relu_mean,1321.9564208984375,-1321.9564208984375,168.93943786621094,0.0,0.0,1103.9627685546875,0.14204875291446517,-1.1273791839913183,65.08846024000194,2.4060545420646666,False
26,wave_pattern_stage2.0.skip_connection.0,55,9,1000,0.01,0.0,0.0,post_relu_mean,2591.724609375,-2591.724609375,325.34759521484375,0.0,0.0,2217.32275390625,0.12662178026240972,-2.2408338413111206,129.37301636726662,2.449234311580658,False
26,wave_pattern_stage2.0.skip_connection.0,26,9,1000,0.005,0.0,0.0,post_relu_mean,930.55908203125,-930.55908203125,145.7166748046875,0.0,0.0,743.2536010742188,0.10954836779591381,-0.7984246351459078,46.09649396512753,1.8421585619449616,False
26,wave_pattern_stage2.0.skip_connection.0,26,9,1000,0.01,0.0,0.0,post_relu_mean,1877.11083984375,-1877.11083984375,285.1908874511719,0.0,0.0,1550.3311157226562,0.11833334070591937,-1.6223993537460506,93.6682161141344,1.9179161530733109,False
29,wave_pattern_stage2.1.wave_feature_conv1,39,9,1000,0.005,0.0,0.0,post_relu_mean,1422.0362548828125,-1422.0362548828125,163.24232482910156,0.0,0.0,1156.714584350586,0.12730289308080134,-1.1906433280338842,68.74103025189893,2.5168572652339933,False
29,wave_pattern_stage2.1.wave_feature_conv1,39,9,1000,0.01,0.0,0.0,post_relu_mean,2787.982666015625,-2787.982666015625,317.50299072265625,0.0,0.0,2368.400375366211,0.12606929196351818,-2.4358372156630574,140.63139453975245,2.583711587190628,False
29,wave_pattern_stage2.1.wave_feature_conv1,53,9,1000,0.005,0.0,0.0,post_relu_mean,1202.080810546875,-1202.080810546875,125.58645629882812,0.0,0.0,1012.8002090454102,0.16075834040568357,-1.067043838541032,61.605071944266555,2.3544336521625517,False
29,wave_pattern_stage2.1.wave_feature_conv1,53,9,1000,0.01,0.0,0.0,post_relu_mean,2363.005126953125,-2363.005126953125,242.00051879882812,0.0,0.0,2057.31046295166,0.15823356630479757,-2.104081673178304,121.47784713970323,2.4249852800369265,False
29,wave_pattern_stage2.1.wave_feature_conv1,35,9,1000,0.005,0.0,0.0,post_relu_mean,989.4583129882812,-989.4583129882812,143.54574584960938,0.0,0.0,797.8839645385742,0.10427972262777836,-0.8224242393626979,47.48211664420792,1.8061135554313659,False
29,wave_pattern_stage2.1.wave_feature_conv1,35,9,1000,0.01,0.0,0.0,post_relu_mean,1953.641845703125,-1953.641845703125,277.63958740234375,0.0,0.0,1627.9735641479492,0.10164207436271092,-1.6550006845569083,95.55035274095749,1.858544802069664,False
29,wave_pattern_stage2.1.wave_feature_conv1,21,9,1000,0.005,0.0,0.0,post_relu_mean,1133.7169189453125,-1133.7169189453125,172.3135223388672,0.0,0.0,919.5667457580566,0.043361211327418284,-0.9440832534637827,54.50600888348766,1.9925665974617004,False
29,wave_pattern_stage2.1.wave_feature_conv1,21,9,1000,0.01,0.0,0.0,post_relu_mean,2246.060302734375,-2246.060302734375,340.0631408691406,0.0,0.0,1864.160556793213,0.05221954523002454,-1.9037133177474945,109.90962041841159,2.0299953496456147,False
29,wave_pattern_stage2.1.wave_feature_conv1,4,9,1000,0.005,0.0,0.0,post_relu_mean,1273.2874755859375,-1273.2874755859375,191.61416625976562,0.0,0.0,1046.5541954040527,0.05157941743955911,-1.060084413273662,61.203240857530616,2.170131628513336,False
29,wave_pattern_stage2.1.wave_feature_conv1,4,9,1000,0.01,0.0,0.0,post_relu_mean,2515.134765625,-2515.134765625,376.5037536621094,0.0,0.0,2103.5119590759277,0.05488618225601527,-2.1400578755008426,123.55475614626414,2.2013231790065766,False
31,wave_pattern_stage2.1.wave_feature_conv2,46,9,1000,0.005,0.0,0.0,post_relu_mean,714.7217407226562,-714.7217407226562,73.39925384521484,0.0,0.0,604.1887054443359,0.06532351192746629,-0.6166907492694641,35.60422029848188,1.3181806647777556,False
31,wave_pattern_stage2.1.wave_feature_conv2,46,9,1000,0.01,0.0,0.0,post_relu_mean,1413.6488037109375,-1413.6488037109375,144.03187561035156,0.0,0.0,1232.483139038086,0.06279304830147099,-1.2655068629370765,73.06316326407892,1.354653611779213,False
31,wave_pattern_stage2.1.wave_feature_conv2,32,9,1000,0.005,0.0,0.0,post_relu_mean,510.081298828125,-510.081298828125,48.30781173706055,0.0,0.0,429.3077697753906,0.06319466023808304,-0.45436847258461743,26.232737300581423,1.0641306978464127,False
31,wave_pattern_stage2.1.wave_feature_conv2,32,9,1000,0.01,0.0,0.0,post_relu_mean,1012.5068969726562,-1012.5068969726562,91.57312774658203,0.0,0.0,888.4680480957031,0.06701865493495701,-0.9251408416100294,53.41239020028981,1.1076496654748917,False
31,wave_pattern_stage2.1.wave_feature_conv2,61,9,1000,0.005,0.0,0.0,post_relu_mean,953.9727172851562,-953.9727172851562,76.92221069335938,0.0,0.0,849.2815933227539,0.03852672050235394,-0.8676900658478376,50.09548568105889,1.7795822376012802,False
31,wave_pattern_stage2.1.wave_feature_conv2,61,9,1000,0.01,0.0,0.0,post_relu_mean,1881.128662109375,-1881.128662109375,150.6504669189453,0.0,0.0,1702.7092056274414,0.04057891545986904,-1.7279807741958688,99.76377189351442,1.7975581806898118,False
31,wave_pattern_stage2.1.wave_feature_conv2,10,9,1000,0.005,0.0,0.0,post_relu_mean,516.5845947265625,-516.5845947265625,62.59016036987305,0.0,0.0,430.1399631500244,0.03935963463968795,-0.4400044958323055,25.403367015377427,1.1068206179141997,False
31,wave_pattern_stage2.1.wave_feature_conv2,10,9,1000,0.01,0.0,0.0,post_relu_mean,1029.61865234375,-1029.61865234375,123.16558837890625,0.0,0.0,882.5985813140869,0.04605102029302537,-0.9083553315639531,52.44332266778953,1.1428412115573883,False
31,wave_pattern_stage2.1.wave_feature_conv2,33,9,1000,0.005,0.0,0.0,post_relu_mean,502.8753356933594,-502.8753356933594,65.6307601928711,0.0,0.0,413.4148941040039,0.035873896839645224,-0.4256300835926661,24.57347177029726,0.9178694498538971,False
31,wave_pattern_stage2.1.wave_feature_conv2,33,9,1000,0.01,0.0,0.0,post_relu_mean,992.834716796875,-992.834716796875,129.401123046875,0.0,0.0,839.6039199829102,0.03934601015200714,-0.8685421469795778,50.14468135916884,0.9425476995110512,False
36,interference_stage3.0.wave_feature_conv1,31,9,1000,0.005,0.0,0.0,post_relu_mean,1485.2576904296875,-1485.2576904296875,143.2630157470703,0.0,0.0,1263.1838073730469,0.14678392378181723,-1.3176876905443142,76.07579738969119,2.814834088087082,False
36,interference_stage3.0.wave_feature_conv1,31,9,1000,0.01,0.0,0.0,post_relu_mean,2939.25048828125,-2939.25048828125,283.4769287109375,0.0,0.0,2576.962615966797,0.14408583420466,-2.6367302326479063,152.2297942003696,2.8811359095573423,False
36,interference_stage3.0.wave_feature_conv1,45,9,1000,0.005,0.0,0.0,post_relu_mean,905.6824340820312,-905.6824340820312,121.9728012084961,0.0,0.0,736.1530265808105,0.11079560280390954,-0.7756566954334992,44.78201093392738,2.100061101913452,False
36,interference_stage3.0.wave_feature_conv1,45,9,1000,0.01,0.0,0.0,post_relu_mean,1826.2119140625,-1826.2119140625,238.43995666503906,0.0,0.0,1540.2153434753418,0.13922063847758198,-1.6144072212339977,93.20674397500859,2.227776452302933,False
36,interference_stage3.0.wave_feature_conv1,97,9,1000,0.005,0.0,0.0,post_relu_mean,993.5943603515625,-993.5943603515625,121.14972686767578,0.0,0.0,828.4454040527344,0.10231086043425623,-0.8649549093341592,49.93757664597641,2.0653469836711884,False
36,interference_stage3.0.wave_feature_conv1,97,9,1000,0.01,0.0,0.0,post_relu_mean,1993.8740234375,-1993.8740234375,236.27703857421875,0.0,0.0,1713.5976867675781,0.114802698433976,-1.7839167070485356,102.99325982707931,2.1541119909286497,False
36,interference_stage3.0.wave_feature_conv1,69,9,1000,0.005,0.0,0.0,post_relu_mean,788.4110107421875,-788.4110107421875,97.59819793701172,0.0,0.0,653.2436447143555,0.08661661841746995,-0.6837994230495409,39.47870876827321,1.7870806354284285,False
36,interference_stage3.0.wave_feature_conv1,69,9,1000,0.01,0.0,0.0,post_relu_mean,1575.94287109375,-1575.94287109375,187.27728271484375,0.0,0.0,1351.0963668823242,0.1010204812917177,-1.4064029723301674,81.19777136347622,1.8719329804182052,False
36,interference_stage3.0.wave_feature_conv1,75,9,1000,0.005,0.0,0.0,post_relu_mean,786.1654052734375,-786.1654052734375,109.94891357421875,0.0,0.0,639.3356857299805,0.08007036378592496,-0.6512382569696077,37.59884356385715,1.8602973079681397,False
36,interference_stage3.0.wave_feature_conv1,75,9,1000,0.01,0.0,0.0,post_relu_mean,1527.86865234375,-1527.86865234375,211.14047241210938,0.0,0.0,1279.8473434448242,0.08488715643814955,-1.3016704485910486,75.15104652978222,1.896081572175026,False
38,interference_stage3.0.wave_feature_conv2,120,9,1000,0.005,0.0,0.0,post_relu_mean,828.7490234375,-828.7490234375,60.66098403930664,0.0,0.0,720.5995597839355,0.10843552431013559,-0.7542239877713253,43.544605032151225,1.6943813687562943,False
38,interference_stage3.0.wave_feature_conv2,120,9,1000,0.01,0.0,0.0,post_relu_mean,1657.12744140625,-1657.12744140625,120.49968719482422,0.0,0.0,1489.1393547058105,0.10807040261344031,-1.531136036610144,88.39910693276032,1.7605581182241439,False
38,interference_stage3.0.wave_feature_conv2,84,9,1000,0.005,0.0,0.0,post_relu_mean,712.7935180664062,-712.7935180664062,63.871185302734375,0.0,0.0,602.3574447631836,0.09225662515804582,-0.6275539569916251,36.231438851058144,1.5830357605218888,False
38,interference_stage3.0.wave_feature_conv2,84,9,1000,0.01,0.0,0.0,post_relu_mean,1384.80908203125,-1384.80908203125,122.25282287597656,0.0,0.0,1215.991355895996,0.0913869914406545,-1.2494995472878765,72.13900276219809,1.6225636422634124,False
38,interference_stage3.0.wave_feature_conv2,109,9,1000,0.005,0.0,0.0,post_relu_mean,614.5806884765625,-614.5806884765625,61.567176818847656,0.0,0.0,515.524471282959,0.07149658270321352,-0.5299801753161505,30.59807761503177,1.2066114711761475,False
38,interference_stage3.0.wave_feature_conv2,109,9,1000,0.01,0.0,0.0,post_relu_mean,1216.1929931640625,-1216.1929931640625,121.29652404785156,0.0,0.0,1057.4074668884277,0.07175106300499753,-1.0876253617613634,62.79330165862697,1.2443756037950515,False
38,interference_stage3.0.wave_feature_conv2,104,9,1000,0.005,0.0,0.0,post_relu_mean,668.97705078125,-668.97705078125,62.59236145019531,0.0,0.0,573.1122817993164,0.0832824511316733,-0.5952444162742861,34.36603826810169,1.3106351619958878,False
38,interference_stage3.0.wave_feature_conv2,104,9,1000,0.01,0.0,0.0,post_relu_mean,1328.1888427734375,-1328.1888427734375,123.58882904052734,0.0,0.0,1171.3275527954102,0.07839514863491394,-1.2017164670297176,69.38026686961234,1.3473875725269318,False
38,interference_stage3.0.wave_feature_conv2,69,9,1000,0.005,0.0,0.0,post_relu_mean,542.6753540039062,-542.6753540039062,50.445404052734375,0.0,0.0,460.38043212890625,0.08874363788580715,-0.49843330023375076,28.77695413008166,1.339215140938759,False
38,interference_stage3.0.wave_feature_conv2,69,9,1000,0.01,0.0,0.0,post_relu_mean,1094.6334228515625,-1094.6334228515625,99.25347137451172,0.0,0.0,963.5304260253906,0.1032063427544913,-1.0189887256489274,58.83064725478476,1.4191358590126038,False
41,interference_stage3.0.skip_connection.0,32,9,1000,0.005,0.0,0.0,post_relu_mean,1109.521728515625,-1109.521728515625,104.88301086425781,0.0,0.0,958.5483055114746,0.10980952398976361,-0.9802879735537089,56.5962571081522,2.456681134700775,False
41,interference_stage3.0.skip_connection.0,32,9,1000,0.01,0.0,0.0,post_relu_mean,2210.9150390625,-2210.9150390625,206.28932189941406,0.0,0.0,1958.5353050231934,0.11609937425522243,-2.002976587567766,115.6405306174218,2.5267806005477906,False
41,interference_stage3.0.skip_connection.0,30,9,1000,0.005,0.0,0.0,post_relu_mean,882.3597412109375,-882.3597412109375,92.64952850341797,0.0,0.0,745.271785736084,0.11047344586451899,-0.7872311295850024,45.45026560363432,2.1407549488544464,False
41,interference_stage3.0.skip_connection.0,30,9,1000,0.01,0.0,0.0,post_relu_mean,1747.721923828125,-1747.721923828125,182.1266632080078,0.0,0.0,1521.156795501709,0.11980588872553612,-1.6177993376836377,93.40576010121245,2.2163146317005156,False
41,interference_stage3.0.skip_connection.0,123,9,1000,0.005,0.0,0.0,post_relu_mean,822.6767578125,-822.6767578125,98.92305755615234,0.0,0.0,684.17919921875,0.07601504046247548,-0.7031343119240823,40.59497852559705,1.8178494566679,False
41,interference_stage3.0.skip_connection.0,123,9,1000,0.01,0.0,0.0,post_relu_mean,1633.4276123046875,-1633.4276123046875,196.21737670898438,0.0,0.0,1397.6356811523438,0.08016344710007993,-1.439790872579431,83.12532725935662,1.8651507651805879,False
41,interference_stage3.0.skip_connection.0,60,9,1000,0.005,0.0,0.0,post_relu_mean,859.0386962890625,-859.0386962890625,98.60726165771484,0.0,0.0,722.8047485351562,0.09032657087648714,-0.7481846109263082,43.19593268353282,1.9036331015825272,False
41,interference_stage3.0.skip_connection.0,60,9,1000,0.01,0.0,0.0,post_relu_mean,1713.189453125,-1713.189453125,195.22967529296875,0.0,0.0,1480.3330078125,0.1016790979217221,-1.5211565405407108,87.82328625212932,1.9738421177864074,False
41,interference_stage3.0.skip_connection.0,80,9,1000,0.005,0.0,0.0,post_relu_mean,753.6564331054688,-753.6564331054688,79.27610778808594,0.0,0.0,639.4514350891113,0.10824114262488323,-0.664961589051323,38.39111432857066,1.7240394520759583,False
41,interference_stage3.0.skip_connection.0,80,9,1000,0.01,0.0,0.0,post_relu_mean,1488.6129150390625,-1488.6129150390625,154.3224334716797,0.0,0.0,1299.3616523742676,0.11321210933266533,-1.337518183285393,77.22069115204395,1.7857118141651154,False
44,interference_stage3.1.wave_feature_conv1,42,9,1000,0.005,0.0,0.0,post_relu_mean,1101.4107666015625,-1101.4107666015625,129.22787475585938,0.0,0.0,903.757080078125,0.11833508318398711,-0.9322605790822261,53.82354775265879,2.265250381231308,False
44,interference_stage3.1.wave_feature_conv1,42,9,1000,0.01,0.0,0.0,post_relu_mean,2138.41943359375,-2138.41943359375,245.78421020507812,0.0,0.0,1824.20947265625,0.11738866841210853,-1.8641951026192645,107.62816822031519,2.31385724067688,False
44,interference_stage3.1.wave_feature_conv1,127,9,1000,0.005,0.0,0.0,post_relu_mean,1085.231689453125,-1085.231689453125,125.02357482910156,0.0,0.0,894.6990509033203,0.11976529057458214,-0.9213836845707518,53.19550250037121,2.2222497498989107,False
44,interference_stage3.1.wave_feature_conv1,127,9,1000,0.01,0.0,0.0,post_relu_mean,2126.852294921875,-2126.852294921875,242.82594299316406,0.0,0.0,1818.5172882080078,0.11638106229403856,-1.857172060069324,107.22262968390329,2.2729348039627073,False
44,interference_stage3.1.wave_feature_conv1,81,9,1000,0.005,0.0,0.0,post_relu_mean,1028.019287109375,-1028.019287109375,117.96964263916016,0.0,0.0,845.1678237915039,0.13754912383938742,-0.8848863039508116,51.08834545785857,2.082953507900238,False
44,interference_stage3.1.wave_feature_conv1,81,9,1000,0.01,0.0,0.0,post_relu_mean,2028.8646240234375,-2028.8646240234375,232.7792205810547,0.0,0.0,1731.2036514282227,0.133314784123024,-1.7926871337066626,103.49956003234627,2.157334713935852,False
44,interference_stage3.1.wave_feature_conv1,31,9,1000,0.005,0.0,0.0,post_relu_mean,1002.1543579101562,-1002.1543579101562,125.49180603027344,0.0,0.0,826.1733665466309,0.11204931886265423,-0.8448397426366323,48.77624048864248,2.0882106626033785,False
44,interference_stage3.1.wave_feature_conv1,31,9,1000,0.01,0.0,0.0,post_relu_mean,1973.416015625,-1973.416015625,245.37730407714844,0.0,0.0,1677.5495262145996,0.11512267981815767,-1.7118544553274477,98.83273181670185,2.1577697598934176,False
44,interference_stage3.1.wave_feature_conv1,12,9,1000,0.005,0.0,0.0,post_relu_mean,1156.983642578125,-1156.983642578125,119.17237854003906,0.0,0.0,987.6239242553711,0.13192612520956912,-1.0256890390765625,59.217573419246236,2.305172655582428,False
44,interference_stage3.1.wave_feature_conv1,12,9,1000,0.01,0.0,0.0,post_relu_mean,2327.058837890625,-2327.058837890625,239.05538940429688,0.0,0.0,2037.816062927246,0.1338516724961845,-2.0851414427145345,120.38421327546213,2.378209031820297,False
46,interference_stage3.1.wave_feature_conv2,75,9,1000,0.005,0.0,0.0,post_relu_mean,779.9734497070312,-779.9734497070312,71.20043182373047,0.0,0.0,660.5369110107422,0.1001492490167878,-0.681801137756105,39.363351510340685,1.8640761440992355,False
46,interference_stage3.1.wave_feature_conv2,75,9,1000,0.01,0.0,0.0,post_relu_mean,1542.9140625,-1542.9140625,138.47410583496094,0.0,0.0,1356.203842163086,0.10157676533109843,-1.3865464610248064,80.05130465617,1.922531772851944,False
46,interference_stage3.1.wave_feature_conv2,38,9,1000,0.005,0.0,0.0,post_relu_mean,888.7835693359375,-888.7835693359375,58.20560836791992,0.0,0.0,782.3251800537109,0.13546229805611357,-0.8033802451048827,46.382630060034316,1.8697010856866836,False
46,interference_stage3.1.wave_feature_conv2,38,9,1000,0.01,0.0,0.0,post_relu_mean,1740.5234375,-1740.5234375,113.58746337890625,0.0,0.0,1578.6832733154297,0.12263681516451089,-1.598774477876351,92.30416025601569,1.9097992974519729,False
46,interference_stage3.1.wave_feature_conv2,104,9,1000,0.005,0.0,0.0,post_relu_mean,595.2659912109375,-595.2659912109375,57.749568939208984,0.0,0.0,511.14197158813477,0.07876198344924229,-0.5194110720611643,29.98784576907574,1.3052820897102355,False
46,interference_stage3.1.wave_feature_conv2,104,9,1000,0.01,0.0,0.0,post_relu_mean,1179.83740234375,-1179.83740234375,113.81449890136719,0.0,0.0,1039.6485023498535,0.07784001482890497,-1.073773038036278,61.993727876814084,1.3571026837825775,False
46,interference_stage3.1.wave_feature_conv2,103,9,1000,0.005,0.0,0.0,post_relu_mean,481.7874755859375,-481.7874755859375,56.623226165771484,0.0,0.0,398.91925048828125,0.08385462370740307,-0.4255554855668267,24.569229189904085,0.9704851973056793,False
46,interference_stage3.1.wave_feature_conv2,103,9,1000,0.01,0.0,0.0,post_relu_mean,965.7274169921875,-965.7274169921875,113.42448425292969,0.0,0.0,826.0579223632812,0.0857064778173978,-0.8497936341993756,49.06225746257059,1.0121711140871048,False
46,interference_stage3.1.wave_feature_conv2,11,9,1000,0.005,0.0,0.0,post_relu_mean,516.01171875,-516.01171875,59.49559020996094,0.0,0.0,433.52278327941895,0.06634312413014888,-0.4473540964729562,25.827679328851744,1.0519986552000047,False
46,interference_stage3.1.wave_feature_conv2,11,9,1000,0.01,0.0,0.0,post_relu_mean,1008.764404296875,-1008.764404296875,116.39498901367188,0.0,0.0,869.376054763794,0.06086410222362592,-0.8871528454165943,51.21915507720145,1.0695328706502913,False
51,source_localization_stage4.0.wave_feature_conv1,7,9,1000,0.005,0.0,0.0,post_relu_mean,991.51416015625,-991.51416015625,79.61380004882812,0.0,0.0,849.8420372009277,0.16104672821453725,-0.8728953795439126,50.396034770344095,2.5346254408359528,False
51,source_localization_stage4.0.wave_feature_conv1,7,9,1000,0.01,0.0,0.0,post_relu_mean,1936.95849609375,-1936.95849609375,154.14346313476562,0.0,0.0,1720.7567100524902,0.1593924725216728,-1.743943590350013,100.68538769802244,2.621352508068085,False
51,source_localization_stage4.0.wave_feature_conv1,191,9,1000,0.005,0.0,0.0,post_relu_mean,1178.0899658203125,-1178.0899658203125,94.2729263305664,0.0,0.0,1029.4527587890625,0.1724387011396416,-1.044133498631655,60.282384541488426,4.906873941421509,False
51,source_localization_stage4.0.wave_feature_conv1,191,9,1000,0.01,0.0,0.0,post_relu_mean,2390.46826171875,-2390.46826171875,190.37290954589844,0.0,0.0,2145.731201171875,0.23859396827715199,-2.2747464547514564,131.33118172500428,5.144967150688172,False
51,source_localization_stage4.0.wave_feature_conv1,144,9,1000,0.005,0.0,0.0,post_relu_mean,1269.196044921875,-1269.196044921875,96.4051742553711,0.0,0.0,1122.8352355957031,0.1784792507573236,-1.1462331920541666,66.17708851030577,5.657117478847503,False
51,source_localization_stage4.0.wave_feature_conv1,144,9,1000,0.01,0.0,0.0,post_relu_mean,2585.27392578125,-2585.27392578125,196.70895385742188,0.0,0.0,2338.6092834472656,0.2739543616171453,-2.4463645325874355,141.2392237265349,5.947141690254211,False
51,source_localization_stage4.0.wave_feature_conv1,116,9,1000,0.005,0.0,0.0,post_relu_mean,1127.7679443359375,-1127.7679443359375,91.92967224121094,0.0,0.0,986.1216583251953,0.14441114752401843,-1.006206686371383,58.093093689482274,4.808068826198578,False
51,source_localization_stage4.0.wave_feature_conv1,116,9,1000,0.01,0.0,0.0,post_relu_mean,2298.9736328125,-2298.9736328125,187.47540283203125,0.0,0.0,2061.781692504883,0.20594537124522183,-2.156712610045476,124.51666050633371,5.0096812391281125,False
51,source_localization_stage4.0.wave_feature_conv1,45,9,1000,0.005,0.0,0.0,post_relu_mean,777.3342895507812,-777.3342895507812,81.59290313720703,0.0,0.0,648.934871673584,0.11523322181998259,-0.6622089657160862,38.23218408559826,1.9991059356927872,False
51,source_localization_stage4.0.wave_feature_conv1,45,9,1000,0.01,0.0,0.0,post_relu_mean,1517.276611328125,-1517.276611328125,156.76100158691406,0.0,0.0,1313.7091026306152,0.11335533490317128,-1.3377574004474626,77.23451154885282,2.0496530151367187,False
53,source_localization_stage4.0.wave_feature_conv2,2,9,1000,0.005,0.0,0.0,post_relu_mean,963.8490600585938,-963.8490600585938,67.8030014038086,0.0,0.0,853.354320526123,0.12404513686210594,-0.8760405804731299,50.57959801896264,5.010167193412781,False
53,source_localization_stage4.0.wave_feature_conv2,2,9,1000,0.01,0.0,0.0,post_relu_mean,1953.8433837890625,-1953.8433837890625,136.66455078125,0.0,0.0,1774.4870719909668,0.19406277611921502,-1.863864643369014,107.6090528281371,5.198968770503998,False
53,source_localization_stage4.0.wave_feature_conv2,128,9,1000,0.005,0.0,0.0,post_relu_mean,723.69677734375,-723.69677734375,72.18582916259766,0.0,0.0,617.8971099853516,0.09730534080881326,-0.6334324397996424,36.57201204172945,3.502354997396469,False
53,source_localization_stage4.0.wave_feature_conv2,128,9,1000,0.01,0.0,0.0,post_relu_mean,1428.0274658203125,-1428.0274658203125,141.81117248535156,0.0,0.0,1252.6024932861328,0.12467644300674935,-1.2783803431145349,73.8064560085014,3.5813488960266113,False
53,source_localization_stage4.0.wave_feature_conv2,178,9,1000,0.005,0.0,0.0,post_relu_mean,661.616455078125,-661.616455078125,71.94037628173828,0.0,0.0,561.3464698791504,0.0600105136963248,-0.5753375324937933,33.216777080700055,3.4086528861522676,False
53,source_localization_stage4.0.wave_feature_conv2,178,9,1000,0.01,0.0,0.0,post_relu_mean,1341.730712890625,-1341.730712890625,149.62554931640625,0.0,0.0,1163.7756080627441,0.10154670395437199,-1.222576925766528,70.5848538920041,3.510003752708435,False
53,source_localization_stage4.0.wave_feature_conv2,225,9,1000,0.005,0.0,0.0,post_relu_mean,563.70263671875,-563.70263671875,69.231689453125,0.0,0.0,468.32799339294434,0.07432421251732481,-0.4794898920553458,27.683061956972292,2.526466336250305,False
53,source_localization_stage4.0.wave_feature_conv2,225,9,1000,0.01,0.0,0.0,post_relu_mean,1119.004150390625,-1119.004150390625,136.77194213867188,0.0,0.0,956.0892238616943,0.09163657099080852,-1.0065658739399395,58.11373390017832,2.5878145039081573,False
53,source_localization_stage4.0.wave_feature_conv2,153,9,1000,0.005,0.0,0.0,post_relu_mean,536.8599243164062,-536.8599243164062,66.95143127441406,0.0,0.0,444.10559463500977,0.06298455940244346,-0.45341178734393894,26.177434324884434,2.479044208526611,False
53,source_localization_stage4.0.wave_feature_conv2,153,9,1000,0.01,0.0,0.0,post_relu_mean,1067.13671875,-1067.13671875,132.56893920898438,0.0,0.0,908.764835357666,0.0909818408549154,-0.9296738337647893,53.67431733801462,2.5667283928394315,False
56,source_localization_stage4.0.skip_connection.0,226,9,1000,0.005,0.0,0.0,post_relu_mean,678.1934814453125,-678.1934814453125,57.327552795410156,0.0,0.0,593.5332298278809,0.09112771224874767,-0.6034520844863163,34.83999784851464,1.9405867367982865,False
56,source_localization_stage4.0.skip_connection.0,226,9,1000,0.01,0.0,0.0,post_relu_mean,1330.36962890625,-1330.36962890625,110.8184585571289,0.0,0.0,1192.2184715270996,0.09356727259049132,-1.1998579685866657,69.2729787384809,1.9894995832443236,False
56,source_localization_stage4.0.skip_connection.0,178,9,1000,0.005,0.0,0.0,post_relu_mean,908.54443359375,-908.54443359375,59.74888229370117,0.0,0.0,822.0143966674805,0.1776531270224756,-0.8371865386264784,48.33449229765023,3.2070752918720244,False
56,source_localization_stage4.0.skip_connection.0,178,9,1000,0.01,0.0,0.0,post_relu_mean,1803.335693359375,-1803.335693359375,117.75562286376953,0.0,0.0,1658.798942565918,0.1952468552491293,-1.6593878896655037,95.80391762015404,3.342791632413864,False
56,source_localization_stage4.0.skip_connection.0,252,9,1000,0.005,0.0,0.0,post_relu_mean,499.9814147949219,-499.9814147949219,46.498573303222656,0.0,0.0,431.3035774230957,0.10263538406575688,-0.4507544285210523,26.024212030475997,1.4438540029525757,False
56,source_localization_stage4.0.skip_connection.0,252,9,1000,0.01,0.0,0.0,post_relu_mean,991.5040283203125,-991.5040283203125,90.21940612792969,0.0,0.0,879.1053352355957,0.11180577193513103,-0.9043359803477509,52.211247260621576,1.508219802379608,False
56,source_localization_stage4.0.skip_connection.0,74,9,1000,0.005,0.0,0.0,post_relu_mean,595.9498291015625,-595.9498291015625,56.68410110473633,0.0,0.0,517.301872253418,0.12655729681892378,-0.5479198829412263,31.634144607698502,1.710228306055069,False
56,source_localization_stage4.0.skip_connection.0,74,9,1000,0.01,0.0,0.0,post_relu_mean,1182.3016357421875,-1182.3016357421875,110.41218566894531,0.0,0.0,1049.9255294799805,0.11580516628432765,-1.0829049841236265,62.5207793039175,1.7330869615077973,False
56,source_localization_stage4.0.skip_connection.0,238,9,1000,0.005,0.0,0.0,post_relu_mean,559.7115478515625,-559.7115478515625,50.06737518310547,0.0,0.0,487.8119411468506,0.14306478099586323,-0.5029748347468451,29.038907887342027,1.7854110890626906,False
56,source_localization_stage4.0.skip_connection.0,238,9,1000,0.01,0.0,0.0,post_relu_mean,1110.14892578125,-1110.14892578125,98.40036010742188,0.0,0.0,989.9163112640381,0.14999763362399643,-1.03191666284577,59.57712529163424,1.8802756774425506,False
59,source_localization_stage4.1.wave_feature_conv1,120,9,1000,0.005,0.0,0.0,post_relu_mean,1015.345458984375,-1015.345458984375,95.41553497314453,0.0,0.0,870.9405326843262,0.10669803774967848,-0.8959724721877812,51.72836940817948,4.231189889907837,False
59,source_localization_stage4.1.wave_feature_conv1,120,9,1000,0.01,0.0,0.0,post_relu_mean,2002.5263671875,-2002.5263671875,187.1665496826172,0.0,0.0,1766.3704643249512,0.17053053921084813,-1.8313161550962602,105.72982247206701,4.404174349308014,False
59,source_localization_stage4.1.wave_feature_conv1,152,9,1000,0.005,0.0,0.0,post_relu_mean,974.634765625,-974.634765625,94.52255249023438,0.0,0.0,833.4217948913574,0.2704335370681214,-0.8826359486806995,50.958436621619256,3.5595869886875153,False
59,source_localization_stage4.1.wave_feature_conv1,152,9,1000,0.01,0.0,0.0,post_relu_mean,1958.168212890625,-1958.168212890625,185.73167419433594,0.0,0.0,1725.74613571167,0.3071051601231942,-1.7949862249974213,103.63260941863047,3.7613520228862765,False
59,source_localization_stage4.1.wave_feature_conv1,232,9,1000,0.005,0.0,0.0,post_relu_mean,864.4931640625,-864.4931640625,97.99710083007812,0.0,0.0,724.8795585632324,0.13015361202090686,-0.7465654565405884,43.102455138532655,3.109946676492691,False
59,source_localization_stage4.1.wave_feature_conv1,232,9,1000,0.01,0.0,0.0,post_relu_mean,1733.07568359375,-1733.07568359375,192.72509765625,0.0,0.0,1498.7340507507324,0.1606667283041656,-1.5639625136746584,90.29436967757424,3.242020848989487,False
59,source_localization_stage4.1.wave_feature_conv1,113,9,1000,0.005,0.0,0.0,post_relu_mean,848.4844970703125,-848.4844970703125,84.6808090209961,0.0,0.0,733.4644432067871,0.10829696753286623,-0.71979489280628,41.556868175513735,4.434188978672028,False
59,source_localization_stage4.1.wave_feature_conv1,113,9,1000,0.01,0.0,0.0,post_relu_mean,1669.23974609375,-1669.23974609375,165.17591857910156,0.0,0.0,1473.7245750427246,0.13418189469948416,-1.5271157326723694,88.16699790965428,4.53212342262268,False
59,source_localization_stage4.1.wave_feature_conv1,101,9,1000,0.005,0.0,0.0,post_relu_mean,655.3509521484375,-655.3509521484375,94.8245849609375,0.0,0.0,532.3340740203857,0.08434577250499231,-0.5429601465744652,31.347480783865695,2.383801909685135,False
59,source_localization_stage4.1.wave_feature_conv1,101,9,1000,0.01,0.0,0.0,post_relu_mean,1338.0994873046875,-1338.0994873046875,191.6324462890625,0.0,0.0,1118.2747478485107,0.1281673061457997,-1.2103389648492433,69.87813438749238,2.520610853433609,False
61,source_localization_stage4.1.wave_feature_conv2,13,9,1000,0.005,0.0,0.0,post_relu_mean,1021.7994384765625,-1021.7994384765625,159.1328125,0.0,0.0,820.2682762145996,0.10111730289584205,-0.8419439496760125,48.609657121139165,4.076205954551697,False
61,source_localization_stage4.1.wave_feature_conv2,13,9,1000,0.01,0.0,0.0,post_relu_mean,2027.083251953125,-2027.083251953125,314.62921142578125,0.0,0.0,1670.055751800537,0.1667523478704698,-1.7288465160237403,99.81387999718241,4.262029936313629,False
61,source_localization_stage4.1.wave_feature_conv2,59,9,1000,0.005,0.0,0.0,post_relu_mean,797.8915405273438,-797.8915405273438,159.5401611328125,0.0,0.0,607.7464027404785,0.08676911955009822,-0.6217851995829925,35.898354913751945,3.271547701358795,False
61,source_localization_stage4.1.wave_feature_conv2,59,9,1000,0.01,0.0,0.0,post_relu_mean,1591.36279296875,-1591.36279296875,318.4483642578125,0.0,0.0,1242.3094520568848,0.13111349050405077,-1.276434980424071,73.69410366374898,3.3965607857704163,False
61,source_localization_stage4.1.wave_feature_conv2,58,9,1000,0.005,0.0,0.0,post_relu_mean,977.7122192382812,-977.7122192382812,141.74974060058594,0.0,0.0,806.1668548583984,0.1145774279006999,-0.8020802507062187,46.30774918638276,5.045834028720856,False
61,source_localization_stage4.1.wave_feature_conv2,58,9,1000,0.01,0.0,0.0,post_relu_mean,1934.3570556640625,-1934.3570556640625,281.1983337402344,0.0,0.0,1623.3630828857422,0.1486999330733841,-1.6608247339667375,95.88671802573045,5.195568840503693,False
61,source_localization_stage4.1.wave_feature_conv2,101,9,1000,0.005,0.0,0.0,post_relu_mean,754.8916015625,-754.8916015625,162.86770629882812,0.0,0.0,563.1523628234863,0.09099125133094323,-0.5839797300932279,33.71576062596486,2.5840963351726534,False
61,source_localization_stage4.1.wave_feature_conv2,101,9,1000,0.01,0.0,0.0,post_relu_mean,1472.46142578125,-1472.46142578125,317.337158203125,0.0,0.0,1126.2527046203613,0.11621701227894364,-1.162757456433359,67.13100185379491,2.657251490354538,False
61,source_localization_stage4.1.wave_feature_conv2,95,9,1000,0.005,0.0,0.0,post_relu_mean,798.26904296875,-798.26904296875,142.26026916503906,0.0,0.0,629.6253242492676,0.09330085638426151,-0.6365803073604673,36.75254599591468,3.9812861287593844,False
61,source_localization_stage4.1.wave_feature_conv2,95,9,1000,0.01,0.0,0.0,post_relu_mean,1626.3157958984375,-1626.3157958984375,289.6682434082031,0.0,0.0,1310.26411819458,0.1274442502736641,-1.391007532451495,80.30898586129896,4.08592964887619,False
